cluster_a  cluster_c  passes  score    iou    inter  lam_ratio  ang_diff_deg  thetaA_deg  thetaC_deg  lamA_med  lamC_med
       16         44       1   0.057  0.446   3152     1.091           6.2       132.1       138.3      32.0      29.3
       16         33       0   0.000  0.000      0       nan           nan         nan         nan       nan       nan
       16         34       0   0.000  0.000      0       nan           nan         nan         nan       nan       nan
       16         35       0   0.000  0.000      0       nan           nan         nan         nan       nan       nan
       16         36       0   0.000  0.000      0       nan           nan         nan         nan       nan       nan
       16         37       0   0.000  0.000      0       nan           nan         nan         nan       nan       nan
       16         38       0   0.000  0.000      0       nan           nan         nan         nan       nan       nan
       16         39       0   0.000  0.000      0       nan           nan         nan         nan       nan       nan
       16         40       0   0.000  0.000      0       nan           nan         nan         nan       nan       nan
       16         41       0   0.000  0.000      0       nan           nan         nan         nan       nan       nan
       16         42       0   0.000  0.000      0       nan           nan         nan         nan       nan       nan
       16         43       0   0.000  0.000      0       nan           nan         nan         nan       nan       nan
       16         45       0   0.000  0.000      0       nan           nan         nan         nan       nan       nan
       16         46       0   0.000  0.000      0       nan           nan         nan         nan       nan       nan
       16         47       0   0.000  0.000      0       nan           nan         nan         nan       nan       nan
       16         48       0   0.000  0.000      0       nan           nan         nan         nan       nan       nan
       16         49       0   0.000  0.000      0       nan           nan         nan         nan       nan       nan
       16         50       0   0.000  0.000      0       nan           nan         nan         nan       nan       nan
       16         51       0   0.000  0.000      0       nan           nan         nan         nan       nan       nan
       16         52       0   0.000  0.000      0       nan           nan         nan         nan       nan       nan
       16         53       0   0.000  0.000      0       nan           nan         nan         nan       nan       nan
       16         54       0   0.000  0.000      0       nan           nan         nan         nan       nan       nan
       16         55       0   0.000  0.000      0       nan           nan         nan         nan       nan       nan
       16         56       0   0.000  0.000      0       nan           nan         nan         nan       nan       nan
       16         57       0   0.000  0.000      0       nan           nan         nan         nan       nan       nan
       16         58       0   0.000  0.000      0       nan           nan         nan         nan       nan       nan
       16         59       0   0.000  0.000      0       nan           nan         nan         nan       nan       nan
       16         60       0   0.000  0.000      0       nan           nan         nan         nan       nan       nan
       16         61       0   0.000  0.000      0       nan           nan         nan         nan       nan       nan
       16         62       0   0.000  0.000      0       nan           nan         nan         nan       nan       nan
       16         63       0   0.000  0.000      0       nan           nan         nan         nan       nan       nan
       16         64       0   0.000  0.000      0       nan           nan         nan         nan       nan       nan
       16         65       0   0.000  0.000      0       nan           nan         nan         nan       nan       nan
       16         66       0   0.000  0.000      0       nan           nan         nan         nan       nan       nan
       16         67       0   0.000  0.000      0       nan           nan         nan         nan       nan       nan
       16         68       0   0.000  0.000      0       nan           nan         nan         nan       nan       nan
       16         69       0   0.000  0.000      0       nan           nan         nan         nan       nan       nan
       16         70       0   0.000  0.000      0       nan           nan         nan         nan       nan       nan
       16         71       0   0.000  0.000      0       nan           nan         nan         nan       nan       nan
       16         72       0   0.000  0.000      0       nan           nan         nan         nan       nan       nan
       16         73       0   0.000  0.000      0       nan           nan         nan         nan       nan       nan
       16         74       0   0.000  0.000      0       nan           nan         nan         nan       nan       nan
       16         75       0   0.000  0.000      0       nan           nan         nan         nan       nan       nan
       16         76       0   0.000  0.000      0       nan           nan         nan         nan       nan       nan
       16         77       0   0.000  0.000      0       nan           nan         nan         nan       nan       nan
       16         78       0   0.000  0.000      0       nan           nan         nan         nan       nan       nan
       16         79       0   0.000  0.000      0       nan           nan         nan         nan       nan       nan
       16         80       0   0.000  0.000      0       nan           nan         nan         nan       nan       nan
       16         81       0   0.000  0.000      0       nan           nan         nan         nan       nan       nan
       16         82       0   0.000  0.000      0       nan           nan         nan         nan       nan       nan
       16         83       0   0.000  0.000      0       nan           nan         nan         nan       nan       nan
       16         84       0   0.000  0.000      0       nan           nan         nan         nan       nan       nan
       16         85       0   0.000  0.000      0       nan           nan         nan         nan       nan       nan
       16         86       0   0.000  0.000      0       nan           nan         nan         nan       nan       nan
       17         33       1   0.166  0.663  21072     1.189           2.3         6.8         4.4      83.0      69.8
       17         51       0   0.075  0.413   9636     2.181           1.5         4.7         6.3      83.0      38.1
       17         82       0   0.073  0.111   2592     1.297           0.2         9.8        10.0      90.5     117.4
       17         42       0   0.053  0.487  13588     2.828           2.2         5.9         8.1      83.0      29.3
       17         58       0   0.033  0.367   8552     2.000           4.5         5.5        10.0      83.0      41.5
       17         34       0   0.026  0.615  16704     1.297          17.5         6.4       168.9      83.0      64.0
       17         64       0   0.024  0.140   3240     1.414           3.2         6.8        10.0      58.7      41.5
       17         61       0   0.022  0.203   4696     1.834           4.0         4.0         0.0      83.0      45.3
       17         39       0   0.016  0.221   6916     1.297           9.9         9.9         0.0      90.5     117.4
       17         77       0   0.015  0.158   3652     1.682           5.2         5.2         0.0      58.7      34.9
       17         52       0   0.015  0.354   8200     2.378           8.9         5.8        14.7      83.0      34.9
       17         71       0   0.013  0.013    368     1.000           0.0        10.0        10.0      83.0      83.0
       17         59       0   0.012  0.270   6268     1.414          15.3         4.7        20.0      83.0      58.7
       17         72       0   0.011  0.101   2336     2.594           2.7         7.3        10.0      83.0      32.0
       17         35       0   0.010  0.267   9032     3.364           6.7         6.7         0.0      83.0      24.7
       17         48       0   0.010  0.301   7808     1.091          26.4         8.5       162.1      90.5      83.0
       17         38       0   0.010  0.225  10728     1.189          18.5         8.5       170.0      90.5     107.6
       17         78       0   0.008  0.350   8136     1.542          26.8         6.8       160.0      83.0      53.8
       17         43       0   0.007  0.429  11356     2.828          20.8         6.9       166.1      83.0      29.3
       17         69       0   0.006  0.087   2008     1.682           7.1         2.9        10.0      83.0      49.4
       17         75       0   0.006  0.086   2000     1.834           6.5         3.5        10.0      58.7      32.0
       17         36       0   0.006  0.369   9948     3.364          18.0         6.3       168.3      83.0      24.7
       17         56       0   0.006  0.205   4756     1.834          18.5         1.5        20.0      64.0     117.4
       17         54       0   0.005  0.079   2740     1.297          10.4         9.6        20.0      90.5     117.4
       17         73       0   0.005  0.167   3880     1.189          27.8         7.8       160.0      83.0      69.8
       17         83       0   0.005  0.152   3528     2.181          14.5         4.5       170.0      58.7      26.9
       17         66       0   0.004  0.121   2972     1.297          20.0        10.0        30.0      90.5     117.4
       17         47       0   0.004  0.101   2340     4.000           5.6         4.6        10.3      83.0      20.7
       17         63       0   0.003  0.169   3928     3.364          18.7         3.8        22.5      83.0      24.7
       17         41       0   0.002  0.109   3708     1.297          37.1         7.1       150.0      83.0      64.0
       17         79       0   0.002  0.179   4148     1.297          67.8         7.8       120.0      83.0      64.0
       17         53       0   0.002  0.093   2168     5.657           8.2         9.8         1.7      90.5      16.0
       17         55       0   0.002  0.021    492     1.297           8.9         8.9         0.0      83.0     107.6
       17         68       0   0.001  0.095   2788     2.828          26.8        10.0       163.2      90.5      32.0
       17         74       0   0.001  0.020    468     1.189          13.7         6.3        20.0      83.0      98.7
       17         67       0   0.001  0.025    584     4.000           5.2        10.0         4.8      90.5      22.6
       17         45       0   0.000  0.033   1044     2.378          32.6         5.2       152.6      83.0      34.9
       17         49       0   0.000  0.032    788     5.657          30.6        10.0       159.4      90.5      16.0
       17         76       0   0.000  0.013    352     3.364          36.9        10.0       153.1      83.0      24.7
       17         80       0   0.000  0.002     56     2.181          22.8        10.0       167.2      90.5      41.5
       17         62       0   0.000  0.005    124     5.187          30.0        10.0       160.0      90.5      17.4
       17         37       0   0.000  0.000      0       nan           nan         nan         nan       nan       nan
       17         40       0   0.000  0.000      0       nan           nan         nan         nan       nan       nan
       17         44       0   0.000  0.000      0       nan           nan         nan         nan       nan       nan
       17         46       0   0.000  0.000      0       nan           nan         nan         nan       nan       nan
       17         50       0   0.000  0.000      0       nan           nan         nan         nan       nan       nan
       17         57       0   0.000  0.000      0       nan           nan         nan         nan       nan       nan
       17         60       0   0.000  0.000      0       nan           nan         nan         nan       nan       nan
       17         65       0   0.000  0.000      0       nan           nan         nan         nan       nan       nan
       17         70       0   0.000  0.000      0       nan           nan         nan         nan       nan       nan
       17         81       0   0.000  0.000      0       nan           nan         nan         nan       nan       nan
       17         84       0   0.000  0.000      0       nan           nan         nan         nan       nan       nan
       17         85       0   0.000  0.000      0       nan           nan         nan         nan       nan       nan
       17         86       0   0.000  0.000      0       nan           nan         nan         nan       nan       nan
       18         52       1   0.048  0.133   1368     1.091           1.6        14.9        16.4      32.0      29.3
       18         59       0   0.029  0.053    488     1.834           0.0        20.0        20.0      32.0      58.7
       18         67       1   0.025  0.169    584     1.091           5.2        10.0         4.8      24.7      22.6
       18         74       0   0.015  0.047    176     3.084           0.0        20.0        20.0      32.0      98.7
       18         33       0   0.013  0.110   3296     2.378           2.7        12.5        15.2      32.0      76.1
       18         51       1   0.004  0.050    632     1.091          10.0        20.0        10.0      32.0      29.3
       18         66       0   0.004  0.220   1392     2.828          18.6        11.4        30.0      38.1     107.6
       18         79       0   0.002  0.415   2232     2.594          72.6        12.6       120.0      24.7      64.0
       18         54       0   0.002  0.056    932     3.084           7.7        12.3        20.0      38.1     117.4
       18         56       0   0.002  0.007     56     3.668           0.0        20.0        20.0      32.0     117.4
       18         42       0   0.002  0.023    496     1.189          10.0        20.0        10.0      32.0      26.9
       18         55       0   0.001  0.093    336     3.364          20.0        20.0         0.0      32.0     107.6
       18         43       0   0.001  0.031    540     1.000          30.0        20.0       170.0      32.0      32.0
       18         41       0   0.001  0.081   1356     2.594          40.0        10.0       150.0      24.7      64.0
       18         45       0   0.001  0.034    424     1.414          36.8        10.0       153.2      24.7      34.9
       18         80       0   0.000  0.016     56     1.682          22.8        10.0       167.2      24.7      41.5
       18         34       0   0.000  0.032    748     2.828          27.8        17.8       170.0      32.0      90.5
       18         78       0   0.000  0.024    276     1.682          40.0        20.0       160.0      32.0      53.8
       18         35       0   0.000  0.003     76     1.189          10.0        10.0         0.0      24.7      20.7
       18         36       0   0.000  0.000      8     1.091          20.0        10.0       170.0      24.7      22.6
       18         38       0   0.000  0.000      4     4.000          20.0        10.0       170.0      24.7      98.7
       18         37       0   0.000  0.000      0       nan           nan         nan         nan       nan       nan
       18         39       0   0.000  0.000      0       nan           nan         nan         nan       nan       nan
       18         40       0   0.000  0.000      0       nan           nan         nan         nan       nan       nan
       18         44       0   0.000  0.000      0       nan           nan         nan         nan       nan       nan
       18         46       0   0.000  0.000      0       nan           nan         nan         nan       nan       nan
       18         47       0   0.000  0.000      0       nan           nan         nan         nan       nan       nan
       18         48       0   0.000  0.000      0       nan           nan         nan         nan       nan       nan
       18         49       0   0.000  0.000      0       nan           nan         nan         nan       nan       nan
       18         50       0   0.000  0.000      0       nan           nan         nan         nan       nan       nan
       18         53       0   0.000  0.000      0       nan           nan         nan         nan       nan       nan
       18         57       0   0.000  0.000      0       nan           nan         nan         nan       nan       nan
       18         58       0   0.000  0.000      0       nan           nan         nan         nan       nan       nan
       18         60       0   0.000  0.000      0       nan           nan         nan         nan       nan       nan
       18         61       0   0.000  0.000      0       nan           nan         nan         nan       nan       nan
       18         62       0   0.000  0.000      0       nan           nan         nan         nan       nan       nan
       18         63       0   0.000  0.000      0       nan           nan         nan         nan       nan       nan
       18         64       0   0.000  0.000      0       nan           nan         nan         nan       nan       nan
       18         65       0   0.000  0.000      0       nan           nan         nan         nan       nan       nan
       18         68       0   0.000  0.000      0       nan           nan         nan         nan       nan       nan
       18         69       0   0.000  0.000      0       nan           nan         nan         nan       nan       nan
       18         70       0   0.000  0.000      0       nan           nan         nan         nan       nan       nan
       18         71       0   0.000  0.000      0       nan           nan         nan         nan       nan       nan
       18         72       0   0.000  0.000      0       nan           nan         nan         nan       nan       nan
       18         73       0   0.000  0.000      0       nan           nan         nan         nan       nan       nan
       18         75       0   0.000  0.000      0       nan           nan         nan         nan       nan       nan
       18         76       0   0.000  0.000      0       nan           nan         nan         nan       nan       nan
       18         77       0   0.000  0.000      0       nan           nan         nan         nan       nan       nan
       18         81       0   0.000  0.000      0       nan           nan         nan         nan       nan       nan
       18         82       0   0.000  0.000      0       nan           nan         nan         nan       nan       nan
       18         83       0   0.000  0.000      0       nan           nan         nan         nan       nan       nan
       18         84       0   0.000  0.000      0       nan           nan         nan         nan       nan       nan
       18         85       0   0.000  0.000      0       nan           nan         nan         nan       nan       nan
       18         86       0   0.000  0.000      0       nan           nan         nan         nan       nan       nan
       19         34       1   0.334  0.364   8192     1.091           0.0       170.0       170.0      58.7      64.0
       19         83       0   0.123  0.268   2856     2.181           0.0       170.0       170.0      58.7      26.9
       19         38       0   0.038  0.064   2696     1.682           0.0       170.0       170.0      58.7      98.7
       19         61       0   0.028  0.405   4232     1.297          10.0       170.0         0.0      58.7      45.3
       19         36       0   0.026  0.246   4680     2.828           2.4       170.0       167.6      64.0      22.6
       19         78       1   0.023  0.276   3928     1.091          10.0       170.0       160.0      58.7      53.8
       19         51       0   0.021  0.562   7116     1.542          16.0       170.0         6.0      58.7      38.1
       19         43       0   0.021  0.272   5268     2.000           5.5       170.0       164.5      58.7      29.3
       19         33       1   0.019  0.330   9836     1.189          13.2       170.0         3.2      58.7      69.8
       19         58       0   0.016  0.439   5688     1.414          18.5       170.0         8.5      58.7      41.5
       19         77       0   0.014  0.264   2848     1.682          10.0       170.0         0.0      58.7      34.9
       19         59       0   0.013  0.403   4668     1.000          30.0       170.0        20.0      58.7      58.7
       19         52       0   0.011  0.426   5440     1.542          24.3       170.0        14.3      58.7      38.1
       19         42       0   0.009  0.365   7564     2.000          18.9       170.0         8.9      58.7      29.3
       19         48       0   0.009  0.124   2268     1.297          10.0       170.0       160.0      58.7      76.1
       19         73       0   0.007  0.107   1336     1.297          10.0       170.0       160.0      53.8      69.8
       19         56       0   0.007  0.449   4572     2.000          30.0       170.0        20.0      58.7     117.4
       19         69       0   0.007  0.176   1796     1.189          20.0       170.0        10.0      58.7      49.4
       19         64       0   0.007  0.201   2220     1.414          20.0       170.0        10.0      58.7      41.5
       19         75       0   0.005  0.198   1984     1.834          20.0       170.0        10.0      58.7      32.0
       19         35       0   0.005  0.135   3528     2.594          10.0       170.0         0.0      64.0      24.7
       19         63       0   0.003  0.253   2812     2.378          31.3       170.0        21.3      58.7      24.7
       19         79       0   0.003  0.167   2024     1.091          50.0       170.0       120.0      69.8      64.0
       19         72       0   0.003  0.084    952     1.542          20.0       170.0        10.0      49.4      32.0
       19         47       0   0.002  0.143   1540     2.828          24.7       170.0        14.7      58.7      20.7
       19         41       0   0.001  0.033    776     1.189          20.0       170.0       150.0      69.8      58.7
       19         39       0   0.001  0.027    664     2.000          10.0       170.0         0.0      58.7     117.4
       19         55       0   0.001  0.023    236     1.834          10.0       170.0         0.0      58.7     107.6
       19         82       0   0.001  0.035    436     2.000          20.0       170.0        10.0      58.7     117.4
       19         74       0   0.001  0.036    368     1.682          30.0       170.0        20.0      58.7      98.7
       19         53       0   0.000  0.011    128     3.084          10.0       170.0         0.0      49.4      16.0
       19         67       0   0.000  0.015    160     3.084          18.8       170.0         8.8      69.8      22.6
       19         45       0   0.000  0.010    196     2.000          19.6       170.0       150.4      69.8      34.9
       19         66       0   0.000  0.013    188     1.542          40.0       170.0        30.0      69.8     107.6
       19         68       0   0.000  0.004     76     1.834          10.0       170.0       160.0      58.7      32.0
       19         54       0   0.000  0.000      8     1.682          30.0       170.0        20.0      69.8     117.4
       19         37       0   0.000  0.000      0       nan           nan         nan         nan       nan       nan
       19         40       0   0.000  0.000      0       nan           nan         nan         nan       nan       nan
       19         44       0   0.000  0.000      0       nan           nan         nan         nan       nan       nan
       19         46       0   0.000  0.000      0       nan           nan         nan         nan       nan       nan
       19         49       0   0.000  0.000      0       nan           nan         nan         nan       nan       nan
       19         50       0   0.000  0.000      0       nan           nan         nan         nan       nan       nan
       19         57       0   0.000  0.000      0       nan           nan         nan         nan       nan       nan
       19         60       0   0.000  0.000      0       nan           nan         nan         nan       nan       nan
       19         62       0   0.000  0.000      0       nan           nan         nan         nan       nan       nan
       19         65       0   0.000  0.000      0       nan           nan         nan         nan       nan       nan
       19         70       0   0.000  0.000      0       nan           nan         nan         nan       nan       nan
       19         71       0   0.000  0.000      0       nan           nan         nan         nan       nan       nan
       19         76       0   0.000  0.000      0       nan           nan         nan         nan       nan       nan
       19         80       0   0.000  0.000      0       nan           nan         nan         nan       nan       nan
       19         81       0   0.000  0.000      0       nan           nan         nan         nan       nan       nan
       19         84       0   0.000  0.000      0       nan           nan         nan         nan       nan       nan
       19         85       0   0.000  0.000      0       nan           nan         nan         nan       nan       nan
       19         86       0   0.000  0.000      0       nan           nan         nan         nan       nan       nan
       20         35       1   0.230  0.245   4852     1.000           0.1         2.4         2.5      20.7      20.7
       20         42       0   0.034  0.117   2440     1.414           1.5         1.1         2.5      20.7      29.3
       20         53       0   0.026  0.144    912     1.297           3.3         0.0         3.3      20.7      16.0
       20         36       1   0.020  0.224   3412     1.000          10.4         0.4       170.0      20.7      20.7
       20         33       0   0.019  0.139   4228     4.757           0.5         1.7         2.2      20.7      98.7
       20         39       0   0.018  0.229   3724     5.657           1.2         1.2         0.0      20.7     117.4
       20         68       0   0.012  0.317   3364     2.000          12.3         2.2       169.9      20.7      41.5
       20         70       0   0.010  0.160    852     1.414          10.6         0.6       170.0      20.7      29.3
       20         49       0   0.008  0.239   1440     1.297          20.9         0.0       159.1      20.7      16.0
       20         71       0   0.008  0.180   1732     4.000           4.9         5.4        10.3      20.7      83.0
       20         43       0   0.005  0.121   2112     1.414          15.8         0.0       164.2      20.7      29.3
       20         76       0   0.005  0.214   1472     1.189          35.5         3.7       148.2      20.7      24.7
       20         72       0   0.004  0.058    400     1.414          10.0         0.0        10.0      22.6      32.0
       20         62       0   0.003  0.080    468     1.189          20.0         0.0       160.0      20.7      17.4
       20         47       0   0.003  0.003     24     1.091           0.0         0.0         0.0      22.6      20.7
       20         38       0   0.002  0.141   4948     5.657          12.5         2.5       170.0      20.7     117.4
       20         34       0   0.002  0.073   1752     3.364          12.5         0.0       167.5      20.7      69.8
       20         52       0   0.002  0.027    340     1.542          10.0         0.0        10.0      22.6      34.9
       20         73       0   0.001  0.081    664     3.084          20.0         0.0       160.0      22.6      69.8
       20         48       0   0.001  0.058    856     3.668          15.4         0.0       164.6      20.7      76.1
       20         60       0   0.001  0.131   1588     5.657          26.3         6.3       160.0      20.7     117.4
       20         51       0   0.001  0.001     16     1.542           0.0         0.0         0.0      22.6      34.9
       20         63       0   0.000  0.010     92     1.297          20.9         0.0        20.9      22.6      29.3
       20         45       0   0.000  0.018    260     1.542          36.8         6.8       150.0      20.7      32.0
       20         54       0   0.000  0.018    348     5.187          14.9         5.1        20.0      20.7     107.6
       20         78       0   0.000  0.009    116     2.378          20.0         0.0       160.0      22.6      53.8
       20         58       0   0.000  0.003     36     1.682          20.0         0.0        20.0      22.6      38.1
       20         59       0   0.000  0.003     32     2.594          20.0         0.0        20.0      22.6      58.7
       20         69       0   0.000  0.001      4     2.181          10.0         0.0        10.0      22.6      49.4
       20         41       0   0.000  0.002     32     2.828          30.0         0.0       150.0      22.6      64.0
       20         37       0   0.000  0.000      0       nan           nan         nan         nan       nan       nan
       20         40       0   0.000  0.000      0       nan           nan         nan         nan       nan       nan
       20         44       0   0.000  0.000      0       nan           nan         nan         nan       nan       nan
       20         46       0   0.000  0.000      0       nan           nan         nan         nan       nan       nan
       20         50       0   0.000  0.000      0       nan           nan         nan         nan       nan       nan
       20         55       0   0.000  0.000      0       nan           nan         nan         nan       nan       nan
       20         56       0   0.000  0.000      0       nan           nan         nan         nan       nan       nan
       20         57       0   0.000  0.000      0       nan           nan         nan         nan       nan       nan
       20         61       0   0.000  0.000      0       nan           nan         nan         nan       nan       nan
       20         64       0   0.000  0.000      0       nan           nan         nan         nan       nan       nan
       20         65       0   0.000  0.000      0       nan           nan         nan         nan       nan       nan
       20         66       0   0.000  0.000      0       nan           nan         nan         nan       nan       nan
       20         67       0   0.000  0.000      0       nan           nan         nan         nan       nan       nan
       20         74       0   0.000  0.000      0       nan           nan         nan         nan       nan       nan
       20         75       0   0.000  0.000      0       nan           nan         nan         nan       nan       nan
       20         77       0   0.000  0.000      0       nan           nan         nan         nan       nan       nan
       20         79       0   0.000  0.000      0       nan           nan         nan         nan       nan       nan
       20         80       0   0.000  0.000      0       nan           nan         nan         nan       nan       nan
       20         81       0   0.000  0.000      0       nan           nan         nan         nan       nan       nan
       20         82       0   0.000  0.000      0       nan           nan         nan         nan       nan       nan
       20         83       0   0.000  0.000      0       nan           nan         nan         nan       nan       nan
       20         84       0   0.000  0.000      0       nan           nan         nan         nan       nan       nan
       20         85       0   0.000  0.000      0       nan           nan         nan         nan       nan       nan
       20         86       0   0.000  0.000      0       nan           nan         nan         nan       nan       nan
       21         39       1   0.298  0.298  14956     1.000           0.0         0.0         0.0     117.4     117.4
       21         33       0   0.074  0.592  29628     1.414           4.6         0.0         4.6     107.6      76.1
       21         38       1   0.058  0.642  33292     1.000          10.0         0.0       170.0     117.4     117.4
       21         61       0   0.043  0.094   4696     2.181           0.0         0.0         0.0      98.7      45.3
       21         35       0   0.033  0.373  18936     5.187           1.2         0.0         1.2     117.4      22.6
       21         77       0   0.026  0.073   3652     2.828           0.0         0.0         0.0      98.7      34.9
       21         34       0   0.022  0.412  20644     1.542          10.9         0.0       169.1     107.6      69.8
       21         42       0   0.013  0.364  18212     3.668           6.8         0.0         6.8     107.6      29.3
       21         54       0   0.010  0.217  11480     1.000          20.0         0.0        20.0     117.4     117.4
       21         51       0   0.010  0.196   9784     2.594           6.3         0.0         6.3      98.7      38.1
       21         55       0   0.009  0.010    492     1.091           0.0         0.0         0.0      98.7     107.6
       21         48       0   0.009  0.212  10584     1.414          16.3         0.0       163.7     117.4      83.0
       21         58       0   0.007  0.173   8660     2.378          10.1         0.0        10.1      98.7      41.5
       21         71       0   0.006  0.128   6416     1.414          13.2         0.0        13.2     117.4      83.0
       21         60       0   0.005  0.113   5980     1.000          20.0         0.0       160.0     117.4     117.4
       21         43       0   0.005  0.292  14636     3.668          14.7         0.0       165.3     107.6      29.3
       21         41       0   0.005  0.251  12968     1.682          30.4         0.0       149.6     117.4      69.8
       21         82       1   0.005  0.054   2724     1.091          10.0         0.0        10.0     107.6     117.4
       21         78       0   0.004  0.163   8172     1.834          20.0         0.0       160.0      98.7      53.8
       21         36       0   0.004  0.274  13692     5.187          11.6         0.0       168.4     117.4      22.6
       21         56       0   0.004  0.095   4756     1.189          20.0         0.0        20.0      98.7     117.4
       21         52       0   0.004  0.164   8200     2.828          14.7         0.0        14.7      98.7      34.9
       21         68       0   0.004  0.180   9020     3.084          14.9         0.0       165.1     117.4      38.1
       21         59       0   0.004  0.125   6268     1.682          20.0         0.0        20.0      98.7      58.7
       21         64       0   0.003  0.065   3276     2.378          10.0         0.0        10.0      98.7      41.5
       21         53       0   0.002  0.046   2308     7.336           1.6         0.0         1.6     117.4      16.0
       21         73       0   0.002  0.078   3880     1.542          20.0         0.0       160.0     107.6      69.8
       21         45       0   0.002  0.187   9392     3.364          27.9         0.0       152.1     117.4      34.9
       21         69       0   0.002  0.040   2008     2.000          10.0         0.0        10.0      98.7      49.4
       21         83       0   0.002  0.071   3536     3.668          10.0         0.0       170.0      98.7      26.9
       21         66       0   0.002  0.060   3068     1.189          30.0         0.0        30.0      98.7     117.4
       21         72       0   0.001  0.047   2336     3.364          10.0         0.0        10.0     107.6      32.0
       21         75       0   0.001  0.040   2000     3.084          10.0         0.0        10.0      98.7      32.0
       21         79       0   0.001  0.083   4148     1.542          60.0         0.0       120.0      98.7      64.0
       21         47       0   0.001  0.047   2340     4.757          10.3         0.0        10.3      98.7      20.7
       21         63       0   0.001  0.079   3928     4.000          22.5         0.0        22.5      98.7      24.7
       21         70       0   0.001  0.025   1228     4.000          10.0         0.0       170.0     117.4      29.3
       21         76       0   0.000  0.068   3404     4.757          28.5         0.0       151.5     117.4      24.7
       21         50       0   0.000  0.065   3228     5.657          23.3         0.0       156.7     117.4      20.7
       21         67       0   0.000  0.012    584     4.362           4.8         0.0         4.8      98.7      22.6
       21         74       0   0.000  0.009    468     1.000          20.0         0.0        20.0      98.7      98.7
       21         49       0   0.000  0.050   2520     7.336          21.9         0.0       158.1     117.4      16.0
       21         62       0   0.000  0.027   1336     6.727          20.0         0.0       160.0     117.4      17.4
       21         80       0   0.000  0.001     56     2.378          12.8         0.0       167.2      98.7      41.5
       21         85       0   0.000  0.001     52     1.297          60.0         0.0       120.0     117.4      90.5
       21         37       0   0.000  0.000      0       nan           nan         nan         nan       nan       nan
       21         40       0   0.000  0.000      0       nan           nan         nan         nan       nan       nan
       21         44       0   0.000  0.000      0       nan           nan         nan         nan       nan       nan
       21         46       0   0.000  0.000      0       nan           nan         nan         nan       nan       nan
       21         57       0   0.000  0.000      0       nan           nan         nan         nan       nan       nan
       21         65       0   0.000  0.000      0       nan           nan         nan         nan       nan       nan
       21         81       0   0.000  0.000      0       nan           nan         nan         nan       nan       nan
       21         84       0   0.000  0.000      0       nan           nan         nan         nan       nan       nan
       21         86       0   0.000  0.000      0       nan           nan         nan         nan       nan       nan
       22         36       1   0.302  0.355   5020     1.091           0.1       170.0       169.9      20.7      22.6
       22         70       0   0.143  0.185   1044     1.297           0.0       170.0       170.0      22.6      29.3
       22         68       0   0.111  0.318   3504     2.000           0.4       170.0       169.6      20.7      41.5
       22         34       0   0.040  0.133   3068     3.084           0.1       170.0       169.9      22.6      69.8
       22         43       0   0.033  0.233   3808     1.297           4.4       170.0       165.6      22.6      29.3
       22         38       0   0.030  0.156   5464     5.187           0.0       170.0       170.0      22.6     117.4
       22         35       1   0.023  0.268   5316     1.000          10.7       170.0         0.7      22.6      22.6
       22         49       0   0.019  0.284   1764     1.297          10.7       170.0       159.3      20.7      16.0
       22         53       0   0.018  0.276   1680     1.414          10.0       170.0         0.0      22.6      16.0
       22         42       0   0.012  0.195   3868     1.297          11.8       170.0         1.8      22.6      29.3
       22         62       1   0.010  0.137    820     1.189          10.0       170.0       160.0      20.7      17.4
       22         47       1   0.009  0.160   1076     1.091          14.5       170.0         4.5      22.6      20.7
       22         72       0   0.007  0.187   1228     1.297          20.0       170.0        10.0      22.6      29.3
       22         77       0   0.005  0.088    736     1.542          10.0       170.0         0.0      22.6      34.9
       22         39       0   0.005  0.306   4812     5.657          10.0       170.0         0.0      20.7     117.4
       22         48       0   0.005  0.117   1680     4.000           5.4       170.0       164.6      20.7      83.0
       22         63       0   0.004  0.162   1312     1.091          34.6       170.0        24.6      22.6      24.7
       22         78       0   0.004  0.094   1172     2.378          10.0       170.0       160.0      22.6      53.8
       22         33       0   0.003  0.156   4732     4.757          10.1       170.0         0.1      20.7      98.7
       22         73       0   0.003  0.099    840     3.084          10.0       170.0       160.0      22.6      69.8
       22         76       0   0.003  0.106    848     1.297          27.7       170.0       142.3      20.7      26.9
       22         52       0   0.003  0.098   1220     1.542          22.8       170.0        12.8      22.6      34.9
       22         61       0   0.002  0.049    476     2.000          10.0       170.0         0.0      22.6      45.3
       22         51       0   0.002  0.037    544     1.682          10.0       170.0         0.0      22.6      38.1
       22         58       0   0.002  0.063    836     1.834          19.1       170.0         9.1      22.6      41.5
       22         60       0   0.001  0.063    844     4.362          10.0       170.0       160.0      26.9     117.4
       22         59       0   0.001  0.097   1036     2.594          30.0       170.0        20.0      22.6      58.7
       22         71       0   0.001  0.082    896     3.668          20.4       170.0        10.4      22.6      83.0
       22         45       0   0.000  0.006     96     1.414          10.0       170.0       160.0      22.6      32.0
       22         69       0   0.000  0.015    108     2.181          20.0       170.0        10.0      22.6      49.4
       22         56       0   0.000  0.014    140     5.187          30.0       170.0        20.0      22.6     117.4
       22         37       0   0.000  0.000      0       nan           nan         nan         nan       nan       nan
       22         40       0   0.000  0.000      0       nan           nan         nan         nan       nan       nan
       22         41       0   0.000  0.000      0       nan           nan         nan         nan       nan       nan
       22         44       0   0.000  0.000      0       nan           nan         nan         nan       nan       nan
       22         46       0   0.000  0.000      0       nan           nan         nan         nan       nan       nan
       22         50       0   0.000  0.000      0       nan           nan         nan         nan       nan       nan
       22         54       0   0.000  0.000      0       nan           nan         nan         nan       nan       nan
       22         55       0   0.000  0.000      0       nan           nan         nan         nan       nan       nan
       22         57       0   0.000  0.000      0       nan           nan         nan         nan       nan       nan
       22         64       0   0.000  0.000      0       nan           nan         nan         nan       nan       nan
       22         65       0   0.000  0.000      0       nan           nan         nan         nan       nan       nan
       22         66       0   0.000  0.000      0       nan           nan         nan         nan       nan       nan
       22         67       0   0.000  0.000      0       nan           nan         nan         nan       nan       nan
       22         74       0   0.000  0.000      0       nan           nan         nan         nan       nan       nan
       22         75       0   0.000  0.000      0       nan           nan         nan         nan       nan       nan
       22         79       0   0.000  0.000      0       nan           nan         nan         nan       nan       nan
       22         80       0   0.000  0.000      0       nan           nan         nan         nan       nan       nan
       22         81       0   0.000  0.000      0       nan           nan         nan         nan       nan       nan
       22         82       0   0.000  0.000      0       nan           nan         nan         nan       nan       nan
       22         83       0   0.000  0.000      0       nan           nan         nan         nan       nan       nan
       22         84       0   0.000  0.000      0       nan           nan         nan         nan       nan       nan
       22         85       0   0.000  0.000      0       nan           nan         nan         nan       nan       nan
       22         86       0   0.000  0.000      0       nan           nan         nan         nan       nan       nan
       23         80       1   0.026  0.120     56     1.189           2.9       164.3       167.2      34.9      41.5
       23         67       0   0.015  0.429    316     1.542          17.3       163.9         1.2      34.9      22.6
       23         52       0   0.001  0.034    288     1.414          26.5       163.5        10.0      34.9      24.7
       23         66       0   0.001  0.110    468     3.364          44.7       165.3        30.0      32.0     107.6
       23         79       0   0.000  0.033    148     1.834          40.0       160.0       120.0      34.9      64.0
       23         33       0   0.000  0.016    468     2.594          34.7       165.3        20.0      32.0      83.0
       23         54       0   0.000  0.018    260     3.668          31.5       168.5        20.0      32.0     117.4
       23         34       0   0.000  0.000      0       nan           nan         nan         nan       nan       nan
       23         35       0   0.000  0.000      0       nan           nan         nan         nan       nan       nan
       23         36       0   0.000  0.000      0       nan           nan         nan         nan       nan       nan
       23         37       0   0.000  0.000      0       nan           nan         nan         nan       nan       nan
       23         38       0   0.000  0.000      0       nan           nan         nan         nan       nan       nan
       23         39       0   0.000  0.000      0       nan           nan         nan         nan       nan       nan
       23         40       0   0.000  0.000      0       nan           nan         nan         nan       nan       nan
       23         41       0   0.000  0.000      0       nan           nan         nan         nan       nan       nan
       23         42       0   0.000  0.000      0       nan           nan         nan         nan       nan       nan
       23         43       0   0.000  0.000      0       nan           nan         nan         nan       nan       nan
       23         44       0   0.000  0.000      0       nan           nan         nan         nan       nan       nan
       23         45       0   0.000  0.000      0       nan           nan         nan         nan       nan       nan
       23         46       0   0.000  0.000      0       nan           nan         nan         nan       nan       nan
       23         47       0   0.000  0.000      0       nan           nan         nan         nan       nan       nan
       23         48       0   0.000  0.000      0       nan           nan         nan         nan       nan       nan
       23         49       0   0.000  0.000      0       nan           nan         nan         nan       nan       nan
       23         50       0   0.000  0.000      0       nan           nan         nan         nan       nan       nan
       23         51       0   0.000  0.000      0       nan           nan         nan         nan       nan       nan
       23         53       0   0.000  0.000      0       nan           nan         nan         nan       nan       nan
       23         55       0   0.000  0.000      0       nan           nan         nan         nan       nan       nan
       23         56       0   0.000  0.000      0       nan           nan         nan         nan       nan       nan
       23         57       0   0.000  0.000      0       nan           nan         nan         nan       nan       nan
       23         58       0   0.000  0.000      0       nan           nan         nan         nan       nan       nan
       23         59       0   0.000  0.000      0       nan           nan         nan         nan       nan       nan
       23         60       0   0.000  0.000      0       nan           nan         nan         nan       nan       nan
       23         61       0   0.000  0.000      0       nan           nan         nan         nan       nan       nan
       23         62       0   0.000  0.000      0       nan           nan         nan         nan       nan       nan
       23         63       0   0.000  0.000      0       nan           nan         nan         nan       nan       nan
       23         64       0   0.000  0.000      0       nan           nan         nan         nan       nan       nan
       23         65       0   0.000  0.000      0       nan           nan         nan         nan       nan       nan
       23         68       0   0.000  0.000      0       nan           nan         nan         nan       nan       nan
       23         69       0   0.000  0.000      0       nan           nan         nan         nan       nan       nan
       23         70       0   0.000  0.000      0       nan           nan         nan         nan       nan       nan
       23         71       0   0.000  0.000      0       nan           nan         nan         nan       nan       nan
       23         72       0   0.000  0.000      0       nan           nan         nan         nan       nan       nan
       23         73       0   0.000  0.000      0       nan           nan         nan         nan       nan       nan
       23         74       0   0.000  0.000      0       nan           nan         nan         nan       nan       nan
       23         75       0   0.000  0.000      0       nan           nan         nan         nan       nan       nan
       23         76       0   0.000  0.000      0       nan           nan         nan         nan       nan       nan
       23         77       0   0.000  0.000      0       nan           nan         nan         nan       nan       nan
       23         78       0   0.000  0.000      0       nan           nan         nan         nan       nan       nan
       23         81       0   0.000  0.000      0       nan           nan         nan         nan       nan       nan
       23         82       0   0.000  0.000      0       nan           nan         nan         nan       nan       nan
       23         83       0   0.000  0.000      0       nan           nan         nan         nan       nan       nan
       23         84       0   0.000  0.000      0       nan           nan         nan         nan       nan       nan
       23         85       0   0.000  0.000      0       nan           nan         nan         nan       nan       nan
       23         86       0   0.000  0.000      0       nan           nan         nan         nan       nan       nan
       24         71       0   0.016  0.242   4220     2.000           6.5         8.4        14.9      45.3      90.5
       24         33       0   0.015  0.089   3684     1.682           2.6         9.5         6.9      45.3      76.1
       24         35       0   0.013  0.163   4904     2.000           5.2         7.9         2.7      45.3      22.6
       24         38       0   0.007  0.297  11528     2.378          15.8         5.8       170.0      49.4     117.4
       24         54       0   0.007  0.227   5460     2.378          13.5         6.5        20.0      49.4     117.4
       24         68       0   0.005  0.123   2652     1.091          20.4        10.0       169.6      45.3      41.5
       24         41       0   0.004  0.253   6032     1.682          35.0         4.3       149.3      49.4      83.0
       24         60       0   0.004  0.229   4476     2.378          25.0         5.0       160.0      49.4     117.4
       24         45       0   0.003  0.188   3928     1.414          37.0         8.1       151.0      49.4      34.9
       24         39       0   0.003  0.083   2316     2.594          10.0        10.0         0.0      45.3     117.4
       24         42       0   0.003  0.042   1360     1.542           9.9        10.0         0.1      45.3      29.3
       24         70       0   0.002  0.076   1164     1.682          20.0        10.0       170.0      49.4      29.3
       24         50       0   0.002  0.102   1716     2.181          27.0         2.2       155.2      49.4      22.6
       24         36       0   0.001  0.057   1556     2.000          20.0        10.0       170.0      45.3      22.6
       24         76       0   0.001  0.080   1380     1.834          37.9        10.0       152.1      45.3      24.7
       24         43       0   0.000  0.026    752     1.834          30.0        10.0       160.0      49.4      26.9
       24         34       0   0.000  0.013    464     1.834          20.0        10.0       170.0      49.4      90.5
       24         62       0   0.000  0.021    348     2.828          30.0        10.0       160.0      49.4      17.4
       24         49       0   0.000  0.018    312     3.084          30.0        10.0       160.0      49.4      16.0
       24         48       0   0.000  0.004    100     1.682          20.0        10.0       170.0      49.4      83.0
       24         37       0   0.000  0.000      0       nan           nan         nan         nan       nan       nan
       24         40       0   0.000  0.000      0       nan           nan         nan         nan       nan       nan
       24         44       0   0.000  0.000      0       nan           nan         nan         nan       nan       nan
       24         46       0   0.000  0.000      0       nan           nan         nan         nan       nan       nan
       24         47       0   0.000  0.000      0       nan           nan         nan         nan       nan       nan
       24         51       0   0.000  0.000      0       nan           nan         nan         nan       nan       nan
       24         52       0   0.000  0.000      0       nan           nan         nan         nan       nan       nan
       24         53       0   0.000  0.000      0       nan           nan         nan         nan       nan       nan
       24         55       0   0.000  0.000      0       nan           nan         nan         nan       nan       nan
       24         56       0   0.000  0.000      0       nan           nan         nan         nan       nan       nan
       24         57       0   0.000  0.000      0       nan           nan         nan         nan       nan       nan
       24         58       0   0.000  0.000      0       nan           nan         nan         nan       nan       nan
       24         59       0   0.000  0.000      0       nan           nan         nan         nan       nan       nan
       24         61       0   0.000  0.000      0       nan           nan         nan         nan       nan       nan
       24         63       0   0.000  0.000      0       nan           nan         nan         nan       nan       nan
       24         64       0   0.000  0.000      0       nan           nan         nan         nan       nan       nan
       24         65       0   0.000  0.000      0       nan           nan         nan         nan       nan       nan
       24         66       0   0.000  0.000      0       nan           nan         nan         nan       nan       nan
       24         67       0   0.000  0.000      0       nan           nan         nan         nan       nan       nan
       24         69       0   0.000  0.000      0       nan           nan         nan         nan       nan       nan
       24         72       0   0.000  0.000      0       nan           nan         nan         nan       nan       nan
       24         73       0   0.000  0.000      0       nan           nan         nan         nan       nan       nan
       24         74       0   0.000  0.000      0       nan           nan         nan         nan       nan       nan
       24         75       0   0.000  0.000      0       nan           nan         nan         nan       nan       nan
       24         77       0   0.000  0.000      0       nan           nan         nan         nan       nan       nan
       24         78       0   0.000  0.000      0       nan           nan         nan         nan       nan       nan
       24         79       0   0.000  0.000      0       nan           nan         nan         nan       nan       nan
       24         80       0   0.000  0.000      0       nan           nan         nan         nan       nan       nan
       24         81       0   0.000  0.000      0       nan           nan         nan         nan       nan       nan
       24         82       0   0.000  0.000      0       nan           nan         nan         nan       nan       nan
       24         83       0   0.000  0.000      0       nan           nan         nan         nan       nan       nan
       24         84       0   0.000  0.000      0       nan           nan         nan         nan       nan       nan
       24         85       0   0.000  0.000      0       nan           nan         nan         nan       nan       nan
       24         86       0   0.000  0.000      0       nan           nan         nan         nan       nan       nan
       25         42       0   0.026  0.081   1908     1.297           1.4         1.0         2.4      38.1      29.3
       25         35       0   0.023  0.219   4852     2.000           3.8         6.0         2.2      41.5      20.7
       25         39       0   0.022  0.182   3436     2.828           2.0         2.0         0.0      41.5     117.4
       25         71       0   0.021  0.286   3048     2.181           5.4         9.3        14.7      41.5      90.5
       25         33       0   0.020  0.098   3292     2.378           1.1         5.2         4.1      41.5      98.7
       25         68       1   0.019  0.303   3800     1.000          14.6         2.5       167.9      41.5      41.5
       25         70       0   0.012  0.168   1228     1.297          10.1         0.1       170.0      38.1      29.3
       25         36       0   0.005  0.120   2252     1.834          12.5         1.5       169.0      38.1      20.7
       25         38       0   0.005  0.208   7304     2.828          15.2         5.2       170.0      41.5     117.4
       25         54       0   0.003  0.096   1896     2.828          10.0        10.0        20.0      41.5     117.4
       25         60       0   0.002  0.193   2608     2.828          26.7         6.7       160.0      41.5     117.4
       25         34       0   0.002  0.043   1164     2.000          10.0         0.0       170.0      45.3      90.5
       25         76       0   0.002  0.124   1180     1.682          38.7         8.1       149.4      41.5      24.7
       25         43       0   0.002  0.065   1332     1.542          21.9         0.0       158.2      41.5      26.9
       25         62       0   0.002  0.085    680     2.378          20.0         0.0       160.0      41.5      17.4
       25         48       0   0.002  0.032    552     1.834          10.0         0.0       170.0      45.3      83.0
       25         49       0   0.001  0.089    800     2.594          21.9         0.6       158.7      41.5      16.0
       25         45       0   0.001  0.055    884     1.000          42.1        10.0       147.9      41.5      41.5
       25         41       0   0.001  0.067   1368     2.000          40.1        10.0       149.9      41.5      83.0
       25         37       0   0.000  0.000      0       nan           nan         nan         nan       nan       nan
       25         40       0   0.000  0.000      0       nan           nan         nan         nan       nan       nan
       25         44       0   0.000  0.000      0       nan           nan         nan         nan       nan       nan
       25         46       0   0.000  0.000      0       nan           nan         nan         nan       nan       nan
       25         47       0   0.000  0.000      0       nan           nan         nan         nan       nan       nan
       25         50       0   0.000  0.000      0       nan           nan         nan         nan       nan       nan
       25         51       0   0.000  0.000      0       nan           nan         nan         nan       nan       nan
       25         52       0   0.000  0.000      0       nan           nan         nan         nan       nan       nan
       25         53       0   0.000  0.000      0       nan           nan         nan         nan       nan       nan
       25         55       0   0.000  0.000      0       nan           nan         nan         nan       nan       nan
       25         56       0   0.000  0.000      0       nan           nan         nan         nan       nan       nan
       25         57       0   0.000  0.000      0       nan           nan         nan         nan       nan       nan
       25         58       0   0.000  0.000      0       nan           nan         nan         nan       nan       nan
       25         59       0   0.000  0.000      0       nan           nan         nan         nan       nan       nan
       25         61       0   0.000  0.000      0       nan           nan         nan         nan       nan       nan
       25         63       0   0.000  0.000      0       nan           nan         nan         nan       nan       nan
       25         64       0   0.000  0.000      0       nan           nan         nan         nan       nan       nan
       25         65       0   0.000  0.000      0       nan           nan         nan         nan       nan       nan
       25         66       0   0.000  0.000      0       nan           nan         nan         nan       nan       nan
       25         67       0   0.000  0.000      0       nan           nan         nan         nan       nan       nan
       25         69       0   0.000  0.000      0       nan           nan         nan         nan       nan       nan
       25         72       0   0.000  0.000      0       nan           nan         nan         nan       nan       nan
       25         73       0   0.000  0.000      0       nan           nan         nan         nan       nan       nan
       25         74       0   0.000  0.000      0       nan           nan         nan         nan       nan       nan
       25         75       0   0.000  0.000      0       nan           nan         nan         nan       nan       nan
       25         77       0   0.000  0.000      0       nan           nan         nan         nan       nan       nan
       25         78       0   0.000  0.000      0       nan           nan         nan         nan       nan       nan
       25         79       0   0.000  0.000      0       nan           nan         nan         nan       nan       nan
       25         80       0   0.000  0.000      0       nan           nan         nan         nan       nan       nan
       25         81       0   0.000  0.000      0       nan           nan         nan         nan       nan       nan
       25         82       0   0.000  0.000      0       nan           nan         nan         nan       nan       nan
       25         83       0   0.000  0.000      0       nan           nan         nan         nan       nan       nan
       25         84       0   0.000  0.000      0       nan           nan         nan         nan       nan       nan
       25         85       0   0.000  0.000      0       nan           nan         nan         nan       nan       nan
       25         86       0   0.000  0.000      0       nan           nan         nan         nan       nan       nan
       26         38       1   0.301  0.652  29724     1.000           1.2       168.8       170.0     117.4     117.4
       26         34       0   0.174  0.320  14752     1.542           0.2       170.0       169.8     107.6      69.8
       26         39       1   0.034  0.370  14904     1.000          10.0       170.0         0.0     117.4     117.4
       26         48       0   0.025  0.224   9304     1.297           5.8       170.0       164.2     107.6      83.0
       26         60       1   0.023  0.130   5620     1.091           4.1       164.1       160.0     107.6     117.4
       26         83       0   0.023  0.086   3444     3.668           0.0       170.0       170.0      98.7      26.9
       26         36       0   0.019  0.282  11844     5.187           1.9       170.0       168.1     117.4      22.6
       26         33       0   0.018  0.359  18452     1.542          11.6       170.0         1.6     117.4      76.1
       26         68       0   0.012  0.225   9044     3.084           4.9       170.0       165.1     117.4      38.1
       26         43       0   0.011  0.283  12088     3.668           5.7       170.0       164.3     107.6      29.3
       26         70       0   0.008  0.031   1228     4.000           0.0       170.0       170.0     117.4      29.3
       26         35       0   0.006  0.370  16156     4.757          11.3       170.0         1.2     117.4      24.7
       26         42       0   0.006  0.353  15264     3.668          15.6       170.0         5.6     107.6      29.3
       26         41       0   0.005  0.147   7020     1.414          19.1       168.8       149.7     117.4      83.0
       26         54       0   0.005  0.140   6668     1.000          30.0       170.0        20.0     117.4     117.4
       26         78       0   0.004  0.103   4500     2.181          10.0       170.0       160.0     107.6      49.4
       26         71       0   0.004  0.122   5064     1.414          23.6       170.0        13.6     117.4      83.0
       26         61       0   0.003  0.081   3356     2.181          10.0       170.0         0.0      98.7      45.3
       26         51       0   0.003  0.146   6376     2.594          16.9       170.0         6.9      98.7      38.1
       26         82       0   0.003  0.068   2724     1.091          20.0       170.0        10.0     107.6     117.4
       26         77       0   0.003  0.091   3652     2.828          10.0       170.0         0.0      98.7      34.9
       26         58       0   0.003  0.158   6648     2.594          20.1       170.0        10.1     107.6      41.5
       26         45       0   0.002  0.130   5720     3.364          18.4       170.0       151.6     117.4      34.9
       26         56       0   0.002  0.070   2928     1.189          30.0       170.0        20.0      98.7     117.4
       26         64       0   0.002  0.082   3276     2.378          20.0       170.0        10.0      98.7      41.5
       26         73       0   0.002  0.029   1252     1.682          10.0       170.0       160.0     117.4      69.8
       26         52       0   0.001  0.069   3136     2.181          25.8       170.0        15.8     107.6      49.4
       26         59       0   0.001  0.074   3184     2.000          30.0       170.0        20.0     107.6      53.8
       26         50       0   0.001  0.071   2888     5.657          13.4       169.9       156.5     117.4      20.7
       26         75       0   0.001  0.050   1996     3.084          20.0       170.0        10.0      98.7      32.0
       26         76       0   0.001  0.072   2940     4.757          19.5       170.0       150.5     117.4      24.7
       26         49       0   0.001  0.063   2520     7.336          11.9       170.0       158.1     117.4      16.0
       26         53       0   0.001  0.053   2148     7.336          10.9       170.0         0.9     117.4      16.0
       26         72       0   0.001  0.039   1588     3.364          20.0       170.0        10.0     107.6      32.0
       26         47       0   0.001  0.053   2152     5.187          19.4       170.0         9.4     107.6      20.7
       26         62       0   0.000  0.033   1336     6.727          10.0       170.0       160.0     117.4      17.4
       26         63       0   0.000  0.062   2564     4.362          33.8       170.0        23.8     107.6      24.7
       26         85       0   0.000  0.008    368     1.091          40.0       160.0       120.0     107.6      98.7
       26         69       0   0.000  0.009    356     2.181          20.0       170.0        10.0     107.6      49.4
       26         37       0   0.000  0.000      0       nan           nan         nan         nan       nan       nan
       26         40       0   0.000  0.000      0       nan           nan         nan         nan       nan       nan
       26         44       0   0.000  0.000      0       nan           nan         nan         nan       nan       nan
       26         46       0   0.000  0.000      0       nan           nan         nan         nan       nan       nan
       26         55       0   0.000  0.000      0       nan           nan         nan         nan       nan       nan
       26         57       0   0.000  0.000      0       nan           nan         nan         nan       nan       nan
       26         65       0   0.000  0.000      0       nan           nan         nan         nan       nan       nan
       26         66       0   0.000  0.000      0       nan           nan         nan         nan       nan       nan
       26         67       0   0.000  0.000      0       nan           nan         nan         nan       nan       nan
       26         74       0   0.000  0.000      0       nan           nan         nan         nan       nan       nan
       26         79       0   0.000  0.000      0       nan           nan         nan         nan       nan       nan
       26         80       0   0.000  0.000      0       nan           nan         nan         nan       nan       nan
       26         81       0   0.000  0.000      0       nan           nan         nan         nan       nan       nan
       26         84       0   0.000  0.000      0       nan           nan         nan         nan       nan       nan
       26         86       0   0.000  0.000      0       nan           nan         nan         nan       nan       nan
       27         35       1   0.046  0.061   1208     1.189           0.1         2.5         2.3      24.7      20.7
       27         70       1   0.033  0.433    740     1.189          10.1         0.1       170.0      24.7      29.3
       27         42       1   0.018  0.054    996     1.189           1.5         1.5         0.0      24.7      29.3
       27         68       0   0.006  0.135   1220     1.682          12.4         2.4       170.0      24.7      41.5
       27         39       0   0.005  0.076   1156     4.757           2.0         2.0         0.0      24.7     117.4
       27         36       1   0.005  0.069    968     1.091          11.1         1.1       170.0      24.7      22.6
       27         33       0   0.005  0.026    788     4.000           0.4         2.8         2.4      24.7      98.7
       27         71       0   0.004  0.069    492     3.668           4.3         6.1        10.4      24.7      90.5
       27         62       0   0.003  0.081    192     1.414          20.0         0.0       160.0      24.7      17.4
       27         43       0   0.001  0.030    464     1.091          20.0         0.0       160.0      24.7      26.9
       27         49       0   0.001  0.035    128     1.542          20.0         0.0       160.0      24.7      16.0
       27         60       0   0.001  0.084    780     4.757          23.8         3.8       160.0      24.7     117.4
       27         76       0   0.001  0.026    116     1.091          33.3         6.6       153.2      24.7      22.6
       27         38       0   0.001  0.035   1220     4.757          12.4         2.4       170.0      24.7     117.4
       27         34       0   0.000  0.006    136     3.668          10.0         0.0       170.0      24.7      90.5
       27         37       0   0.000  0.000      0       nan           nan         nan         nan       nan       nan
       27         40       0   0.000  0.000      0       nan           nan         nan         nan       nan       nan
       27         41       0   0.000  0.000      0       nan           nan         nan         nan       nan       nan
       27         44       0   0.000  0.000      0       nan           nan         nan         nan       nan       nan
       27         45       0   0.000  0.000      0       nan           nan         nan         nan       nan       nan
       27         46       0   0.000  0.000      0       nan           nan         nan         nan       nan       nan
       27         47       0   0.000  0.000      0       nan           nan         nan         nan       nan       nan
       27         48       0   0.000  0.000      0       nan           nan         nan         nan       nan       nan
       27         50       0   0.000  0.000      0       nan           nan         nan         nan       nan       nan
       27         51       0   0.000  0.000      0       nan           nan         nan         nan       nan       nan
       27         52       0   0.000  0.000      0       nan           nan         nan         nan       nan       nan
       27         53       0   0.000  0.000      0       nan           nan         nan         nan       nan       nan
       27         54       0   0.000  0.000      0       nan           nan         nan         nan       nan       nan
       27         55       0   0.000  0.000      0       nan           nan         nan         nan       nan       nan
       27         56       0   0.000  0.000      0       nan           nan         nan         nan       nan       nan
       27         57       0   0.000  0.000      0       nan           nan         nan         nan       nan       nan
       27         58       0   0.000  0.000      0       nan           nan         nan         nan       nan       nan
       27         59       0   0.000  0.000      0       nan           nan         nan         nan       nan       nan
       27         61       0   0.000  0.000      0       nan           nan         nan         nan       nan       nan
       27         63       0   0.000  0.000      0       nan           nan         nan         nan       nan       nan
       27         64       0   0.000  0.000      0       nan           nan         nan         nan       nan       nan
       27         65       0   0.000  0.000      0       nan           nan         nan         nan       nan       nan
       27         66       0   0.000  0.000      0       nan           nan         nan         nan       nan       nan
       27         67       0   0.000  0.000      0       nan           nan         nan         nan       nan       nan
       27         69       0   0.000  0.000      0       nan           nan         nan         nan       nan       nan
       27         72       0   0.000  0.000      0       nan           nan         nan         nan       nan       nan
       27         73       0   0.000  0.000      0       nan           nan         nan         nan       nan       nan
       27         74       0   0.000  0.000      0       nan           nan         nan         nan       nan       nan
       27         75       0   0.000  0.000      0       nan           nan         nan         nan       nan       nan
       27         77       0   0.000  0.000      0       nan           nan         nan         nan       nan       nan
       27         78       0   0.000  0.000      0       nan           nan         nan         nan       nan       nan
       27         79       0   0.000  0.000      0       nan           nan         nan         nan       nan       nan
       27         80       0   0.000  0.000      0       nan           nan         nan         nan       nan       nan
       27         81       0   0.000  0.000      0       nan           nan         nan         nan       nan       nan
       27         82       0   0.000  0.000      0       nan           nan         nan         nan       nan       nan
       27         83       0   0.000  0.000      0       nan           nan         nan         nan       nan       nan
       27         84       0   0.000  0.000      0       nan           nan         nan         nan       nan       nan
       27         85       0   0.000  0.000      0       nan           nan         nan         nan       nan       nan
       27         86       0   0.000  0.000      0       nan           nan         nan         nan       nan       nan
       28         69       0   0.107  0.139   1288     1.297           0.0        10.0        10.0      38.1      49.4
       28         52       1   0.056  0.315   4008     1.189           3.7        10.4        14.1      38.1      32.0
       28         58       1   0.042  0.108   1676     1.091           1.4        10.0        11.4      38.1      41.5
       28         33       0   0.039  0.255   7764     2.000           2.3        12.3        10.0      38.1      76.1
       28         72       0   0.037  0.044    456     1.189           0.0        10.0        10.0      38.1      32.0
       28         71       0   0.028  0.068    948     2.378           0.0        10.0        10.0      34.9      83.0
       28         51       1   0.028  0.170   2656     1.000           5.0        10.1         5.1      38.1      38.1
       28         54       0   0.015  0.101   2088     3.084           1.1        18.9        20.0      38.1     117.4
       28         42       0   0.014  0.093   2288     1.414           3.6         9.8        13.4      38.1      26.9
       28         59       0   0.013  0.212   2588     1.542           9.5        10.5        20.0      38.1      58.7
       28         61       1   0.010  0.125   1472     1.189          10.0        10.0         0.0      38.1      45.3
       28         63       0   0.007  0.127   1408     1.542          10.1        10.0        20.1      38.1      24.7
       28         43       0   0.005  0.121   2496     1.091          21.1        10.6       169.5      34.9      32.0
       28         66       0   0.005  0.142   1592     2.828          10.0        20.0        30.0      38.1     107.6
       28         35       0   0.004  0.063   1672     1.414           9.3        10.5         1.3      34.9      24.7
       28         56       0   0.004  0.138   1612     3.084          10.0        10.0        20.0      38.1     117.4
       28         78       0   0.004  0.169   2420     1.414          30.6        10.6       160.0      38.1      53.8
       28         34       0   0.003  0.134   3452     1.834          20.1         9.5       169.4      34.9      64.0
       28         45       0   0.003  0.140   2220     1.091          39.9        14.9       155.0      34.9      32.0
       28         47       0   0.003  0.039    408     1.834           6.6        10.0        16.6      38.1      20.7
       28         67       0   0.003  0.068    584     1.682          15.2        20.0         4.8      38.1      22.6
       28         36       0   0.002  0.067   1392     1.414          20.0        10.0       170.0      34.9      24.7
       28         79       0   0.002  0.297   2908     1.834          71.2        11.2       120.0      34.9      64.0
       28         74       0   0.002  0.050    432     2.828           9.9        10.1        20.0      34.9      98.7
       28         55       0   0.002  0.057    488     3.084          10.7        10.7         0.0      34.9     107.6
       28         41       0   0.001  0.117   2412     1.682          45.4        14.2       148.8      38.1      64.0
       28         77       0   0.001  0.016    192     1.091          10.0        10.0         0.0      38.1      34.9
       28         73       0   0.001  0.069    796     1.834          30.0        10.0       160.0      38.1      69.8
       28         76       0   0.001  0.043    492     1.297          33.2        10.0       156.8      34.9      26.9
       28         38       0   0.001  0.044   1832     3.084          20.5        10.5       170.0      34.9     107.6
       28         80       0   0.000  0.007     56     1.091          32.8        20.0       167.2      38.1      41.5
       28         53       0   0.000  0.003     36     2.181          10.0        10.0         0.0      34.9      16.0
       28         39       0   0.000  0.001     28     3.084          10.0        10.0         0.0      34.9     107.6
       28         50       0   0.000  0.002     28     1.542          50.0        20.0       150.0      38.1      24.7
       28         37       0   0.000  0.000      0       nan           nan         nan         nan       nan       nan
       28         40       0   0.000  0.000      0       nan           nan         nan         nan       nan       nan
       28         44       0   0.000  0.000      0       nan           nan         nan         nan       nan       nan
       28         46       0   0.000  0.000      0       nan           nan         nan         nan       nan       nan
       28         48       0   0.000  0.000      0       nan           nan         nan         nan       nan       nan
       28         49       0   0.000  0.000      0       nan           nan         nan         nan       nan       nan
       28         57       0   0.000  0.000      0       nan           nan         nan         nan       nan       nan
       28         60       0   0.000  0.000      0       nan           nan         nan         nan       nan       nan
       28         62       0   0.000  0.000      0       nan           nan         nan         nan       nan       nan
       28         64       0   0.000  0.000      0       nan           nan         nan         nan       nan       nan
       28         65       0   0.000  0.000      0       nan           nan         nan         nan       nan       nan
       28         68       0   0.000  0.000      0       nan           nan         nan         nan       nan       nan
       28         70       0   0.000  0.000      0       nan           nan         nan         nan       nan       nan
       28         75       0   0.000  0.000      0       nan           nan         nan         nan       nan       nan
       28         81       0   0.000  0.000      0       nan           nan         nan         nan       nan       nan
       28         82       0   0.000  0.000      0       nan           nan         nan         nan       nan       nan
       28         83       0   0.000  0.000      0       nan           nan         nan         nan       nan       nan
       28         84       0   0.000  0.000      0       nan           nan         nan         nan       nan       nan
       28         85       0   0.000  0.000      0       nan           nan         nan         nan       nan       nan
       28         86       0   0.000  0.000      0       nan           nan         nan         nan       nan       nan
       29         58       0   0.107  0.284   8660     2.378           0.1        10.0        10.1      98.7      41.5
       29         82       1   0.075  0.089   2724     1.189           0.0        10.0        10.0      98.7     117.4
       29         33       0   0.064  0.549  21340     1.414           5.1        10.0         4.9      98.7      69.8
       29         64       0   0.045  0.107   3276     2.378           0.0        10.0        10.0      98.7      41.5
       29         42       0   0.040  0.363  13000     3.364           1.7        10.0         8.3      98.7      29.3
       29         69       0   0.033  0.066   2008     2.000           0.0        10.0        10.0      98.7      49.4
       29         51       0   0.026  0.320   9784     2.594           3.7        10.0         6.3      98.7      38.1
       29         72       0   0.022  0.069   2116     3.084           0.0        10.0        10.0      98.7      32.0
       29         75       0   0.021  0.065   1976     3.084           0.0        10.0        10.0      98.7      32.0
       29         54       1   0.018  0.220   8084     1.091          10.0        10.0        20.0     107.6     117.4
       29         52       0   0.016  0.261   8024     2.828           4.8        10.0        14.8      98.7      34.9
       29         71       1   0.014  0.096   3236     1.091           5.4        10.0        15.4     107.6      98.7
       29         38       0   0.014  0.341  16712     1.189          20.0        10.0       170.0      98.7     117.4
       29         34       0   0.014  0.446  15812     1.542          20.3        10.0       169.7      98.7      64.0
       29         39       1   0.013  0.175   6792     1.189          10.0        10.0         0.0      98.7     117.4
       29         47       0   0.013  0.077   2340     4.757           0.3        10.0        10.3      98.7      20.7
       29         56       1   0.012  0.156   4756     1.189          10.0        10.0        20.0      98.7     117.4
       29         59       0   0.011  0.205   6268     1.682          10.0        10.0        20.0      98.7      58.7
       29         48       0   0.007  0.245   8092     1.189          27.3        10.0       162.7      98.7      83.0
       29         61       0   0.006  0.154   4696     2.181          10.0        10.0         0.0      98.7      45.3
       29         35       0   0.006  0.248   9992     4.000           9.1        10.0         0.9      98.7      24.7
       29         66       0   0.005  0.117   3652     1.189          20.0        10.0        30.0      98.7     117.4
       29         78       0   0.005  0.264   8092     1.834          30.0        10.0       160.0      98.7      53.8
       29         77       0   0.004  0.120   3652     2.828          10.0        10.0         0.0      98.7      34.9
       29         43       0   0.003  0.289  10124     3.364          24.4        10.0       165.6      98.7      29.3
       29         41       0   0.003  0.187   7120     1.542          40.8        10.0       149.2     107.6      69.8
       29         60       0   0.003  0.089   3208     1.091          30.0        10.0       160.0     107.6     117.4
       29         36       0   0.002  0.222   8024     4.000          22.1        10.0       167.9      98.7      24.7
       29         63       0   0.002  0.129   3928     4.000          12.5        10.0        22.5      98.7      24.7
       29         73       0   0.002  0.086   2716     1.414          30.0        10.0       160.0      98.7      69.8
       29         83       0   0.001  0.112   3428     3.668          20.0        10.0       170.0      98.7      26.9
       29         74       0   0.001  0.015    468     1.000          10.0        10.0        20.0      98.7      98.7
       29         55       0   0.001  0.016    492     1.091          10.0        10.0         0.0      98.7     107.6
       29         79       0   0.001  0.124   3836     1.542          70.0        10.0       120.0      98.7      64.0
       29         45       0   0.001  0.130   4612     3.084          39.0        10.0       151.0     107.6      34.9
       29         68       0   0.001  0.065   2412     3.084          28.5        10.0       161.5      98.7      32.0
       29         53       0   0.001  0.048   1508     6.169          10.0        10.0         0.0      98.7      16.0
       29         67       0   0.001  0.019    584     4.362           5.2        10.0         4.8      98.7      22.6
       29         76       0   0.000  0.033   1080     4.362          34.2        10.0       155.8     107.6      24.7
       29         49       0   0.000  0.014    460     6.169          32.2        10.0       157.8      98.7      16.0
       29         50       0   0.000  0.010    324     4.362          31.4        10.0       158.6     107.6      24.7
       29         80       0   0.000  0.002     56     2.378          22.8        10.0       167.2      98.7      41.5
       29         62       0   0.000  0.005    168     5.657          30.0        10.0       160.0      98.7      17.4
       29         37       0   0.000  0.000      0       nan           nan         nan         nan       nan       nan
       29         40       0   0.000  0.000      0       nan           nan         nan         nan       nan       nan
       29         44       0   0.000  0.000      0       nan           nan         nan         nan       nan       nan
       29         46       0   0.000  0.000      0       nan           nan         nan         nan       nan       nan
       29         57       0   0.000  0.000      0       nan           nan         nan         nan       nan       nan
       29         65       0   0.000  0.000      0       nan           nan         nan         nan       nan       nan
       29         70       0   0.000  0.000      0       nan           nan         nan         nan       nan       nan
       29         81       0   0.000  0.000      0       nan           nan         nan         nan       nan       nan
       29         84       0   0.000  0.000      0       nan           nan         nan         nan       nan       nan
       29         85       0   0.000  0.000      0       nan           nan         nan         nan       nan       nan
       29         86       0   0.000  0.000      0       nan           nan         nan         nan       nan       nan
       30         36       1   0.191  0.346   5440     1.091           0.7       168.3       168.9      29.3      26.9
       30         70       1   0.138  0.165   1228     1.189           0.0       170.0       170.0      34.9      29.3
       30         68       1   0.098  0.436   5016     1.091           3.1       168.4       165.3      34.9      38.1
       30         43       1   0.081  0.304   5160     1.000           2.8       168.1       165.3      29.3      29.3
       30         48       0   0.072  0.244   3536     2.828           0.2       167.2       167.4      29.3      83.0
       30         34       0   0.025  0.225   5168     3.084           1.9       168.1       170.0      29.3      90.5
       30         38       0   0.023  0.213   7464     4.000           1.3       168.7       170.0      29.3     117.4
       30         35       1   0.020  0.295   6180     1.091          12.3       168.4         0.7      29.3      26.9
       30         42       1   0.019  0.294   5848     1.000          14.1       168.3         2.4      29.3      29.3
       30         62       0   0.014  0.177   1324     2.000           5.5       165.5       160.0      34.9      17.4
       30         49       0   0.011  0.215   1764     2.000           8.6       165.9       157.3      32.0      16.0
       30         77       1   0.008  0.107   1076     1.189          10.0       170.0         0.0      29.3      34.9
       30         39       0   0.008  0.393   6356     4.000          11.6       168.4         0.0      29.3     117.4
       30         78       0   0.008  0.141   1936     1.682          10.0       170.0       160.0      29.3      49.4
       30         47       0   0.006  0.143   1228     1.414          16.3       170.0         6.3      29.3      20.7
       30         53       0   0.005  0.122   1060     1.834          13.0       167.0         0.0      29.3      16.0
       30         33       0   0.004  0.182   5720     3.364          12.0       168.2         0.2      29.3      98.7
       30         61       0   0.004  0.069    788     1.542          10.0       170.0         0.0      29.3      45.3
       30         72       0   0.004  0.086    772     1.000          20.0       170.0        10.0      29.3      29.3
       30         51       0   0.004  0.053    864     1.297          10.0       170.0         0.0      29.3      38.1
       30         58       0   0.003  0.094   1384     1.414          18.9       170.0         8.9      29.3      41.5
       30         63       0   0.003  0.131   1316     1.189          36.1       169.8        25.9      29.3      24.7
       30         52       0   0.002  0.076   1100     1.682          25.7       170.0        15.7      29.3      49.4
       30         59       0   0.002  0.103   1284     2.000          30.0       170.0        20.0      29.3      58.7
       30         60       0   0.001  0.060    920     4.000          10.0       170.0       160.0      29.3     117.4
       30         73       0   0.001  0.031    340     2.378          10.0       170.0       160.0      29.3      69.8
       30         76       0   0.001  0.032    340     1.297          27.1       169.3       142.2      34.9      26.9
       30         71       0   0.001  0.037    500     2.828          20.6       170.0        10.6      32.0      90.5
       30         56       0   0.000  0.039    456     4.000          30.0       170.0        20.0      29.3     117.4
       30         82       0   0.000  0.025    248     4.000          20.0       170.0        10.0      29.3     117.4
       30         69       0   0.000  0.010     96     1.682          20.0       170.0        10.0      29.3      49.4
       30         37       0   0.000  0.000      0       nan           nan         nan         nan       nan       nan
       30         40       0   0.000  0.000      0       nan           nan         nan         nan       nan       nan
       30         41       0   0.000  0.000      0       nan           nan         nan         nan       nan       nan
       30         44       0   0.000  0.000      0       nan           nan         nan         nan       nan       nan
       30         45       0   0.000  0.000      0       nan           nan         nan         nan       nan       nan
       30         46       0   0.000  0.000      0       nan           nan         nan         nan       nan       nan
       30         50       0   0.000  0.000      0       nan           nan         nan         nan       nan       nan
       30         54       0   0.000  0.000      0       nan           nan         nan         nan       nan       nan
       30         55       0   0.000  0.000      0       nan           nan         nan         nan       nan       nan
       30         57       0   0.000  0.000      0       nan           nan         nan         nan       nan       nan
       30         64       0   0.000  0.000      0       nan           nan         nan         nan       nan       nan
       30         65       0   0.000  0.000      0       nan           nan         nan         nan       nan       nan
       30         66       0   0.000  0.000      0       nan           nan         nan         nan       nan       nan
       30         67       0   0.000  0.000      0       nan           nan         nan         nan       nan       nan
       30         74       0   0.000  0.000      0       nan           nan         nan         nan       nan       nan
       30         75       0   0.000  0.000      0       nan           nan         nan         nan       nan       nan
       30         79       0   0.000  0.000      0       nan           nan         nan         nan       nan       nan
       30         80       0   0.000  0.000      0       nan           nan         nan         nan       nan       nan
       30         81       0   0.000  0.000      0       nan           nan         nan         nan       nan       nan
       30         83       0   0.000  0.000      0       nan           nan         nan         nan       nan       nan
       30         84       0   0.000  0.000      0       nan           nan         nan         nan       nan       nan
       30         85       0   0.000  0.000      0       nan           nan         nan         nan       nan       nan
       30         86       0   0.000  0.000      0       nan           nan         nan         nan       nan       nan
       31         67       1   0.080  0.643    512     1.189           5.8        10.0         4.2      26.9      22.6
       31         52       1   0.054  0.058    492     1.091           0.0        10.0        10.0      26.9      24.7
       31         80       0   0.002  0.077     56     1.542          22.8        10.0       167.2      26.9      41.5
       31         66       0   0.002  0.138    604     4.000          20.0        10.0        30.0      26.9     107.6
       31         33       0   0.001  0.024    724     2.828          10.0        10.0        20.0      26.9      76.1
       31         79       0   0.001  0.104    460     2.378          70.0        10.0       120.0      26.9      64.0
       31         54       0   0.000  0.014    200     4.000          10.0        10.0        20.0      29.3     117.4
       31         34       0   0.000  0.000      0       nan           nan         nan         nan       nan       nan
       31         35       0   0.000  0.000      0       nan           nan         nan         nan       nan       nan
       31         36       0   0.000  0.000      0       nan           nan         nan         nan       nan       nan
       31         37       0   0.000  0.000      0       nan           nan         nan         nan       nan       nan
       31         38       0   0.000  0.000      0       nan           nan         nan         nan       nan       nan
       31         39       0   0.000  0.000      0       nan           nan         nan         nan       nan       nan
       31         40       0   0.000  0.000      0       nan           nan         nan         nan       nan       nan
       31         41       0   0.000  0.000      0       nan           nan         nan         nan       nan       nan
       31         42       0   0.000  0.000      0       nan           nan         nan         nan       nan       nan
       31         43       0   0.000  0.000      0       nan           nan         nan         nan       nan       nan
       31         44       0   0.000  0.000      0       nan           nan         nan         nan       nan       nan
       31         45       0   0.000  0.000      0       nan           nan         nan         nan       nan       nan
       31         46       0   0.000  0.000      0       nan           nan         nan         nan       nan       nan
       31         47       0   0.000  0.000      0       nan           nan         nan         nan       nan       nan
       31         48       0   0.000  0.000      0       nan           nan         nan         nan       nan       nan
       31         49       0   0.000  0.000      0       nan           nan         nan         nan       nan       nan
       31         50       0   0.000  0.000      0       nan           nan         nan         nan       nan       nan
       31         51       0   0.000  0.000      0       nan           nan         nan         nan       nan       nan
       31         53       0   0.000  0.000      0       nan           nan         nan         nan       nan       nan
       31         55       0   0.000  0.000      0       nan           nan         nan         nan       nan       nan
       31         56       0   0.000  0.000      0       nan           nan         nan         nan       nan       nan
       31         57       0   0.000  0.000      0       nan           nan         nan         nan       nan       nan
       31         58       0   0.000  0.000      0       nan           nan         nan         nan       nan       nan
       31         59       0   0.000  0.000      0       nan           nan         nan         nan       nan       nan
       31         60       0   0.000  0.000      0       nan           nan         nan         nan       nan       nan
       31         61       0   0.000  0.000      0       nan           nan         nan         nan       nan       nan
       31         62       0   0.000  0.000      0       nan           nan         nan         nan       nan       nan
       31         63       0   0.000  0.000      0       nan           nan         nan         nan       nan       nan
       31         64       0   0.000  0.000      0       nan           nan         nan         nan       nan       nan
       31         65       0   0.000  0.000      0       nan           nan         nan         nan       nan       nan
       31         68       0   0.000  0.000      0       nan           nan         nan         nan       nan       nan
       31         69       0   0.000  0.000      0       nan           nan         nan         nan       nan       nan
       31         70       0   0.000  0.000      0       nan           nan         nan         nan       nan       nan
       31         71       0   0.000  0.000      0       nan           nan         nan         nan       nan       nan
       31         72       0   0.000  0.000      0       nan           nan         nan         nan       nan       nan
       31         73       0   0.000  0.000      0       nan           nan         nan         nan       nan       nan
       31         74       0   0.000  0.000      0       nan           nan         nan         nan       nan       nan
       31         75       0   0.000  0.000      0       nan           nan         nan         nan       nan       nan
       31         76       0   0.000  0.000      0       nan           nan         nan         nan       nan       nan
       31         77       0   0.000  0.000      0       nan           nan         nan         nan       nan       nan
       31         78       0   0.000  0.000      0       nan           nan         nan         nan       nan       nan
       31         81       0   0.000  0.000      0       nan           nan         nan         nan       nan       nan
       31         82       0   0.000  0.000      0       nan           nan         nan         nan       nan       nan
       31         83       0   0.000  0.000      0       nan           nan         nan         nan       nan       nan
       31         84       0   0.000  0.000      0       nan           nan         nan         nan       nan       nan
       31         85       0   0.000  0.000      0       nan           nan         nan         nan       nan       nan
       31         86       0   0.000  0.000      0       nan           nan         nan         nan       nan       nan
       32         36       1   0.137  0.227   3148     1.000           0.6       170.0       169.4      26.9      26.9
       32         43       1   0.077  0.204   3056     1.091           1.4       170.0       168.6      26.9      29.3
       32         34       0   0.062  0.161   3340     2.594           0.0       170.0       170.0      26.9      69.8
       32         38       0   0.022  0.095   3340     4.362           0.0       170.0       170.0      26.9     117.4
       32         35       1   0.015  0.164   3240     1.000          10.0       170.0         0.0      26.9      26.9
       32         47       0   0.014  0.300   1312     1.297          15.8       170.0         5.8      26.9      20.7
       32         53       0   0.013  0.239   1088     1.682          10.0       170.0         0.0      26.9      16.0
       32         48       0   0.012  0.212   2432     3.084           4.5       170.0       165.5      26.9      83.0
       32         42       1   0.012  0.182   3336     1.091          12.7       170.0         2.7      26.9      29.3
       32         78       0   0.012  0.233   2176     1.834          10.0       170.0       160.0      26.9      49.4
       32         77       0   0.011  0.161    972     1.297          10.0       170.0         0.0      26.9      34.9
       32         72       0   0.010  0.218   1016     1.091          20.0       170.0        10.0      26.9      29.3
       32         68       1   0.009  0.105   1176     1.189           9.2       170.0       160.8      26.9      32.0
       32         63       0   0.006  0.243   1420     1.091          35.0       170.0        25.0      26.9      24.7
       32         62       0   0.005  0.093    396     1.542          10.0       170.0       160.0      26.9      17.4
       32         61       0   0.005  0.096    704     1.682          10.0       170.0         0.0      26.9      45.3
       32         33       0   0.004  0.113   3340     2.378          10.0       170.0         0.0      26.9      64.0
       32         58       0   0.004  0.132   1396     1.542          19.9       170.0         9.9      26.9      41.5
       32         51       0   0.004  0.063    776     1.414          10.0       170.0         0.0      26.9      38.1
       32         49       0   0.004  0.105    556     1.682          14.9       170.0       155.1      26.9      16.0
       32         52       0   0.004  0.121   1248     1.297          24.1       170.0        14.1      26.9      34.9
       32         39       0   0.004  0.174   2728     4.362          10.0       170.0         0.0      26.9     117.4
       32         73       0   0.003  0.091    604     2.828          10.0       170.0       160.0      24.7      69.8
       32         59       0   0.002  0.153   1272     2.181          30.0       170.0        20.0      26.9      58.7
       32         69       0   0.001  0.027    140     1.834          20.0       170.0        10.0      26.9      49.4
       32         82       0   0.000  0.044    256     4.362          20.0       170.0        10.0      26.9     117.4
       32         56       0   0.000  0.043    332     4.362          30.0       170.0        20.0      26.9     117.4
       32         37       0   0.000  0.000      0       nan           nan         nan         nan       nan       nan
       32         40       0   0.000  0.000      0       nan           nan         nan         nan       nan       nan
       32         41       0   0.000  0.000      0       nan           nan         nan         nan       nan       nan
       32         44       0   0.000  0.000      0       nan           nan         nan         nan       nan       nan
       32         45       0   0.000  0.000      0       nan           nan         nan         nan       nan       nan
       32         46       0   0.000  0.000      0       nan           nan         nan         nan       nan       nan
       32         50       0   0.000  0.000      0       nan           nan         nan         nan       nan       nan
       32         54       0   0.000  0.000      0       nan           nan         nan         nan       nan       nan
       32         55       0   0.000  0.000      0       nan           nan         nan         nan       nan       nan
       32         57       0   0.000  0.000      0       nan           nan         nan         nan       nan       nan
       32         60       0   0.000  0.000      0       nan           nan         nan         nan       nan       nan
       32         64       0   0.000  0.000      0       nan           nan         nan         nan       nan       nan
       32         65       0   0.000  0.000      0       nan           nan         nan         nan       nan       nan
       32         66       0   0.000  0.000      0       nan           nan         nan         nan       nan       nan
       32         67       0   0.000  0.000      0       nan           nan         nan         nan       nan       nan
       32         70       0   0.000  0.000      0       nan           nan         nan         nan       nan       nan
       32         71       0   0.000  0.000      0       nan           nan         nan         nan       nan       nan
       32         74       0   0.000  0.000      0       nan           nan         nan         nan       nan       nan
       32         75       0   0.000  0.000      0       nan           nan         nan         nan       nan       nan
       32         76       0   0.000  0.000      0       nan           nan         nan         nan       nan       nan
       32         79       0   0.000  0.000      0       nan           nan         nan         nan       nan       nan
       32         80       0   0.000  0.000      0       nan           nan         nan         nan       nan       nan
       32         81       0   0.000  0.000      0       nan           nan         nan         nan       nan       nan
       32         83       0   0.000  0.000      0       nan           nan         nan         nan       nan       nan
       32         84       0   0.000  0.000      0       nan           nan         nan         nan       nan       nan
       32         85       0   0.000  0.000      0       nan           nan         nan         nan       nan       nan
       32         86       0   0.000  0.000      0       nan           nan         nan         nan       nan       nan
       33         39       0   0.142  0.185   5632     1.297           0.0         0.0         0.0      90.5     117.4
       33         61       0   0.111  0.223   4696     2.000           0.0         0.0         0.0      90.5      45.3
       33         33       0   0.084  0.613  19292     1.297           4.7         0.0         4.7      90.5      69.8
       33         77       0   0.067  0.173   3652     2.594           0.0         0.0         0.0      90.5      34.9
       33         35       0   0.056  0.205   6940     3.668           0.0         0.0         0.0      90.5      24.7
       33         34       0   0.036  0.605  15736     1.414          10.8         0.0       169.2      90.5      64.0
       33         51       0   0.027  0.463   9760     2.378           6.3         0.0         6.3      90.5      38.1
       33         55       0   0.020  0.023    492     1.189           0.0         0.0         0.0      90.5     107.6
       33         58       0   0.017  0.411   8652     2.181          10.1         0.0        10.1      90.5      41.5
       33         42       0   0.015  0.466  12512     3.084           8.8         0.0         8.8      90.5      29.3
       33         48       0   0.015  0.316   7596     1.091          18.1         0.0       161.9      90.5      83.0
       33         38       1   0.015  0.192   9064     1.189          10.0         0.0       170.0      90.5     107.6
       33         78       0   0.011  0.379   8040     1.682          20.0         0.0       160.0      90.5      53.8
       33         52       0   0.009  0.384   8120     2.594          14.8         0.0        14.8      90.5      34.9
       33         59       0   0.009  0.298   6268     1.542          20.0         0.0        20.0      90.5      58.7
       33         82       0   0.009  0.129   2724     1.297          10.0         0.0        10.0      90.5     117.4
       33         56       0   0.008  0.226   4756     1.297          20.0         0.0        20.0      90.5     117.4
       33         43       0   0.007  0.362   9496     3.084          14.7         0.0       165.3      90.5      29.3
       33         64       0   0.006  0.155   3276     2.181          10.0         0.0        10.0      90.5      41.5
       33         36       0   0.006  0.291   7844     3.668          12.2         0.0       167.8      90.5      24.7
       33         53       0   0.006  0.062   1364     5.657           0.8         0.0         0.8      90.5      16.0
       33         73       0   0.006  0.158   3412     1.297          20.0         0.0       160.0      90.5      69.8
       33         69       0   0.005  0.095   2008     1.834          10.0         0.0        10.0      90.5      49.4
       33         83       0   0.005  0.168   3536     3.364          10.0         0.0       170.0      90.5      26.9
       33         72       0   0.003  0.103   2176     2.828          10.0         0.0        10.0      90.5      32.0
       33         75       0   0.003  0.095   2000     2.828          10.0         0.0        10.0      90.5      32.0
       33         66       0   0.003  0.103   2360     1.189          30.0         0.0        30.0      90.5     107.6
       33         54       0   0.003  0.071   2340     1.297          20.0         0.0        20.0      90.5     117.4
       33         41       0   0.003  0.112   3592     1.414          30.3         0.0       149.7      90.5      64.0
       33         79       0   0.002  0.197   4148     1.414          60.0         0.0       120.0      90.5      64.0
       33         47       0   0.002  0.111   2340     4.362          10.3         0.0        10.3      90.5      20.7
       33         63       0   0.002  0.186   3928     3.668          22.5         0.0        22.5      90.5      24.7
       33         67       0   0.001  0.028    584     4.000           4.8         0.0         4.8      90.5      22.6
       33         68       0   0.001  0.064   1808     2.828          20.0         0.0       160.0      90.5      32.0
       33         74       0   0.001  0.022    468     1.091          20.0         0.0        20.0      90.5      98.7
       33         45       0   0.000  0.036   1072     2.594          29.2         0.0       150.8      90.5      34.9
       33         80       0   0.000  0.003     56     2.181          12.8         0.0       167.2      90.5      41.5
       33         49       0   0.000  0.003     68     5.657          20.0         0.0       160.0      90.5      16.0
       33         37       0   0.000  0.000      0       nan           nan         nan         nan       nan       nan
       33         40       0   0.000  0.000      0       nan           nan         nan         nan       nan       nan
       33         44       0   0.000  0.000      0       nan           nan         nan         nan       nan       nan
       33         46       0   0.000  0.000      0       nan           nan         nan         nan       nan       nan
       33         50       0   0.000  0.000      0       nan           nan         nan         nan       nan       nan
       33         57       0   0.000  0.000      0       nan           nan         nan         nan       nan       nan
       33         60       0   0.000  0.000      0       nan           nan         nan         nan       nan       nan
       33         62       0   0.000  0.000      0       nan           nan         nan         nan       nan       nan
       33         65       0   0.000  0.000      0       nan           nan         nan         nan       nan       nan
       33         70       0   0.000  0.000      0       nan           nan         nan         nan       nan       nan
       33         71       0   0.000  0.000      0       nan           nan         nan         nan       nan       nan
       33         76       0   0.000  0.000      0       nan           nan         nan         nan       nan       nan
       33         81       0   0.000  0.000      0       nan           nan         nan         nan       nan       nan
       33         84       0   0.000  0.000      0       nan           nan         nan         nan       nan       nan
       33         85       0   0.000  0.000      0       nan           nan         nan         nan       nan       nan
       33         86       0   0.000  0.000      0       nan           nan         nan         nan       nan       nan
       34         77       1   0.451  0.451   3448     1.000           0.0         0.0         0.0      34.9      34.9
       34         35       1   0.318  0.318   6540     1.000           0.0         0.0         0.0      26.9      26.9
       34         61       0   0.203  0.263   2528     1.297           0.0         0.0         0.0      34.9      45.3
       34         53       1   0.196  0.214   1716     1.091           0.0         0.0         0.0      17.4      16.0
       34         42       1   0.115  0.407   7444     1.091           2.2         0.0         2.2      26.9      29.3
       34         33       0   0.105  0.251   7444     2.378           0.0         0.0         0.0      26.9      64.0
       34         39       0   0.050  0.220   4056     4.362           0.0         0.0         0.0      26.9     117.4
       34         58       1   0.045  0.308   3792     1.189           4.8         0.0         4.8      34.9      41.5
       34         51       1   0.035  0.292   3896     1.189           6.1         0.0         6.1      32.0      38.1
       34         36       1   0.031  0.438   6440     1.091          11.8         0.0       168.2      26.9      24.7
       34         43       1   0.029  0.437   6724     1.000          14.2         0.0       165.8      29.3      29.3
       34         75       1   0.022  0.247   1872     1.000          10.0         0.0        10.0      32.0      32.0
       34         83       0   0.021  0.299   2528     1.297          10.0         0.0       170.0      32.0      24.7
       34         47       0   0.020  0.244   1916     1.297           8.5         0.0         8.5      26.9      20.7
       34         64       1   0.018  0.230   2004     1.189          10.0         0.0        10.0      34.9      41.5
       34         34       0   0.014  0.359   7428     2.378          10.0         0.0       170.0      26.9      64.0
       34         72       0   0.008  0.142   1216     1.542          10.0         0.0        10.0      19.0      29.3
       34         63       0   0.008  0.211   1980     1.091          24.0         0.0        24.0      26.9      24.7
       34         59       0   0.007  0.233   2592     1.542          20.0         0.0        20.0      34.9      53.8
       34         48       0   0.007  0.365   4816     2.828          17.0         0.0       163.0      29.3      83.0
       34         52       0   0.006  0.177   2352     1.682          16.8         0.0        16.8      29.3      49.4
       34         78       0   0.005  0.188   2476     1.834          20.0         0.0       160.0      26.9      49.4
       34         68       0   0.005  0.101   1512     1.189          17.7         0.0       162.3      26.9      32.0
       34         49       0   0.004  0.107    964     1.091          22.7         0.0       157.3      17.4      16.0
       34         38       0   0.003  0.152   5616     4.000          10.0         0.0       170.0      26.9     107.6
       34         56       0   0.003  0.188   1932     3.364          20.0         0.0        20.0      34.9     117.4
       34         82       0   0.002  0.074    704     3.364          10.0         0.0        10.0      34.9     117.4
       34         62       0   0.001  0.041    348     1.682          20.0         0.0       160.0      29.3      17.4
       34         73       0   0.001  0.070    740     4.000          20.0         0.0       160.0      17.4      69.8
       34         69       0   0.000  0.009     84     2.378          10.0         0.0        10.0      20.7      49.4
       34         37       0   0.000  0.000      0       nan           nan         nan         nan       nan       nan
       34         40       0   0.000  0.000      0       nan           nan         nan         nan       nan       nan
       34         41       0   0.000  0.000      0       nan           nan         nan         nan       nan       nan
       34         44       0   0.000  0.000      0       nan           nan         nan         nan       nan       nan
       34         45       0   0.000  0.000      0       nan           nan         nan         nan       nan       nan
       34         46       0   0.000  0.000      0       nan           nan         nan         nan       nan       nan
       34         50       0   0.000  0.000      0       nan           nan         nan         nan       nan       nan
       34         54       0   0.000  0.000      0       nan           nan         nan         nan       nan       nan
       34         55       0   0.000  0.000      0       nan           nan         nan         nan       nan       nan
       34         57       0   0.000  0.000      0       nan           nan         nan         nan       nan       nan
       34         60       0   0.000  0.000      0       nan           nan         nan         nan       nan       nan
       34         65       0   0.000  0.000      0       nan           nan         nan         nan       nan       nan
       34         66       0   0.000  0.000      0       nan           nan         nan         nan       nan       nan
       34         67       0   0.000  0.000      0       nan           nan         nan         nan       nan       nan
       34         70       0   0.000  0.000      0       nan           nan         nan         nan       nan       nan
       34         71       0   0.000  0.000      0       nan           nan         nan         nan       nan       nan
       34         74       0   0.000  0.000      0       nan           nan         nan         nan       nan       nan
       34         76       0   0.000  0.000      0       nan           nan         nan         nan       nan       nan
       34         79       0   0.000  0.000      0       nan           nan         nan         nan       nan       nan
       34         80       0   0.000  0.000      0       nan           nan         nan         nan       nan       nan
       34         81       0   0.000  0.000      0       nan           nan         nan         nan       nan       nan
       34         84       0   0.000  0.000      0       nan           nan         nan         nan       nan       nan
       34         85       0   0.000  0.000      0       nan           nan         nan         nan       nan       nan
       34         86       0   0.000  0.000      0       nan           nan         nan         nan       nan       nan
       35         74       0   0.049  0.166    144     3.364           0.0        20.0        20.0      29.3      98.7
       35         52       1   0.037  0.066    544     1.091           0.7        20.0        19.3      29.3      32.0
       35         59       0   0.030  0.060    388     2.000           0.0        20.0        20.0      29.3      58.7
       35         55       0   0.005  0.392    292     3.668          20.0        20.0         0.0      29.3     107.6
       35         51       1   0.005  0.054    528     1.000          10.0        20.0        10.0      29.3      29.3
       35         42       0   0.002  0.025    464     1.091          10.0        20.0        10.0      29.3      26.9
       35         56       0   0.002  0.006     32     4.000           0.0        20.0        20.0      29.3     117.4
       35         43       0   0.001  0.028    420     1.091          30.0        20.0       170.0      29.3      32.0
       35         79       0   0.001  0.126    524     2.181          80.0        20.0       120.0      29.3      64.0
       35         33       0   0.001  0.018    544     2.378          10.0        20.0        10.0      29.3      69.8
       35         78       0   0.000  0.021    176     1.834          40.0        20.0       160.0      29.3      53.8
       35         34       0   0.000  0.022    456     3.084          30.0        20.0       170.0      29.3      90.5
       35         35       0   0.000  0.000      0       nan           nan         nan         nan       nan       nan
       35         36       0   0.000  0.000      0       nan           nan         nan         nan       nan       nan
       35         37       0   0.000  0.000      0       nan           nan         nan         nan       nan       nan
       35         38       0   0.000  0.000      0       nan           nan         nan         nan       nan       nan
       35         39       0   0.000  0.000      0       nan           nan         nan         nan       nan       nan
       35         40       0   0.000  0.000      0       nan           nan         nan         nan       nan       nan
       35         41       0   0.000  0.000      0       nan           nan         nan         nan       nan       nan
       35         44       0   0.000  0.000      0       nan           nan         nan         nan       nan       nan
       35         45       0   0.000  0.000      0       nan           nan         nan         nan       nan       nan
       35         46       0   0.000  0.000      0       nan           nan         nan         nan       nan       nan
       35         47       0   0.000  0.000      0       nan           nan         nan         nan       nan       nan
       35         48       0   0.000  0.000      0       nan           nan         nan         nan       nan       nan
       35         49       0   0.000  0.000      0       nan           nan         nan         nan       nan       nan
       35         50       0   0.000  0.000      0       nan           nan         nan         nan       nan       nan
       35         53       0   0.000  0.000      0       nan           nan         nan         nan       nan       nan
       35         54       0   0.000  0.000      0       nan           nan         nan         nan       nan       nan
       35         57       0   0.000  0.000      0       nan           nan         nan         nan       nan       nan
       35         58       0   0.000  0.000      0       nan           nan         nan         nan       nan       nan
       35         60       0   0.000  0.000      0       nan           nan         nan         nan       nan       nan
       35         61       0   0.000  0.000      0       nan           nan         nan         nan       nan       nan
       35         62       0   0.000  0.000      0       nan           nan         nan         nan       nan       nan
       35         63       0   0.000  0.000      0       nan           nan         nan         nan       nan       nan
       35         64       0   0.000  0.000      0       nan           nan         nan         nan       nan       nan
       35         65       0   0.000  0.000      0       nan           nan         nan         nan       nan       nan
       35         66       0   0.000  0.000      0       nan           nan         nan         nan       nan       nan
       35         67       0   0.000  0.000      0       nan           nan         nan         nan       nan       nan
       35         68       0   0.000  0.000      0       nan           nan         nan         nan       nan       nan
       35         69       0   0.000  0.000      0       nan           nan         nan         nan       nan       nan
       35         70       0   0.000  0.000      0       nan           nan         nan         nan       nan       nan
       35         71       0   0.000  0.000      0       nan           nan         nan         nan       nan       nan
       35         72       0   0.000  0.000      0       nan           nan         nan         nan       nan       nan
       35         73       0   0.000  0.000      0       nan           nan         nan         nan       nan       nan
       35         75       0   0.000  0.000      0       nan           nan         nan         nan       nan       nan
       35         76       0   0.000  0.000      0       nan           nan         nan         nan       nan       nan
       35         77       0   0.000  0.000      0       nan           nan         nan         nan       nan       nan
       35         80       0   0.000  0.000      0       nan           nan         nan         nan       nan       nan
       35         81       0   0.000  0.000      0       nan           nan         nan         nan       nan       nan
       35         82       0   0.000  0.000      0       nan           nan         nan         nan       nan       nan
       35         83       0   0.000  0.000      0       nan           nan         nan         nan       nan       nan
       35         84       0   0.000  0.000      0       nan           nan         nan         nan       nan       nan
       35         85       0   0.000  0.000      0       nan           nan         nan         nan       nan       nan
       35         86       0   0.000  0.000      0       nan           nan         nan         nan       nan       nan
       36         33       0   0.000  0.000      0       nan           nan         nan         nan       nan       nan
       36         34       0   0.000  0.000      0       nan           nan         nan         nan       nan       nan
       36         35       0   0.000  0.000      0       nan           nan         nan         nan       nan       nan
       36         36       0   0.000  0.000      0       nan           nan         nan         nan       nan       nan
       36         37       0   0.000  0.000      0       nan           nan         nan         nan       nan       nan
       36         38       0   0.000  0.000      0       nan           nan         nan         nan       nan       nan
       36         39       0   0.000  0.000      0       nan           nan         nan         nan       nan       nan
       36         40       0   0.000  0.000      0       nan           nan         nan         nan       nan       nan
       36         41       0   0.000  0.000      0       nan           nan         nan         nan       nan       nan
       36         42       0   0.000  0.000      0       nan           nan         nan         nan       nan       nan
       36         43       0   0.000  0.000      0       nan           nan         nan         nan       nan       nan
       36         44       0   0.000  0.000      0       nan           nan         nan         nan       nan       nan
       36         45       0   0.000  0.000      0       nan           nan         nan         nan       nan       nan
       36         46       0   0.000  0.000      0       nan           nan         nan         nan       nan       nan
       36         47       0   0.000  0.000      0       nan           nan         nan         nan       nan       nan
       36         48       0   0.000  0.000      0       nan           nan         nan         nan       nan       nan
       36         49       0   0.000  0.000      0       nan           nan         nan         nan       nan       nan
       36         50       0   0.000  0.000      0       nan           nan         nan         nan       nan       nan
       36         51       0   0.000  0.000      0       nan           nan         nan         nan       nan       nan
       36         52       0   0.000  0.000      0       nan           nan         nan         nan       nan       nan
       36         53       0   0.000  0.000      0       nan           nan         nan         nan       nan       nan
       36         54       0   0.000  0.000      0       nan           nan         nan         nan       nan       nan
       36         55       0   0.000  0.000      0       nan           nan         nan         nan       nan       nan
       36         56       0   0.000  0.000      0       nan           nan         nan         nan       nan       nan
       36         57       0   0.000  0.000      0       nan           nan         nan         nan       nan       nan
       36         58       0   0.000  0.000      0       nan           nan         nan         nan       nan       nan
       36         59       0   0.000  0.000      0       nan           nan         nan         nan       nan       nan
       36         60       0   0.000  0.000      0       nan           nan         nan         nan       nan       nan
       36         61       0   0.000  0.000      0       nan           nan         nan         nan       nan       nan
       36         62       0   0.000  0.000      0       nan           nan         nan         nan       nan       nan
       36         63       0   0.000  0.000      0       nan           nan         nan         nan       nan       nan
       36         64       0   0.000  0.000      0       nan           nan         nan         nan       nan       nan
       36         65       0   0.000  0.000      0       nan           nan         nan         nan       nan       nan
       36         66       0   0.000  0.000      0       nan           nan         nan         nan       nan       nan
       36         67       0   0.000  0.000      0       nan           nan         nan         nan       nan       nan
       36         68       0   0.000  0.000      0       nan           nan         nan         nan       nan       nan
       36         69       0   0.000  0.000      0       nan           nan         nan         nan       nan       nan
       36         70       0   0.000  0.000      0       nan           nan         nan         nan       nan       nan
       36         71       0   0.000  0.000      0       nan           nan         nan         nan       nan       nan
       36         72       0   0.000  0.000      0       nan           nan         nan         nan       nan       nan
       36         73       0   0.000  0.000      0       nan           nan         nan         nan       nan       nan
       36         74       0   0.000  0.000      0       nan           nan         nan         nan       nan       nan
       36         75       0   0.000  0.000      0       nan           nan         nan         nan       nan       nan
       36         76       0   0.000  0.000      0       nan           nan         nan         nan       nan       nan
       36         77       0   0.000  0.000      0       nan           nan         nan         nan       nan       nan
       36         78       0   0.000  0.000      0       nan           nan         nan         nan       nan       nan
       36         79       0   0.000  0.000      0       nan           nan         nan         nan       nan       nan
       36         80       0   0.000  0.000      0       nan           nan         nan         nan       nan       nan
       36         81       0   0.000  0.000      0       nan           nan         nan         nan       nan       nan
       36         82       0   0.000  0.000      0       nan           nan         nan         nan       nan       nan
       36         83       0   0.000  0.000      0       nan           nan         nan         nan       nan       nan
       36         84       0   0.000  0.000      0       nan           nan         nan         nan       nan       nan
       36         85       0   0.000  0.000      0       nan           nan         nan         nan       nan       nan
       36         86       0   0.000  0.000      0       nan           nan         nan         nan       nan       nan
       37         71       0   0.029  0.165   1268     3.668           0.5        10.8        10.2      22.6      83.0
       37         72       0   0.019  0.026    124     1.414           0.0        10.0        10.0      22.6      32.0
       37         35       1   0.014  0.124   2452     1.091           7.2        11.1         4.0      22.6      20.7
       37         53       0   0.013  0.064    292     1.414           2.4        10.0         7.6      22.6      16.0
       37         52       0   0.009  0.014    144     1.542           0.0        10.0        10.0      22.6      34.9
       37         36       0   0.005  0.098   1448     1.000          20.0        10.0       170.0      22.6      22.6
       37         68       0   0.005  0.184   1800     1.834          21.0        11.0       170.0      22.6      41.5
       37         42       0   0.005  0.053   1044     1.297           8.0        10.7         2.7      22.6      29.3
       37         76       0   0.004  0.192    956     1.091          41.3        10.0       148.7      22.6      24.7
       37         70       0   0.003  0.093    320     1.297          20.0        10.0       170.0      22.6      29.3
       37         39       0   0.002  0.116   1828     5.187          10.5        10.5         0.0      22.6     117.4
       37         33       0   0.002  0.063   1908     4.362           6.7        10.0         3.4      22.6      98.7
       37         49       0   0.001  0.065    308     1.414          30.0        10.0       160.0      22.6      16.0
       37         43       0   0.001  0.032    540     1.297          22.9        10.0       167.1      22.6      29.3
       37         60       0   0.001  0.126   1268     5.187          32.8        12.8       160.0      22.6     117.4
       37         38       0   0.001  0.072   2520     5.187          21.4        11.4       170.0      22.6     117.4
       37         73       0   0.001  0.055    336     3.084          30.0        10.0       160.0      22.6      69.8
       37         45       0   0.000  0.016    188     1.414          40.0        10.0       150.0      22.6      32.0
       37         54       0   0.000  0.013    216     4.757          10.0        10.0        20.0      22.6     107.6
       37         34       0   0.000  0.017    384     2.828          27.6        10.0       162.4      22.6      64.0
       37         48       0   0.000  0.007     96     3.364          30.0        10.0       160.0      22.6      76.1
       37         37       0   0.000  0.000      0       nan           nan         nan         nan       nan       nan
       37         40       0   0.000  0.000      0       nan           nan         nan         nan       nan       nan
       37         41       0   0.000  0.000      0       nan           nan         nan         nan       nan       nan
       37         44       0   0.000  0.000      0       nan           nan         nan         nan       nan       nan
       37         46       0   0.000  0.000      0       nan           nan         nan         nan       nan       nan
       37         47       0   0.000  0.000      0       nan           nan         nan         nan       nan       nan
       37         50       0   0.000  0.000      0       nan           nan         nan         nan       nan       nan
       37         51       0   0.000  0.000      0       nan           nan         nan         nan       nan       nan
       37         55       0   0.000  0.000      0       nan           nan         nan         nan       nan       nan
       37         56       0   0.000  0.000      0       nan           nan         nan         nan       nan       nan
       37         57       0   0.000  0.000      0       nan           nan         nan         nan       nan       nan
       37         58       0   0.000  0.000      0       nan           nan         nan         nan       nan       nan
       37         59       0   0.000  0.000      0       nan           nan         nan         nan       nan       nan
       37         61       0   0.000  0.000      0       nan           nan         nan         nan       nan       nan
       37         62       0   0.000  0.000      0       nan           nan         nan         nan       nan       nan
       37         63       0   0.000  0.000      0       nan           nan         nan         nan       nan       nan
       37         64       0   0.000  0.000      0       nan           nan         nan         nan       nan       nan
       37         65       0   0.000  0.000      0       nan           nan         nan         nan       nan       nan
       37         66       0   0.000  0.000      0       nan           nan         nan         nan       nan       nan
       37         67       0   0.000  0.000      0       nan           nan         nan         nan       nan       nan
       37         69       0   0.000  0.000      0       nan           nan         nan         nan       nan       nan
       37         74       0   0.000  0.000      0       nan           nan         nan         nan       nan       nan
       37         75       0   0.000  0.000      0       nan           nan         nan         nan       nan       nan
       37         77       0   0.000  0.000      0       nan           nan         nan         nan       nan       nan
       37         78       0   0.000  0.000      0       nan           nan         nan         nan       nan       nan
       37         79       0   0.000  0.000      0       nan           nan         nan         nan       nan       nan
       37         80       0   0.000  0.000      0       nan           nan         nan         nan       nan       nan
       37         81       0   0.000  0.000      0       nan           nan         nan         nan       nan       nan
       37         82       0   0.000  0.000      0       nan           nan         nan         nan       nan       nan
       37         83       0   0.000  0.000      0       nan           nan         nan         nan       nan       nan
       37         84       0   0.000  0.000      0       nan           nan         nan         nan       nan       nan
       37         85       0   0.000  0.000      0       nan           nan         nan         nan       nan       nan
       37         86       0   0.000  0.000      0       nan           nan         nan         nan       nan       nan
       38         85       0   0.000  0.010    160     2.181          20.0       100.0       120.0      41.5      90.5
       38         33       0   0.000  0.000      0       nan           nan         nan         nan       nan       nan
       38         34       0   0.000  0.000      0       nan           nan         nan         nan       nan       nan
       38         35       0   0.000  0.000      0       nan           nan         nan         nan       nan       nan
       38         36       0   0.000  0.000      0       nan           nan         nan         nan       nan       nan
       38         37       0   0.000  0.000      0       nan           nan         nan         nan       nan       nan
       38         38       0   0.000  0.000      0       nan           nan         nan         nan       nan       nan
       38         39       0   0.000  0.000      0       nan           nan         nan         nan       nan       nan
       38         40       0   0.000  0.000      0       nan           nan         nan         nan       nan       nan
       38         41       0   0.000  0.000      0       nan           nan         nan         nan       nan       nan
       38         42       0   0.000  0.000      0       nan           nan         nan         nan       nan       nan
       38         43       0   0.000  0.000      0       nan           nan         nan         nan       nan       nan
       38         44       0   0.000  0.000      0       nan           nan         nan         nan       nan       nan
       38         45       0   0.000  0.000      0       nan           nan         nan         nan       nan       nan
       38         46       0   0.000  0.000      0       nan           nan         nan         nan       nan       nan
       38         47       0   0.000  0.000      0       nan           nan         nan         nan       nan       nan
       38         48       0   0.000  0.000      0       nan           nan         nan         nan       nan       nan
       38         49       0   0.000  0.000      0       nan           nan         nan         nan       nan       nan
       38         50       0   0.000  0.000      0       nan           nan         nan         nan       nan       nan
       38         51       0   0.000  0.000      0       nan           nan         nan         nan       nan       nan
       38         52       0   0.000  0.000      0       nan           nan         nan         nan       nan       nan
       38         53       0   0.000  0.000      0       nan           nan         nan         nan       nan       nan
       38         54       0   0.000  0.000      0       nan           nan         nan         nan       nan       nan
       38         55       0   0.000  0.000      0       nan           nan         nan         nan       nan       nan
       38         56       0   0.000  0.000      0       nan           nan         nan         nan       nan       nan
       38         57       0   0.000  0.000      0       nan           nan         nan         nan       nan       nan
       38         58       0   0.000  0.000      0       nan           nan         nan         nan       nan       nan
       38         59       0   0.000  0.000      0       nan           nan         nan         nan       nan       nan
       38         60       0   0.000  0.000      0       nan           nan         nan         nan       nan       nan
       38         61       0   0.000  0.000      0       nan           nan         nan         nan       nan       nan
       38         62       0   0.000  0.000      0       nan           nan         nan         nan       nan       nan
       38         63       0   0.000  0.000      0       nan           nan         nan         nan       nan       nan
       38         64       0   0.000  0.000      0       nan           nan         nan         nan       nan       nan
       38         65       0   0.000  0.000      0       nan           nan         nan         nan       nan       nan
       38         66       0   0.000  0.000      0       nan           nan         nan         nan       nan       nan
       38         67       0   0.000  0.000      0       nan           nan         nan         nan       nan       nan
       38         68       0   0.000  0.000      0       nan           nan         nan         nan       nan       nan
       38         69       0   0.000  0.000      0       nan           nan         nan         nan       nan       nan
       38         70       0   0.000  0.000      0       nan           nan         nan         nan       nan       nan
       38         71       0   0.000  0.000      0       nan           nan         nan         nan       nan       nan
       38         72       0   0.000  0.000      0       nan           nan         nan         nan       nan       nan
       38         73       0   0.000  0.000      0       nan           nan         nan         nan       nan       nan
       38         74       0   0.000  0.000      0       nan           nan         nan         nan       nan       nan
       38         75       0   0.000  0.000      0       nan           nan         nan         nan       nan       nan
       38         76       0   0.000  0.000      0       nan           nan         nan         nan       nan       nan
       38         77       0   0.000  0.000      0       nan           nan         nan         nan       nan       nan
       38         78       0   0.000  0.000      0       nan           nan         nan         nan       nan       nan
       38         79       0   0.000  0.000      0       nan           nan         nan         nan       nan       nan
       38         80       0   0.000  0.000      0       nan           nan         nan         nan       nan       nan
       38         81       0   0.000  0.000      0       nan           nan         nan         nan       nan       nan
       38         82       0   0.000  0.000      0       nan           nan         nan         nan       nan       nan
       38         83       0   0.000  0.000      0       nan           nan         nan         nan       nan       nan
       38         84       0   0.000  0.000      0       nan           nan         nan         nan       nan       nan
       38         86       0   0.000  0.000      0       nan           nan         nan         nan       nan       nan
       39         33       0   0.000  0.000      0       nan           nan         nan         nan       nan       nan
       39         34       0   0.000  0.000      0       nan           nan         nan         nan       nan       nan
       39         35       0   0.000  0.000      0       nan           nan         nan         nan       nan       nan
       39         36       0   0.000  0.000      0       nan           nan         nan         nan       nan       nan
       39         37       0   0.000  0.000      0       nan           nan         nan         nan       nan       nan
       39         38       0   0.000  0.000      0       nan           nan         nan         nan       nan       nan
       39         39       0   0.000  0.000      0       nan           nan         nan         nan       nan       nan
       39         40       0   0.000  0.000      0       nan           nan         nan         nan       nan       nan
       39         41       0   0.000  0.000      0       nan           nan         nan         nan       nan       nan
       39         42       0   0.000  0.000      0       nan           nan         nan         nan       nan       nan
       39         43       0   0.000  0.000      0       nan           nan         nan         nan       nan       nan
       39         44       0   0.000  0.000      0       nan           nan         nan         nan       nan       nan
       39         45       0   0.000  0.000      0       nan           nan         nan         nan       nan       nan
       39         46       0   0.000  0.000      0       nan           nan         nan         nan       nan       nan
       39         47       0   0.000  0.000      0       nan           nan         nan         nan       nan       nan
       39         48       0   0.000  0.000      0       nan           nan         nan         nan       nan       nan
       39         49       0   0.000  0.000      0       nan           nan         nan         nan       nan       nan
       39         50       0   0.000  0.000      0       nan           nan         nan         nan       nan       nan
       39         51       0   0.000  0.000      0       nan           nan         nan         nan       nan       nan
       39         52       0   0.000  0.000      0       nan           nan         nan         nan       nan       nan
       39         53       0   0.000  0.000      0       nan           nan         nan         nan       nan       nan
       39         54       0   0.000  0.000      0       nan           nan         nan         nan       nan       nan
       39         55       0   0.000  0.000      0       nan           nan         nan         nan       nan       nan
       39         56       0   0.000  0.000      0       nan           nan         nan         nan       nan       nan
       39         57       0   0.000  0.000      0       nan           nan         nan         nan       nan       nan
       39         58       0   0.000  0.000      0       nan           nan         nan         nan       nan       nan
       39         59       0   0.000  0.000      0       nan           nan         nan         nan       nan       nan
       39         60       0   0.000  0.000      0       nan           nan         nan         nan       nan       nan
       39         61       0   0.000  0.000      0       nan           nan         nan         nan       nan       nan
       39         62       0   0.000  0.000      0       nan           nan         nan         nan       nan       nan
       39         63       0   0.000  0.000      0       nan           nan         nan         nan       nan       nan
       39         64       0   0.000  0.000      0       nan           nan         nan         nan       nan       nan
       39         65       0   0.000  0.000      0       nan           nan         nan         nan       nan       nan
       39         66       0   0.000  0.000      0       nan           nan         nan         nan       nan       nan
       39         67       0   0.000  0.000      0       nan           nan         nan         nan       nan       nan
       39         68       0   0.000  0.000      0       nan           nan         nan         nan       nan       nan
       39         69       0   0.000  0.000      0       nan           nan         nan         nan       nan       nan
       39         70       0   0.000  0.000      0       nan           nan         nan         nan       nan       nan
       39         71       0   0.000  0.000      0       nan           nan         nan         nan       nan       nan
       39         72       0   0.000  0.000      0       nan           nan         nan         nan       nan       nan
       39         73       0   0.000  0.000      0       nan           nan         nan         nan       nan       nan
       39         74       0   0.000  0.000      0       nan           nan         nan         nan       nan       nan
       39         75       0   0.000  0.000      0       nan           nan         nan         nan       nan       nan
       39         76       0   0.000  0.000      0       nan           nan         nan         nan       nan       nan
       39         77       0   0.000  0.000      0       nan           nan         nan         nan       nan       nan
       39         78       0   0.000  0.000      0       nan           nan         nan         nan       nan       nan
       39         79       0   0.000  0.000      0       nan           nan         nan         nan       nan       nan
       39         80       0   0.000  0.000      0       nan           nan         nan         nan       nan       nan
       39         81       0   0.000  0.000      0       nan           nan         nan         nan       nan       nan
       39         82       0   0.000  0.000      0       nan           nan         nan         nan       nan       nan
       39         83       0   0.000  0.000      0       nan           nan         nan         nan       nan       nan
       39         84       0   0.000  0.000      0       nan           nan         nan         nan       nan       nan
       39         85       0   0.000  0.000      0       nan           nan         nan         nan       nan       nan
       39         86       0   0.000  0.000      0       nan           nan         nan         nan       nan       nan
       40         60       0   0.000  0.002     32     5.657          30.0       130.0       160.0      20.7     117.4
       40         33       0   0.000  0.000      0       nan           nan         nan         nan       nan       nan
       40         34       0   0.000  0.000      0       nan           nan         nan         nan       nan       nan
       40         35       0   0.000  0.000      0       nan           nan         nan         nan       nan       nan
       40         36       0   0.000  0.000      0       nan           nan         nan         nan       nan       nan
       40         37       0   0.000  0.000      0       nan           nan         nan         nan       nan       nan
       40         38       0   0.000  0.000      0       nan           nan         nan         nan       nan       nan
       40         39       0   0.000  0.000      0       nan           nan         nan         nan       nan       nan
       40         40       0   0.000  0.000      0       nan           nan         nan         nan       nan       nan
       40         41       0   0.000  0.000      0       nan           nan         nan         nan       nan       nan
       40         42       0   0.000  0.000      0       nan           nan         nan         nan       nan       nan
       40         43       0   0.000  0.000      0       nan           nan         nan         nan       nan       nan
       40         44       0   0.000  0.000      0       nan           nan         nan         nan       nan       nan
       40         45       0   0.000  0.000      0       nan           nan         nan         nan       nan       nan
       40         46       0   0.000  0.000      0       nan           nan         nan         nan       nan       nan
       40         47       0   0.000  0.000      0       nan           nan         nan         nan       nan       nan
       40         48       0   0.000  0.000      0       nan           nan         nan         nan       nan       nan
       40         49       0   0.000  0.000      0       nan           nan         nan         nan       nan       nan
       40         50       0   0.000  0.000      0       nan           nan         nan         nan       nan       nan
       40         51       0   0.000  0.000      0       nan           nan         nan         nan       nan       nan
       40         52       0   0.000  0.000      0       nan           nan         nan         nan       nan       nan
       40         53       0   0.000  0.000      0       nan           nan         nan         nan       nan       nan
       40         54       0   0.000  0.000      0       nan           nan         nan         nan       nan       nan
       40         55       0   0.000  0.000      0       nan           nan         nan         nan       nan       nan
       40         56       0   0.000  0.000      0       nan           nan         nan         nan       nan       nan
       40         57       0   0.000  0.000      0       nan           nan         nan         nan       nan       nan
       40         58       0   0.000  0.000      0       nan           nan         nan         nan       nan       nan
       40         59       0   0.000  0.000      0       nan           nan         nan         nan       nan       nan
       40         61       0   0.000  0.000      0       nan           nan         nan         nan       nan       nan
       40         62       0   0.000  0.000      0       nan           nan         nan         nan       nan       nan
       40         63       0   0.000  0.000      0       nan           nan         nan         nan       nan       nan
       40         64       0   0.000  0.000      0       nan           nan         nan         nan       nan       nan
       40         65       0   0.000  0.000      0       nan           nan         nan         nan       nan       nan
       40         66       0   0.000  0.000      0       nan           nan         nan         nan       nan       nan
       40         67       0   0.000  0.000      0       nan           nan         nan         nan       nan       nan
       40         68       0   0.000  0.000      0       nan           nan         nan         nan       nan       nan
       40         69       0   0.000  0.000      0       nan           nan         nan         nan       nan       nan
       40         70       0   0.000  0.000      0       nan           nan         nan         nan       nan       nan
       40         71       0   0.000  0.000      0       nan           nan         nan         nan       nan       nan
       40         72       0   0.000  0.000      0       nan           nan         nan         nan       nan       nan
       40         73       0   0.000  0.000      0       nan           nan         nan         nan       nan       nan
       40         74       0   0.000  0.000      0       nan           nan         nan         nan       nan       nan
       40         75       0   0.000  0.000      0       nan           nan         nan         nan       nan       nan
       40         76       0   0.000  0.000      0       nan           nan         nan         nan       nan       nan
       40         77       0   0.000  0.000      0       nan           nan         nan         nan       nan       nan
       40         78       0   0.000  0.000      0       nan           nan         nan         nan       nan       nan
       40         79       0   0.000  0.000      0       nan           nan         nan         nan       nan       nan
       40         80       0   0.000  0.000      0       nan           nan         nan         nan       nan       nan
       40         81       0   0.000  0.000      0       nan           nan         nan         nan       nan       nan
       40         82       0   0.000  0.000      0       nan           nan         nan         nan       nan       nan
       40         83       0   0.000  0.000      0       nan           nan         nan         nan       nan       nan
       40         84       0   0.000  0.000      0       nan           nan         nan         nan       nan       nan
       40         85       0   0.000  0.000      0       nan           nan         nan         nan       nan       nan
       40         86       0   0.000  0.000      0       nan           nan         nan         nan       nan       nan
       41         45       0   0.122  0.231   4084     1.297           0.5       154.3       153.9      41.5      32.0
       41         41       0   0.025  0.233   5056     1.414           5.7       155.1       149.4      45.3      64.0
       41         78       1   0.019  0.122   2212     1.091           4.8       155.2       160.0      58.7      53.8
       41         76       1   0.017  0.100   1424     1.189           4.1       150.0       154.1      29.3      24.7
       41         34       1   0.009  0.150   4288     1.091          14.7       151.2       165.9      58.7      64.0
       41         73       0   0.006  0.187   2532     2.000          13.8       146.2       160.0      34.9      69.8
       41         79       0   0.006  0.340   4148     1.414          38.4       158.4       120.0      45.3      64.0
       41         33       0   0.005  0.325  10280     1.682          37.3       154.0        11.2      45.3      76.1
       41         43       0   0.003  0.090   2220     1.834          14.6       155.4       170.0      58.7      32.0
       41         52       0   0.003  0.219   3668     1.834          39.4       156.2        15.6      58.7      32.0
       41         59       0   0.002  0.104   1748     1.000          42.1       157.9        20.0      58.7      58.7
       41         35       0   0.002  0.120   3404     1.414          38.2       144.5         2.7      32.0      22.6
       41         51       0   0.002  0.088   1772     1.682          27.9       156.2         4.0      58.7      34.9
       41         36       0   0.002  0.063   1532     1.297          26.7       143.3       170.0      32.0      24.7
       41         69       0   0.002  0.070    932     1.189          33.9       156.1        10.0      58.7      49.4
       41         54       0   0.002  0.181   4064     2.594          42.1       157.9        20.0      45.3     117.4
       41         48       0   0.002  0.064   1372     2.181          17.8       142.2       160.0      34.9      76.1
       41         66       0   0.001  0.167   2360     2.378          49.1       160.9        30.0      45.3     107.6
       41         80       0   0.001  0.005     56     1.043           2.2       165.0       167.2      39.8      41.5
       41         61       0   0.001  0.038    620     1.297          22.7       157.3         0.0      58.7      45.3
       41         38       0   0.001  0.100   4304     3.668          23.2       146.8       170.0      32.0     117.4
       41         67       0   0.001  0.048    584     1.834          22.2       162.6         4.8      41.5      22.6
       41         58       0   0.001  0.052   1040     1.414          32.2       156.4         8.6      58.7      41.5
       41         71       0   0.001  0.116   1932     2.828          39.7       150.3        10.0      29.3      83.0
       41         72       0   0.001  0.054    752     1.091          48.7       141.3        10.0      34.9      32.0
       41         55       0   0.001  0.031    388     1.834          20.0       160.0         0.0      58.7     107.6
       41         42       0   0.001  0.055   1596     2.181          44.3       147.0        11.3      58.7      26.9
       41         63       0   0.000  0.040    616     2.181          51.6       148.4        20.0      58.7      26.9
       41         68       0   0.000  0.010    204     1.414          20.0       150.0       170.0      29.3      41.5
       41         74       0   0.000  0.019    236     1.682          40.0       160.0        20.0      58.7      98.7
       41         56       0   0.000  0.018    300     2.000          40.0       160.0        20.0      58.7     117.4
       41         50       0   0.000  0.004     68     2.000          10.0       160.0       170.0      45.3      22.6
       41         53       0   0.000  0.021    296     2.000          58.8       130.5         9.3      32.0      16.0
       41         39       0   0.000  0.016    432     3.364          43.1       136.9         0.0      32.0     107.6
       41         47       0   0.000  0.010    140     2.828          47.1       150.1        17.3      58.7      20.7
       41         37       0   0.000  0.000      0       nan           nan         nan         nan       nan       nan
       41         40       0   0.000  0.000      0       nan           nan         nan         nan       nan       nan
       41         44       0   0.000  0.000      0       nan           nan         nan         nan       nan       nan
       41         46       0   0.000  0.000      0       nan           nan         nan         nan       nan       nan
       41         49       0   0.000  0.000      0       nan           nan         nan         nan       nan       nan
       41         57       0   0.000  0.000      0       nan           nan         nan         nan       nan       nan
       41         60       0   0.000  0.000      0       nan           nan         nan         nan       nan       nan
       41         62       0   0.000  0.000      0       nan           nan         nan         nan       nan       nan
       41         64       0   0.000  0.000      0       nan           nan         nan         nan       nan       nan
       41         65       0   0.000  0.000      0       nan           nan         nan         nan       nan       nan
       41         70       0   0.000  0.000      0       nan           nan         nan         nan       nan       nan
       41         75       0   0.000  0.000      0       nan           nan         nan         nan       nan       nan
       41         77       0   0.000  0.000      0       nan           nan         nan         nan       nan       nan
       41         81       0   0.000  0.000      0       nan           nan         nan         nan       nan       nan
       41         82       0   0.000  0.000      0       nan           nan         nan         nan       nan       nan
       41         83       0   0.000  0.000      0       nan           nan         nan         nan       nan       nan
       41         84       0   0.000  0.000      0       nan           nan         nan         nan       nan       nan
       41         85       0   0.000  0.000      0       nan           nan         nan         nan       nan       nan
       41         86       0   0.000  0.000      0       nan           nan         nan         nan       nan       nan
       42         60       0   0.000  0.005     56     4.757          20.0       140.0       160.0      24.7     117.4
       42         33       0   0.000  0.000      0       nan           nan         nan         nan       nan       nan
       42         34       0   0.000  0.000      0       nan           nan         nan         nan       nan       nan
       42         35       0   0.000  0.000      0       nan           nan         nan         nan       nan       nan
       42         36       0   0.000  0.000      0       nan           nan         nan         nan       nan       nan
       42         37       0   0.000  0.000      0       nan           nan         nan         nan       nan       nan
       42         38       0   0.000  0.000      0       nan           nan         nan         nan       nan       nan
       42         39       0   0.000  0.000      0       nan           nan         nan         nan       nan       nan
       42         40       0   0.000  0.000      0       nan           nan         nan         nan       nan       nan
       42         41       0   0.000  0.000      0       nan           nan         nan         nan       nan       nan
       42         42       0   0.000  0.000      0       nan           nan         nan         nan       nan       nan
       42         43       0   0.000  0.000      0       nan           nan         nan         nan       nan       nan
       42         44       0   0.000  0.000      0       nan           nan         nan         nan       nan       nan
       42         45       0   0.000  0.000      0       nan           nan         nan         nan       nan       nan
       42         46       0   0.000  0.000      0       nan           nan         nan         nan       nan       nan
       42         47       0   0.000  0.000      0       nan           nan         nan         nan       nan       nan
       42         48       0   0.000  0.000      0       nan           nan         nan         nan       nan       nan
       42         49       0   0.000  0.000      0       nan           nan         nan         nan       nan       nan
       42         50       0   0.000  0.000      0       nan           nan         nan         nan       nan       nan
       42         51       0   0.000  0.000      0       nan           nan         nan         nan       nan       nan
       42         52       0   0.000  0.000      0       nan           nan         nan         nan       nan       nan
       42         53       0   0.000  0.000      0       nan           nan         nan         nan       nan       nan
       42         54       0   0.000  0.000      0       nan           nan         nan         nan       nan       nan
       42         55       0   0.000  0.000      0       nan           nan         nan         nan       nan       nan
       42         56       0   0.000  0.000      0       nan           nan         nan         nan       nan       nan
       42         57       0   0.000  0.000      0       nan           nan         nan         nan       nan       nan
       42         58       0   0.000  0.000      0       nan           nan         nan         nan       nan       nan
       42         59       0   0.000  0.000      0       nan           nan         nan         nan       nan       nan
       42         61       0   0.000  0.000      0       nan           nan         nan         nan       nan       nan
       42         62       0   0.000  0.000      0       nan           nan         nan         nan       nan       nan
       42         63       0   0.000  0.000      0       nan           nan         nan         nan       nan       nan
       42         64       0   0.000  0.000      0       nan           nan         nan         nan       nan       nan
       42         65       0   0.000  0.000      0       nan           nan         nan         nan       nan       nan
       42         66       0   0.000  0.000      0       nan           nan         nan         nan       nan       nan
       42         67       0   0.000  0.000      0       nan           nan         nan         nan       nan       nan
       42         68       0   0.000  0.000      0       nan           nan         nan         nan       nan       nan
       42         69       0   0.000  0.000      0       nan           nan         nan         nan       nan       nan
       42         70       0   0.000  0.000      0       nan           nan         nan         nan       nan       nan
       42         71       0   0.000  0.000      0       nan           nan         nan         nan       nan       nan
       42         72       0   0.000  0.000      0       nan           nan         nan         nan       nan       nan
       42         73       0   0.000  0.000      0       nan           nan         nan         nan       nan       nan
       42         74       0   0.000  0.000      0       nan           nan         nan         nan       nan       nan
       42         75       0   0.000  0.000      0       nan           nan         nan         nan       nan       nan
       42         76       0   0.000  0.000      0       nan           nan         nan         nan       nan       nan
       42         77       0   0.000  0.000      0       nan           nan         nan         nan       nan       nan
       42         78       0   0.000  0.000      0       nan           nan         nan         nan       nan       nan
       42         79       0   0.000  0.000      0       nan           nan         nan         nan       nan       nan
       42         80       0   0.000  0.000      0       nan           nan         nan         nan       nan       nan
       42         81       0   0.000  0.000      0       nan           nan         nan         nan       nan       nan
       42         82       0   0.000  0.000      0       nan           nan         nan         nan       nan       nan
       42         83       0   0.000  0.000      0       nan           nan         nan         nan       nan       nan
       42         84       0   0.000  0.000      0       nan           nan         nan         nan       nan       nan
       42         85       0   0.000  0.000      0       nan           nan         nan         nan       nan       nan
       42         86       0   0.000  0.000      0       nan           nan         nan         nan       nan       nan
       43         33       0   0.000  0.000      0       nan           nan         nan         nan       nan       nan
       43         34       0   0.000  0.000      0       nan           nan         nan         nan       nan       nan
       43         35       0   0.000  0.000      0       nan           nan         nan         nan       nan       nan
       43         36       0   0.000  0.000      0       nan           nan         nan         nan       nan       nan
       43         37       0   0.000  0.000      0       nan           nan         nan         nan       nan       nan
       43         38       0   0.000  0.000      0       nan           nan         nan         nan       nan       nan
       43         39       0   0.000  0.000      0       nan           nan         nan         nan       nan       nan
       43         40       0   0.000  0.000      0       nan           nan         nan         nan       nan       nan
       43         41       0   0.000  0.000      0       nan           nan         nan         nan       nan       nan
       43         42       0   0.000  0.000      0       nan           nan         nan         nan       nan       nan
       43         43       0   0.000  0.000      0       nan           nan         nan         nan       nan       nan
       43         44       0   0.000  0.000      0       nan           nan         nan         nan       nan       nan
       43         45       0   0.000  0.000      0       nan           nan         nan         nan       nan       nan
       43         46       0   0.000  0.000      0       nan           nan         nan         nan       nan       nan
       43         47       0   0.000  0.000      0       nan           nan         nan         nan       nan       nan
       43         48       0   0.000  0.000      0       nan           nan         nan         nan       nan       nan
       43         49       0   0.000  0.000      0       nan           nan         nan         nan       nan       nan
       43         50       0   0.000  0.000      0       nan           nan         nan         nan       nan       nan
       43         51       0   0.000  0.000      0       nan           nan         nan         nan       nan       nan
       43         52       0   0.000  0.000      0       nan           nan         nan         nan       nan       nan
       43         53       0   0.000  0.000      0       nan           nan         nan         nan       nan       nan
       43         54       0   0.000  0.000      0       nan           nan         nan         nan       nan       nan
       43         55       0   0.000  0.000      0       nan           nan         nan         nan       nan       nan
       43         56       0   0.000  0.000      0       nan           nan         nan         nan       nan       nan
       43         57       0   0.000  0.000      0       nan           nan         nan         nan       nan       nan
       43         58       0   0.000  0.000      0       nan           nan         nan         nan       nan       nan
       43         59       0   0.000  0.000      0       nan           nan         nan         nan       nan       nan
       43         60       0   0.000  0.000      0       nan           nan         nan         nan       nan       nan
       43         61       0   0.000  0.000      0       nan           nan         nan         nan       nan       nan
       43         62       0   0.000  0.000      0       nan           nan         nan         nan       nan       nan
       43         63       0   0.000  0.000      0       nan           nan         nan         nan       nan       nan
       43         64       0   0.000  0.000      0       nan           nan         nan         nan       nan       nan
       43         65       0   0.000  0.000      0       nan           nan         nan         nan       nan       nan
       43         66       0   0.000  0.000      0       nan           nan         nan         nan       nan       nan
       43         67       0   0.000  0.000      0       nan           nan         nan         nan       nan       nan
       43         68       0   0.000  0.000      0       nan           nan         nan         nan       nan       nan
       43         69       0   0.000  0.000      0       nan           nan         nan         nan       nan       nan
       43         70       0   0.000  0.000      0       nan           nan         nan         nan       nan       nan
       43         71       0   0.000  0.000      0       nan           nan         nan         nan       nan       nan
       43         72       0   0.000  0.000      0       nan           nan         nan         nan       nan       nan
       43         73       0   0.000  0.000      0       nan           nan         nan         nan       nan       nan
       43         74       0   0.000  0.000      0       nan           nan         nan         nan       nan       nan
       43         75       0   0.000  0.000      0       nan           nan         nan         nan       nan       nan
       43         76       0   0.000  0.000      0       nan           nan         nan         nan       nan       nan
       43         77       0   0.000  0.000      0       nan           nan         nan         nan       nan       nan
       43         78       0   0.000  0.000      0       nan           nan         nan         nan       nan       nan
       43         79       0   0.000  0.000      0       nan           nan         nan         nan       nan       nan
       43         80       0   0.000  0.000      0       nan           nan         nan         nan       nan       nan
       43         81       0   0.000  0.000      0       nan           nan         nan         nan       nan       nan
       43         82       0   0.000  0.000      0       nan           nan         nan         nan       nan       nan
       43         83       0   0.000  0.000      0       nan           nan         nan         nan       nan       nan
       43         84       0   0.000  0.000      0       nan           nan         nan         nan       nan       nan
       43         85       0   0.000  0.000      0       nan           nan         nan         nan       nan       nan
       43         86       0   0.000  0.000      0       nan           nan         nan         nan       nan       nan
       44         46       0   0.001  0.048   1232     1.682          33.1        96.9       130.0      32.0      53.8
       44         65       0   0.001  0.008    100     1.414           9.6        90.4       100.0      32.0      22.6
       44         33       0   0.000  0.000      0       nan           nan         nan         nan       nan       nan
       44         34       0   0.000  0.000      0       nan           nan         nan         nan       nan       nan
       44         35       0   0.000  0.000      0       nan           nan         nan         nan       nan       nan
       44         36       0   0.000  0.000      0       nan           nan         nan         nan       nan       nan
       44         37       0   0.000  0.000      0       nan           nan         nan         nan       nan       nan
       44         38       0   0.000  0.000      0       nan           nan         nan         nan       nan       nan
       44         39       0   0.000  0.000      0       nan           nan         nan         nan       nan       nan
       44         40       0   0.000  0.000      0       nan           nan         nan         nan       nan       nan
       44         41       0   0.000  0.000      0       nan           nan         nan         nan       nan       nan
       44         42       0   0.000  0.000      0       nan           nan         nan         nan       nan       nan
       44         43       0   0.000  0.000      0       nan           nan         nan         nan       nan       nan
       44         44       0   0.000  0.000      0       nan           nan         nan         nan       nan       nan
       44         45       0   0.000  0.000      0       nan           nan         nan         nan       nan       nan
       44         47       0   0.000  0.000      0       nan           nan         nan         nan       nan       nan
       44         48       0   0.000  0.000      0       nan           nan         nan         nan       nan       nan
       44         49       0   0.000  0.000      0       nan           nan         nan         nan       nan       nan
       44         50       0   0.000  0.000      0       nan           nan         nan         nan       nan       nan
       44         51       0   0.000  0.000      0       nan           nan         nan         nan       nan       nan
       44         52       0   0.000  0.000      0       nan           nan         nan         nan       nan       nan
       44         53       0   0.000  0.000      0       nan           nan         nan         nan       nan       nan
       44         54       0   0.000  0.000      0       nan           nan         nan         nan       nan       nan
       44         55       0   0.000  0.000      0       nan           nan         nan         nan       nan       nan
       44         56       0   0.000  0.000      0       nan           nan         nan         nan       nan       nan
       44         57       0   0.000  0.000      0       nan           nan         nan         nan       nan       nan
       44         58       0   0.000  0.000      0       nan           nan         nan         nan       nan       nan
       44         59       0   0.000  0.000      0       nan           nan         nan         nan       nan       nan
       44         60       0   0.000  0.000      0       nan           nan         nan         nan       nan       nan
       44         61       0   0.000  0.000      0       nan           nan         nan         nan       nan       nan
       44         62       0   0.000  0.000      0       nan           nan         nan         nan       nan       nan
       44         63       0   0.000  0.000      0       nan           nan         nan         nan       nan       nan
       44         64       0   0.000  0.000      0       nan           nan         nan         nan       nan       nan
       44         66       0   0.000  0.000      0       nan           nan         nan         nan       nan       nan
       44         67       0   0.000  0.000      0       nan           nan         nan         nan       nan       nan
       44         68       0   0.000  0.000      0       nan           nan         nan         nan       nan       nan
       44         69       0   0.000  0.000      0       nan           nan         nan         nan       nan       nan
       44         70       0   0.000  0.000      0       nan           nan         nan         nan       nan       nan
       44         71       0   0.000  0.000      0       nan           nan         nan         nan       nan       nan
       44         72       0   0.000  0.000      0       nan           nan         nan         nan       nan       nan
       44         73       0   0.000  0.000      0       nan           nan         nan         nan       nan       nan
       44         74       0   0.000  0.000      0       nan           nan         nan         nan       nan       nan
       44         75       0   0.000  0.000      0       nan           nan         nan         nan       nan       nan
       44         76       0   0.000  0.000      0       nan           nan         nan         nan       nan       nan
       44         77       0   0.000  0.000      0       nan           nan         nan         nan       nan       nan
       44         78       0   0.000  0.000      0       nan           nan         nan         nan       nan       nan
       44         79       0   0.000  0.000      0       nan           nan         nan         nan       nan       nan
       44         80       0   0.000  0.000      0       nan           nan         nan         nan       nan       nan
       44         81       0   0.000  0.000      0       nan           nan         nan         nan       nan       nan
       44         82       0   0.000  0.000      0       nan           nan         nan         nan       nan       nan
       44         83       0   0.000  0.000      0       nan           nan         nan         nan       nan       nan
       44         84       0   0.000  0.000      0       nan           nan         nan         nan       nan       nan
       44         85       0   0.000  0.000      0       nan           nan         nan         nan       nan       nan
       44         86       0   0.000  0.000      0       nan           nan         nan         nan       nan       nan
       45         67       0   0.018  0.353    288     1.542          11.8       170.0         1.8      34.9      22.6
       45         80       0   0.015  0.083     44     1.189           3.6       170.0       166.4      34.9      41.5
       45         66       0   0.001  0.122    520     3.084          40.0       170.0        30.0      34.9     107.6
       45         52       0   0.001  0.028    240     1.414          20.0       170.0        10.0      34.9      24.7
       45         54       0   0.000  0.026    368     3.364          30.0       170.0        20.0      34.9     117.4
       45         33       0   0.000  0.018    520     2.378          30.0       170.0        20.0      34.9      83.0
       45         79       0   0.000  0.019     88     1.834          50.0       170.0       120.0      34.9      64.0
       45         34       0   0.000  0.000      0       nan           nan         nan         nan       nan       nan
       45         35       0   0.000  0.000      0       nan           nan         nan         nan       nan       nan
       45         36       0   0.000  0.000      0       nan           nan         nan         nan       nan       nan
       45         37       0   0.000  0.000      0       nan           nan         nan         nan       nan       nan
       45         38       0   0.000  0.000      0       nan           nan         nan         nan       nan       nan
       45         39       0   0.000  0.000      0       nan           nan         nan         nan       nan       nan
       45         40       0   0.000  0.000      0       nan           nan         nan         nan       nan       nan
       45         41       0   0.000  0.000      0       nan           nan         nan         nan       nan       nan
       45         42       0   0.000  0.000      0       nan           nan         nan         nan       nan       nan
       45         43       0   0.000  0.000      0       nan           nan         nan         nan       nan       nan
       45         44       0   0.000  0.000      0       nan           nan         nan         nan       nan       nan
       45         45       0   0.000  0.000      0       nan           nan         nan         nan       nan       nan
       45         46       0   0.000  0.000      0       nan           nan         nan         nan       nan       nan
       45         47       0   0.000  0.000      0       nan           nan         nan         nan       nan       nan
       45         48       0   0.000  0.000      0       nan           nan         nan         nan       nan       nan
       45         49       0   0.000  0.000      0       nan           nan         nan         nan       nan       nan
       45         50       0   0.000  0.000      0       nan           nan         nan         nan       nan       nan
       45         51       0   0.000  0.000      0       nan           nan         nan         nan       nan       nan
       45         53       0   0.000  0.000      0       nan           nan         nan         nan       nan       nan
       45         55       0   0.000  0.000      0       nan           nan         nan         nan       nan       nan
       45         56       0   0.000  0.000      0       nan           nan         nan         nan       nan       nan
       45         57       0   0.000  0.000      0       nan           nan         nan         nan       nan       nan
       45         58       0   0.000  0.000      0       nan           nan         nan         nan       nan       nan
       45         59       0   0.000  0.000      0       nan           nan         nan         nan       nan       nan
       45         60       0   0.000  0.000      0       nan           nan         nan         nan       nan       nan
       45         61       0   0.000  0.000      0       nan           nan         nan         nan       nan       nan
       45         62       0   0.000  0.000      0       nan           nan         nan         nan       nan       nan
       45         63       0   0.000  0.000      0       nan           nan         nan         nan       nan       nan
       45         64       0   0.000  0.000      0       nan           nan         nan         nan       nan       nan
       45         65       0   0.000  0.000      0       nan           nan         nan         nan       nan       nan
       45         68       0   0.000  0.000      0       nan           nan         nan         nan       nan       nan
       45         69       0   0.000  0.000      0       nan           nan         nan         nan       nan       nan
       45         70       0   0.000  0.000      0       nan           nan         nan         nan       nan       nan
       45         71       0   0.000  0.000      0       nan           nan         nan         nan       nan       nan
       45         72       0   0.000  0.000      0       nan           nan         nan         nan       nan       nan
       45         73       0   0.000  0.000      0       nan           nan         nan         nan       nan       nan
       45         74       0   0.000  0.000      0       nan           nan         nan         nan       nan       nan
       45         75       0   0.000  0.000      0       nan           nan         nan         nan       nan       nan
       45         76       0   0.000  0.000      0       nan           nan         nan         nan       nan       nan
       45         77       0   0.000  0.000      0       nan           nan         nan         nan       nan       nan
       45         78       0   0.000  0.000      0       nan           nan         nan         nan       nan       nan
       45         81       0   0.000  0.000      0       nan           nan         nan         nan       nan       nan
       45         82       0   0.000  0.000      0       nan           nan         nan         nan       nan       nan
       45         83       0   0.000  0.000      0       nan           nan         nan         nan       nan       nan
       45         84       0   0.000  0.000      0       nan           nan         nan         nan       nan       nan
       45         85       0   0.000  0.000      0       nan           nan         nan         nan       nan       nan
       45         86       0   0.000  0.000      0       nan           nan         nan         nan       nan       nan
       46         51       1   0.536  0.597   6460     1.091           0.0         5.4         5.4      41.5      38.1
       46         64       1   0.231  0.305   2516     1.000           0.3         9.7        10.0      41.5      41.5
       46         61       1   0.152  0.618   4656     1.091           2.7         2.7         0.0      41.5      45.3
       46         58       1   0.139  0.646   6340     1.000           3.6         3.6         7.3      41.5      41.5
       46         42       0   0.086  0.372   6984     1.297           2.3         5.1         7.5      41.5      32.0
       46         77       1   0.059  0.460   3512     1.189           5.5         5.5         0.0      41.5      34.9
       46         75       0   0.049  0.234   1804     1.297           2.7        12.7        10.0      41.5      32.0
       46         33       0   0.028  0.248   7384     1.542           4.7         4.9         0.2      41.5      64.0
       46         52       1   0.024  0.374   4276     1.091          13.4         0.8        14.2      41.5      38.1
       46         53       0   0.023  0.059    544     2.594           0.0         0.0         0.0      41.5      16.0
       46         69       1   0.019  0.233   1796     1.091          10.0         0.0        10.0      45.3      49.4
       46         59       0   0.019  0.537   4808     1.414          18.8         1.2        20.0      41.5      58.7
       46         35       0   0.015  0.169   3924     1.682           5.8         5.8         0.0      41.5      24.7
       46         34       0   0.014  0.355   7388     1.542          14.9         4.9       170.0      41.5      64.0
       46         47       0   0.013  0.287   2196     2.000          10.4         0.2        10.6      41.5      20.7
       46         43       0   0.013  0.375   6044     1.414          20.2         4.9       164.8      41.5      29.3
       46         78       0   0.012  0.365   4192     1.297          21.6         1.6       160.0      41.5      53.8
       46         63       0   0.011  0.421   3388     1.682          22.3         0.0        22.3      41.5      24.7
       46         72       0   0.010  0.152   1300     1.414          10.0         0.0        10.0      45.3      32.0
       46         36       0   0.009  0.285   4704     1.682          18.7         6.2       167.6      41.5      24.7
       46         83       0   0.008  0.286   2456     1.542          21.9        11.9       170.0      41.5      26.9
       46         39       0   0.007  0.091   1880     2.828           3.7         3.7         0.0      41.5     117.4
       46         56       0   0.007  0.365   3276     2.828          17.9         2.1        20.0      41.5     117.4
       46         82       0   0.006  0.084    788     2.828           4.0         6.0        10.0      41.5     117.4
       46         73       0   0.005  0.150   1484     1.542          20.0         0.0       160.0      45.3      69.8
       46         48       0   0.003  0.204   3064     2.181          27.0         7.0       160.0      41.5      90.5
       46         38       0   0.003  0.104   4024     2.378          12.6         2.6       170.0      41.5      98.7
       46         68       0   0.000  0.014    228     1.297          29.7         9.7       160.0      41.5      32.0
       46         74       0   0.000  0.002     12     2.378          20.0         0.0        20.0      41.5      98.7
       46         37       0   0.000  0.000      0       nan           nan         nan         nan       nan       nan
       46         40       0   0.000  0.000      0       nan           nan         nan         nan       nan       nan
       46         41       0   0.000  0.000      0       nan           nan         nan         nan       nan       nan
       46         44       0   0.000  0.000      0       nan           nan         nan         nan       nan       nan
       46         45       0   0.000  0.000      0       nan           nan         nan         nan       nan       nan
       46         46       0   0.000  0.000      0       nan           nan         nan         nan       nan       nan
       46         49       0   0.000  0.000      0       nan           nan         nan         nan       nan       nan
       46         50       0   0.000  0.000      0       nan           nan         nan         nan       nan       nan
       46         54       0   0.000  0.000      0       nan           nan         nan         nan       nan       nan
       46         55       0   0.000  0.000      0       nan           nan         nan         nan       nan       nan
       46         57       0   0.000  0.000      0       nan           nan         nan         nan       nan       nan
       46         60       0   0.000  0.000      0       nan           nan         nan         nan       nan       nan
       46         62       0   0.000  0.000      0       nan           nan         nan         nan       nan       nan
       46         65       0   0.000  0.000      0       nan           nan         nan         nan       nan       nan
       46         66       0   0.000  0.000      0       nan           nan         nan         nan       nan       nan
       46         67       0   0.000  0.000      0       nan           nan         nan         nan       nan       nan
       46         70       0   0.000  0.000      0       nan           nan         nan         nan       nan       nan
       46         71       0   0.000  0.000      0       nan           nan         nan         nan       nan       nan
       46         76       0   0.000  0.000      0       nan           nan         nan         nan       nan       nan
       46         79       0   0.000  0.000      0       nan           nan         nan         nan       nan       nan
       46         80       0   0.000  0.000      0       nan           nan         nan         nan       nan       nan
       46         81       0   0.000  0.000      0       nan           nan         nan         nan       nan       nan
       46         84       0   0.000  0.000      0       nan           nan         nan         nan       nan       nan
       46         85       0   0.000  0.000      0       nan           nan         nan         nan       nan       nan
       46         86       0   0.000  0.000      0       nan           nan         nan         nan       nan       nan
       47         33       0   0.015  0.050   1480     3.084           0.1        10.8        10.9      22.6      69.8
       47         52       0   0.002  0.054    504     1.297          23.8         3.2        27.0      22.6      29.3
       47         79       0   0.001  0.329   1420     3.084          70.8        10.8       120.0      22.6      69.8
       47         41       0   0.001  0.077   1156     2.828          44.0        14.0       150.0      22.6      64.0
       47         78       0   0.000  0.026    244     2.828          20.0         0.0       160.0      19.0      53.8
       47         45       0   0.000  0.025    272     1.542          36.8        11.0       154.3      22.6      34.9
       47         43       0   0.000  0.007    120     1.682          10.0         0.0       170.0      19.0      32.0
       47         73       0   0.000  0.030    160     3.668          20.0         0.0       160.0      19.0      69.8
       47         34       0   0.000  0.029    636     4.757          19.9         8.1       168.1      19.0      90.5
       47         35       0   0.000  0.002     48     1.091          10.0        10.0         0.0      22.6      20.7
       47         69       0   0.000  0.004     16     2.378          10.0         0.0        10.0      20.7      49.4
       47         59       0   0.000  0.009     68     3.084          20.0         0.0        20.0      19.0      58.7
       47         58       0   0.000  0.002     16     2.181          10.0         0.0        10.0      20.7      45.3
       47         48       0   0.000  0.003     36     3.668          20.0         0.0       160.0      20.7      76.1
       47         38       0   0.000  0.004    136     5.187          17.6         7.6       170.0      19.0      98.7
       47         36       0   0.000  0.000      0       nan           nan         nan         nan       nan       nan
       47         37       0   0.000  0.000      0       nan           nan         nan         nan       nan       nan
       47         39       0   0.000  0.000      0       nan           nan         nan         nan       nan       nan
       47         40       0   0.000  0.000      0       nan           nan         nan         nan       nan       nan
       47         42       0   0.000  0.000      0       nan           nan         nan         nan       nan       nan
       47         44       0   0.000  0.000      0       nan           nan         nan         nan       nan       nan
       47         46       0   0.000  0.000      0       nan           nan         nan         nan       nan       nan
       47         47       0   0.000  0.000      0       nan           nan         nan         nan       nan       nan
       47         49       0   0.000  0.000      0       nan           nan         nan         nan       nan       nan
       47         50       0   0.000  0.000      0       nan           nan         nan         nan       nan       nan
       47         51       0   0.000  0.000      0       nan           nan         nan         nan       nan       nan
       47         53       0   0.000  0.000      0       nan           nan         nan         nan       nan       nan
       47         54       0   0.000  0.000      0       nan           nan         nan         nan       nan       nan
       47         55       0   0.000  0.000      0       nan           nan         nan         nan       nan       nan
       47         56       0   0.000  0.000      0       nan           nan         nan         nan       nan       nan
       47         57       0   0.000  0.000      0       nan           nan         nan         nan       nan       nan
       47         60       0   0.000  0.000      0       nan           nan         nan         nan       nan       nan
       47         61       0   0.000  0.000      0       nan           nan         nan         nan       nan       nan
       47         62       0   0.000  0.000      0       nan           nan         nan         nan       nan       nan
       47         63       0   0.000  0.000      0       nan           nan         nan         nan       nan       nan
       47         64       0   0.000  0.000      0       nan           nan         nan         nan       nan       nan
       47         65       0   0.000  0.000      0       nan           nan         nan         nan       nan       nan
       47         66       0   0.000  0.000      0       nan           nan         nan         nan       nan       nan
       47         67       0   0.000  0.000      0       nan           nan         nan         nan       nan       nan
       47         68       0   0.000  0.000      0       nan           nan         nan         nan       nan       nan
       47         70       0   0.000  0.000      0       nan           nan         nan         nan       nan       nan
       47         71       0   0.000  0.000      0       nan           nan         nan         nan       nan       nan
       47         72       0   0.000  0.000      0       nan           nan         nan         nan       nan       nan
       47         74       0   0.000  0.000      0       nan           nan         nan         nan       nan       nan
       47         75       0   0.000  0.000      0       nan           nan         nan         nan       nan       nan
       47         76       0   0.000  0.000      0       nan           nan         nan         nan       nan       nan
       47         77       0   0.000  0.000      0       nan           nan         nan         nan       nan       nan
       47         80       0   0.000  0.000      0       nan           nan         nan         nan       nan       nan
       47         81       0   0.000  0.000      0       nan           nan         nan         nan       nan       nan
       47         82       0   0.000  0.000      0       nan           nan         nan         nan       nan       nan
       47         83       0   0.000  0.000      0       nan           nan         nan         nan       nan       nan
       47         84       0   0.000  0.000      0       nan           nan         nan         nan       nan       nan
       47         85       0   0.000  0.000      0       nan           nan         nan         nan       nan       nan
       47         86       0   0.000  0.000      0       nan           nan         nan         nan       nan       nan
       48         44       0   0.059  0.690   3484     1.297           8.0       127.0       135.0      22.6      29.3
       48         33       0   0.000  0.000      0       nan           nan         nan         nan       nan       nan
       48         34       0   0.000  0.000      0       nan           nan         nan         nan       nan       nan
       48         35       0   0.000  0.000      0       nan           nan         nan         nan       nan       nan
       48         36       0   0.000  0.000      0       nan           nan         nan         nan       nan       nan
       48         37       0   0.000  0.000      0       nan           nan         nan         nan       nan       nan
       48         38       0   0.000  0.000      0       nan           nan         nan         nan       nan       nan
       48         39       0   0.000  0.000      0       nan           nan         nan         nan       nan       nan
       48         40       0   0.000  0.000      0       nan           nan         nan         nan       nan       nan
       48         41       0   0.000  0.000      0       nan           nan         nan         nan       nan       nan
       48         42       0   0.000  0.000      0       nan           nan         nan         nan       nan       nan
       48         43       0   0.000  0.000      0       nan           nan         nan         nan       nan       nan
       48         45       0   0.000  0.000      0       nan           nan         nan         nan       nan       nan
       48         46       0   0.000  0.000      0       nan           nan         nan         nan       nan       nan
       48         47       0   0.000  0.000      0       nan           nan         nan         nan       nan       nan
       48         48       0   0.000  0.000      0       nan           nan         nan         nan       nan       nan
       48         49       0   0.000  0.000      0       nan           nan         nan         nan       nan       nan
       48         50       0   0.000  0.000      0       nan           nan         nan         nan       nan       nan
       48         51       0   0.000  0.000      0       nan           nan         nan         nan       nan       nan
       48         52       0   0.000  0.000      0       nan           nan         nan         nan       nan       nan
       48         53       0   0.000  0.000      0       nan           nan         nan         nan       nan       nan
       48         54       0   0.000  0.000      0       nan           nan         nan         nan       nan       nan
       48         55       0   0.000  0.000      0       nan           nan         nan         nan       nan       nan
       48         56       0   0.000  0.000      0       nan           nan         nan         nan       nan       nan
       48         57       0   0.000  0.000      0       nan           nan         nan         nan       nan       nan
       48         58       0   0.000  0.000      0       nan           nan         nan         nan       nan       nan
       48         59       0   0.000  0.000      0       nan           nan         nan         nan       nan       nan
       48         60       0   0.000  0.000      0       nan           nan         nan         nan       nan       nan
       48         61       0   0.000  0.000      0       nan           nan         nan         nan       nan       nan
       48         62       0   0.000  0.000      0       nan           nan         nan         nan       nan       nan
       48         63       0   0.000  0.000      0       nan           nan         nan         nan       nan       nan
       48         64       0   0.000  0.000      0       nan           nan         nan         nan       nan       nan
       48         65       0   0.000  0.000      0       nan           nan         nan         nan       nan       nan
       48         66       0   0.000  0.000      0       nan           nan         nan         nan       nan       nan
       48         67       0   0.000  0.000      0       nan           nan         nan         nan       nan       nan
       48         68       0   0.000  0.000      0       nan           nan         nan         nan       nan       nan
       48         69       0   0.000  0.000      0       nan           nan         nan         nan       nan       nan
       48         70       0   0.000  0.000      0       nan           nan         nan         nan       nan       nan
       48         71       0   0.000  0.000      0       nan           nan         nan         nan       nan       nan
       48         72       0   0.000  0.000      0       nan           nan         nan         nan       nan       nan
       48         73       0   0.000  0.000      0       nan           nan         nan         nan       nan       nan
       48         74       0   0.000  0.000      0       nan           nan         nan         nan       nan       nan
       48         75       0   0.000  0.000      0       nan           nan         nan         nan       nan       nan
       48         76       0   0.000  0.000      0       nan           nan         nan         nan       nan       nan
       48         77       0   0.000  0.000      0       nan           nan         nan         nan       nan       nan
       48         78       0   0.000  0.000      0       nan           nan         nan         nan       nan       nan
       48         79       0   0.000  0.000      0       nan           nan         nan         nan       nan       nan
       48         80       0   0.000  0.000      0       nan           nan         nan         nan       nan       nan
       48         81       0   0.000  0.000      0       nan           nan         nan         nan       nan       nan
       48         82       0   0.000  0.000      0       nan           nan         nan         nan       nan       nan
       48         83       0   0.000  0.000      0       nan           nan         nan         nan       nan       nan
       48         84       0   0.000  0.000      0       nan           nan         nan         nan       nan       nan
       48         85       0   0.000  0.000      0       nan           nan         nan         nan       nan       nan
       48         86       0   0.000  0.000      0       nan           nan         nan         nan       nan       nan
       49         72       1   0.066  0.079    348     1.189           0.0        10.0        10.0      24.7      29.3
       49         42       1   0.014  0.133   2440     1.091           7.6         9.0         1.4      26.9      29.3
       49         52       0   0.012  0.018    184     1.414           0.0        10.0        10.0      24.7      34.9
       49         35       1   0.012  0.122   2412     1.000           9.1         9.1         0.0      26.9      26.9
       49         53       0   0.011  0.183    736     1.542          10.0        10.0         0.0      24.7      16.0
       49         43       0   0.007  0.162   2384     1.091          21.2         9.0       167.7      26.9      29.3
       49         36       0   0.006  0.143   2024     1.000          21.1         9.5       168.4      26.9      26.9
       49         68       0   0.005  0.168   1656     1.091          28.1         9.1       161.1      29.3      32.0
       49         47       1   0.005  0.059    268     1.189           8.6        10.0         1.4      24.7      20.7
       49         63       1   0.004  0.071    420     1.000          15.0        10.0        25.0      24.7      24.7
       49         39       0   0.004  0.161   2420     4.362           9.0         9.0         0.0      26.9     117.4
       49         48       0   0.003  0.206   2224     2.828          21.0         8.9       167.9      29.3      83.0
       49         62       0   0.003  0.168    544     1.682          30.0        10.0       160.0      29.3      17.4
       49         82       0   0.003  0.023    116     5.657           0.3         9.7        10.0      20.7     117.4
       49         49       0   0.003  0.190    792     1.834          33.8         9.8       156.0      29.3      16.0
       49         33       0   0.002  0.079   2360     3.668           9.0         9.0         0.0      26.9      98.7
       49         34       0   0.002  0.118   2440     3.364          19.0         9.0       170.0      26.9      90.5
       49         77       0   0.002  0.027    160     1.414          10.0        10.0         0.0      24.7      34.9
       49         58       0   0.002  0.025    268     1.414          10.2         9.6        19.7      26.9      38.1
       49         78       0   0.001  0.081    792     1.834          28.7         8.7       160.0      26.9      49.4
       49         59       0   0.001  0.024    208     2.378          10.0        10.0        20.0      24.7      58.7
       49         38       0   0.001  0.069   2440     4.362          19.0         9.0       170.0      26.9     117.4
       49         73       0   0.000  0.025    152     2.828          30.0        10.0       160.0      24.7      69.8
       49         51       0   0.000  0.002     24     1.542          10.0        10.0         0.0      24.7      38.1
       49         61       0   0.000  0.001      8     1.834          10.0        10.0         0.0      24.7      45.3
       49         37       0   0.000  0.000      0       nan           nan         nan         nan       nan       nan
       49         40       0   0.000  0.000      0       nan           nan         nan         nan       nan       nan
       49         41       0   0.000  0.000      0       nan           nan         nan         nan       nan       nan
       49         44       0   0.000  0.000      0       nan           nan         nan         nan       nan       nan
       49         45       0   0.000  0.000      0       nan           nan         nan         nan       nan       nan
       49         46       0   0.000  0.000      0       nan           nan         nan         nan       nan       nan
       49         50       0   0.000  0.000      0       nan           nan         nan         nan       nan       nan
       49         54       0   0.000  0.000      0       nan           nan         nan         nan       nan       nan
       49         55       0   0.000  0.000      0       nan           nan         nan         nan       nan       nan
       49         56       0   0.000  0.000      0       nan           nan         nan         nan       nan       nan
       49         57       0   0.000  0.000      0       nan           nan         nan         nan       nan       nan
       49         60       0   0.000  0.000      0       nan           nan         nan         nan       nan       nan
       49         64       0   0.000  0.000      0       nan           nan         nan         nan       nan       nan
       49         65       0   0.000  0.000      0       nan           nan         nan         nan       nan       nan
       49         66       0   0.000  0.000      0       nan           nan         nan         nan       nan       nan
       49         67       0   0.000  0.000      0       nan           nan         nan         nan       nan       nan
       49         69       0   0.000  0.000      0       nan           nan         nan         nan       nan       nan
       49         70       0   0.000  0.000      0       nan           nan         nan         nan       nan       nan
       49         71       0   0.000  0.000      0       nan           nan         nan         nan       nan       nan
       49         74       0   0.000  0.000      0       nan           nan         nan         nan       nan       nan
       49         75       0   0.000  0.000      0       nan           nan         nan         nan       nan       nan
       49         76       0   0.000  0.000      0       nan           nan         nan         nan       nan       nan
       49         79       0   0.000  0.000      0       nan           nan         nan         nan       nan       nan
       49         80       0   0.000  0.000      0       nan           nan         nan         nan       nan       nan
       49         81       0   0.000  0.000      0       nan           nan         nan         nan       nan       nan
       49         83       0   0.000  0.000      0       nan           nan         nan         nan       nan       nan
       49         84       0   0.000  0.000      0       nan           nan         nan         nan       nan       nan
       49         85       0   0.000  0.000      0       nan           nan         nan         nan       nan       nan
       49         86       0   0.000  0.000      0       nan           nan         nan         nan       nan       nan
       50         33       1   0.098  0.520  15744     1.091           3.9        10.0         6.1      76.1      69.8
       50         42       0   0.080  0.272   7412     2.594           0.3        10.0         9.7      76.1      29.3
       50         69       0   0.080  0.123   2008     1.542           0.0        10.0        10.0      76.1      49.4
       50         71       1   0.068  0.087   1832     1.091           0.2        10.0        10.2      76.1      83.0
       50         58       0   0.048  0.215   4432     1.834           1.4        10.0        11.4      76.1      41.5
       50         72       0   0.038  0.090   1540     2.378           0.0        10.0        10.0      76.1      32.0
       50         52       0   0.034  0.390   6888     2.181           4.3        10.0        14.3      76.1      34.9
       50         51       0   0.028  0.307   6140     2.000           4.4        10.0         5.6      76.1      38.1
       50         75       0   0.023  0.061   1048     2.594           0.0        10.0        10.0      76.1      29.3
       50         64       0   0.020  0.037    692     1.834           0.0        10.0        10.0      76.1      41.5
       50         59       0   0.018  0.262   4704     1.297          10.0        10.0        20.0      76.1      58.7
       50         56       0   0.014  0.233   3988     1.542          10.0        10.0        20.0      76.1     117.4
       50         34       0   0.013  0.361   9840     1.189          21.9        10.0       168.1      76.1      64.0
       50         61       0   0.009  0.159   2892     1.682          10.0        10.0         0.0      76.1      45.3
       50         35       0   0.007  0.245   7100     3.364           9.4        10.0         0.6      76.1      22.6
       50         73       0   0.006  0.200   3372     1.091          30.0        10.0       160.0      76.1      69.8
       50         78       0   0.006  0.247   4864     1.414          30.0        10.0       160.0      76.1      53.8
       50         47       0   0.005  0.076   1316     3.668           2.8        10.0        12.8      76.1      20.7
       50         39       0   0.005  0.085   2448     1.414          10.0        10.0         0.0      76.1     107.6
       50         38       0   0.005  0.136   6152     1.414          20.0        10.0       170.0      76.1     107.6
       50         63       0   0.004  0.169   2932     3.084          11.4        10.0        21.4      76.1      24.7
       50         43       0   0.004  0.242   6044     2.378          23.0        10.0       167.0      76.1      32.0
       50         36       0   0.004  0.287   6704     3.364          20.6        10.0       169.4      76.1      22.6
       50         77       0   0.003  0.079   1464     2.181          10.0        10.0         0.0      76.1      34.9
       50         48       0   0.003  0.095   2332     1.000          30.0        10.0       160.0      76.1      76.1
       50         79       0   0.003  0.253   4144     1.189          70.0        10.0       120.0      76.1      64.0
       50         41       0   0.003  0.127   3496     1.189          40.2        10.0       149.8      76.1      64.0
       50         54       0   0.003  0.043   1248     1.542          10.0        10.0        20.0      76.1     117.4
       50         66       0   0.002  0.069   1324     1.414          20.0        10.0        30.0      76.1     107.6
       50         68       0   0.002  0.080   1888     1.834          20.0        10.0       170.0      76.1      41.5
       50         55       0   0.002  0.030    492     1.414          10.0        10.0         0.0      76.1     107.6
       50         74       0   0.002  0.029    468     1.414          10.0        10.0        20.0      69.8      98.7
       50         67       0   0.002  0.036    584     3.364           5.2        10.0         4.8      76.1      22.6
       50         83       0   0.001  0.095   1724     3.084          20.0        10.0       170.0      76.1      24.7
       50         53       0   0.001  0.036    644     4.757           4.7        10.0         5.3      76.1      16.0
       50         45       0   0.001  0.078   1880     2.181          34.7        10.0       155.3      69.8      32.0
       50         76       0   0.001  0.082   1492     3.084          41.8        10.0       148.2      76.1      24.7
       50         60       0   0.000  0.021    524     1.542          30.0        10.0       160.0      76.1     117.4
       50         70       0   0.000  0.017    292     2.594          20.0        10.0       170.0      76.1      29.3
       50         49       0   0.000  0.016    304     4.757          30.0        10.0       160.0      76.1      16.0
       50         80       0   0.000  0.003     56     1.834          22.8        10.0       167.2      76.1      41.5
       50         37       0   0.000  0.000      0       nan           nan         nan         nan       nan       nan
       50         40       0   0.000  0.000      0       nan           nan         nan         nan       nan       nan
       50         44       0   0.000  0.000      0       nan           nan         nan         nan       nan       nan
       50         46       0   0.000  0.000      0       nan           nan         nan         nan       nan       nan
       50         50       0   0.000  0.000      0       nan           nan         nan         nan       nan       nan
       50         57       0   0.000  0.000      0       nan           nan         nan         nan       nan       nan
       50         62       0   0.000  0.000      0       nan           nan         nan         nan       nan       nan
       50         65       0   0.000  0.000      0       nan           nan         nan         nan       nan       nan
       50         81       0   0.000  0.000      0       nan           nan         nan         nan       nan       nan
       50         82       0   0.000  0.000      0       nan           nan         nan         nan       nan       nan
       50         84       0   0.000  0.000      0       nan           nan         nan         nan       nan       nan
       50         85       0   0.000  0.000      0       nan           nan         nan         nan       nan       nan
       50         86       0   0.000  0.000      0       nan           nan         nan         nan       nan       nan
       51         34       0   0.127  0.196   4060     1.542           0.0       170.0       170.0      41.5      64.0
       51         36       0   0.087  0.186   2780     1.414           0.5       170.0       169.5      38.1      26.9
       51         43       0   0.057  0.256   3816     1.414           2.2       170.0       167.8      41.5      29.3
       51         83       0   0.050  0.085    592     1.682           0.0       170.0       170.0      41.5      24.7
       51         61       1   0.047  0.512   2964     1.000          10.0       170.0         0.0      45.3      45.3
       51         38       0   0.032  0.082   2964     2.594           0.0       170.0       170.0      38.1      98.7
       51         77       1   0.030  0.355   2020     1.091          10.0       170.0         0.0      38.1      34.9
       51         78       1   0.021  0.279   2668     1.189          10.0       170.0       160.0      45.3      53.8
       51         51       1   0.021  0.288   3092     1.189          10.6       170.0         0.6      45.3      38.1
       51         58       0   0.019  0.381   3508     1.091          17.7       170.0         7.7      45.3      41.5
       51         47       0   0.013  0.493   2112     1.834          19.9       170.0         9.9      38.1      20.7
       51         59       0   0.012  0.486   3376     1.297          30.0       170.0        20.0      45.3      58.7
       51         69       0   0.012  0.271   1292     1.091          20.0       170.0        10.0      45.3      49.4
       51         52       0   0.011  0.350   3180     1.189          24.7       170.0        14.7      45.3      38.1
       51         73       0   0.010  0.175   1180     1.542          10.0       170.0       160.0      45.3      69.8
       51         63       0   0.010  0.587   2956     1.834          32.7       170.0        22.7      45.3      24.7
       51         35       0   0.008  0.128   2696     1.414          10.0       170.0         0.0      38.1      26.9
       51         33       0   0.008  0.137   4060     1.542          10.1       170.0         0.1      41.5      64.0
       51         42       0   0.008  0.206   3812     1.414          17.3       170.0         7.3      41.5      29.3
       51         72       0   0.008  0.229   1192     1.414          20.0       170.0        10.0      45.3      32.0
       51         53       0   0.005  0.109    624     2.000          10.0       170.0         0.0      32.0      16.0
       51         64       0   0.004  0.086    584     1.000          20.0       170.0        10.0      41.5      41.5
       51         56       0   0.004  0.329   2180     2.594          30.0       170.0        20.0      45.3     117.4
       51         48       0   0.004  0.101   1348     2.378          10.0       170.0       160.0      38.1      90.5
       51         75       0   0.002  0.074    416     1.414          20.0       170.0        10.0      45.3      32.0
       51         39       0   0.002  0.069   1240     3.668          10.0       170.0         0.0      32.0     117.4
       51         68       0   0.001  0.010    128     1.297          10.0       170.0       160.0      41.5      32.0
       51         82       0   0.000  0.023    152     3.084          20.0       170.0        10.0      38.1     117.4
       51         37       0   0.000  0.000      0       nan           nan         nan         nan       nan       nan
       51         40       0   0.000  0.000      0       nan           nan         nan         nan       nan       nan
       51         41       0   0.000  0.000      0       nan           nan         nan         nan       nan       nan
       51         44       0   0.000  0.000      0       nan           nan         nan         nan       nan       nan
       51         45       0   0.000  0.000      0       nan           nan         nan         nan       nan       nan
       51         46       0   0.000  0.000      0       nan           nan         nan         nan       nan       nan
       51         49       0   0.000  0.000      0       nan           nan         nan         nan       nan       nan
       51         50       0   0.000  0.000      0       nan           nan         nan         nan       nan       nan
       51         54       0   0.000  0.000      0       nan           nan         nan         nan       nan       nan
       51         55       0   0.000  0.000      0       nan           nan         nan         nan       nan       nan
       51         57       0   0.000  0.000      0       nan           nan         nan         nan       nan       nan
       51         60       0   0.000  0.000      0       nan           nan         nan         nan       nan       nan
       51         62       0   0.000  0.000      0       nan           nan         nan         nan       nan       nan
       51         65       0   0.000  0.000      0       nan           nan         nan         nan       nan       nan
       51         66       0   0.000  0.000      0       nan           nan         nan         nan       nan       nan
       51         67       0   0.000  0.000      0       nan           nan         nan         nan       nan       nan
       51         70       0   0.000  0.000      0       nan           nan         nan         nan       nan       nan
       51         71       0   0.000  0.000      0       nan           nan         nan         nan       nan       nan
       51         74       0   0.000  0.000      0       nan           nan         nan         nan       nan       nan
       51         76       0   0.000  0.000      0       nan           nan         nan         nan       nan       nan
       51         79       0   0.000  0.000      0       nan           nan         nan         nan       nan       nan
       51         80       0   0.000  0.000      0       nan           nan         nan         nan       nan       nan
       51         81       0   0.000  0.000      0       nan           nan         nan         nan       nan       nan
       51         84       0   0.000  0.000      0       nan           nan         nan         nan       nan       nan
       51         85       0   0.000  0.000      0       nan           nan         nan         nan       nan       nan
       51         86       0   0.000  0.000      0       nan           nan         nan         nan       nan       nan
       52         63       0   0.027  0.124    532     1.414           2.2        24.5        22.3      16.0      22.6
       52         47       0   0.022  0.231    608     1.297           7.2        22.7        15.5      16.0      20.7
       52         59       0   0.009  0.132    836     3.364           3.2        23.2        20.0      16.0      53.8
       52         52       0   0.007  0.094    784     3.084           3.4        23.4        20.0      16.0      49.4
       52         56       0   0.006  0.182    872     7.336           3.5        23.5        20.0      16.0     117.4
       52         77       0   0.004  0.200    760     2.181          22.4        22.4         0.0      16.0      34.9
       52         64       0   0.004  0.113    424     2.594          11.1        21.1        10.0      16.0      41.5
       52         61       0   0.003  0.192    900     2.828          23.6        23.6         0.0      16.0      45.3
       52         58       0   0.002  0.104    900     2.594          19.4        23.6         4.2      16.0      41.5
       52         75       0   0.002  0.051    140     2.000          13.4        23.4        10.0      16.0      32.0
       52         51       0   0.002  0.086    848     2.378          21.9        23.2         1.3      16.0      38.1
       52         42       0   0.001  0.049    900     2.000          18.0        23.6         5.6      16.0      32.0
       52         83       0   0.001  0.054    228     1.542          33.5        23.5       170.0      16.0      24.7
       52         35       0   0.001  0.032    644     1.414          23.0        23.0         0.0      16.0      22.6
       52         36       0   0.001  0.040    556     1.297          34.7        22.9       168.2      16.0      20.7
       52         43       0   0.001  0.058    852     2.000          39.1        23.8       164.6      16.0      32.0
       52         82       0   0.001  0.045    156     7.336          11.0        21.0        10.0      16.0     117.4
       52         34       0   0.000  0.043    900     4.000          33.6        23.6       170.0      16.0      64.0
       52         33       0   0.000  0.030    900     4.000          23.6        23.6         0.0      16.0      64.0
       52         48       0   0.000  0.049    536     5.657          41.5        21.5       160.0      16.0      90.5
       52         38       0   0.000  0.026    896     6.169          33.6        23.6       170.0      16.0      98.7
       52         39       0   0.000  0.019    292     7.336          22.0        22.0         0.0      16.0     117.4
       52         78       0   0.000  0.013    120     3.084          45.0        25.0       160.0      16.0      49.4
       52         37       0   0.000  0.000      0       nan           nan         nan         nan       nan       nan
       52         40       0   0.000  0.000      0       nan           nan         nan         nan       nan       nan
       52         41       0   0.000  0.000      0       nan           nan         nan         nan       nan       nan
       52         44       0   0.000  0.000      0       nan           nan         nan         nan       nan       nan
       52         45       0   0.000  0.000      0       nan           nan         nan         nan       nan       nan
       52         46       0   0.000  0.000      0       nan           nan         nan         nan       nan       nan
       52         49       0   0.000  0.000      0       nan           nan         nan         nan       nan       nan
       52         50       0   0.000  0.000      0       nan           nan         nan         nan       nan       nan
       52         53       0   0.000  0.000      0       nan           nan         nan         nan       nan       nan
       52         54       0   0.000  0.000      0       nan           nan         nan         nan       nan       nan
       52         55       0   0.000  0.000      0       nan           nan         nan         nan       nan       nan
       52         57       0   0.000  0.000      0       nan           nan         nan         nan       nan       nan
       52         60       0   0.000  0.000      0       nan           nan         nan         nan       nan       nan
       52         62       0   0.000  0.000      0       nan           nan         nan         nan       nan       nan
       52         65       0   0.000  0.000      0       nan           nan         nan         nan       nan       nan
       52         66       0   0.000  0.000      0       nan           nan         nan         nan       nan       nan
       52         67       0   0.000  0.000      0       nan           nan         nan         nan       nan       nan
       52         68       0   0.000  0.000      0       nan           nan         nan         nan       nan       nan
       52         69       0   0.000  0.000      0       nan           nan         nan         nan       nan       nan
       52         70       0   0.000  0.000      0       nan           nan         nan         nan       nan       nan
       52         71       0   0.000  0.000      0       nan           nan         nan         nan       nan       nan
       52         72       0   0.000  0.000      0       nan           nan         nan         nan       nan       nan
       52         73       0   0.000  0.000      0       nan           nan         nan         nan       nan       nan
       52         74       0   0.000  0.000      0       nan           nan         nan         nan       nan       nan
       52         76       0   0.000  0.000      0       nan           nan         nan         nan       nan       nan
       52         79       0   0.000  0.000      0       nan           nan         nan         nan       nan       nan
       52         80       0   0.000  0.000      0       nan           nan         nan         nan       nan       nan
       52         81       0   0.000  0.000      0       nan           nan         nan         nan       nan       nan
       52         84       0   0.000  0.000      0       nan           nan         nan         nan       nan       nan
       52         85       0   0.000  0.000      0       nan           nan         nan         nan       nan       nan
       52         86       0   0.000  0.000      0       nan           nan         nan         nan       nan       nan
       53         76       1   0.131  0.429   2148     1.091           2.0       154.6       152.6      26.9      24.7
       53         45       1   0.039  0.191   2140     1.091           3.4       156.0       152.6      29.3      32.0
       53         60       0   0.025  0.076    888     3.084           0.0       160.0       160.0      38.1     117.4
       53         71       0   0.003  0.342   2592     2.828          36.6       155.4        12.0      29.3      83.0
       53         35       0   0.002  0.103   2184     1.297          31.0       154.5         5.6      29.3      22.6
       53         38       0   0.002  0.107   3752     3.364          13.1       156.9       170.0      34.9     117.4
       53         36       0   0.002  0.026    440     1.000          15.8       154.2       170.0      26.9      26.9
       53         68       0   0.001  0.044    544     1.542          18.6       151.4       170.0      26.9      41.5
       53         43       0   0.001  0.023    420     1.091          13.7       156.3       170.0      26.9      29.3
       53         33       0   0.001  0.082   2532     2.594          33.2       155.3         8.5      29.3      76.1
       53         41       0   0.001  0.024    432     2.378          11.8       160.0       148.2      38.1      90.5
       53         54       0   0.001  0.093   1532     3.084          41.9       158.1        20.0      34.9     107.6
       53         39       0   0.000  0.025    452     4.000          29.0       151.0         0.0      26.9     107.6
       53         34       0   0.000  0.000      0       nan           nan         nan         nan       nan       nan
       53         37       0   0.000  0.000      0       nan           nan         nan         nan       nan       nan
       53         40       0   0.000  0.000      0       nan           nan         nan         nan       nan       nan
       53         42       0   0.000  0.000      0       nan           nan         nan         nan       nan       nan
       53         44       0   0.000  0.000      0       nan           nan         nan         nan       nan       nan
       53         46       0   0.000  0.000      0       nan           nan         nan         nan       nan       nan
       53         47       0   0.000  0.000      0       nan           nan         nan         nan       nan       nan
       53         48       0   0.000  0.000      0       nan           nan         nan         nan       nan       nan
       53         49       0   0.000  0.000      0       nan           nan         nan         nan       nan       nan
       53         50       0   0.000  0.000      0       nan           nan         nan         nan       nan       nan
       53         51       0   0.000  0.000      0       nan           nan         nan         nan       nan       nan
       53         52       0   0.000  0.000      0       nan           nan         nan         nan       nan       nan
       53         53       0   0.000  0.000      0       nan           nan         nan         nan       nan       nan
       53         55       0   0.000  0.000      0       nan           nan         nan         nan       nan       nan
       53         56       0   0.000  0.000      0       nan           nan         nan         nan       nan       nan
       53         57       0   0.000  0.000      0       nan           nan         nan         nan       nan       nan
       53         58       0   0.000  0.000      0       nan           nan         nan         nan       nan       nan
       53         59       0   0.000  0.000      0       nan           nan         nan         nan       nan       nan
       53         61       0   0.000  0.000      0       nan           nan         nan         nan       nan       nan
       53         62       0   0.000  0.000      0       nan           nan         nan         nan       nan       nan
       53         63       0   0.000  0.000      0       nan           nan         nan         nan       nan       nan
       53         64       0   0.000  0.000      0       nan           nan         nan         nan       nan       nan
       53         65       0   0.000  0.000      0       nan           nan         nan         nan       nan       nan
       53         66       0   0.000  0.000      0       nan           nan         nan         nan       nan       nan
       53         67       0   0.000  0.000      0       nan           nan         nan         nan       nan       nan
       53         69       0   0.000  0.000      0       nan           nan         nan         nan       nan       nan
       53         70       0   0.000  0.000      0       nan           nan         nan         nan       nan       nan
       53         72       0   0.000  0.000      0       nan           nan         nan         nan       nan       nan
       53         73       0   0.000  0.000      0       nan           nan         nan         nan       nan       nan
       53         74       0   0.000  0.000      0       nan           nan         nan         nan       nan       nan
       53         75       0   0.000  0.000      0       nan           nan         nan         nan       nan       nan
       53         77       0   0.000  0.000      0       nan           nan         nan         nan       nan       nan
       53         78       0   0.000  0.000      0       nan           nan         nan         nan       nan       nan
       53         79       0   0.000  0.000      0       nan           nan         nan         nan       nan       nan
       53         80       0   0.000  0.000      0       nan           nan         nan         nan       nan       nan
       53         81       0   0.000  0.000      0       nan           nan         nan         nan       nan       nan
       53         82       0   0.000  0.000      0       nan           nan         nan         nan       nan       nan
       53         83       0   0.000  0.000      0       nan           nan         nan         nan       nan       nan
       53         84       0   0.000  0.000      0       nan           nan         nan         nan       nan       nan
       53         85       0   0.000  0.000      0       nan           nan         nan         nan       nan       nan
       53         86       0   0.000  0.000      0       nan           nan         nan         nan       nan       nan
       54         52       0   0.000  0.009     80     1.682          10.5        40.0        29.5      17.4      29.3
       54         79       0   0.000  0.108    448     4.000          80.0        40.0       120.0      17.4      69.8
       54         33       0   0.000  0.015    448     4.000          30.0        40.0        10.0      17.4      69.8
       54         41       0   0.000  0.030    440     3.516          70.0        40.0       150.0      17.4      61.3
       54         34       0   0.000  0.010    200     5.187          50.0        40.0       170.0      17.4      90.5
       54         38       0   0.000  0.001     36     5.657          50.0        40.0       170.0      17.4      98.7
       54         35       0   0.000  0.000      0       nan           nan         nan         nan       nan       nan
       54         36       0   0.000  0.000      0       nan           nan         nan         nan       nan       nan
       54         37       0   0.000  0.000      0       nan           nan         nan         nan       nan       nan
       54         39       0   0.000  0.000      0       nan           nan         nan         nan       nan       nan
       54         40       0   0.000  0.000      0       nan           nan         nan         nan       nan       nan
       54         42       0   0.000  0.000      0       nan           nan         nan         nan       nan       nan
       54         43       0   0.000  0.000      0       nan           nan         nan         nan       nan       nan
       54         44       0   0.000  0.000      0       nan           nan         nan         nan       nan       nan
       54         45       0   0.000  0.000      0       nan           nan         nan         nan       nan       nan
       54         46       0   0.000  0.000      0       nan           nan         nan         nan       nan       nan
       54         47       0   0.000  0.000      0       nan           nan         nan         nan       nan       nan
       54         48       0   0.000  0.000      0       nan           nan         nan         nan       nan       nan
       54         49       0   0.000  0.000      0       nan           nan         nan         nan       nan       nan
       54         50       0   0.000  0.000      0       nan           nan         nan         nan       nan       nan
       54         51       0   0.000  0.000      0       nan           nan         nan         nan       nan       nan
       54         53       0   0.000  0.000      0       nan           nan         nan         nan       nan       nan
       54         54       0   0.000  0.000      0       nan           nan         nan         nan       nan       nan
       54         55       0   0.000  0.000      0       nan           nan         nan         nan       nan       nan
       54         56       0   0.000  0.000      0       nan           nan         nan         nan       nan       nan
       54         57       0   0.000  0.000      0       nan           nan         nan         nan       nan       nan
       54         58       0   0.000  0.000      0       nan           nan         nan         nan       nan       nan
       54         59       0   0.000  0.000      0       nan           nan         nan         nan       nan       nan
       54         60       0   0.000  0.000      0       nan           nan         nan         nan       nan       nan
       54         61       0   0.000  0.000      0       nan           nan         nan         nan       nan       nan
       54         62       0   0.000  0.000      0       nan           nan         nan         nan       nan       nan
       54         63       0   0.000  0.000      0       nan           nan         nan         nan       nan       nan
       54         64       0   0.000  0.000      0       nan           nan         nan         nan       nan       nan
       54         65       0   0.000  0.000      0       nan           nan         nan         nan       nan       nan
       54         66       0   0.000  0.000      0       nan           nan         nan         nan       nan       nan
       54         67       0   0.000  0.000      0       nan           nan         nan         nan       nan       nan
       54         68       0   0.000  0.000      0       nan           nan         nan         nan       nan       nan
       54         69       0   0.000  0.000      0       nan           nan         nan         nan       nan       nan
       54         70       0   0.000  0.000      0       nan           nan         nan         nan       nan       nan
       54         71       0   0.000  0.000      0       nan           nan         nan         nan       nan       nan
       54         72       0   0.000  0.000      0       nan           nan         nan         nan       nan       nan
       54         73       0   0.000  0.000      0       nan           nan         nan         nan       nan       nan
       54         74       0   0.000  0.000      0       nan           nan         nan         nan       nan       nan
       54         75       0   0.000  0.000      0       nan           nan         nan         nan       nan       nan
       54         76       0   0.000  0.000      0       nan           nan         nan         nan       nan       nan
       54         77       0   0.000  0.000      0       nan           nan         nan         nan       nan       nan
       54         78       0   0.000  0.000      0       nan           nan         nan         nan       nan       nan
       54         80       0   0.000  0.000      0       nan           nan         nan         nan       nan       nan
       54         81       0   0.000  0.000      0       nan           nan         nan         nan       nan       nan
       54         82       0   0.000  0.000      0       nan           nan         nan         nan       nan       nan
       54         83       0   0.000  0.000      0       nan           nan         nan         nan       nan       nan
       54         84       0   0.000  0.000      0       nan           nan         nan         nan       nan       nan
       54         85       0   0.000  0.000      0       nan           nan         nan         nan       nan       nan
       54         86       0   0.000  0.000      0       nan           nan         nan         nan       nan       nan
       55         82       1   0.277  0.302   2724     1.091           0.0        10.0        10.0     107.6     117.4
       55         58       0   0.132  0.492   5824     2.594           0.4        10.0         9.6     107.6      41.5
       55         64       0   0.122  0.317   2960     2.594           0.0        10.0        10.0     107.6      41.5
       55         75       0   0.038  0.127   1240     3.364           0.0        10.0        10.0     107.6      32.0
       55         39       1   0.029  0.353   6272     1.091          10.0        10.0         0.0     107.6     117.4
       55         72       0   0.028  0.104   1064     3.668           0.0        10.0        10.0     107.6      29.3
       55         42       0   0.026  0.394   7708     3.668           3.1        10.0         6.9     107.6      29.3
       55         51       0   0.024  0.340   4764     2.828           4.0        10.0         6.0     107.6      38.1
       55         47       0   0.024  0.218   2028     5.187           0.8        10.0         9.2     107.6      20.7
       55         33       0   0.016  0.278   8412     1.542          10.0        10.0         0.0     107.6      69.8
       55         48       0   0.014  0.453   6112     1.189          26.7        10.0       163.3     107.6      90.5
       55         56       1   0.014  0.164   1940     1.091          10.0        10.0        20.0     107.6     117.4
       55         34       0   0.012  0.408   8608     1.682          20.0        10.0       170.0     107.6      64.0
       55         61       0   0.011  0.287   3052     2.378          10.0        10.0         0.0     107.6      45.3
       55         59       0   0.010  0.226   2816     2.000          10.0        10.0        20.0     107.6      53.8
       55         77       0   0.010  0.343   3236     3.084          10.0        10.0         0.0     107.6      34.9
       55         38       0   0.010  0.225   8108     1.091          20.0        10.0       170.0     107.6     117.4
       55         52       0   0.009  0.167   2464     2.181           7.2        10.0        17.2     107.6      49.4
       55         69       0   0.007  0.015    160     2.181           0.0        10.0        10.0     107.6      49.4
       55         35       0   0.005  0.202   4812     4.000          10.0        10.0         0.0     107.6      26.9
       55         78       0   0.004  0.301   3976     2.181          30.0        10.0       160.0     107.6      49.4
       55         43       0   0.004  0.409   6868     3.668          25.2        10.0       164.8     107.6      29.3
       55         36       0   0.003  0.323   5540     4.362          22.7        10.0       167.3     107.6      24.7
       55         63       0   0.003  0.207   2216     4.362          14.3        10.0        24.3     107.6      24.7
       55         83       0   0.003  0.226   2312     4.000          20.0        10.0       170.0     107.6      26.9
       55         53       0   0.002  0.124   1252     6.727          10.0        10.0         0.0     107.6      16.0
       55         68       0   0.001  0.129   2056     3.364          29.6        10.0       160.4     107.6      32.0
       55         73       0   0.001  0.046    572     1.542          30.0        10.0       160.0     107.6      69.8
       55         49       0   0.000  0.031    348     6.727          32.2        10.0       157.8     107.6      16.0
       55         62       0   0.000  0.011    116     6.169          30.0        10.0       160.0     107.6      17.4
       55         37       0   0.000  0.000      0       nan           nan         nan         nan       nan       nan
       55         40       0   0.000  0.000      0       nan           nan         nan         nan       nan       nan
       55         41       0   0.000  0.000      0       nan           nan         nan         nan       nan       nan
       55         44       0   0.000  0.000      0       nan           nan         nan         nan       nan       nan
       55         45       0   0.000  0.000      0       nan           nan         nan         nan       nan       nan
       55         46       0   0.000  0.000      0       nan           nan         nan         nan       nan       nan
       55         50       0   0.000  0.000      0       nan           nan         nan         nan       nan       nan
       55         54       0   0.000  0.000      0       nan           nan         nan         nan       nan       nan
       55         55       0   0.000  0.000      0       nan           nan         nan         nan       nan       nan
       55         57       0   0.000  0.000      0       nan           nan         nan         nan       nan       nan
       55         60       0   0.000  0.000      0       nan           nan         nan         nan       nan       nan
       55         65       0   0.000  0.000      0       nan           nan         nan         nan       nan       nan
       55         66       0   0.000  0.000      0       nan           nan         nan         nan       nan       nan
       55         67       0   0.000  0.000      0       nan           nan         nan         nan       nan       nan
       55         70       0   0.000  0.000      0       nan           nan         nan         nan       nan       nan
       55         71       0   0.000  0.000      0       nan           nan         nan         nan       nan       nan
       55         74       0   0.000  0.000      0       nan           nan         nan         nan       nan       nan
       55         76       0   0.000  0.000      0       nan           nan         nan         nan       nan       nan
       55         79       0   0.000  0.000      0       nan           nan         nan         nan       nan       nan
       55         80       0   0.000  0.000      0       nan           nan         nan         nan       nan       nan
       55         81       0   0.000  0.000      0       nan           nan         nan         nan       nan       nan
       55         84       0   0.000  0.000      0       nan           nan         nan         nan       nan       nan
       55         85       0   0.000  0.000      0       nan           nan         nan         nan       nan       nan
       55         86       0   0.000  0.000      0       nan           nan         nan         nan       nan       nan
       56         33       0   0.000  0.000      0       nan           nan         nan         nan       nan       nan
       56         34       0   0.000  0.000      0       nan           nan         nan         nan       nan       nan
       56         35       0   0.000  0.000      0       nan           nan         nan         nan       nan       nan
       56         36       0   0.000  0.000      0       nan           nan         nan         nan       nan       nan
       56         37       0   0.000  0.000      0       nan           nan         nan         nan       nan       nan
       56         38       0   0.000  0.000      0       nan           nan         nan         nan       nan       nan
       56         39       0   0.000  0.000      0       nan           nan         nan         nan       nan       nan
       56         40       0   0.000  0.000      0       nan           nan         nan         nan       nan       nan
       56         41       0   0.000  0.000      0       nan           nan         nan         nan       nan       nan
       56         42       0   0.000  0.000      0       nan           nan         nan         nan       nan       nan
       56         43       0   0.000  0.000      0       nan           nan         nan         nan       nan       nan
       56         44       0   0.000  0.000      0       nan           nan         nan         nan       nan       nan
       56         45       0   0.000  0.000      0       nan           nan         nan         nan       nan       nan
       56         46       0   0.000  0.000      0       nan           nan         nan         nan       nan       nan
       56         47       0   0.000  0.000      0       nan           nan         nan         nan       nan       nan
       56         48       0   0.000  0.000      0       nan           nan         nan         nan       nan       nan
       56         49       0   0.000  0.000      0       nan           nan         nan         nan       nan       nan
       56         50       0   0.000  0.000      0       nan           nan         nan         nan       nan       nan
       56         51       0   0.000  0.000      0       nan           nan         nan         nan       nan       nan
       56         52       0   0.000  0.000      0       nan           nan         nan         nan       nan       nan
       56         53       0   0.000  0.000      0       nan           nan         nan         nan       nan       nan
       56         54       0   0.000  0.000      0       nan           nan         nan         nan       nan       nan
       56         55       0   0.000  0.000      0       nan           nan         nan         nan       nan       nan
       56         56       0   0.000  0.000      0       nan           nan         nan         nan       nan       nan
       56         57       0   0.000  0.000      0       nan           nan         nan         nan       nan       nan
       56         58       0   0.000  0.000      0       nan           nan         nan         nan       nan       nan
       56         59       0   0.000  0.000      0       nan           nan         nan         nan       nan       nan
       56         60       0   0.000  0.000      0       nan           nan         nan         nan       nan       nan
       56         61       0   0.000  0.000      0       nan           nan         nan         nan       nan       nan
       56         62       0   0.000  0.000      0       nan           nan         nan         nan       nan       nan
       56         63       0   0.000  0.000      0       nan           nan         nan         nan       nan       nan
       56         64       0   0.000  0.000      0       nan           nan         nan         nan       nan       nan
       56         65       0   0.000  0.000      0       nan           nan         nan         nan       nan       nan
       56         66       0   0.000  0.000      0       nan           nan         nan         nan       nan       nan
       56         67       0   0.000  0.000      0       nan           nan         nan         nan       nan       nan
       56         68       0   0.000  0.000      0       nan           nan         nan         nan       nan       nan
       56         69       0   0.000  0.000      0       nan           nan         nan         nan       nan       nan
       56         70       0   0.000  0.000      0       nan           nan         nan         nan       nan       nan
       56         71       0   0.000  0.000      0       nan           nan         nan         nan       nan       nan
       56         72       0   0.000  0.000      0       nan           nan         nan         nan       nan       nan
       56         73       0   0.000  0.000      0       nan           nan         nan         nan       nan       nan
       56         74       0   0.000  0.000      0       nan           nan         nan         nan       nan       nan
       56         75       0   0.000  0.000      0       nan           nan         nan         nan       nan       nan
       56         76       0   0.000  0.000      0       nan           nan         nan         nan       nan       nan
       56         77       0   0.000  0.000      0       nan           nan         nan         nan       nan       nan
       56         78       0   0.000  0.000      0       nan           nan         nan         nan       nan       nan
       56         79       0   0.000  0.000      0       nan           nan         nan         nan       nan       nan
       56         80       0   0.000  0.000      0       nan           nan         nan         nan       nan       nan
       56         81       0   0.000  0.000      0       nan           nan         nan         nan       nan       nan
       56         82       0   0.000  0.000      0       nan           nan         nan         nan       nan       nan
       56         83       0   0.000  0.000      0       nan           nan         nan         nan       nan       nan
       56         84       0   0.000  0.000      0       nan           nan         nan         nan       nan       nan
       56         85       0   0.000  0.000      0       nan           nan         nan         nan       nan       nan
       56         86       0   0.000  0.000      0       nan           nan         nan         nan       nan       nan
       57         36       0   0.056  0.073   1000     1.297           0.0       170.0       170.0      20.7      26.9
       57         43       0   0.026  0.056    824     1.414           0.5       170.0       169.5      20.7      29.3
       57         47       1   0.024  0.360    884     1.000          13.8       170.0         3.8      20.7      20.7
       57         53       0   0.019  0.266    696     1.297          10.0       170.0         0.0      20.7      16.0
       57         34       0   0.016  0.048   1000     3.084           0.0       170.0       170.0      20.7      64.0
       57         72       0   0.011  0.330    828     1.414          20.0       170.0        10.0      20.7      29.3
       57         77       0   0.007  0.128    528     1.682          10.0       170.0         0.0      20.7      34.9
       57         63       0   0.006  0.242    960     1.189          33.3       170.0        23.3      20.7      24.7
       57         38       0   0.005  0.028   1000     5.187           0.0       170.0       170.0      20.7     107.6
       57         78       0   0.004  0.109    900     2.594          10.0       170.0       160.0      20.7      53.8
       57         73       0   0.004  0.132    568     3.364          10.0       170.0       160.0      20.7      69.8
       57         35       0   0.003  0.049    960     1.297          10.0       170.0         0.0      20.7      26.9
       57         52       0   0.003  0.103    860     1.682          22.3       170.0        12.3      20.7      34.9
       57         61       0   0.003  0.063    336     2.181          10.0       170.0         0.0      20.7      45.3
       57         42       0   0.002  0.055   1000     1.414          16.5       170.0         6.5      20.7      29.3
       57         51       0   0.002  0.038    392     1.834          10.0       170.0         0.0      20.7      38.1
       57         58       0   0.002  0.070    632     1.834          22.0       170.0        12.0      20.7      38.1
       57         59       0   0.001  0.124    800     2.828          30.0       170.0        20.0      20.7      58.7
       57         33       0   0.001  0.034   1000     3.084          10.0       170.0         0.0      20.7      64.0
       57         69       0   0.001  0.043    124     2.378          20.0       170.0        10.0      20.7      49.4
       57         48       0   0.001  0.033    368     3.668          10.0       170.0       160.0      20.7      76.1
       57         39       0   0.001  0.041    636     5.187          10.0       170.0         0.0      20.7     107.6
       57         56       0   0.000  0.008     44     5.657          30.0       170.0        20.0      20.7     117.4
       57         37       0   0.000  0.000      0       nan           nan         nan         nan       nan       nan
       57         40       0   0.000  0.000      0       nan           nan         nan         nan       nan       nan
       57         41       0   0.000  0.000      0       nan           nan         nan         nan       nan       nan
       57         44       0   0.000  0.000      0       nan           nan         nan         nan       nan       nan
       57         45       0   0.000  0.000      0       nan           nan         nan         nan       nan       nan
       57         46       0   0.000  0.000      0       nan           nan         nan         nan       nan       nan
       57         49       0   0.000  0.000      0       nan           nan         nan         nan       nan       nan
       57         50       0   0.000  0.000      0       nan           nan         nan         nan       nan       nan
       57         54       0   0.000  0.000      0       nan           nan         nan         nan       nan       nan
       57         55       0   0.000  0.000      0       nan           nan         nan         nan       nan       nan
       57         57       0   0.000  0.000      0       nan           nan         nan         nan       nan       nan
       57         60       0   0.000  0.000      0       nan           nan         nan         nan       nan       nan
       57         62       0   0.000  0.000      0       nan           nan         nan         nan       nan       nan
       57         64       0   0.000  0.000      0       nan           nan         nan         nan       nan       nan
       57         65       0   0.000  0.000      0       nan           nan         nan         nan       nan       nan
       57         66       0   0.000  0.000      0       nan           nan         nan         nan       nan       nan
       57         67       0   0.000  0.000      0       nan           nan         nan         nan       nan       nan
       57         68       0   0.000  0.000      0       nan           nan         nan         nan       nan       nan
       57         70       0   0.000  0.000      0       nan           nan         nan         nan       nan       nan
       57         71       0   0.000  0.000      0       nan           nan         nan         nan       nan       nan
       57         74       0   0.000  0.000      0       nan           nan         nan         nan       nan       nan
       57         75       0   0.000  0.000      0       nan           nan         nan         nan       nan       nan
       57         76       0   0.000  0.000      0       nan           nan         nan         nan       nan       nan
       57         79       0   0.000  0.000      0       nan           nan         nan         nan       nan       nan
       57         80       0   0.000  0.000      0       nan           nan         nan         nan       nan       nan
       57         81       0   0.000  0.000      0       nan           nan         nan         nan       nan       nan
       57         82       0   0.000  0.000      0       nan           nan         nan         nan       nan       nan
       57         83       0   0.000  0.000      0       nan           nan         nan         nan       nan       nan
       57         84       0   0.000  0.000      0       nan           nan         nan         nan       nan       nan
       57         85       0   0.000  0.000      0       nan           nan         nan         nan       nan       nan
       57         86       0   0.000  0.000      0       nan           nan         nan         nan       nan       nan
       58         71       0   0.008  0.166   1176     1.834          10.1        20.2        10.1      45.3      83.0
       58         68       0   0.003  0.106   1044     1.000          30.2        20.2       170.0      41.5      41.5
       58         35       0   0.003  0.081   1612     2.000          14.1        20.2         6.1      41.5      20.7
       58         54       0   0.003  0.006    100     2.378           0.0        20.0        20.0      45.3     107.6
       58         70       0   0.002  0.076    216     1.414          30.5        20.5       170.0      41.5      29.3
       58         60       0   0.002  0.188   1684     2.828          40.2        20.2       160.0      41.5     117.4
       58         76       0   0.001  0.126    584     2.000          44.0        20.1       156.2      45.3      22.6
       58         33       0   0.001  0.030    908     1.682          12.4        20.2         7.9      45.3      76.1
       58         42       0   0.001  0.025    488     1.414          20.3        20.3         0.0      41.5      29.3
       58         39       0   0.001  0.048    768     2.828          20.2        20.2         0.0      41.5     117.4
       58         38       0   0.001  0.052   1824     2.828          30.2        20.2       170.0      41.5     117.4
       58         36       0   0.000  0.027    412     2.000          30.3        20.3       170.0      45.3      22.6
       58         45       0   0.000  0.005     52     1.297          50.0        20.0       150.0      45.3      34.9
       58         43       0   0.000  0.002     32     1.682          42.5        22.5       160.0      45.3      26.9
       58         34       0   0.000  0.000      0       nan           nan         nan         nan       nan       nan
       58         37       0   0.000  0.000      0       nan           nan         nan         nan       nan       nan
       58         40       0   0.000  0.000      0       nan           nan         nan         nan       nan       nan
       58         41       0   0.000  0.000      0       nan           nan         nan         nan       nan       nan
       58         44       0   0.000  0.000      0       nan           nan         nan         nan       nan       nan
       58         46       0   0.000  0.000      0       nan           nan         nan         nan       nan       nan
       58         47       0   0.000  0.000      0       nan           nan         nan         nan       nan       nan
       58         48       0   0.000  0.000      0       nan           nan         nan         nan       nan       nan
       58         49       0   0.000  0.000      0       nan           nan         nan         nan       nan       nan
       58         50       0   0.000  0.000      0       nan           nan         nan         nan       nan       nan
       58         51       0   0.000  0.000      0       nan           nan         nan         nan       nan       nan
       58         52       0   0.000  0.000      0       nan           nan         nan         nan       nan       nan
       58         53       0   0.000  0.000      0       nan           nan         nan         nan       nan       nan
       58         55       0   0.000  0.000      0       nan           nan         nan         nan       nan       nan
       58         56       0   0.000  0.000      0       nan           nan         nan         nan       nan       nan
       58         57       0   0.000  0.000      0       nan           nan         nan         nan       nan       nan
       58         58       0   0.000  0.000      0       nan           nan         nan         nan       nan       nan
       58         59       0   0.000  0.000      0       nan           nan         nan         nan       nan       nan
       58         61       0   0.000  0.000      0       nan           nan         nan         nan       nan       nan
       58         62       0   0.000  0.000      0       nan           nan         nan         nan       nan       nan
       58         63       0   0.000  0.000      0       nan           nan         nan         nan       nan       nan
       58         64       0   0.000  0.000      0       nan           nan         nan         nan       nan       nan
       58         65       0   0.000  0.000      0       nan           nan         nan         nan       nan       nan
       58         66       0   0.000  0.000      0       nan           nan         nan         nan       nan       nan
       58         67       0   0.000  0.000      0       nan           nan         nan         nan       nan       nan
       58         69       0   0.000  0.000      0       nan           nan         nan         nan       nan       nan
       58         72       0   0.000  0.000      0       nan           nan         nan         nan       nan       nan
       58         73       0   0.000  0.000      0       nan           nan         nan         nan       nan       nan
       58         74       0   0.000  0.000      0       nan           nan         nan         nan       nan       nan
       58         75       0   0.000  0.000      0       nan           nan         nan         nan       nan       nan
       58         77       0   0.000  0.000      0       nan           nan         nan         nan       nan       nan
       58         78       0   0.000  0.000      0       nan           nan         nan         nan       nan       nan
       58         79       0   0.000  0.000      0       nan           nan         nan         nan       nan       nan
       58         80       0   0.000  0.000      0       nan           nan         nan         nan       nan       nan
       58         81       0   0.000  0.000      0       nan           nan         nan         nan       nan       nan
       58         82       0   0.000  0.000      0       nan           nan         nan         nan       nan       nan
       58         83       0   0.000  0.000      0       nan           nan         nan         nan       nan       nan
       58         84       0   0.000  0.000      0       nan           nan         nan         nan       nan       nan
       58         85       0   0.000  0.000      0       nan           nan         nan         nan       nan       nan
       58         86       0   0.000  0.000      0       nan           nan         nan         nan       nan       nan
       59         75       1   0.760  0.760   1656     1.000           0.0        10.0        10.0      32.0      32.0
       59         64       0   0.331  0.430   1536     1.297           0.0        10.0        10.0      32.0      41.5
       59         51       1   0.128  0.188   1836     1.189           0.2        10.0         9.8      32.0      38.1
       59         77       1   0.036  0.428   1644     1.091          10.0        10.0         0.0      32.0      34.9
       59         83       0   0.017  0.427   1608     1.189          20.0        10.0       170.0      32.0      26.9
       59         61       0   0.014  0.222   1188     1.414          10.0        10.0         0.0      32.0      45.3
       59         58       0   0.013  0.164   1476     1.297           8.5        10.0         1.5      32.0      41.5
       59         42       1   0.011  0.100   1836     1.000           8.2        10.0         1.8      32.0      32.0
       59         82       0   0.010  0.037    164     3.668           0.0        10.0        10.0      32.0     117.4
       59         59       0   0.005  0.100    736     1.682          10.0        10.0        20.0      32.0      53.8
       59         35       0   0.004  0.057   1156     1.414          10.0        10.0         0.0      32.0      22.6
       59         52       0   0.004  0.060    564     1.542          10.0        10.0        20.0      32.0      49.4
       59         43       0   0.003  0.122   1796     1.189          30.0        10.0       160.0      32.0      26.9
       59         36       0   0.003  0.109   1520     1.297          25.8        10.0       164.2      32.0      24.7
       59         33       0   0.003  0.062   1836     2.000          10.0        10.0         0.0      32.0      64.0
       59         56       0   0.002  0.100    600     3.668          10.0        10.0        20.0      32.0     117.4
       59         34       0   0.002  0.089   1836     2.000          20.0        10.0       170.0      32.0      64.0
       59         47       0   0.002  0.026    104     1.542           9.2        10.0        19.2      32.0      20.7
       59         48       0   0.001  0.088   1000     2.828          30.0        10.0       160.0      32.0      90.5
       59         78       0   0.000  0.019    188     1.542          30.0        10.0       160.0      32.0      49.4
       59         39       0   0.000  0.015    256     3.668          10.0        10.0         0.0      32.0     117.4
       59         38       0   0.000  0.022    812     3.084          20.0        10.0       170.0      32.0      98.7
       59         63       0   0.000  0.003     20     1.189          10.0        10.0        20.0      29.3      24.7
       59         37       0   0.000  0.000      0       nan           nan         nan         nan       nan       nan
       59         40       0   0.000  0.000      0       nan           nan         nan         nan       nan       nan
       59         41       0   0.000  0.000      0       nan           nan         nan         nan       nan       nan
       59         44       0   0.000  0.000      0       nan           nan         nan         nan       nan       nan
       59         45       0   0.000  0.000      0       nan           nan         nan         nan       nan       nan
       59         46       0   0.000  0.000      0       nan           nan         nan         nan       nan       nan
       59         49       0   0.000  0.000      0       nan           nan         nan         nan       nan       nan
       59         50       0   0.000  0.000      0       nan           nan         nan         nan       nan       nan
       59         53       0   0.000  0.000      0       nan           nan         nan         nan       nan       nan
       59         54       0   0.000  0.000      0       nan           nan         nan         nan       nan       nan
       59         55       0   0.000  0.000      0       nan           nan         nan         nan       nan       nan
       59         57       0   0.000  0.000      0       nan           nan         nan         nan       nan       nan
       59         60       0   0.000  0.000      0       nan           nan         nan         nan       nan       nan
       59         62       0   0.000  0.000      0       nan           nan         nan         nan       nan       nan
       59         65       0   0.000  0.000      0       nan           nan         nan         nan       nan       nan
       59         66       0   0.000  0.000      0       nan           nan         nan         nan       nan       nan
       59         67       0   0.000  0.000      0       nan           nan         nan         nan       nan       nan
       59         68       0   0.000  0.000      0       nan           nan         nan         nan       nan       nan
       59         69       0   0.000  0.000      0       nan           nan         nan         nan       nan       nan
       59         70       0   0.000  0.000      0       nan           nan         nan         nan       nan       nan
       59         71       0   0.000  0.000      0       nan           nan         nan         nan       nan       nan
       59         72       0   0.000  0.000      0       nan           nan         nan         nan       nan       nan
       59         73       0   0.000  0.000      0       nan           nan         nan         nan       nan       nan
       59         74       0   0.000  0.000      0       nan           nan         nan         nan       nan       nan
       59         76       0   0.000  0.000      0       nan           nan         nan         nan       nan       nan
       59         79       0   0.000  0.000      0       nan           nan         nan         nan       nan       nan
       59         80       0   0.000  0.000      0       nan           nan         nan         nan       nan       nan
       59         81       0   0.000  0.000      0       nan           nan         nan         nan       nan       nan
       59         84       0   0.000  0.000      0       nan           nan         nan         nan       nan       nan
       59         85       0   0.000  0.000      0       nan           nan         nan         nan       nan       nan
       59         86       0   0.000  0.000      0       nan           nan         nan         nan       nan       nan
       60         44       0   0.022  0.478   2392     1.297          16.0       119.5       135.5      22.6      29.3
       60         33       0   0.000  0.000      0       nan           nan         nan         nan       nan       nan
       60         34       0   0.000  0.000      0       nan           nan         nan         nan       nan       nan
       60         35       0   0.000  0.000      0       nan           nan         nan         nan       nan       nan
       60         36       0   0.000  0.000      0       nan           nan         nan         nan       nan       nan
       60         37       0   0.000  0.000      0       nan           nan         nan         nan       nan       nan
       60         38       0   0.000  0.000      0       nan           nan         nan         nan       nan       nan
       60         39       0   0.000  0.000      0       nan           nan         nan         nan       nan       nan
       60         40       0   0.000  0.000      0       nan           nan         nan         nan       nan       nan
       60         41       0   0.000  0.000      0       nan           nan         nan         nan       nan       nan
       60         42       0   0.000  0.000      0       nan           nan         nan         nan       nan       nan
       60         43       0   0.000  0.000      0       nan           nan         nan         nan       nan       nan
       60         45       0   0.000  0.000      0       nan           nan         nan         nan       nan       nan
       60         46       0   0.000  0.000      0       nan           nan         nan         nan       nan       nan
       60         47       0   0.000  0.000      0       nan           nan         nan         nan       nan       nan
       60         48       0   0.000  0.000      0       nan           nan         nan         nan       nan       nan
       60         49       0   0.000  0.000      0       nan           nan         nan         nan       nan       nan
       60         50       0   0.000  0.000      0       nan           nan         nan         nan       nan       nan
       60         51       0   0.000  0.000      0       nan           nan         nan         nan       nan       nan
       60         52       0   0.000  0.000      0       nan           nan         nan         nan       nan       nan
       60         53       0   0.000  0.000      0       nan           nan         nan         nan       nan       nan
       60         54       0   0.000  0.000      0       nan           nan         nan         nan       nan       nan
       60         55       0   0.000  0.000      0       nan           nan         nan         nan       nan       nan
       60         56       0   0.000  0.000      0       nan           nan         nan         nan       nan       nan
       60         57       0   0.000  0.000      0       nan           nan         nan         nan       nan       nan
       60         58       0   0.000  0.000      0       nan           nan         nan         nan       nan       nan
       60         59       0   0.000  0.000      0       nan           nan         nan         nan       nan       nan
       60         60       0   0.000  0.000      0       nan           nan         nan         nan       nan       nan
       60         61       0   0.000  0.000      0       nan           nan         nan         nan       nan       nan
       60         62       0   0.000  0.000      0       nan           nan         nan         nan       nan       nan
       60         63       0   0.000  0.000      0       nan           nan         nan         nan       nan       nan
       60         64       0   0.000  0.000      0       nan           nan         nan         nan       nan       nan
       60         65       0   0.000  0.000      0       nan           nan         nan         nan       nan       nan
       60         66       0   0.000  0.000      0       nan           nan         nan         nan       nan       nan
       60         67       0   0.000  0.000      0       nan           nan         nan         nan       nan       nan
       60         68       0   0.000  0.000      0       nan           nan         nan         nan       nan       nan
       60         69       0   0.000  0.000      0       nan           nan         nan         nan       nan       nan
       60         70       0   0.000  0.000      0       nan           nan         nan         nan       nan       nan
       60         71       0   0.000  0.000      0       nan           nan         nan         nan       nan       nan
       60         72       0   0.000  0.000      0       nan           nan         nan         nan       nan       nan
       60         73       0   0.000  0.000      0       nan           nan         nan         nan       nan       nan
       60         74       0   0.000  0.000      0       nan           nan         nan         nan       nan       nan
       60         75       0   0.000  0.000      0       nan           nan         nan         nan       nan       nan
       60         76       0   0.000  0.000      0       nan           nan         nan         nan       nan       nan
       60         77       0   0.000  0.000      0       nan           nan         nan         nan       nan       nan
       60         78       0   0.000  0.000      0       nan           nan         nan         nan       nan       nan
       60         79       0   0.000  0.000      0       nan           nan         nan         nan       nan       nan
       60         80       0   0.000  0.000      0       nan           nan         nan         nan       nan       nan
       60         81       0   0.000  0.000      0       nan           nan         nan         nan       nan       nan
       60         82       0   0.000  0.000      0       nan           nan         nan         nan       nan       nan
       60         83       0   0.000  0.000      0       nan           nan         nan         nan       nan       nan
       60         84       0   0.000  0.000      0       nan           nan         nan         nan       nan       nan
       60         85       0   0.000  0.000      0       nan           nan         nan         nan       nan       nan
       60         86       0   0.000  0.000      0       nan           nan         nan         nan       nan       nan
       61         33       0   0.000  0.000      0       nan           nan         nan         nan       nan       nan
       61         34       0   0.000  0.000      0       nan           nan         nan         nan       nan       nan
       61         35       0   0.000  0.000      0       nan           nan         nan         nan       nan       nan
       61         36       0   0.000  0.000      0       nan           nan         nan         nan       nan       nan
       61         37       0   0.000  0.000      0       nan           nan         nan         nan       nan       nan
       61         38       0   0.000  0.000      0       nan           nan         nan         nan       nan       nan
       61         39       0   0.000  0.000      0       nan           nan         nan         nan       nan       nan
       61         40       0   0.000  0.000      0       nan           nan         nan         nan       nan       nan
       61         41       0   0.000  0.000      0       nan           nan         nan         nan       nan       nan
       61         42       0   0.000  0.000      0       nan           nan         nan         nan       nan       nan
       61         43       0   0.000  0.000      0       nan           nan         nan         nan       nan       nan
       61         44       0   0.000  0.000      0       nan           nan         nan         nan       nan       nan
       61         45       0   0.000  0.000      0       nan           nan         nan         nan       nan       nan
       61         46       0   0.000  0.000      0       nan           nan         nan         nan       nan       nan
       61         47       0   0.000  0.000      0       nan           nan         nan         nan       nan       nan
       61         48       0   0.000  0.000      0       nan           nan         nan         nan       nan       nan
       61         49       0   0.000  0.000      0       nan           nan         nan         nan       nan       nan
       61         50       0   0.000  0.000      0       nan           nan         nan         nan       nan       nan
       61         51       0   0.000  0.000      0       nan           nan         nan         nan       nan       nan
       61         52       0   0.000  0.000      0       nan           nan         nan         nan       nan       nan
       61         53       0   0.000  0.000      0       nan           nan         nan         nan       nan       nan
       61         54       0   0.000  0.000      0       nan           nan         nan         nan       nan       nan
       61         55       0   0.000  0.000      0       nan           nan         nan         nan       nan       nan
       61         56       0   0.000  0.000      0       nan           nan         nan         nan       nan       nan
       61         57       0   0.000  0.000      0       nan           nan         nan         nan       nan       nan
       61         58       0   0.000  0.000      0       nan           nan         nan         nan       nan       nan
       61         59       0   0.000  0.000      0       nan           nan         nan         nan       nan       nan
       61         60       0   0.000  0.000      0       nan           nan         nan         nan       nan       nan
       61         61       0   0.000  0.000      0       nan           nan         nan         nan       nan       nan
       61         62       0   0.000  0.000      0       nan           nan         nan         nan       nan       nan
       61         63       0   0.000  0.000      0       nan           nan         nan         nan       nan       nan
       61         64       0   0.000  0.000      0       nan           nan         nan         nan       nan       nan
       61         65       0   0.000  0.000      0       nan           nan         nan         nan       nan       nan
       61         66       0   0.000  0.000      0       nan           nan         nan         nan       nan       nan
       61         67       0   0.000  0.000      0       nan           nan         nan         nan       nan       nan
       61         68       0   0.000  0.000      0       nan           nan         nan         nan       nan       nan
       61         69       0   0.000  0.000      0       nan           nan         nan         nan       nan       nan
       61         70       0   0.000  0.000      0       nan           nan         nan         nan       nan       nan
       61         71       0   0.000  0.000      0       nan           nan         nan         nan       nan       nan
       61         72       0   0.000  0.000      0       nan           nan         nan         nan       nan       nan
       61         73       0   0.000  0.000      0       nan           nan         nan         nan       nan       nan
       61         74       0   0.000  0.000      0       nan           nan         nan         nan       nan       nan
       61         75       0   0.000  0.000      0       nan           nan         nan         nan       nan       nan
       61         76       0   0.000  0.000      0       nan           nan         nan         nan       nan       nan
       61         77       0   0.000  0.000      0       nan           nan         nan         nan       nan       nan
       61         78       0   0.000  0.000      0       nan           nan         nan         nan       nan       nan
       61         79       0   0.000  0.000      0       nan           nan         nan         nan       nan       nan
       61         80       0   0.000  0.000      0       nan           nan         nan         nan       nan       nan
       61         81       0   0.000  0.000      0       nan           nan         nan         nan       nan       nan
       61         82       0   0.000  0.000      0       nan           nan         nan         nan       nan       nan
       61         83       0   0.000  0.000      0       nan           nan         nan         nan       nan       nan
       61         84       0   0.000  0.000      0       nan           nan         nan         nan       nan       nan
       61         85       0   0.000  0.000      0       nan           nan         nan         nan       nan       nan
       61         86       0   0.000  0.000      0       nan           nan         nan         nan       nan       nan
