cluster_a  cluster_c  passes  score    iou    inter  lam_ratio  ang_diff_deg  thetaA_deg  thetaC_deg  lamA_med  lamC_med
       43        699       1   0.123  0.491  24960     1.091           2.7       130.2       127.5      38.1      34.9
       43        917       0   0.028  0.047   1260     1.682           0.0       130.0       130.0      45.3      26.9
       43        815       0   0.026  0.052   1372     2.000           0.0       130.0       130.0      41.5      83.0
       43        701       0   0.016  0.377  13548     1.542          14.5       133.0       147.6      38.1      58.7
       43        706       1   0.015  0.190   5884     1.091          10.5       130.5       120.0      41.5      38.1
       43        703       0   0.011  0.397  17652     1.414          25.3       130.6       105.3      34.9      49.4
       43        793       0   0.011  0.047   1268     2.181           1.0       130.5       129.5      38.1      17.4
       43        704       0   0.010  0.389  14688     1.682          22.1       131.8       109.8      38.1      64.0
       43        700       0   0.010  0.348  13588     1.189          29.0       129.0       100.0      34.9      29.3
       43        717       1   0.009  0.102   2700     1.189           8.2       131.8       140.0      38.1      32.0
       43        895       0   0.007  0.062   1720     1.414           4.9       133.2       138.1      29.3      20.7
       43        785       0   0.006  0.068   1888     1.542           5.8       132.8       127.0      29.3      45.3
       43        710       0   0.006  0.260   9100     1.297          32.4       132.4       100.0      34.9      45.3
       43        762       0   0.006  0.239   6620     2.378          16.4       133.6       150.0      34.9      83.0
       43        845       0   0.005  0.044   1156     1.414           4.8       130.0       125.2      41.5      58.7
       43        741       0   0.005  0.197   5564     1.091          33.6       126.4       160.0      34.9      38.1
       43        808       0   0.005  0.107   2820     1.297          15.2       131.3       146.6      38.1      29.3
       43        720       0   0.005  0.173   5480     1.834          17.9       127.5       109.6      32.0      58.7
       43        764       0   0.005  0.092   2784     1.682          10.0       130.0       120.0      41.5      69.8
       43        763       0   0.005  0.085   2348     2.181           7.1       127.1       120.0      29.3      64.0
       43        728       0   0.005  0.119   3528     1.297          19.0       131.0       150.0      45.3      58.7
       43        780       0   0.004  0.067   1780     1.297          10.7       130.7       120.0      45.3      58.7
       43        750       0   0.004  0.195   5184     1.414          33.1       122.1        89.1      32.0      22.6
       43        732       0   0.004  0.179   4724     1.834          25.1       130.1       155.2      32.0      17.4
       43        878       0   0.004  0.007    184     1.542           0.2       120.2       120.0      26.9      41.5
       43        708       0   0.004  0.335  11248     1.834          50.5       131.6        81.1      41.5      76.1
       43        709       0   0.003  0.131   4768     1.834          19.5       122.5       103.0      32.0      17.4
       43        729       0   0.003  0.156   4712     1.682          27.4       127.4       100.0      32.0      53.8
       43        730       0   0.003  0.197   5572     1.414          42.2       132.2        90.0      34.9      24.7
       43        800       0   0.003  0.073   2060     1.091          20.0       130.0       110.0      41.5      38.1
       43        813       0   0.003  0.005    148     1.682           0.0       130.0       130.0      49.4      29.3
       43        722       0   0.003  0.451  13476     2.378          59.8       131.0        71.2      34.9      83.0
       43       1008       0   0.003  0.012    316     2.828           0.4       130.4       130.0      45.3      16.0
       43        747       0   0.003  0.056   1700     1.297          13.3       137.1       150.4      32.0      24.7
       43        773       0   0.003  0.186   4960     1.297          46.3       133.7         0.0      34.9      26.9
       43        757       0   0.003  0.271   7420     1.542          60.3       129.5        69.2      34.9      53.8
       43        719       0   0.003  0.223   7440     1.682          45.3       129.4        84.1      32.0      53.8
       43        705       0   0.003  0.364  18356     2.594          50.0       129.7        79.6      34.9      90.5
       43        731       0   0.003  0.227   7608     2.594          32.5       132.5       100.0      45.3     117.4
       43        754       0   0.002  0.073   1952     1.834          15.0       135.0       120.0      34.9      19.0
       43        702       0   0.002  0.033    996     2.000           5.7       131.7       137.3      38.1      19.0
       43        726       0   0.002  0.376  11820     3.364          44.2       125.8       170.0      34.9     117.4
       43        723       0   0.002  0.077   2188     1.542          19.8       130.2       150.0      45.3      29.3
       43        737       0   0.002  0.127   4024     1.091          48.2       137.3        89.0      34.9      38.1
       43        801       0   0.002  0.156   4124     1.542          41.9       128.1       170.0      32.0      49.4
       43        844       0   0.002  0.005    128     2.181           0.0       110.0       110.0      34.9      76.1
       43        743       0   0.002  0.156   4544     1.189          57.8       122.8         0.6      32.0      38.1
       43        863       0   0.002  0.117   3120     1.682          31.3       118.5        87.2      32.0      19.0
       43        713       0   0.002  0.092   2836     1.542          26.7       124.2       150.9      32.0      20.7
       43        718       0   0.002  0.078   2620     1.297          27.5       127.8       100.2      32.0      41.5
       43        896       0   0.002  0.100   2704     1.091          46.8       126.8        80.0      32.0      29.3
       43        752       0   0.002  0.040   1096     2.594           7.0       130.0       137.0      45.3     117.4
       43        787       0   0.002  0.117   3444     1.297          46.5       126.5        80.0      34.9      26.9
       43        715       0   0.002  0.199   5448     1.682          62.2       135.8        73.6      34.9      20.7
       43       1066       0   0.002  0.003     84     1.682           0.0       130.0       130.0      49.4      29.3
       43        929       0   0.002  0.048   1268     1.542          16.4       130.0       113.6      41.5      26.9
       43        770       0   0.002  0.073   1996     2.378          17.9       127.9       110.0      29.3      69.8
       43        775       0   0.001  0.089   2440     1.542          37.5       132.5       170.0      45.3      29.3
       43        822       0   0.001  0.040   1064     1.297          20.0       130.0       150.0      38.1      49.4
       43        761       0   0.001  0.109   2916     2.378          30.6       130.6       100.0      45.3     107.6
       43        707       0   0.001  0.256  10096     2.828          62.3       127.9        10.1      41.5     117.4
       43        790       0   0.001  0.045   1192     3.364           8.6       122.8       131.4      29.3      98.7
       43        814       0   0.001  0.030    816     1.297          15.6       134.4       150.0      45.3      34.9
       43        760       0   0.001  0.139   3780     1.414          73.0       138.6        65.6      38.1      26.9
       43        962       0   0.001  0.022    592     1.834           8.6       118.7       110.1      29.3      16.0
       43        738       0   0.001  0.092   2704     1.189          64.3       138.2        73.9      34.9      41.5
       43        788       0   0.001  0.017    520     1.189          11.1       130.0       141.1      41.5      49.4
       43        819       0   0.001  0.024    624     2.000           9.4       149.4       140.0      34.9      17.4
       43        834       0   0.001  0.060   1648     1.682          31.4       118.6       150.0      32.0      19.0
       43        739       0   0.001  0.054   1552     1.414          34.0       129.2        95.2      34.9      49.4
       43        724       0   0.001  0.043   1704     1.297          30.5       130.5       100.0      41.5      53.8
       43        832       0   0.001  0.029    780     1.834          14.5       115.5       130.0      32.0      58.7
       43        971       0   0.001  0.024    644     2.181          10.0       130.0       140.0      45.3      20.7
       43        716       0   0.001  0.053   1652     1.414          36.3       134.4        98.1      45.3      32.0
       43        816       0   0.001  0.021    556     2.000          10.0       120.0       110.0      32.0      16.0
       43        838       0   0.001  0.051   1472     1.000          52.3       124.7        72.4      32.0      32.0
       43        866       0   0.001  0.010    276     1.000          10.0       130.0       140.0      41.5      41.5
       43        734       0   0.001  0.078   2096     1.414          59.1       139.1        80.0      34.9      24.7
       43        957       0   0.001  0.054   1464     1.682          35.2       133.1       168.3      45.3      26.9
       43        874       0   0.001  0.058   1612     1.414          47.2       127.2        80.0      32.0      22.6
       43        865       0   0.001  0.055   1464     1.542          41.6       118.4       160.0      29.3      45.3
       43        711       0   0.001  0.066   1884     1.682          47.5       132.5         0.0      45.3      76.1
       43        744       0   0.001  0.011    320     1.297          10.0       120.0       130.0      26.9      34.9
       43        835       0   0.001  0.039   1036     2.000          23.9       136.1       160.0      34.9      69.8
       43        843       0   0.001  0.068   1800     1.297          66.7       118.5        51.9      32.0      41.5
       43        935       0   0.001  0.001     28     1.414           0.0       140.0       140.0      32.0      45.3
       43        900       0   0.001  0.041   1096     1.000          54.3       115.2        60.9      32.0      32.0
       43        721       0   0.001  0.136   3864     2.594          70.9       130.9        60.0      45.3     117.4
       43        789       0   0.001  0.067   1768     2.594          35.0       145.3       110.3      34.9      90.5
       43        923       0   0.001  0.015    392     1.000          20.0       130.0       110.0      45.3      45.3
       43        749       0   0.001  0.051   1432     1.542          47.5       127.5        80.0      32.0      20.7
       43        909       0   0.001  0.007    192     1.091           8.9       111.1       120.0      34.9      38.1
       43        906       0   0.001  0.055   1460     1.189          69.1       120.8        51.6      34.9      29.3
       43        769       0   0.001  0.043   1176     2.828          22.5       132.5       110.0      41.5     117.4
       43        771       0   0.001  0.032    936     1.542          32.2       132.2       100.0      41.5      64.0
       43        809       0   0.001  0.023    636     1.414          25.2       134.8       160.0      38.1      26.9
       43        798       0   0.001  0.041   1096     3.084          21.4       128.6       150.0      29.3      90.5
       43        950       0   0.001  0.015    408     1.189          21.0       111.0        90.0      32.0      38.1
       43        996       0   0.001  0.020    540     1.542          21.7       148.3       170.0      34.9      22.6
       43        848       0   0.001  0.011    308     1.834           9.4       130.6       140.0      45.3      24.7
       43       1017       0   0.001  0.034    888     1.189          50.4       120.4        70.0      32.0      26.9
       43        803       0   0.001  0.059   1556     2.000          56.1       146.1        90.0      34.9      69.8
       43        756       0   0.001  0.031    820     2.181          27.4       147.4       120.0      34.9      16.0
       43        994       0   0.000  0.014    380     2.594          10.2       130.0       119.8      45.3      17.4
       43        891       0   0.000  0.020    528     1.682          23.9       136.1       160.0      34.9      20.7
       43       1060       0   0.000  0.017    444     1.682          20.0       130.0       150.0      38.1      22.6
       43        837       0   0.000  0.023    616     1.414          33.6       118.9       152.5      32.0      22.6
       43        986       0   0.000  0.010    276     1.000          21.0       111.0        90.0      32.0      32.0
       43        899       0   0.000  0.067   1768     1.682          86.6       136.6        50.0      41.5      24.7
       43        823       0   0.000  0.020    544     2.181          20.0       130.0       150.0      34.9      16.0
       43        714       0   0.000  0.040   1124     1.542          58.7       131.3        10.0      45.3      69.8
       43        887       0   0.000  0.014    364     1.542          20.2       130.2       110.0      29.3      19.0
       43        988       0   0.000  0.017    452     2.828          13.4       130.9       117.5      45.3      16.0
       43        951       0   0.000  0.024    644     1.682          33.8       114.7       148.5      32.0      19.0
       43        833       0   0.000  0.028    728     1.682          40.0       130.0        90.0      34.9      58.7
       43        850       0   0.000  0.006    164     1.414          10.0       130.0       120.0      45.3      64.0
       43       1019       0   0.000  0.037    984     1.682          55.3       124.7         0.0      34.9      20.7
       43        949       0   0.000  0.034    936     1.414          62.9       132.9        70.0      34.9      24.7
       43        934       0   0.000  0.023    596     1.414          42.0       118.0       160.0      26.9      38.1
       43        861       0   0.000  0.025    652     1.542          42.0       132.0        90.0      41.5      26.9
       43        968       0   0.000  0.037    988     1.189          84.0       116.0        20.0      29.3      34.9
       43       1092       0   0.000  0.034    908     2.181          42.1       122.1        80.0      34.9      16.0
       43        972       0   0.000  0.018    464     1.834          25.7       120.2       145.9      32.0      17.4
       43        989       0   0.000  0.015    400     1.189          34.7       114.7        80.0      32.0      26.9
       43        825       0   0.000  0.021    632     1.414          41.8       131.8        90.0      41.5      29.3
       43        774       0   0.000  0.028    772     1.297          62.7       132.7        70.0      45.3      58.7
       43       1030       0   0.000  0.040   1056     1.834          63.2       140.3        23.5      34.9      19.0
       43        915       0   0.000  0.019    500     1.297          42.1       117.9       160.0      32.0      24.7
       43        901       0   0.000  0.017    448     1.414          34.1       115.9       150.0      29.3      41.5
       43       1091       0   0.000  0.022    576     1.091          60.0       120.0         0.0      29.3      26.9
       43       1015       0   0.000  0.018    480     2.000          27.0       113.0       140.0      32.0      16.0
       43       1084       0   0.000  0.014    376     1.091          40.0       120.0        80.0      29.3      26.9
       43        870       0   0.000  0.034    900     1.682          64.7       135.3        20.0      34.9      58.7
       43        908       0   0.000  0.026    696     1.682          50.0       120.0       170.0      32.0      19.0
       43       1086       0   0.000  0.014    376     1.138          40.0       150.0        10.0      32.0      28.1
       43        979       0   0.000  0.018    496     1.414          42.6       137.4         0.0      45.3      32.0
       43        907       0   0.000  0.030    792     1.542          64.0       126.0        10.0      34.9      53.8
       43        807       0   0.000  0.012    340     1.414          30.0       130.0       100.0      38.1      53.8
       43        881       0   0.000  0.040   1088     2.000          70.7       135.8        65.1      45.3      22.6
       43        980       0   0.000  0.018    472     1.189          53.6       123.6        70.0      32.0      26.9
       43        914       0   0.000  0.036    976     2.594          51.1       131.1        80.0      45.3      17.4
       43        777       0   0.000  0.014    428     1.414          37.3       132.7       170.0      38.1      53.8
       43        831       0   0.000  0.017    484     1.297          48.5       137.2        88.7      29.3      22.6
       43        872       0   0.000  0.022    580     2.000          41.2       133.6        92.3      38.1      19.0
       43       1016       0   0.000  0.008    208     1.542          19.2       120.8       140.0      32.0      20.7
       43        898       0   0.000  0.035    924     1.682          87.3       121.7        34.4      34.9      20.7
       43       1007       0   0.000  0.011    304     1.542          30.0       130.0       100.0      38.1      24.7
       43        886       0   0.000  0.009    232     1.834          20.0       120.0       100.0      29.3      16.0
       43        796       0   0.000  0.009    244     1.297          30.0       140.0       110.0      29.3      22.6
       43        755       0   0.000  0.015    408     1.682          40.0       130.0        90.0      45.3      26.9
       43        806       0   0.000  0.004    116     1.834          10.0       130.0       120.0      38.1      20.7
       43        945       0   0.000  0.022    592     1.682          60.6       136.5        75.9      34.9      20.7
       43       1068       0   0.000  0.013    336     1.189          49.3       120.7       170.0      29.3      24.7
       43        976       0   0.000  0.011    300     1.682          30.8       120.0        89.2      29.3      17.4
       43        889       0   0.000  0.007    204     1.682          20.0       130.0       110.0      49.4      29.3
       43        911       0   0.000  0.009    252     1.091          41.3       131.3        90.0      34.9      32.0
       43        939       0   0.000  0.023    616     1.297          90.0       150.0        60.0      34.9      45.3
       43        842       0   0.000  0.006    168     1.414          21.9       138.1       160.0      41.5      58.7
       43       1035       0   0.000  0.012    316     1.542          40.0       120.0        80.0      29.3      19.0
       43        879       0   0.000  0.012    324     1.297          47.3       135.1         2.3      41.5      32.0
       43       1033       0   0.000  0.015    392     1.682          49.2       130.8         0.0      34.9      20.7
       43        836       0   0.000  0.007    188     1.682          23.0       112.8        89.8      32.0      19.0
       43        821       0   0.000  0.021    564     2.378          53.2       143.2        90.0      34.9      83.0
       43        954       0   0.000  0.016    436     2.000          50.5       130.3        79.7      45.3      22.6
       43        938       0   0.000  0.008    204     1.414          35.7       125.7        90.0      34.9      49.4
       43        759       0   0.000  0.025    740     3.084          54.7       114.7        60.0      32.0      98.7
       43        984       0   0.000  0.013    368     1.414          65.9       132.2        66.2      38.1      26.9
       43        768       0   0.000  0.004    120     1.682          20.0       130.0       110.0      41.5      69.8
       43       1031       0   0.000  0.012    304     1.091          87.5       142.5        50.0      34.9      32.0
       43       1047       0   0.000  0.001     16     1.834           2.5       140.0       137.5      41.5      22.6
       43        854       0   0.000  0.006    164     1.682          40.0       130.0        90.0      41.5      69.8
       43        742       0   0.000  0.006    148     1.542          40.0       130.0       170.0      45.3      69.8
       43       1037       0   0.000  0.007    184     1.000          79.1       110.9        10.0      32.0      32.0
       43        953       0   0.000  0.003     84     1.189          30.0       140.0       170.0      34.9      29.3
       43        978       0   0.000  0.002     48     1.000          20.0       140.0       160.0      29.3      29.3
       43        919       0   0.000  0.008    220     1.682          60.0       120.0         0.0      32.0      53.8
       43       1062       0   0.000  0.004    100     1.189          38.4       118.4        80.0      26.9      32.0
       43        795       0   0.000  0.001     40     1.834           9.0       131.0       140.0      38.1      20.7
       43        928       0   0.000  0.006    156     1.682          41.5       118.7       160.3      29.3      17.4
       43        826       0   0.000  0.002     60     2.828          10.0       110.0       120.0      32.0      90.5
       43        948       0   0.000  0.008    204     1.542          70.0       120.0        10.0      32.0      49.4
       43       1065       0   0.000  0.007    204     1.297          81.4       122.1        40.7      34.9      26.9
       43       1056       0   0.000  0.005    124     1.682          40.0       140.0         0.0      41.5      24.7
       43       1000       0   0.000  0.006    148     1.091          80.0       120.0        40.0      34.9      38.1
       43       1025       0   0.000  0.005    132     2.000          40.0       130.0        90.0      45.3      22.6
       43       1020       0   0.000  0.006    152     1.189          80.8       130.8        50.0      34.9      29.3
       43        862       0   0.000  0.004    104     1.834          35.8       135.8       100.0      38.1      69.8
       43       1070       0   0.000  0.003     84     1.091          50.0       110.0        60.0      34.9      32.0
       43        875       0   0.000  0.002     48     1.542          20.0       130.0       110.0      41.5      64.0
       43       1050       0   0.000  0.002     64     1.414          30.0       110.0        80.0      32.0      22.6
       43       1076       0   0.000  0.001     32     2.000          10.0       110.0       100.0      32.0      16.0
       43        883       0   0.000  0.005    136     1.682          65.6       135.3        69.7      38.1      22.6
       43        873       0   0.000  0.002     44     2.000          20.0       110.0       130.0      32.0      64.0
       43        851       0   0.000  0.003     68     1.682          40.0       140.0         0.0      41.5      69.8
       43        958       0   0.000  0.004    112     1.682          68.9       118.9        50.0      29.3      49.4
       43        992       0   0.000  0.002     60     1.414          53.3       136.7        10.0      41.5      29.3
       43       1009       0   0.000  0.002     48     2.828          23.3       130.0       153.3      45.3      16.0
       43       1093       0   0.000  0.002     64     1.682          61.9       131.9        70.0      45.3      26.9
       43       1083       0   0.000  0.002     56     1.917          50.0       130.0         0.0      43.4      22.6
       43       1044       0   0.000  0.001     36     1.091          60.0       110.0       170.0      32.0      34.9
       43        963       0   0.000  0.000     12     2.000          10.0       130.0       120.0      45.3      22.6
       43        818       0   0.000  0.000      8     1.297          10.0       140.0       130.0      41.5      32.0
       43       1057       0   0.000  0.001     32     1.834          40.0       130.0       170.0      41.5      22.6
       43        745       0   0.000  0.001     28     2.378          28.6       138.6       110.0      38.1      16.0
       43        913       0   0.000  0.001     24     1.542          60.0       140.0        80.0      41.5      26.9
       43        998       0   0.000  0.000      4     2.000          10.0       140.0       150.0      45.3      22.6
       43        840       0   0.000  0.000      4     2.181          10.0       110.0       120.0      34.9      76.1
       43        910       0   0.000  0.001     16     1.682          60.0       130.0        10.0      34.9      58.7
       43       1002       0   0.000  0.000      8     1.091          90.0       140.0        50.0      41.5      38.1
       43        712       0   0.000  0.000      0       nan           nan         nan         nan       nan       nan
       43        725       0   0.000  0.000      0       nan           nan         nan         nan       nan       nan
       43        727       0   0.000  0.000      0       nan           nan         nan         nan       nan       nan
       43        733       0   0.000  0.000      0       nan           nan         nan         nan       nan       nan
       43        735       0   0.000  0.000      0       nan           nan         nan         nan       nan       nan
       43        736       0   0.000  0.000      0       nan           nan         nan         nan       nan       nan
       43        740       0   0.000  0.000      0       nan           nan         nan         nan       nan       nan
       43        746       0   0.000  0.000      0       nan           nan         nan         nan       nan       nan
       43        748       0   0.000  0.000      0       nan           nan         nan         nan       nan       nan
       43        751       0   0.000  0.000      0       nan           nan         nan         nan       nan       nan
       43        753       0   0.000  0.000      0       nan           nan         nan         nan       nan       nan
       43        758       0   0.000  0.000      0       nan           nan         nan         nan       nan       nan
       43        765       0   0.000  0.000      0       nan           nan         nan         nan       nan       nan
       43        766       0   0.000  0.000      0       nan           nan         nan         nan       nan       nan
       43        767       0   0.000  0.000      0       nan           nan         nan         nan       nan       nan
       43        772       0   0.000  0.000      0       nan           nan         nan         nan       nan       nan
       43        776       0   0.000  0.000      0       nan           nan         nan         nan       nan       nan
       43        778       0   0.000  0.000      0       nan           nan         nan         nan       nan       nan
       43        779       0   0.000  0.000      0       nan           nan         nan         nan       nan       nan
       43        781       0   0.000  0.000      0       nan           nan         nan         nan       nan       nan
       43        782       0   0.000  0.000      0       nan           nan         nan         nan       nan       nan
       43        783       0   0.000  0.000      0       nan           nan         nan         nan       nan       nan
       43        784       0   0.000  0.000      0       nan           nan         nan         nan       nan       nan
       43        786       0   0.000  0.000      0       nan           nan         nan         nan       nan       nan
       43        791       0   0.000  0.000      0       nan           nan         nan         nan       nan       nan
       43        792       0   0.000  0.000      0       nan           nan         nan         nan       nan       nan
       43        794       0   0.000  0.000      0       nan           nan         nan         nan       nan       nan
       43        797       0   0.000  0.000      0       nan           nan         nan         nan       nan       nan
       43        799       0   0.000  0.000      0       nan           nan         nan         nan       nan       nan
       43        802       0   0.000  0.000      0       nan           nan         nan         nan       nan       nan
       43        804       0   0.000  0.000      0       nan           nan         nan         nan       nan       nan
       43        805       0   0.000  0.000      0       nan           nan         nan         nan       nan       nan
       43        810       0   0.000  0.000      0       nan           nan         nan         nan       nan       nan
       43        811       0   0.000  0.000      0       nan           nan         nan         nan       nan       nan
       43        812       0   0.000  0.000      0       nan           nan         nan         nan       nan       nan
       43        817       0   0.000  0.000      0       nan           nan         nan         nan       nan       nan
       43        820       0   0.000  0.000      0       nan           nan         nan         nan       nan       nan
       43        824       0   0.000  0.000      0       nan           nan         nan         nan       nan       nan
       43        827       0   0.000  0.000      0       nan           nan         nan         nan       nan       nan
       43        828       0   0.000  0.000      0       nan           nan         nan         nan       nan       nan
       43        829       0   0.000  0.000      0       nan           nan         nan         nan       nan       nan
       43        830       0   0.000  0.000      0       nan           nan         nan         nan       nan       nan
       43        839       0   0.000  0.000      0       nan           nan         nan         nan       nan       nan
       43        841       0   0.000  0.000      0       nan           nan         nan         nan       nan       nan
       43        846       0   0.000  0.000      0       nan           nan         nan         nan       nan       nan
       43        847       0   0.000  0.000      0       nan           nan         nan         nan       nan       nan
       43        849       0   0.000  0.000      0       nan           nan         nan         nan       nan       nan
       43        852       0   0.000  0.000      0       nan           nan         nan         nan       nan       nan
       43        853       0   0.000  0.000      0       nan           nan         nan         nan       nan       nan
       43        855       0   0.000  0.000      0       nan           nan         nan         nan       nan       nan
       43        856       0   0.000  0.000      0       nan           nan         nan         nan       nan       nan
       43        857       0   0.000  0.000      0       nan           nan         nan         nan       nan       nan
       43        858       0   0.000  0.000      0       nan           nan         nan         nan       nan       nan
       43        859       0   0.000  0.000      0       nan           nan         nan         nan       nan       nan
       43        860       0   0.000  0.000      0       nan           nan         nan         nan       nan       nan
       43        864       0   0.000  0.000      0       nan           nan         nan         nan       nan       nan
       43        867       0   0.000  0.000      0       nan           nan         nan         nan       nan       nan
       43        868       0   0.000  0.000      0       nan           nan         nan         nan       nan       nan
       43        869       0   0.000  0.000      0       nan           nan         nan         nan       nan       nan
       43        871       0   0.000  0.000      0       nan           nan         nan         nan       nan       nan
       43        876       0   0.000  0.000      0       nan           nan         nan         nan       nan       nan
       43        877       0   0.000  0.000      0       nan           nan         nan         nan       nan       nan
       43        880       0   0.000  0.000      0       nan           nan         nan         nan       nan       nan
       43        882       0   0.000  0.000      0       nan           nan         nan         nan       nan       nan
       43        884       0   0.000  0.000      0       nan           nan         nan         nan       nan       nan
       43        885       0   0.000  0.000      0       nan           nan         nan         nan       nan       nan
       43        888       0   0.000  0.000      0       nan           nan         nan         nan       nan       nan
       43        890       0   0.000  0.000      0       nan           nan         nan         nan       nan       nan
       43        892       0   0.000  0.000      0       nan           nan         nan         nan       nan       nan
       43        893       0   0.000  0.000      0       nan           nan         nan         nan       nan       nan
       43        894       0   0.000  0.000      0       nan           nan         nan         nan       nan       nan
       43        897       0   0.000  0.000      0       nan           nan         nan         nan       nan       nan
       43        902       0   0.000  0.000      0       nan           nan         nan         nan       nan       nan
       43        903       0   0.000  0.000      0       nan           nan         nan         nan       nan       nan
       43        904       0   0.000  0.000      0       nan           nan         nan         nan       nan       nan
       43        905       0   0.000  0.000      0       nan           nan         nan         nan       nan       nan
       43        912       0   0.000  0.000      0       nan           nan         nan         nan       nan       nan
       43        916       0   0.000  0.000      0       nan           nan         nan         nan       nan       nan
       43        918       0   0.000  0.000      0       nan           nan         nan         nan       nan       nan
       43        920       0   0.000  0.000      0       nan           nan         nan         nan       nan       nan
       43        921       0   0.000  0.000      0       nan           nan         nan         nan       nan       nan
       43        922       0   0.000  0.000      0       nan           nan         nan         nan       nan       nan
       43        924       0   0.000  0.000      0       nan           nan         nan         nan       nan       nan
       43        925       0   0.000  0.000      0       nan           nan         nan         nan       nan       nan
       43        926       0   0.000  0.000      0       nan           nan         nan         nan       nan       nan
       43        927       0   0.000  0.000      0       nan           nan         nan         nan       nan       nan
       43        930       0   0.000  0.000      0       nan           nan         nan         nan       nan       nan
       43        931       0   0.000  0.000      0       nan           nan         nan         nan       nan       nan
       43        932       0   0.000  0.000      0       nan           nan         nan         nan       nan       nan
       43        933       0   0.000  0.000      0       nan           nan         nan         nan       nan       nan
       43        936       0   0.000  0.000      0       nan           nan         nan         nan       nan       nan
       43        937       0   0.000  0.000      0       nan           nan         nan         nan       nan       nan
       43        940       0   0.000  0.000      0       nan           nan         nan         nan       nan       nan
       43        941       0   0.000  0.000      0       nan           nan         nan         nan       nan       nan
       43        942       0   0.000  0.000      0       nan           nan         nan         nan       nan       nan
       43        943       0   0.000  0.000      0       nan           nan         nan         nan       nan       nan
       43        944       0   0.000  0.000      0       nan           nan         nan         nan       nan       nan
       43        946       0   0.000  0.000      0       nan           nan         nan         nan       nan       nan
       43        947       0   0.000  0.000      0       nan           nan         nan         nan       nan       nan
       43        952       0   0.000  0.000      0       nan           nan         nan         nan       nan       nan
       43        955       0   0.000  0.000      0       nan           nan         nan         nan       nan       nan
       43        956       0   0.000  0.000      0       nan           nan         nan         nan       nan       nan
       43        959       0   0.000  0.000      0       nan           nan         nan         nan       nan       nan
       43        960       0   0.000  0.000      0       nan           nan         nan         nan       nan       nan
       43        961       0   0.000  0.000      0       nan           nan         nan         nan       nan       nan
       43        964       0   0.000  0.000      0       nan           nan         nan         nan       nan       nan
       43        965       0   0.000  0.000      0       nan           nan         nan         nan       nan       nan
       43        966       0   0.000  0.000      0       nan           nan         nan         nan       nan       nan
       43        967       0   0.000  0.000      0       nan           nan         nan         nan       nan       nan
       43        969       0   0.000  0.000      0       nan           nan         nan         nan       nan       nan
       43        970       0   0.000  0.000      0       nan           nan         nan         nan       nan       nan
       43        973       0   0.000  0.000      0       nan           nan         nan         nan       nan       nan
       43        974       0   0.000  0.000      0       nan           nan         nan         nan       nan       nan
       43        975       0   0.000  0.000      0       nan           nan         nan         nan       nan       nan
       43        977       0   0.000  0.000      0       nan           nan         nan         nan       nan       nan
       43        981       0   0.000  0.000      0       nan           nan         nan         nan       nan       nan
       43        982       0   0.000  0.000      0       nan           nan         nan         nan       nan       nan
       43        983       0   0.000  0.000      0       nan           nan         nan         nan       nan       nan
       43        985       0   0.000  0.000      0       nan           nan         nan         nan       nan       nan
       43        987       0   0.000  0.000      0       nan           nan         nan         nan       nan       nan
       43        990       0   0.000  0.000      0       nan           nan         nan         nan       nan       nan
       43        991       0   0.000  0.000      0       nan           nan         nan         nan       nan       nan
       43        993       0   0.000  0.000      0       nan           nan         nan         nan       nan       nan
       43        995       0   0.000  0.000      0       nan           nan         nan         nan       nan       nan
       43        997       0   0.000  0.000      0       nan           nan         nan         nan       nan       nan
       43        999       0   0.000  0.000      0       nan           nan         nan         nan       nan       nan
       43       1001       0   0.000  0.000      0       nan           nan         nan         nan       nan       nan
       43       1003       0   0.000  0.000      0       nan           nan         nan         nan       nan       nan
       43       1004       0   0.000  0.000      0       nan           nan         nan         nan       nan       nan
       43       1005       0   0.000  0.000      0       nan           nan         nan         nan       nan       nan
       43       1006       0   0.000  0.000      0       nan           nan         nan         nan       nan       nan
       43       1010       0   0.000  0.000      0       nan           nan         nan         nan       nan       nan
       43       1011       0   0.000  0.000      0       nan           nan         nan         nan       nan       nan
       43       1012       0   0.000  0.000      0       nan           nan         nan         nan       nan       nan
       43       1013       0   0.000  0.000      0       nan           nan         nan         nan       nan       nan
       43       1014       0   0.000  0.000      0       nan           nan         nan         nan       nan       nan
       43       1018       0   0.000  0.000      0       nan           nan         nan         nan       nan       nan
       43       1021       0   0.000  0.000      0       nan           nan         nan         nan       nan       nan
       43       1022       0   0.000  0.000      0       nan           nan         nan         nan       nan       nan
       43       1023       0   0.000  0.000      0       nan           nan         nan         nan       nan       nan
       43       1024       0   0.000  0.000      0       nan           nan         nan         nan       nan       nan
       43       1026       0   0.000  0.000      0       nan           nan         nan         nan       nan       nan
       43       1027       0   0.000  0.000      0       nan           nan         nan         nan       nan       nan
       43       1028       0   0.000  0.000      0       nan           nan         nan         nan       nan       nan
       43       1029       0   0.000  0.000      0       nan           nan         nan         nan       nan       nan
       43       1032       0   0.000  0.000      0       nan           nan         nan         nan       nan       nan
       43       1034       0   0.000  0.000      0       nan           nan         nan         nan       nan       nan
       43       1036       0   0.000  0.000      0       nan           nan         nan         nan       nan       nan
       43       1038       0   0.000  0.000      0       nan           nan         nan         nan       nan       nan
       43       1039       0   0.000  0.000      0       nan           nan         nan         nan       nan       nan
       43       1040       0   0.000  0.000      0       nan           nan         nan         nan       nan       nan
       43       1041       0   0.000  0.000      0       nan           nan         nan         nan       nan       nan
       43       1042       0   0.000  0.000      0       nan           nan         nan         nan       nan       nan
       43       1043       0   0.000  0.000      0       nan           nan         nan         nan       nan       nan
       43       1045       0   0.000  0.000      0       nan           nan         nan         nan       nan       nan
       43       1046       0   0.000  0.000      0       nan           nan         nan         nan       nan       nan
       43       1048       0   0.000  0.000      0       nan           nan         nan         nan       nan       nan
       43       1049       0   0.000  0.000      0       nan           nan         nan         nan       nan       nan
       43       1051       0   0.000  0.000      0       nan           nan         nan         nan       nan       nan
       43       1052       0   0.000  0.000      0       nan           nan         nan         nan       nan       nan
       43       1053       0   0.000  0.000      0       nan           nan         nan         nan       nan       nan
       43       1054       0   0.000  0.000      0       nan           nan         nan         nan       nan       nan
       43       1055       0   0.000  0.000      0       nan           nan         nan         nan       nan       nan
       43       1058       0   0.000  0.000      0       nan           nan         nan         nan       nan       nan
       43       1059       0   0.000  0.000      0       nan           nan         nan         nan       nan       nan
       43       1061       0   0.000  0.000      0       nan           nan         nan         nan       nan       nan
       43       1063       0   0.000  0.000      0       nan           nan         nan         nan       nan       nan
       43       1064       0   0.000  0.000      0       nan           nan         nan         nan       nan       nan
       43       1067       0   0.000  0.000      0       nan           nan         nan         nan       nan       nan
       43       1069       0   0.000  0.000      0       nan           nan         nan         nan       nan       nan
       43       1071       0   0.000  0.000      0       nan           nan         nan         nan       nan       nan
       43       1072       0   0.000  0.000      0       nan           nan         nan         nan       nan       nan
       43       1073       0   0.000  0.000      0       nan           nan         nan         nan       nan       nan
       43       1074       0   0.000  0.000      0       nan           nan         nan         nan       nan       nan
       43       1075       0   0.000  0.000      0       nan           nan         nan         nan       nan       nan
       43       1077       0   0.000  0.000      0       nan           nan         nan         nan       nan       nan
       43       1078       0   0.000  0.000      0       nan           nan         nan         nan       nan       nan
       43       1079       0   0.000  0.000      0       nan           nan         nan         nan       nan       nan
       43       1080       0   0.000  0.000      0       nan           nan         nan         nan       nan       nan
       43       1081       0   0.000  0.000      0       nan           nan         nan         nan       nan       nan
       43       1082       0   0.000  0.000      0       nan           nan         nan         nan       nan       nan
       43       1085       0   0.000  0.000      0       nan           nan         nan         nan       nan       nan
       43       1087       0   0.000  0.000      0       nan           nan         nan         nan       nan       nan
       43       1088       0   0.000  0.000      0       nan           nan         nan         nan       nan       nan
       43       1089       0   0.000  0.000      0       nan           nan         nan         nan       nan       nan
       43       1090       0   0.000  0.000      0       nan           nan         nan         nan       nan       nan
       43       1094       0   0.000  0.000      0       nan           nan         nan         nan       nan       nan
       44        770       0   0.091  0.300   2692     2.378           0.4       110.4       110.0      29.3      69.8
       44        704       0   0.066  0.145   4424     2.181           0.0       111.6       111.6      29.3      64.0
       44        699       1   0.054  0.166   8308     1.091           1.8       110.6       112.4      26.9      29.3
       44        962       0   0.047  0.083    752     1.682           0.1       110.0       110.1      26.9      16.0
       44        720       0   0.042  0.289   4396     2.000           2.4       112.1       109.7      29.3      58.7
       44        709       0   0.028  0.192   3796     1.682           3.1       108.4       105.3      29.3      17.4
       44        700       1   0.025  0.316   8432     1.091          10.4       110.4       100.0      26.9      29.3
       44        816       0   0.015  0.061    540     1.834           1.2       111.2       110.0      29.3      16.0
       44        763       0   0.014  0.341   3132     2.181          10.2       109.8       120.0      29.3      64.0
       44        750       0   0.014  0.404   4100     1.189          23.6       112.4        88.8      26.9      22.6
       44        718       0   0.013  0.173   2716     1.414           8.1       108.4       100.2      29.3      41.5
       44        863       0   0.011  0.370   3312     1.542          21.3       109.2        87.9      29.3      19.0
       44        729       0   0.010  0.272   3700     1.834          14.2       114.2       100.0      29.3      53.8
       44        785       0   0.009  0.222   2228     1.414          16.2       109.8       126.0      32.0      45.3
       44        710       0   0.008  0.171   3880     1.542          12.9       112.9       100.0      29.3      45.3
       44        838       0   0.007  0.237   2464     1.000          33.4       106.2        72.8      32.0      32.0
       44        887       0   0.007  0.041    364     1.682           2.6       107.4       110.0      32.0      19.0
       44        703       0   0.006  0.157   6032     1.682          13.3       112.8        99.4      29.3      49.4
       44        730       0   0.005  0.172   2392     1.091          27.7       117.7        90.0      26.9      24.7
       44        895       0   0.005  0.201   1976     1.542          24.3       111.9       136.2      32.0      20.7
       44        719       0   0.004  0.234   4412     2.000          30.4       114.3        84.0      26.9      53.8
       44        900       0   0.004  0.163   1436     1.000          43.8       105.1        61.3      29.3      29.3
       44        787       0   0.004  0.121   1648     1.000          33.3       113.3        80.0      26.9      26.9
       44        896       0   0.003  0.128   1388     1.091          33.4       113.4        80.0      26.9      29.3
       44        834       0   0.003  0.190   1812     1.414          39.0       111.0       150.0      26.9      19.0
       44        737       0   0.003  0.074   1260     1.189          19.1       109.1        90.0      32.0      38.1
       44        713       0   0.003  0.155   2172     1.297          39.1       110.9       150.0      26.9      20.7
       44        757       0   0.003  0.248   3424     1.834          46.7       114.9        68.2      29.3      53.8
       44        878       0   0.003  0.076    692     1.542          16.8       103.2       120.0      26.9      41.5
       44        743       0   0.003  0.268   3424     1.414          68.1       111.9         0.0      26.9      38.1
       44        744       0   0.003  0.093    932     1.297          25.6       104.4       130.0      26.9      34.9
       44        909       0   0.003  0.064    568     1.189          20.0       100.0       120.0      32.0      38.1
       44        741       0   0.003  0.171   2380     1.414          47.3       112.7       160.0      26.9      38.1
       44        832       0   0.002  0.117   1028     1.834          26.2       103.8       130.0      32.0      58.7
       44        950       0   0.002  0.051    452     1.297          16.2       106.2        90.0      29.3      38.1
       44        843       0   0.002  0.201   1776     1.414          62.1       114.0        51.9      29.3      41.5
       44        732       0   0.002  0.178   2044     1.542          50.2       109.7       159.9      29.3      19.0
       44        790       0   0.002  0.141   1240     3.364          17.7       113.6       131.3      29.3      98.7
       44        874       0   0.002  0.086    928     1.091          36.4       116.4        80.0      24.7      22.6
       44       1017       0   0.002  0.100    884     1.091          42.9       112.9        70.0      29.3      26.9
       44        970       0   0.002  0.052    500     1.189          20.0       100.0       120.0      26.9      22.6
       44        762       0   0.002  0.230   3132     3.084          35.2       114.8       150.0      26.9      83.0
       44        865       0   0.002  0.174   1532     1.682          50.0       110.0       160.0      26.9      45.3
       44       1074       0   0.002  0.028    252     1.189          11.1       100.0        88.9      26.9      22.6
       44        796       0   0.002  0.029    272     1.189          11.7       121.7       110.0      26.9      22.6
       44        836       0   0.002  0.043    396     1.414          17.2       107.1        89.9      26.9      19.0
       44        801       0   0.002  0.164   1832     1.682          58.0       112.0       170.0      29.3      49.4
       44        747       0   0.002  0.051    696     1.091          29.4       120.6       150.0      26.9      24.7
       44        989       0   0.002  0.045    400     1.091          26.6       106.6        80.0      29.3      26.9
       44        986       0   0.001  0.036    320     1.189          20.0       110.0        90.0      26.9      32.0
       44        726       0   0.001  0.371   6944     4.362          59.4       110.6       170.0      26.9     117.4
       44        749       0   0.001  0.062    684     1.189          36.2       116.2        80.0      24.7      20.7
       44       1084       0   0.001  0.043    376     1.000          30.0       110.0        80.0      26.9      26.9
       44        722       0   0.001  0.138   3140     2.378          43.3       117.3        74.0      26.9      64.0
       44        837       0   0.001  0.084    736     1.414          45.9       106.2       152.1      32.0      22.6
       44        831       0   0.001  0.067    728     1.414          36.9       114.5        77.6      32.0      22.6
       44        951       0   0.001  0.092    812     1.682          44.0       103.9       147.9      32.0      19.0
       44        798       0   0.001  0.136   1196     2.828          38.6       111.4       150.0      32.0      90.5
       44        739       0   0.001  0.060    724     2.000          23.9       114.2        90.3      24.7      49.4
       44        886       0   0.001  0.026    232     1.834          12.0       112.0       100.0      29.3      16.0
       44       1015       0   0.001  0.057    504     1.682          30.0       110.0       140.0      26.9      16.0
       44        773       0   0.001  0.083   1084     1.189          65.2       114.8         0.0      29.3      24.7
       44        901       0   0.001  0.072    660     1.682          40.0       110.0       150.0      26.9      45.3
       44       1065       0   0.001  0.075    688     1.189          59.7       102.1        42.4      32.0      26.9
       44        972       0   0.001  0.053    464     1.682          30.5       115.4       145.9      29.3      17.4
       44        705       0   0.001  0.129   5828     4.000          32.4       112.4        80.0      26.9     107.6
       44        968       0   0.001  0.112    988     1.297          90.0       110.0        20.0      26.9      34.9
       44        934       0   0.001  0.068    596     1.414          50.0       110.0       160.0      26.9      38.1
       44       1091       0   0.001  0.062    544     1.000          65.3       114.7         0.0      26.9      26.9
       44        908       0   0.001  0.079    696     1.542          57.6       112.4       170.0      29.3      19.0
       44        915       0   0.001  0.062    548     1.297          54.3       105.7       160.0      32.0      24.7
       44       1076       0   0.001  0.016    144     1.682          10.0       110.0       100.0      26.9      16.0
       44        976       0   0.001  0.034    300     1.682          22.5       111.7        89.2      29.3      17.4
       44        906       0   0.001  0.076    748     1.297          71.4       120.5        49.1      26.9      34.9
       44       1035       0   0.001  0.036    316     1.297          35.1       115.1        80.0      24.7      19.0
       44       1016       0   0.001  0.024    208     1.414          22.8       117.2       140.0      29.3      20.7
       44        723       0   0.001  0.034    420     1.091          42.8       107.2       150.0      26.9      29.3
       44        844       0   0.001  0.018    160     2.378          10.0       100.0       110.0      32.0      76.1
       44       1068       0   0.001  0.038    336     1.000          54.8       115.2       170.0      24.7      24.7
       44       1019       0   0.001  0.062    568     1.414          68.5       111.5         0.0      29.3      20.7
       44        707       0   0.001  0.145   4044     3.364          69.0       109.5        40.6      26.9      90.5
       44       1062       0   0.001  0.017    152     1.189          25.0       105.0        80.0      26.9      32.0
       44        708       0   0.001  0.053   1372     2.594          37.3       117.3        80.0      26.9      69.8
       44       1070       0   0.001  0.022    192     1.000          40.0       100.0        60.0      32.0      32.0
       44        981       0   0.001  0.007     72     1.297          10.0       100.0       110.0      26.9      20.7
       44       1050       0   0.001  0.019    172     1.189          30.0       110.0        80.0      26.9      22.6
       44        724       0   0.000  0.017    404     2.181          15.5       115.5       100.0      24.7      53.8
       44        840       0   0.000  0.023    200     2.378          20.0       100.0       120.0      32.0      76.1
       44        759       0   0.000  0.080    980     3.668          49.8       109.8        60.0      26.9      98.7
       44        928       0   0.000  0.030    288     1.414          50.4       109.9       160.3      26.9      19.0
       44        911       0   0.000  0.008     76     1.297          14.1       104.1        90.0      26.9      34.9
       44        715       0   0.000  0.021    308     1.414          35.5       125.5        90.0      26.9      19.0
       44       1090       0   0.000  0.026    240     1.542          44.3       100.0        55.7      32.0      20.7
       44        898       0   0.000  0.041    380     1.297          86.2       127.0        33.2      26.9      20.7
       44        702       0   0.000  0.009    120     1.297          18.9       117.5       136.3      24.7      19.0
       44        823       0   0.000  0.017    156     1.542          34.5       115.5       150.0      24.7      16.0
       44        754       0   0.000  0.005     52     1.414          10.0       130.0       120.0      26.9      19.0
       44        907       0   0.000  0.040    368     1.834          75.9       114.1        10.0      29.3      53.8
       44        873       0   0.000  0.017    152     2.000          30.0       100.0       130.0      32.0      64.0
       44        980       0   0.000  0.017    156     1.091          55.9       125.9        70.0      26.9      29.3
       44        833       0   0.000  0.017    156     2.378          30.0       120.0        90.0      24.7      58.7
       44       1037       0   0.000  0.021    184     1.189          80.0       110.0        10.0      26.9      32.0
       44        919       0   0.000  0.025    220     1.834          70.0       110.0         0.0      29.3      53.8
       44        948       0   0.000  0.023    204     1.682          80.0       110.0        10.0      29.3      49.4
       44        733       0   0.000  0.007    132     4.362          10.0       100.0        90.0      26.9     117.4
       44        958       0   0.000  0.013    112     1.682          61.3       111.3        50.0      29.3      49.4
       44        826       0   0.000  0.007     60     3.084          17.4       102.6       120.0      29.3      90.5
       44       1000       0   0.000  0.013    116     1.414          90.0       130.0        40.0      26.9      38.1
       44        872       0   0.000  0.002     16     1.478          10.0       110.0       100.0      25.8      17.4
       44        978       0   0.000  0.003     32     1.091          30.0       130.0       160.0      26.9      29.3
       44       1092       0   0.000  0.006     56     1.542          50.0       130.0        80.0      26.9      17.4
       44       1085       0   0.000  0.002     16     1.414          20.0       100.0       120.0      26.9      19.0
       44       1044       0   0.000  0.004     36     1.189          60.0       110.0       170.0      29.3      34.9
       44        949       0   0.000  0.002     20     1.091          30.0       100.0        70.0      26.9      24.7
       44        771       0   0.000  0.003     36     2.594          20.0       120.0       100.0      24.7      64.0
       44        738       0   0.000  0.001     20     1.542          20.0       100.0        80.0      26.9      41.5
       44        786       0   0.000  0.003     44     1.682          46.4       100.0        53.6      26.9      45.3
       44        701       0   0.000  0.005    164     2.594          50.0       100.0       150.0      26.9      69.8
       44        910       0   0.000  0.000      4     2.378          70.0       120.0        10.0      24.7      58.7
       44        706       0   0.000  0.000      0       nan           nan         nan         nan       nan       nan
       44        711       0   0.000  0.000      0       nan           nan         nan         nan       nan       nan
       44        712       0   0.000  0.000      0       nan           nan         nan         nan       nan       nan
       44        714       0   0.000  0.000      0       nan           nan         nan         nan       nan       nan
       44        716       0   0.000  0.000      0       nan           nan         nan         nan       nan       nan
       44        717       0   0.000  0.000      0       nan           nan         nan         nan       nan       nan
       44        721       0   0.000  0.000      0       nan           nan         nan         nan       nan       nan
       44        725       0   0.000  0.000      0       nan           nan         nan         nan       nan       nan
       44        727       0   0.000  0.000      0       nan           nan         nan         nan       nan       nan
       44        728       0   0.000  0.000      0       nan           nan         nan         nan       nan       nan
       44        731       0   0.000  0.000      0       nan           nan         nan         nan       nan       nan
       44        734       0   0.000  0.000      0       nan           nan         nan         nan       nan       nan
       44        735       0   0.000  0.000      0       nan           nan         nan         nan       nan       nan
       44        736       0   0.000  0.000      0       nan           nan         nan         nan       nan       nan
       44        740       0   0.000  0.000      0       nan           nan         nan         nan       nan       nan
       44        742       0   0.000  0.000      0       nan           nan         nan         nan       nan       nan
       44        745       0   0.000  0.000      0       nan           nan         nan         nan       nan       nan
       44        746       0   0.000  0.000      0       nan           nan         nan         nan       nan       nan
       44        748       0   0.000  0.000      0       nan           nan         nan         nan       nan       nan
       44        751       0   0.000  0.000      0       nan           nan         nan         nan       nan       nan
       44        752       0   0.000  0.000      0       nan           nan         nan         nan       nan       nan
       44        753       0   0.000  0.000      0       nan           nan         nan         nan       nan       nan
       44        755       0   0.000  0.000      0       nan           nan         nan         nan       nan       nan
       44        756       0   0.000  0.000      0       nan           nan         nan         nan       nan       nan
       44        758       0   0.000  0.000      0       nan           nan         nan         nan       nan       nan
       44        760       0   0.000  0.000      0       nan           nan         nan         nan       nan       nan
       44        761       0   0.000  0.000      0       nan           nan         nan         nan       nan       nan
       44        764       0   0.000  0.000      0       nan           nan         nan         nan       nan       nan
       44        765       0   0.000  0.000      0       nan           nan         nan         nan       nan       nan
       44        766       0   0.000  0.000      0       nan           nan         nan         nan       nan       nan
       44        767       0   0.000  0.000      0       nan           nan         nan         nan       nan       nan
       44        768       0   0.000  0.000      0       nan           nan         nan         nan       nan       nan
       44        769       0   0.000  0.000      0       nan           nan         nan         nan       nan       nan
       44        772       0   0.000  0.000      0       nan           nan         nan         nan       nan       nan
       44        774       0   0.000  0.000      0       nan           nan         nan         nan       nan       nan
       44        775       0   0.000  0.000      0       nan           nan         nan         nan       nan       nan
       44        776       0   0.000  0.000      0       nan           nan         nan         nan       nan       nan
       44        777       0   0.000  0.000      0       nan           nan         nan         nan       nan       nan
       44        778       0   0.000  0.000      0       nan           nan         nan         nan       nan       nan
       44        779       0   0.000  0.000      0       nan           nan         nan         nan       nan       nan
       44        780       0   0.000  0.000      0       nan           nan         nan         nan       nan       nan
       44        781       0   0.000  0.000      0       nan           nan         nan         nan       nan       nan
       44        782       0   0.000  0.000      0       nan           nan         nan         nan       nan       nan
       44        783       0   0.000  0.000      0       nan           nan         nan         nan       nan       nan
       44        784       0   0.000  0.000      0       nan           nan         nan         nan       nan       nan
       44        788       0   0.000  0.000      0       nan           nan         nan         nan       nan       nan
       44        789       0   0.000  0.000      0       nan           nan         nan         nan       nan       nan
       44        791       0   0.000  0.000      0       nan           nan         nan         nan       nan       nan
       44        792       0   0.000  0.000      0       nan           nan         nan         nan       nan       nan
       44        793       0   0.000  0.000      0       nan           nan         nan         nan       nan       nan
       44        794       0   0.000  0.000      0       nan           nan         nan         nan       nan       nan
       44        795       0   0.000  0.000      0       nan           nan         nan         nan       nan       nan
       44        797       0   0.000  0.000      0       nan           nan         nan         nan       nan       nan
       44        799       0   0.000  0.000      0       nan           nan         nan         nan       nan       nan
       44        800       0   0.000  0.000      0       nan           nan         nan         nan       nan       nan
       44        802       0   0.000  0.000      0       nan           nan         nan         nan       nan       nan
       44        803       0   0.000  0.000      0       nan           nan         nan         nan       nan       nan
       44        804       0   0.000  0.000      0       nan           nan         nan         nan       nan       nan
       44        805       0   0.000  0.000      0       nan           nan         nan         nan       nan       nan
       44        806       0   0.000  0.000      0       nan           nan         nan         nan       nan       nan
       44        807       0   0.000  0.000      0       nan           nan         nan         nan       nan       nan
       44        808       0   0.000  0.000      0       nan           nan         nan         nan       nan       nan
       44        809       0   0.000  0.000      0       nan           nan         nan         nan       nan       nan
       44        810       0   0.000  0.000      0       nan           nan         nan         nan       nan       nan
       44        811       0   0.000  0.000      0       nan           nan         nan         nan       nan       nan
       44        812       0   0.000  0.000      0       nan           nan         nan         nan       nan       nan
       44        813       0   0.000  0.000      0       nan           nan         nan         nan       nan       nan
       44        814       0   0.000  0.000      0       nan           nan         nan         nan       nan       nan
       44        815       0   0.000  0.000      0       nan           nan         nan         nan       nan       nan
       44        817       0   0.000  0.000      0       nan           nan         nan         nan       nan       nan
       44        818       0   0.000  0.000      0       nan           nan         nan         nan       nan       nan
       44        819       0   0.000  0.000      0       nan           nan         nan         nan       nan       nan
       44        820       0   0.000  0.000      0       nan           nan         nan         nan       nan       nan
       44        821       0   0.000  0.000      0       nan           nan         nan         nan       nan       nan
       44        822       0   0.000  0.000      0       nan           nan         nan         nan       nan       nan
       44        824       0   0.000  0.000      0       nan           nan         nan         nan       nan       nan
       44        825       0   0.000  0.000      0       nan           nan         nan         nan       nan       nan
       44        827       0   0.000  0.000      0       nan           nan         nan         nan       nan       nan
       44        828       0   0.000  0.000      0       nan           nan         nan         nan       nan       nan
       44        829       0   0.000  0.000      0       nan           nan         nan         nan       nan       nan
       44        830       0   0.000  0.000      0       nan           nan         nan         nan       nan       nan
       44        835       0   0.000  0.000      0       nan           nan         nan         nan       nan       nan
       44        839       0   0.000  0.000      0       nan           nan         nan         nan       nan       nan
       44        841       0   0.000  0.000      0       nan           nan         nan         nan       nan       nan
       44        842       0   0.000  0.000      0       nan           nan         nan         nan       nan       nan
       44        845       0   0.000  0.000      0       nan           nan         nan         nan       nan       nan
       44        846       0   0.000  0.000      0       nan           nan         nan         nan       nan       nan
       44        847       0   0.000  0.000      0       nan           nan         nan         nan       nan       nan
       44        848       0   0.000  0.000      0       nan           nan         nan         nan       nan       nan
       44        849       0   0.000  0.000      0       nan           nan         nan         nan       nan       nan
       44        850       0   0.000  0.000      0       nan           nan         nan         nan       nan       nan
       44        851       0   0.000  0.000      0       nan           nan         nan         nan       nan       nan
       44        852       0   0.000  0.000      0       nan           nan         nan         nan       nan       nan
       44        853       0   0.000  0.000      0       nan           nan         nan         nan       nan       nan
       44        854       0   0.000  0.000      0       nan           nan         nan         nan       nan       nan
       44        855       0   0.000  0.000      0       nan           nan         nan         nan       nan       nan
       44        856       0   0.000  0.000      0       nan           nan         nan         nan       nan       nan
       44        857       0   0.000  0.000      0       nan           nan         nan         nan       nan       nan
       44        858       0   0.000  0.000      0       nan           nan         nan         nan       nan       nan
       44        859       0   0.000  0.000      0       nan           nan         nan         nan       nan       nan
       44        860       0   0.000  0.000      0       nan           nan         nan         nan       nan       nan
       44        861       0   0.000  0.000      0       nan           nan         nan         nan       nan       nan
       44        862       0   0.000  0.000      0       nan           nan         nan         nan       nan       nan
       44        864       0   0.000  0.000      0       nan           nan         nan         nan       nan       nan
       44        866       0   0.000  0.000      0       nan           nan         nan         nan       nan       nan
       44        867       0   0.000  0.000      0       nan           nan         nan         nan       nan       nan
       44        868       0   0.000  0.000      0       nan           nan         nan         nan       nan       nan
       44        869       0   0.000  0.000      0       nan           nan         nan         nan       nan       nan
       44        870       0   0.000  0.000      0       nan           nan         nan         nan       nan       nan
       44        871       0   0.000  0.000      0       nan           nan         nan         nan       nan       nan
       44        875       0   0.000  0.000      0       nan           nan         nan         nan       nan       nan
       44        876       0   0.000  0.000      0       nan           nan         nan         nan       nan       nan
       44        877       0   0.000  0.000      0       nan           nan         nan         nan       nan       nan
       44        879       0   0.000  0.000      0       nan           nan         nan         nan       nan       nan
       44        880       0   0.000  0.000      0       nan           nan         nan         nan       nan       nan
       44        881       0   0.000  0.000      0       nan           nan         nan         nan       nan       nan
       44        882       0   0.000  0.000      0       nan           nan         nan         nan       nan       nan
       44        883       0   0.000  0.000      0       nan           nan         nan         nan       nan       nan
       44        884       0   0.000  0.000      0       nan           nan         nan         nan       nan       nan
       44        885       0   0.000  0.000      0       nan           nan         nan         nan       nan       nan
       44        888       0   0.000  0.000      0       nan           nan         nan         nan       nan       nan
       44        889       0   0.000  0.000      0       nan           nan         nan         nan       nan       nan
       44        890       0   0.000  0.000      0       nan           nan         nan         nan       nan       nan
       44        891       0   0.000  0.000      0       nan           nan         nan         nan       nan       nan
       44        892       0   0.000  0.000      0       nan           nan         nan         nan       nan       nan
       44        893       0   0.000  0.000      0       nan           nan         nan         nan       nan       nan
       44        894       0   0.000  0.000      0       nan           nan         nan         nan       nan       nan
       44        897       0   0.000  0.000      0       nan           nan         nan         nan       nan       nan
       44        899       0   0.000  0.000      0       nan           nan         nan         nan       nan       nan
       44        902       0   0.000  0.000      0       nan           nan         nan         nan       nan       nan
       44        903       0   0.000  0.000      0       nan           nan         nan         nan       nan       nan
       44        904       0   0.000  0.000      0       nan           nan         nan         nan       nan       nan
       44        905       0   0.000  0.000      0       nan           nan         nan         nan       nan       nan
       44        912       0   0.000  0.000      0       nan           nan         nan         nan       nan       nan
       44        913       0   0.000  0.000      0       nan           nan         nan         nan       nan       nan
       44        914       0   0.000  0.000      0       nan           nan         nan         nan       nan       nan
       44        916       0   0.000  0.000      0       nan           nan         nan         nan       nan       nan
       44        917       0   0.000  0.000      0       nan           nan         nan         nan       nan       nan
       44        918       0   0.000  0.000      0       nan           nan         nan         nan       nan       nan
       44        920       0   0.000  0.000      0       nan           nan         nan         nan       nan       nan
       44        921       0   0.000  0.000      0       nan           nan         nan         nan       nan       nan
       44        922       0   0.000  0.000      0       nan           nan         nan         nan       nan       nan
       44        923       0   0.000  0.000      0       nan           nan         nan         nan       nan       nan
       44        924       0   0.000  0.000      0       nan           nan         nan         nan       nan       nan
       44        925       0   0.000  0.000      0       nan           nan         nan         nan       nan       nan
       44        926       0   0.000  0.000      0       nan           nan         nan         nan       nan       nan
       44        927       0   0.000  0.000      0       nan           nan         nan         nan       nan       nan
       44        929       0   0.000  0.000      0       nan           nan         nan         nan       nan       nan
       44        930       0   0.000  0.000      0       nan           nan         nan         nan       nan       nan
       44        931       0   0.000  0.000      0       nan           nan         nan         nan       nan       nan
       44        932       0   0.000  0.000      0       nan           nan         nan         nan       nan       nan
       44        933       0   0.000  0.000      0       nan           nan         nan         nan       nan       nan
       44        935       0   0.000  0.000      0       nan           nan         nan         nan       nan       nan
       44        936       0   0.000  0.000      0       nan           nan         nan         nan       nan       nan
       44        937       0   0.000  0.000      0       nan           nan         nan         nan       nan       nan
       44        938       0   0.000  0.000      0       nan           nan         nan         nan       nan       nan
       44        939       0   0.000  0.000      0       nan           nan         nan         nan       nan       nan
       44        940       0   0.000  0.000      0       nan           nan         nan         nan       nan       nan
       44        941       0   0.000  0.000      0       nan           nan         nan         nan       nan       nan
       44        942       0   0.000  0.000      0       nan           nan         nan         nan       nan       nan
       44        943       0   0.000  0.000      0       nan           nan         nan         nan       nan       nan
       44        944       0   0.000  0.000      0       nan           nan         nan         nan       nan       nan
       44        945       0   0.000  0.000      0       nan           nan         nan         nan       nan       nan
       44        946       0   0.000  0.000      0       nan           nan         nan         nan       nan       nan
       44        947       0   0.000  0.000      0       nan           nan         nan         nan       nan       nan
       44        952       0   0.000  0.000      0       nan           nan         nan         nan       nan       nan
       44        953       0   0.000  0.000      0       nan           nan         nan         nan       nan       nan
       44        954       0   0.000  0.000      0       nan           nan         nan         nan       nan       nan
       44        955       0   0.000  0.000      0       nan           nan         nan         nan       nan       nan
       44        956       0   0.000  0.000      0       nan           nan         nan         nan       nan       nan
       44        957       0   0.000  0.000      0       nan           nan         nan         nan       nan       nan
       44        959       0   0.000  0.000      0       nan           nan         nan         nan       nan       nan
       44        960       0   0.000  0.000      0       nan           nan         nan         nan       nan       nan
       44        961       0   0.000  0.000      0       nan           nan         nan         nan       nan       nan
       44        963       0   0.000  0.000      0       nan           nan         nan         nan       nan       nan
       44        964       0   0.000  0.000      0       nan           nan         nan         nan       nan       nan
       44        965       0   0.000  0.000      0       nan           nan         nan         nan       nan       nan
       44        966       0   0.000  0.000      0       nan           nan         nan         nan       nan       nan
       44        967       0   0.000  0.000      0       nan           nan         nan         nan       nan       nan
       44        969       0   0.000  0.000      0       nan           nan         nan         nan       nan       nan
       44        971       0   0.000  0.000      0       nan           nan         nan         nan       nan       nan
       44        973       0   0.000  0.000      0       nan           nan         nan         nan       nan       nan
       44        974       0   0.000  0.000      0       nan           nan         nan         nan       nan       nan
       44        975       0   0.000  0.000      0       nan           nan         nan         nan       nan       nan
       44        977       0   0.000  0.000      0       nan           nan         nan         nan       nan       nan
       44        979       0   0.000  0.000      0       nan           nan         nan         nan       nan       nan
       44        982       0   0.000  0.000      0       nan           nan         nan         nan       nan       nan
       44        983       0   0.000  0.000      0       nan           nan         nan         nan       nan       nan
       44        984       0   0.000  0.000      0       nan           nan         nan         nan       nan       nan
       44        985       0   0.000  0.000      0       nan           nan         nan         nan       nan       nan
       44        987       0   0.000  0.000      0       nan           nan         nan         nan       nan       nan
       44        988       0   0.000  0.000      0       nan           nan         nan         nan       nan       nan
       44        990       0   0.000  0.000      0       nan           nan         nan         nan       nan       nan
       44        991       0   0.000  0.000      0       nan           nan         nan         nan       nan       nan
       44        992       0   0.000  0.000      0       nan           nan         nan         nan       nan       nan
       44        993       0   0.000  0.000      0       nan           nan         nan         nan       nan       nan
       44        994       0   0.000  0.000      0       nan           nan         nan         nan       nan       nan
       44        995       0   0.000  0.000      0       nan           nan         nan         nan       nan       nan
       44        996       0   0.000  0.000      0       nan           nan         nan         nan       nan       nan
       44        997       0   0.000  0.000      0       nan           nan         nan         nan       nan       nan
       44        998       0   0.000  0.000      0       nan           nan         nan         nan       nan       nan
       44        999       0   0.000  0.000      0       nan           nan         nan         nan       nan       nan
       44       1001       0   0.000  0.000      0       nan           nan         nan         nan       nan       nan
       44       1002       0   0.000  0.000      0       nan           nan         nan         nan       nan       nan
       44       1003       0   0.000  0.000      0       nan           nan         nan         nan       nan       nan
       44       1004       0   0.000  0.000      0       nan           nan         nan         nan       nan       nan
       44       1005       0   0.000  0.000      0       nan           nan         nan         nan       nan       nan
       44       1006       0   0.000  0.000      0       nan           nan         nan         nan       nan       nan
       44       1007       0   0.000  0.000      0       nan           nan         nan         nan       nan       nan
       44       1008       0   0.000  0.000      0       nan           nan         nan         nan       nan       nan
       44       1009       0   0.000  0.000      0       nan           nan         nan         nan       nan       nan
       44       1010       0   0.000  0.000      0       nan           nan         nan         nan       nan       nan
       44       1011       0   0.000  0.000      0       nan           nan         nan         nan       nan       nan
       44       1012       0   0.000  0.000      0       nan           nan         nan         nan       nan       nan
       44       1013       0   0.000  0.000      0       nan           nan         nan         nan       nan       nan
       44       1014       0   0.000  0.000      0       nan           nan         nan         nan       nan       nan
       44       1018       0   0.000  0.000      0       nan           nan         nan         nan       nan       nan
       44       1020       0   0.000  0.000      0       nan           nan         nan         nan       nan       nan
       44       1021       0   0.000  0.000      0       nan           nan         nan         nan       nan       nan
       44       1022       0   0.000  0.000      0       nan           nan         nan         nan       nan       nan
       44       1023       0   0.000  0.000      0       nan           nan         nan         nan       nan       nan
       44       1024       0   0.000  0.000      0       nan           nan         nan         nan       nan       nan
       44       1025       0   0.000  0.000      0       nan           nan         nan         nan       nan       nan
       44       1026       0   0.000  0.000      0       nan           nan         nan         nan       nan       nan
       44       1027       0   0.000  0.000      0       nan           nan         nan         nan       nan       nan
       44       1028       0   0.000  0.000      0       nan           nan         nan         nan       nan       nan
       44       1029       0   0.000  0.000      0       nan           nan         nan         nan       nan       nan
       44       1030       0   0.000  0.000      0       nan           nan         nan         nan       nan       nan
       44       1031       0   0.000  0.000      0       nan           nan         nan         nan       nan       nan
       44       1032       0   0.000  0.000      0       nan           nan         nan         nan       nan       nan
       44       1033       0   0.000  0.000      0       nan           nan         nan         nan       nan       nan
       44       1034       0   0.000  0.000      0       nan           nan         nan         nan       nan       nan
       44       1036       0   0.000  0.000      0       nan           nan         nan         nan       nan       nan
       44       1038       0   0.000  0.000      0       nan           nan         nan         nan       nan       nan
       44       1039       0   0.000  0.000      0       nan           nan         nan         nan       nan       nan
       44       1040       0   0.000  0.000      0       nan           nan         nan         nan       nan       nan
       44       1041       0   0.000  0.000      0       nan           nan         nan         nan       nan       nan
       44       1042       0   0.000  0.000      0       nan           nan         nan         nan       nan       nan
       44       1043       0   0.000  0.000      0       nan           nan         nan         nan       nan       nan
       44       1045       0   0.000  0.000      0       nan           nan         nan         nan       nan       nan
       44       1046       0   0.000  0.000      0       nan           nan         nan         nan       nan       nan
       44       1047       0   0.000  0.000      0       nan           nan         nan         nan       nan       nan
       44       1048       0   0.000  0.000      0       nan           nan         nan         nan       nan       nan
       44       1049       0   0.000  0.000      0       nan           nan         nan         nan       nan       nan
       44       1051       0   0.000  0.000      0       nan           nan         nan         nan       nan       nan
       44       1052       0   0.000  0.000      0       nan           nan         nan         nan       nan       nan
       44       1053       0   0.000  0.000      0       nan           nan         nan         nan       nan       nan
       44       1054       0   0.000  0.000      0       nan           nan         nan         nan       nan       nan
       44       1055       0   0.000  0.000      0       nan           nan         nan         nan       nan       nan
       44       1056       0   0.000  0.000      0       nan           nan         nan         nan       nan       nan
       44       1057       0   0.000  0.000      0       nan           nan         nan         nan       nan       nan
       44       1058       0   0.000  0.000      0       nan           nan         nan         nan       nan       nan
       44       1059       0   0.000  0.000      0       nan           nan         nan         nan       nan       nan
       44       1060       0   0.000  0.000      0       nan           nan         nan         nan       nan       nan
       44       1061       0   0.000  0.000      0       nan           nan         nan         nan       nan       nan
       44       1063       0   0.000  0.000      0       nan           nan         nan         nan       nan       nan
       44       1064       0   0.000  0.000      0       nan           nan         nan         nan       nan       nan
       44       1066       0   0.000  0.000      0       nan           nan         nan         nan       nan       nan
       44       1067       0   0.000  0.000      0       nan           nan         nan         nan       nan       nan
       44       1069       0   0.000  0.000      0       nan           nan         nan         nan       nan       nan
       44       1071       0   0.000  0.000      0       nan           nan         nan         nan       nan       nan
       44       1072       0   0.000  0.000      0       nan           nan         nan         nan       nan       nan
       44       1073       0   0.000  0.000      0       nan           nan         nan         nan       nan       nan
       44       1075       0   0.000  0.000      0       nan           nan         nan         nan       nan       nan
       44       1077       0   0.000  0.000      0       nan           nan         nan         nan       nan       nan
       44       1078       0   0.000  0.000      0       nan           nan         nan         nan       nan       nan
       44       1079       0   0.000  0.000      0       nan           nan         nan         nan       nan       nan
       44       1080       0   0.000  0.000      0       nan           nan         nan         nan       nan       nan
       44       1081       0   0.000  0.000      0       nan           nan         nan         nan       nan       nan
       44       1082       0   0.000  0.000      0       nan           nan         nan         nan       nan       nan
       44       1083       0   0.000  0.000      0       nan           nan         nan         nan       nan       nan
       44       1086       0   0.000  0.000      0       nan           nan         nan         nan       nan       nan
       44       1087       0   0.000  0.000      0       nan           nan         nan         nan       nan       nan
       44       1088       0   0.000  0.000      0       nan           nan         nan         nan       nan       nan
       44       1089       0   0.000  0.000      0       nan           nan         nan         nan       nan       nan
       44       1093       0   0.000  0.000      0       nan           nan         nan         nan       nan       nan
       44       1094       0   0.000  0.000      0       nan           nan         nan         nan       nan       nan
       45        699       1   0.120  0.178   9220     1.189           0.3       131.1       130.9      45.3      38.1
       45        764       1   0.099  0.231   3396     1.189           1.0       121.0       120.0      58.7      69.8
       45        845       1   0.085  0.101   1156     1.000           0.2       125.0       125.2      58.7      58.7
       45        706       0   0.041  0.432   6632     1.542           5.8       125.8       120.0      58.7      38.1
       45        717       0   0.021  0.244   2812     1.414           7.4       132.6       140.0      45.3      32.0
       45        819       0   0.017  0.037    428     2.181           0.0       140.0       140.0      38.1      17.4
       45        808       0   0.014  0.249   2860     1.414          11.8       134.8       146.6      41.5      29.3
       45        800       0   0.011  0.189   2424     1.542          10.0       120.0       110.0      53.8      34.9
       45        815       0   0.009  0.137   1568     1.414           9.5       120.5       130.0      58.7      83.0
       45        701       0   0.008  0.163   4836     1.414          12.5       138.2       150.8      41.5      58.7
       45        929       0   0.008  0.113   1300     2.000           6.5       120.0       113.5      53.8      26.9
       45        792       0   0.007  0.008    132     1.189           0.0       120.0       120.0      58.7      49.4
       45        917       0   0.007  0.121   1400     2.181           7.5       122.5       130.0      58.7      26.9
       45        793       0   0.006  0.105   1288     2.378           6.2       136.0       129.8      41.5      17.4
       45        806       0   0.004  0.011    132     2.828           0.0       120.0       120.0      58.7      20.7
       45        822       0   0.003  0.093   1064     1.189          22.6       127.4       150.0      58.7      49.4
       45        762       0   0.003  0.066   1208     2.000          10.0       140.0       150.0      38.1      76.1
       45        923       0   0.003  0.034    392     1.189          10.0       120.0       110.0      53.8      45.3
       45        737       0   0.002  0.104   1960     1.000          45.0       134.3        89.3      38.1      38.1
       45        720       0   0.002  0.036    780     1.000          16.8       126.8       110.0      58.7      58.7
       45        703       0   0.002  0.070   3092     1.297          26.4       134.5       108.2      38.1      49.4
       45        754       0   0.002  0.077    980     2.000          18.7       138.7       120.0      38.1      19.0
       45        813       0   0.002  0.042    536     2.000          10.0       120.0       130.0      58.7      29.3
       45        835       0   0.002  0.082    968     1.834          22.2       137.8       160.0      38.1      69.8
       45        738       0   0.002  0.125   1924     1.091          60.6       135.4        74.7      38.1      41.5
       45        710       0   0.002  0.071   1936     1.189          32.1       132.1       100.0      38.1      45.3
       45        889       0   0.002  0.038    488     2.000          10.0       120.0       110.0      58.7      29.3
       45        747       0   0.002  0.043    708     1.682          14.3       136.7       150.9      41.5      24.7
       45       1060       0   0.002  0.039    444     1.834          12.6       137.4       150.0      41.5      22.6
       45        788       0   0.001  0.039    624     1.091          22.7       120.0       142.7      53.8      49.4
       45        807       0   0.001  0.033    404     1.091          20.0       120.0       100.0      58.7      53.8
       45        732       0   0.001  0.029    460     2.181          10.0       140.0       150.0      38.1      17.4
       45        718       0   0.001  0.042    860     1.414          24.1       124.1       100.0      58.7      41.5
       45        719       0   0.001  0.065   1584     1.297          41.3       130.3        89.0      58.7      45.3
       45        760       0   0.001  0.083   1240     1.000          70.0       139.4        69.4      38.1      38.1
       45        809       0   0.001  0.043    544     1.542          24.0       136.0       160.0      41.5      26.9
       45        704       0   0.001  0.059   2096     1.834          28.4       138.8       110.4      38.1      69.8
       45        866       0   0.001  0.029    348     1.297          20.0       120.0       140.0      53.8      41.5
       45        734       0   0.001  0.088   1148     1.542          58.4       138.4        80.0      38.1      24.7
       45        773       0   0.001  0.038    620     1.091          40.0       140.0         0.0      38.1      34.9
       45        757       0   0.001  0.069   1280     1.189          69.4       139.4        70.0      38.1      45.3
       45        875       0   0.001  0.010    112     1.091          10.0       120.0       110.0      58.7      64.0
       45        730       0   0.001  0.060   1072     1.542          49.5       139.5        90.0      38.1      24.7
       45        700       0   0.001  0.034   1256     1.297          34.3       134.3       100.0      38.1      29.3
       45       1066       0   0.001  0.016    184     2.000          10.0       120.0       130.0      58.7      29.3
       45        756       0   0.001  0.028    336     2.378          20.0       140.0       120.0      38.1      16.0
       45        777       0   0.001  0.022    332     1.297          30.0       140.0       170.0      41.5      53.8
       45        705       0   0.000  0.065   3284     2.181          59.0       139.0        80.0      41.5      90.5
       45        789       0   0.000  0.036    456     2.378          30.0       140.0       110.0      38.1      90.5
       45       1007       0   0.000  0.028    332     2.378          23.9       123.9       100.0      58.7      24.7
       45        803       0   0.000  0.045    564     2.000          50.0       140.0        90.0      38.1      76.1
       45        821       0   0.000  0.047    544     2.181          50.0       140.0        90.0      38.1      83.0
       45        949       0   0.000  0.038    480     1.542          65.0       135.0        70.0      38.1      24.7
       45        715       0   0.000  0.045    768     1.834          73.8       140.0        66.2      38.1      20.7
       45        753       0   0.000  0.005     68     1.297          10.0       120.0       110.0      58.7      45.3
       45        945       0   0.000  0.044    528     2.594          55.9       132.3        76.4      53.8      20.7
       45        939       0   0.000  0.025    300     1.189          80.0       140.0        60.0      38.1      45.3
       45        722       0   0.000  0.030    828     2.181          70.0       140.0        70.0      38.1      83.0
       45        731       0   0.000  0.021    528     3.084          40.0       140.0       100.0      38.1     117.4
       45        801       0   0.000  0.004     56     1.297          30.0       140.0       170.0      38.1      49.4
       45        708       0   0.000  0.010    304     2.000          60.0       140.0        80.0      38.1      76.1
       45        795       0   0.000  0.005     56     2.828          20.0       120.0       140.0      58.7      20.7
       45        996       0   0.000  0.003     40     1.682          30.0       140.0       170.0      38.1      22.6
       45        953       0   0.000  0.001     12     1.297          30.0       140.0       170.0      38.1      29.3
       45        729       0   0.000  0.001     16     1.414          40.0       140.0       100.0      38.1      53.8
       45        750       0   0.000  0.001     20     1.682          50.0       140.0        90.0      38.1      22.6
       45        702       0   0.000  0.000      0       nan           nan         nan         nan       nan       nan
       45        707       0   0.000  0.000      0       nan           nan         nan         nan       nan       nan
       45        709       0   0.000  0.000      0       nan           nan         nan         nan       nan       nan
       45        711       0   0.000  0.000      0       nan           nan         nan         nan       nan       nan
       45        712       0   0.000  0.000      0       nan           nan         nan         nan       nan       nan
       45        713       0   0.000  0.000      0       nan           nan         nan         nan       nan       nan
       45        714       0   0.000  0.000      0       nan           nan         nan         nan       nan       nan
       45        716       0   0.000  0.000      0       nan           nan         nan         nan       nan       nan
       45        721       0   0.000  0.000      0       nan           nan         nan         nan       nan       nan
       45        723       0   0.000  0.000      0       nan           nan         nan         nan       nan       nan
       45        724       0   0.000  0.000      0       nan           nan         nan         nan       nan       nan
       45        725       0   0.000  0.000      0       nan           nan         nan         nan       nan       nan
       45        726       0   0.000  0.000      0       nan           nan         nan         nan       nan       nan
       45        727       0   0.000  0.000      0       nan           nan         nan         nan       nan       nan
       45        728       0   0.000  0.000      0       nan           nan         nan         nan       nan       nan
       45        733       0   0.000  0.000      0       nan           nan         nan         nan       nan       nan
       45        735       0   0.000  0.000      0       nan           nan         nan         nan       nan       nan
       45        736       0   0.000  0.000      0       nan           nan         nan         nan       nan       nan
       45        739       0   0.000  0.000      0       nan           nan         nan         nan       nan       nan
       45        740       0   0.000  0.000      0       nan           nan         nan         nan       nan       nan
       45        741       0   0.000  0.000      0       nan           nan         nan         nan       nan       nan
       45        742       0   0.000  0.000      0       nan           nan         nan         nan       nan       nan
       45        743       0   0.000  0.000      0       nan           nan         nan         nan       nan       nan
       45        744       0   0.000  0.000      0       nan           nan         nan         nan       nan       nan
       45        745       0   0.000  0.000      0       nan           nan         nan         nan       nan       nan
       45        746       0   0.000  0.000      0       nan           nan         nan         nan       nan       nan
       45        748       0   0.000  0.000      0       nan           nan         nan         nan       nan       nan
       45        749       0   0.000  0.000      0       nan           nan         nan         nan       nan       nan
       45        751       0   0.000  0.000      0       nan           nan         nan         nan       nan       nan
       45        752       0   0.000  0.000      0       nan           nan         nan         nan       nan       nan
       45        755       0   0.000  0.000      0       nan           nan         nan         nan       nan       nan
       45        758       0   0.000  0.000      0       nan           nan         nan         nan       nan       nan
       45        759       0   0.000  0.000      0       nan           nan         nan         nan       nan       nan
       45        761       0   0.000  0.000      0       nan           nan         nan         nan       nan       nan
       45        763       0   0.000  0.000      0       nan           nan         nan         nan       nan       nan
       45        765       0   0.000  0.000      0       nan           nan         nan         nan       nan       nan
       45        766       0   0.000  0.000      0       nan           nan         nan         nan       nan       nan
       45        767       0   0.000  0.000      0       nan           nan         nan         nan       nan       nan
       45        768       0   0.000  0.000      0       nan           nan         nan         nan       nan       nan
       45        769       0   0.000  0.000      0       nan           nan         nan         nan       nan       nan
       45        770       0   0.000  0.000      0       nan           nan         nan         nan       nan       nan
       45        771       0   0.000  0.000      0       nan           nan         nan         nan       nan       nan
       45        772       0   0.000  0.000      0       nan           nan         nan         nan       nan       nan
       45        774       0   0.000  0.000      0       nan           nan         nan         nan       nan       nan
       45        775       0   0.000  0.000      0       nan           nan         nan         nan       nan       nan
       45        776       0   0.000  0.000      0       nan           nan         nan         nan       nan       nan
       45        778       0   0.000  0.000      0       nan           nan         nan         nan       nan       nan
       45        779       0   0.000  0.000      0       nan           nan         nan         nan       nan       nan
       45        780       0   0.000  0.000      0       nan           nan         nan         nan       nan       nan
       45        781       0   0.000  0.000      0       nan           nan         nan         nan       nan       nan
       45        782       0   0.000  0.000      0       nan           nan         nan         nan       nan       nan
       45        783       0   0.000  0.000      0       nan           nan         nan         nan       nan       nan
       45        784       0   0.000  0.000      0       nan           nan         nan         nan       nan       nan
       45        785       0   0.000  0.000      0       nan           nan         nan         nan       nan       nan
       45        786       0   0.000  0.000      0       nan           nan         nan         nan       nan       nan
       45        787       0   0.000  0.000      0       nan           nan         nan         nan       nan       nan
       45        790       0   0.000  0.000      0       nan           nan         nan         nan       nan       nan
       45        791       0   0.000  0.000      0       nan           nan         nan         nan       nan       nan
       45        794       0   0.000  0.000      0       nan           nan         nan         nan       nan       nan
       45        796       0   0.000  0.000      0       nan           nan         nan         nan       nan       nan
       45        797       0   0.000  0.000      0       nan           nan         nan         nan       nan       nan
       45        798       0   0.000  0.000      0       nan           nan         nan         nan       nan       nan
       45        799       0   0.000  0.000      0       nan           nan         nan         nan       nan       nan
       45        802       0   0.000  0.000      0       nan           nan         nan         nan       nan       nan
       45        804       0   0.000  0.000      0       nan           nan         nan         nan       nan       nan
       45        805       0   0.000  0.000      0       nan           nan         nan         nan       nan       nan
       45        810       0   0.000  0.000      0       nan           nan         nan         nan       nan       nan
       45        811       0   0.000  0.000      0       nan           nan         nan         nan       nan       nan
       45        812       0   0.000  0.000      0       nan           nan         nan         nan       nan       nan
       45        814       0   0.000  0.000      0       nan           nan         nan         nan       nan       nan
       45        816       0   0.000  0.000      0       nan           nan         nan         nan       nan       nan
       45        817       0   0.000  0.000      0       nan           nan         nan         nan       nan       nan
       45        818       0   0.000  0.000      0       nan           nan         nan         nan       nan       nan
       45        820       0   0.000  0.000      0       nan           nan         nan         nan       nan       nan
       45        823       0   0.000  0.000      0       nan           nan         nan         nan       nan       nan
       45        824       0   0.000  0.000      0       nan           nan         nan         nan       nan       nan
       45        825       0   0.000  0.000      0       nan           nan         nan         nan       nan       nan
       45        826       0   0.000  0.000      0       nan           nan         nan         nan       nan       nan
       45        827       0   0.000  0.000      0       nan           nan         nan         nan       nan       nan
       45        828       0   0.000  0.000      0       nan           nan         nan         nan       nan       nan
       45        829       0   0.000  0.000      0       nan           nan         nan         nan       nan       nan
       45        830       0   0.000  0.000      0       nan           nan         nan         nan       nan       nan
       45        831       0   0.000  0.000      0       nan           nan         nan         nan       nan       nan
       45        832       0   0.000  0.000      0       nan           nan         nan         nan       nan       nan
       45        833       0   0.000  0.000      0       nan           nan         nan         nan       nan       nan
       45        834       0   0.000  0.000      0       nan           nan         nan         nan       nan       nan
       45        836       0   0.000  0.000      0       nan           nan         nan         nan       nan       nan
       45        837       0   0.000  0.000      0       nan           nan         nan         nan       nan       nan
       45        838       0   0.000  0.000      0       nan           nan         nan         nan       nan       nan
       45        839       0   0.000  0.000      0       nan           nan         nan         nan       nan       nan
       45        840       0   0.000  0.000      0       nan           nan         nan         nan       nan       nan
       45        841       0   0.000  0.000      0       nan           nan         nan         nan       nan       nan
       45        842       0   0.000  0.000      0       nan           nan         nan         nan       nan       nan
       45        843       0   0.000  0.000      0       nan           nan         nan         nan       nan       nan
       45        844       0   0.000  0.000      0       nan           nan         nan         nan       nan       nan
       45        846       0   0.000  0.000      0       nan           nan         nan         nan       nan       nan
       45        847       0   0.000  0.000      0       nan           nan         nan         nan       nan       nan
       45        848       0   0.000  0.000      0       nan           nan         nan         nan       nan       nan
       45        849       0   0.000  0.000      0       nan           nan         nan         nan       nan       nan
       45        850       0   0.000  0.000      0       nan           nan         nan         nan       nan       nan
       45        851       0   0.000  0.000      0       nan           nan         nan         nan       nan       nan
       45        852       0   0.000  0.000      0       nan           nan         nan         nan       nan       nan
       45        853       0   0.000  0.000      0       nan           nan         nan         nan       nan       nan
       45        854       0   0.000  0.000      0       nan           nan         nan         nan       nan       nan
       45        855       0   0.000  0.000      0       nan           nan         nan         nan       nan       nan
       45        856       0   0.000  0.000      0       nan           nan         nan         nan       nan       nan
       45        857       0   0.000  0.000      0       nan           nan         nan         nan       nan       nan
       45        858       0   0.000  0.000      0       nan           nan         nan         nan       nan       nan
       45        859       0   0.000  0.000      0       nan           nan         nan         nan       nan       nan
       45        860       0   0.000  0.000      0       nan           nan         nan         nan       nan       nan
       45        861       0   0.000  0.000      0       nan           nan         nan         nan       nan       nan
       45        862       0   0.000  0.000      0       nan           nan         nan         nan       nan       nan
       45        863       0   0.000  0.000      0       nan           nan         nan         nan       nan       nan
       45        864       0   0.000  0.000      0       nan           nan         nan         nan       nan       nan
       45        865       0   0.000  0.000      0       nan           nan         nan         nan       nan       nan
       45        867       0   0.000  0.000      0       nan           nan         nan         nan       nan       nan
       45        868       0   0.000  0.000      0       nan           nan         nan         nan       nan       nan
       45        869       0   0.000  0.000      0       nan           nan         nan         nan       nan       nan
       45        870       0   0.000  0.000      0       nan           nan         nan         nan       nan       nan
       45        871       0   0.000  0.000      0       nan           nan         nan         nan       nan       nan
       45        872       0   0.000  0.000      0       nan           nan         nan         nan       nan       nan
       45        873       0   0.000  0.000      0       nan           nan         nan         nan       nan       nan
       45        874       0   0.000  0.000      0       nan           nan         nan         nan       nan       nan
       45        876       0   0.000  0.000      0       nan           nan         nan         nan       nan       nan
       45        877       0   0.000  0.000      0       nan           nan         nan         nan       nan       nan
       45        878       0   0.000  0.000      0       nan           nan         nan         nan       nan       nan
       45        879       0   0.000  0.000      0       nan           nan         nan         nan       nan       nan
       45        880       0   0.000  0.000      0       nan           nan         nan         nan       nan       nan
       45        881       0   0.000  0.000      0       nan           nan         nan         nan       nan       nan
       45        882       0   0.000  0.000      0       nan           nan         nan         nan       nan       nan
       45        883       0   0.000  0.000      0       nan           nan         nan         nan       nan       nan
       45        884       0   0.000  0.000      0       nan           nan         nan         nan       nan       nan
       45        885       0   0.000  0.000      0       nan           nan         nan         nan       nan       nan
       45        886       0   0.000  0.000      0       nan           nan         nan         nan       nan       nan
       45        887       0   0.000  0.000      0       nan           nan         nan         nan       nan       nan
       45        888       0   0.000  0.000      0       nan           nan         nan         nan       nan       nan
       45        890       0   0.000  0.000      0       nan           nan         nan         nan       nan       nan
       45        891       0   0.000  0.000      0       nan           nan         nan         nan       nan       nan
       45        892       0   0.000  0.000      0       nan           nan         nan         nan       nan       nan
       45        893       0   0.000  0.000      0       nan           nan         nan         nan       nan       nan
       45        894       0   0.000  0.000      0       nan           nan         nan         nan       nan       nan
       45        895       0   0.000  0.000      0       nan           nan         nan         nan       nan       nan
       45        896       0   0.000  0.000      0       nan           nan         nan         nan       nan       nan
       45        897       0   0.000  0.000      0       nan           nan         nan         nan       nan       nan
       45        898       0   0.000  0.000      0       nan           nan         nan         nan       nan       nan
       45        899       0   0.000  0.000      0       nan           nan         nan         nan       nan       nan
       45        900       0   0.000  0.000      0       nan           nan         nan         nan       nan       nan
       45        901       0   0.000  0.000      0       nan           nan         nan         nan       nan       nan
       45        902       0   0.000  0.000      0       nan           nan         nan         nan       nan       nan
       45        903       0   0.000  0.000      0       nan           nan         nan         nan       nan       nan
       45        904       0   0.000  0.000      0       nan           nan         nan         nan       nan       nan
       45        905       0   0.000  0.000      0       nan           nan         nan         nan       nan       nan
       45        906       0   0.000  0.000      0       nan           nan         nan         nan       nan       nan
       45        907       0   0.000  0.000      0       nan           nan         nan         nan       nan       nan
       45        908       0   0.000  0.000      0       nan           nan         nan         nan       nan       nan
       45        909       0   0.000  0.000      0       nan           nan         nan         nan       nan       nan
       45        910       0   0.000  0.000      0       nan           nan         nan         nan       nan       nan
       45        911       0   0.000  0.000      0       nan           nan         nan         nan       nan       nan
       45        912       0   0.000  0.000      0       nan           nan         nan         nan       nan       nan
       45        913       0   0.000  0.000      0       nan           nan         nan         nan       nan       nan
       45        914       0   0.000  0.000      0       nan           nan         nan         nan       nan       nan
       45        915       0   0.000  0.000      0       nan           nan         nan         nan       nan       nan
       45        916       0   0.000  0.000      0       nan           nan         nan         nan       nan       nan
       45        918       0   0.000  0.000      0       nan           nan         nan         nan       nan       nan
       45        919       0   0.000  0.000      0       nan           nan         nan         nan       nan       nan
       45        920       0   0.000  0.000      0       nan           nan         nan         nan       nan       nan
       45        921       0   0.000  0.000      0       nan           nan         nan         nan       nan       nan
       45        922       0   0.000  0.000      0       nan           nan         nan         nan       nan       nan
       45        924       0   0.000  0.000      0       nan           nan         nan         nan       nan       nan
       45        925       0   0.000  0.000      0       nan           nan         nan         nan       nan       nan
       45        926       0   0.000  0.000      0       nan           nan         nan         nan       nan       nan
       45        927       0   0.000  0.000      0       nan           nan         nan         nan       nan       nan
       45        928       0   0.000  0.000      0       nan           nan         nan         nan       nan       nan
       45        930       0   0.000  0.000      0       nan           nan         nan         nan       nan       nan
       45        931       0   0.000  0.000      0       nan           nan         nan         nan       nan       nan
       45        932       0   0.000  0.000      0       nan           nan         nan         nan       nan       nan
       45        933       0   0.000  0.000      0       nan           nan         nan         nan       nan       nan
       45        934       0   0.000  0.000      0       nan           nan         nan         nan       nan       nan
       45        935       0   0.000  0.000      0       nan           nan         nan         nan       nan       nan
       45        936       0   0.000  0.000      0       nan           nan         nan         nan       nan       nan
       45        937       0   0.000  0.000      0       nan           nan         nan         nan       nan       nan
       45        938       0   0.000  0.000      0       nan           nan         nan         nan       nan       nan
       45        940       0   0.000  0.000      0       nan           nan         nan         nan       nan       nan
       45        941       0   0.000  0.000      0       nan           nan         nan         nan       nan       nan
       45        942       0   0.000  0.000      0       nan           nan         nan         nan       nan       nan
       45        943       0   0.000  0.000      0       nan           nan         nan         nan       nan       nan
       45        944       0   0.000  0.000      0       nan           nan         nan         nan       nan       nan
       45        946       0   0.000  0.000      0       nan           nan         nan         nan       nan       nan
       45        947       0   0.000  0.000      0       nan           nan         nan         nan       nan       nan
       45        948       0   0.000  0.000      0       nan           nan         nan         nan       nan       nan
       45        950       0   0.000  0.000      0       nan           nan         nan         nan       nan       nan
       45        951       0   0.000  0.000      0       nan           nan         nan         nan       nan       nan
       45        952       0   0.000  0.000      0       nan           nan         nan         nan       nan       nan
       45        954       0   0.000  0.000      0       nan           nan         nan         nan       nan       nan
       45        955       0   0.000  0.000      0       nan           nan         nan         nan       nan       nan
       45        956       0   0.000  0.000      0       nan           nan         nan         nan       nan       nan
       45        957       0   0.000  0.000      0       nan           nan         nan         nan       nan       nan
       45        958       0   0.000  0.000      0       nan           nan         nan         nan       nan       nan
       45        959       0   0.000  0.000      0       nan           nan         nan         nan       nan       nan
       45        960       0   0.000  0.000      0       nan           nan         nan         nan       nan       nan
       45        961       0   0.000  0.000      0       nan           nan         nan         nan       nan       nan
       45        962       0   0.000  0.000      0       nan           nan         nan         nan       nan       nan
       45        963       0   0.000  0.000      0       nan           nan         nan         nan       nan       nan
       45        964       0   0.000  0.000      0       nan           nan         nan         nan       nan       nan
       45        965       0   0.000  0.000      0       nan           nan         nan         nan       nan       nan
       45        966       0   0.000  0.000      0       nan           nan         nan         nan       nan       nan
       45        967       0   0.000  0.000      0       nan           nan         nan         nan       nan       nan
       45        968       0   0.000  0.000      0       nan           nan         nan         nan       nan       nan
       45        969       0   0.000  0.000      0       nan           nan         nan         nan       nan       nan
       45        970       0   0.000  0.000      0       nan           nan         nan         nan       nan       nan
       45        971       0   0.000  0.000      0       nan           nan         nan         nan       nan       nan
       45        972       0   0.000  0.000      0       nan           nan         nan         nan       nan       nan
       45        973       0   0.000  0.000      0       nan           nan         nan         nan       nan       nan
       45        974       0   0.000  0.000      0       nan           nan         nan         nan       nan       nan
       45        975       0   0.000  0.000      0       nan           nan         nan         nan       nan       nan
       45        976       0   0.000  0.000      0       nan           nan         nan         nan       nan       nan
       45        977       0   0.000  0.000      0       nan           nan         nan         nan       nan       nan
       45        978       0   0.000  0.000      0       nan           nan         nan         nan       nan       nan
       45        979       0   0.000  0.000      0       nan           nan         nan         nan       nan       nan
       45        980       0   0.000  0.000      0       nan           nan         nan         nan       nan       nan
       45        981       0   0.000  0.000      0       nan           nan         nan         nan       nan       nan
       45        982       0   0.000  0.000      0       nan           nan         nan         nan       nan       nan
       45        983       0   0.000  0.000      0       nan           nan         nan         nan       nan       nan
       45        984       0   0.000  0.000      0       nan           nan         nan         nan       nan       nan
       45        985       0   0.000  0.000      0       nan           nan         nan         nan       nan       nan
       45        986       0   0.000  0.000      0       nan           nan         nan         nan       nan       nan
       45        987       0   0.000  0.000      0       nan           nan         nan         nan       nan       nan
       45        988       0   0.000  0.000      0       nan           nan         nan         nan       nan       nan
       45        989       0   0.000  0.000      0       nan           nan         nan         nan       nan       nan
       45        990       0   0.000  0.000      0       nan           nan         nan         nan       nan       nan
       45        991       0   0.000  0.000      0       nan           nan         nan         nan       nan       nan
       45        992       0   0.000  0.000      0       nan           nan         nan         nan       nan       nan
       45        993       0   0.000  0.000      0       nan           nan         nan         nan       nan       nan
       45        994       0   0.000  0.000      0       nan           nan         nan         nan       nan       nan
       45        995       0   0.000  0.000      0       nan           nan         nan         nan       nan       nan
       45        997       0   0.000  0.000      0       nan           nan         nan         nan       nan       nan
       45        998       0   0.000  0.000      0       nan           nan         nan         nan       nan       nan
       45        999       0   0.000  0.000      0       nan           nan         nan         nan       nan       nan
       45       1000       0   0.000  0.000      0       nan           nan         nan         nan       nan       nan
       45       1001       0   0.000  0.000      0       nan           nan         nan         nan       nan       nan
       45       1002       0   0.000  0.000      0       nan           nan         nan         nan       nan       nan
       45       1003       0   0.000  0.000      0       nan           nan         nan         nan       nan       nan
       45       1004       0   0.000  0.000      0       nan           nan         nan         nan       nan       nan
       45       1005       0   0.000  0.000      0       nan           nan         nan         nan       nan       nan
       45       1006       0   0.000  0.000      0       nan           nan         nan         nan       nan       nan
       45       1008       0   0.000  0.000      0       nan           nan         nan         nan       nan       nan
       45       1009       0   0.000  0.000      0       nan           nan         nan         nan       nan       nan
       45       1010       0   0.000  0.000      0       nan           nan         nan         nan       nan       nan
       45       1011       0   0.000  0.000      0       nan           nan         nan         nan       nan       nan
       45       1012       0   0.000  0.000      0       nan           nan         nan         nan       nan       nan
       45       1013       0   0.000  0.000      0       nan           nan         nan         nan       nan       nan
       45       1014       0   0.000  0.000      0       nan           nan         nan         nan       nan       nan
       45       1015       0   0.000  0.000      0       nan           nan         nan         nan       nan       nan
       45       1016       0   0.000  0.000      0       nan           nan         nan         nan       nan       nan
       45       1017       0   0.000  0.000      0       nan           nan         nan         nan       nan       nan
       45       1018       0   0.000  0.000      0       nan           nan         nan         nan       nan       nan
       45       1019       0   0.000  0.000      0       nan           nan         nan         nan       nan       nan
       45       1020       0   0.000  0.000      0       nan           nan         nan         nan       nan       nan
       45       1021       0   0.000  0.000      0       nan           nan         nan         nan       nan       nan
       45       1022       0   0.000  0.000      0       nan           nan         nan         nan       nan       nan
       45       1023       0   0.000  0.000      0       nan           nan         nan         nan       nan       nan
       45       1024       0   0.000  0.000      0       nan           nan         nan         nan       nan       nan
       45       1025       0   0.000  0.000      0       nan           nan         nan         nan       nan       nan
       45       1026       0   0.000  0.000      0       nan           nan         nan         nan       nan       nan
       45       1027       0   0.000  0.000      0       nan           nan         nan         nan       nan       nan
       45       1028       0   0.000  0.000      0       nan           nan         nan         nan       nan       nan
       45       1029       0   0.000  0.000      0       nan           nan         nan         nan       nan       nan
       45       1030       0   0.000  0.000      0       nan           nan         nan         nan       nan       nan
       45       1031       0   0.000  0.000      0       nan           nan         nan         nan       nan       nan
       45       1032       0   0.000  0.000      0       nan           nan         nan         nan       nan       nan
       45       1033       0   0.000  0.000      0       nan           nan         nan         nan       nan       nan
       45       1034       0   0.000  0.000      0       nan           nan         nan         nan       nan       nan
       45       1035       0   0.000  0.000      0       nan           nan         nan         nan       nan       nan
       45       1036       0   0.000  0.000      0       nan           nan         nan         nan       nan       nan
       45       1037       0   0.000  0.000      0       nan           nan         nan         nan       nan       nan
       45       1038       0   0.000  0.000      0       nan           nan         nan         nan       nan       nan
       45       1039       0   0.000  0.000      0       nan           nan         nan         nan       nan       nan
       45       1040       0   0.000  0.000      0       nan           nan         nan         nan       nan       nan
       45       1041       0   0.000  0.000      0       nan           nan         nan         nan       nan       nan
       45       1042       0   0.000  0.000      0       nan           nan         nan         nan       nan       nan
       45       1043       0   0.000  0.000      0       nan           nan         nan         nan       nan       nan
       45       1044       0   0.000  0.000      0       nan           nan         nan         nan       nan       nan
       45       1045       0   0.000  0.000      0       nan           nan         nan         nan       nan       nan
       45       1046       0   0.000  0.000      0       nan           nan         nan         nan       nan       nan
       45       1047       0   0.000  0.000      0       nan           nan         nan         nan       nan       nan
       45       1048       0   0.000  0.000      0       nan           nan         nan         nan       nan       nan
       45       1049       0   0.000  0.000      0       nan           nan         nan         nan       nan       nan
       45       1050       0   0.000  0.000      0       nan           nan         nan         nan       nan       nan
       45       1051       0   0.000  0.000      0       nan           nan         nan         nan       nan       nan
       45       1052       0   0.000  0.000      0       nan           nan         nan         nan       nan       nan
       45       1053       0   0.000  0.000      0       nan           nan         nan         nan       nan       nan
       45       1054       0   0.000  0.000      0       nan           nan         nan         nan       nan       nan
       45       1055       0   0.000  0.000      0       nan           nan         nan         nan       nan       nan
       45       1056       0   0.000  0.000      0       nan           nan         nan         nan       nan       nan
       45       1057       0   0.000  0.000      0       nan           nan         nan         nan       nan       nan
       45       1058       0   0.000  0.000      0       nan           nan         nan         nan       nan       nan
       45       1059       0   0.000  0.000      0       nan           nan         nan         nan       nan       nan
       45       1061       0   0.000  0.000      0       nan           nan         nan         nan       nan       nan
       45       1062       0   0.000  0.000      0       nan           nan         nan         nan       nan       nan
       45       1063       0   0.000  0.000      0       nan           nan         nan         nan       nan       nan
       45       1064       0   0.000  0.000      0       nan           nan         nan         nan       nan       nan
       45       1065       0   0.000  0.000      0       nan           nan         nan         nan       nan       nan
       45       1067       0   0.000  0.000      0       nan           nan         nan         nan       nan       nan
       45       1068       0   0.000  0.000      0       nan           nan         nan         nan       nan       nan
       45       1069       0   0.000  0.000      0       nan           nan         nan         nan       nan       nan
       45       1070       0   0.000  0.000      0       nan           nan         nan         nan       nan       nan
       45       1071       0   0.000  0.000      0       nan           nan         nan         nan       nan       nan
       45       1072       0   0.000  0.000      0       nan           nan         nan         nan       nan       nan
       45       1073       0   0.000  0.000      0       nan           nan         nan         nan       nan       nan
       45       1074       0   0.000  0.000      0       nan           nan         nan         nan       nan       nan
       45       1075       0   0.000  0.000      0       nan           nan         nan         nan       nan       nan
       45       1076       0   0.000  0.000      0       nan           nan         nan         nan       nan       nan
       45       1077       0   0.000  0.000      0       nan           nan         nan         nan       nan       nan
       45       1078       0   0.000  0.000      0       nan           nan         nan         nan       nan       nan
       45       1079       0   0.000  0.000      0       nan           nan         nan         nan       nan       nan
       45       1080       0   0.000  0.000      0       nan           nan         nan         nan       nan       nan
       45       1081       0   0.000  0.000      0       nan           nan         nan         nan       nan       nan
       45       1082       0   0.000  0.000      0       nan           nan         nan         nan       nan       nan
       45       1083       0   0.000  0.000      0       nan           nan         nan         nan       nan       nan
       45       1084       0   0.000  0.000      0       nan           nan         nan         nan       nan       nan
       45       1085       0   0.000  0.000      0       nan           nan         nan         nan       nan       nan
       45       1086       0   0.000  0.000      0       nan           nan         nan         nan       nan       nan
       45       1087       0   0.000  0.000      0       nan           nan         nan         nan       nan       nan
       45       1088       0   0.000  0.000      0       nan           nan         nan         nan       nan       nan
       45       1089       0   0.000  0.000      0       nan           nan         nan         nan       nan       nan
       45       1090       0   0.000  0.000      0       nan           nan         nan         nan       nan       nan
       45       1091       0   0.000  0.000      0       nan           nan         nan         nan       nan       nan
       45       1092       0   0.000  0.000      0       nan           nan         nan         nan       nan       nan
       45       1093       0   0.000  0.000      0       nan           nan         nan         nan       nan       nan
       45       1094       0   0.000  0.000      0       nan           nan         nan         nan       nan       nan
       46        699       1   0.084  0.146   7316     1.091           0.6       130.0       130.6      34.9      38.1
       46        815       0   0.065  0.156   1292     2.378           0.0       130.0       130.0      34.9      83.0
       46        917       0   0.063  0.090    788     1.297           0.1       130.1       130.0      34.9      26.9
       46        793       0   0.058  0.145   1284     2.000           0.2       129.4       129.6      34.9      17.4
       46        706       1   0.035  0.419   5468     1.091           9.9       129.9       120.0      34.9      38.1
       46        717       1   0.021  0.236   2084     1.091           9.2       130.8       140.0      34.9      32.0
       46        845       0   0.015  0.135   1088     1.682           4.4       130.0       125.6      34.9      58.7
       46        808       0   0.012  0.276   2356     1.414          15.2       130.7       145.9      34.9      24.7
       46        813       0   0.010  0.012    112     1.189           0.0       130.0       130.0      34.9      29.3
       46        764       0   0.010  0.212   2560     2.000          10.0       130.0       120.0      34.9      69.8
       46        800       0   0.008  0.179   1796     1.091          20.0       130.0       110.0      34.9      38.1
       46        929       0   0.006  0.143   1176     1.414          16.1       130.0       113.9      34.9      24.7
       46        701       0   0.004  0.150   4064     1.682          18.9       129.9       148.8      34.9      58.7
       46        822       0   0.004  0.133   1064     1.414          20.2       129.8       150.0      34.9      49.4
       46        806       0   0.003  0.020    164     1.682           2.7       122.7       120.0      34.9      20.7
       46        788       0   0.003  0.031    400     1.091           8.3       130.0       138.3      34.9      38.1
       46        754       0   0.003  0.059    568     1.834          10.0       130.0       120.0      34.9      19.0
       46       1066       0   0.003  0.003     28     1.297           0.0       130.0       130.0      34.9      26.9
       46        737       0   0.002  0.090   1432     1.091          38.9       128.9        90.0      34.9      38.1
       46        703       0   0.002  0.061   2500     1.414          21.1       129.4       108.3      34.9      49.4
       46        923       0   0.002  0.049    392     1.297          20.0       130.0       110.0      34.9      45.3
       46        738       0   0.002  0.113   1396     1.189          53.7       128.9        75.2      34.9      41.5
       46        866       0   0.002  0.022    196     1.189          10.0       130.0       140.0      34.9      41.5
       46       1060       0   0.002  0.055    444     1.542          20.0       130.0       150.0      34.9      22.6
       46        710       0   0.002  0.058   1420     1.297          28.9       128.9       100.0      34.9      45.3
       46        747       0   0.001  0.044    576     1.414          21.3       129.6       150.9      34.9      24.7
       46        704       0   0.001  0.052   1696     2.000          19.7       129.6       109.8      34.9      69.8
       46        835       0   0.001  0.077    664     2.000          30.0       130.0       160.0      34.9      69.8
       46        718       0   0.001  0.041    692     1.189          27.8       127.8       100.0      34.9      41.5
       46        734       0   0.001  0.081    800     1.414          50.0       130.0        80.0      34.9      24.7
       46        762       0   0.001  0.048    724     2.181          20.0       130.0       150.0      34.9      76.1
       46        809       0   0.001  0.042    384     1.297          30.0       130.0       160.0      34.9      26.9
       46        719       0   0.001  0.053   1136     1.297          39.3       128.6        89.4      34.9      45.3
       46       1007       0   0.001  0.041    352     1.414          27.6       127.6       100.0      34.9      24.7
       46        720       0   0.001  0.029    524     1.682          17.0       127.0       110.0      34.9      58.7
       46        807       0   0.001  0.037    336     1.542          25.4       125.4       100.0      34.9      53.8
       46        760       0   0.001  0.060    720     1.091          59.6       130.0        70.4      34.9      38.1
       46        730       0   0.001  0.042    632     1.414          40.0       130.0        90.0      34.9      24.7
       46        700       0   0.001  0.024    812     1.189          28.9       128.9       100.0      34.9      29.3
       46        757       0   0.001  0.046    728     1.297          60.0       130.0        70.0      34.9      45.3
       46        889       0   0.001  0.014    132     1.297          20.0       130.0       110.0      34.9      26.9
       46        705       0   0.000  0.058   2764     2.594          50.0       130.0        80.0      34.9      90.5
       46        945       0   0.000  0.036    312     1.682          50.9       129.6        78.7      34.9      20.7
       46        819       0   0.000  0.009     76     2.000          10.0       130.0       140.0      34.9      17.4
       46        777       0   0.000  0.025    280     1.682          40.3       129.7       170.0      34.9      58.7
       46        789       0   0.000  0.018    172     2.594          20.0       130.0       110.0      34.9      90.5
       46        949       0   0.000  0.027    260     1.414          60.0       130.0        70.0      34.9      24.7
       46        795       0   0.000  0.008     68     1.682          14.1       125.9       140.0      34.9      20.7
       46        731       0   0.000  0.029    644     3.364          29.9       129.9       100.0      34.9     117.4
       46        821       0   0.000  0.026    220     2.378          40.0       130.0        90.0      34.9      83.0
       46        803       0   0.000  0.023    212     2.181          40.0       130.0        90.0      34.9      76.1
       46        715       0   0.000  0.024    336     1.682          59.3       130.0        70.7      34.9      20.7
       46        773       0   0.000  0.011    140     1.000          50.0       130.0         0.0      34.9      34.9
       46        722       0   0.000  0.026    636     2.378          60.0       130.0        70.0      34.9      83.0
       46        732       0   0.000  0.007     88     2.000          20.0       130.0       150.0      34.9      17.4
       46        939       0   0.000  0.007     60     1.297          70.0       130.0        60.0      34.9      45.3
       46        708       0   0.000  0.003     92     1.542          50.0       130.0        80.0      34.9      53.8
       46        875       0   0.000  0.001     12     1.834          20.0       130.0       110.0      34.9      64.0
       46        702       0   0.000  0.000      0       nan           nan         nan         nan       nan       nan
       46        707       0   0.000  0.000      0       nan           nan         nan         nan       nan       nan
       46        709       0   0.000  0.000      0       nan           nan         nan         nan       nan       nan
       46        711       0   0.000  0.000      0       nan           nan         nan         nan       nan       nan
       46        712       0   0.000  0.000      0       nan           nan         nan         nan       nan       nan
       46        713       0   0.000  0.000      0       nan           nan         nan         nan       nan       nan
       46        714       0   0.000  0.000      0       nan           nan         nan         nan       nan       nan
       46        716       0   0.000  0.000      0       nan           nan         nan         nan       nan       nan
       46        721       0   0.000  0.000      0       nan           nan         nan         nan       nan       nan
       46        723       0   0.000  0.000      0       nan           nan         nan         nan       nan       nan
       46        724       0   0.000  0.000      0       nan           nan         nan         nan       nan       nan
       46        725       0   0.000  0.000      0       nan           nan         nan         nan       nan       nan
       46        726       0   0.000  0.000      0       nan           nan         nan         nan       nan       nan
       46        727       0   0.000  0.000      0       nan           nan         nan         nan       nan       nan
       46        728       0   0.000  0.000      0       nan           nan         nan         nan       nan       nan
       46        729       0   0.000  0.000      0       nan           nan         nan         nan       nan       nan
       46        733       0   0.000  0.000      0       nan           nan         nan         nan       nan       nan
       46        735       0   0.000  0.000      0       nan           nan         nan         nan       nan       nan
       46        736       0   0.000  0.000      0       nan           nan         nan         nan       nan       nan
       46        739       0   0.000  0.000      0       nan           nan         nan         nan       nan       nan
       46        740       0   0.000  0.000      0       nan           nan         nan         nan       nan       nan
       46        741       0   0.000  0.000      0       nan           nan         nan         nan       nan       nan
       46        742       0   0.000  0.000      0       nan           nan         nan         nan       nan       nan
       46        743       0   0.000  0.000      0       nan           nan         nan         nan       nan       nan
       46        744       0   0.000  0.000      0       nan           nan         nan         nan       nan       nan
       46        745       0   0.000  0.000      0       nan           nan         nan         nan       nan       nan
       46        746       0   0.000  0.000      0       nan           nan         nan         nan       nan       nan
       46        748       0   0.000  0.000      0       nan           nan         nan         nan       nan       nan
       46        749       0   0.000  0.000      0       nan           nan         nan         nan       nan       nan
       46        750       0   0.000  0.000      0       nan           nan         nan         nan       nan       nan
       46        751       0   0.000  0.000      0       nan           nan         nan         nan       nan       nan
       46        752       0   0.000  0.000      0       nan           nan         nan         nan       nan       nan
       46        753       0   0.000  0.000      0       nan           nan         nan         nan       nan       nan
       46        755       0   0.000  0.000      0       nan           nan         nan         nan       nan       nan
       46        756       0   0.000  0.000      0       nan           nan         nan         nan       nan       nan
       46        758       0   0.000  0.000      0       nan           nan         nan         nan       nan       nan
       46        759       0   0.000  0.000      0       nan           nan         nan         nan       nan       nan
       46        761       0   0.000  0.000      0       nan           nan         nan         nan       nan       nan
       46        763       0   0.000  0.000      0       nan           nan         nan         nan       nan       nan
       46        765       0   0.000  0.000      0       nan           nan         nan         nan       nan       nan
       46        766       0   0.000  0.000      0       nan           nan         nan         nan       nan       nan
       46        767       0   0.000  0.000      0       nan           nan         nan         nan       nan       nan
       46        768       0   0.000  0.000      0       nan           nan         nan         nan       nan       nan
       46        769       0   0.000  0.000      0       nan           nan         nan         nan       nan       nan
       46        770       0   0.000  0.000      0       nan           nan         nan         nan       nan       nan
       46        771       0   0.000  0.000      0       nan           nan         nan         nan       nan       nan
       46        772       0   0.000  0.000      0       nan           nan         nan         nan       nan       nan
       46        774       0   0.000  0.000      0       nan           nan         nan         nan       nan       nan
       46        775       0   0.000  0.000      0       nan           nan         nan         nan       nan       nan
       46        776       0   0.000  0.000      0       nan           nan         nan         nan       nan       nan
       46        778       0   0.000  0.000      0       nan           nan         nan         nan       nan       nan
       46        779       0   0.000  0.000      0       nan           nan         nan         nan       nan       nan
       46        780       0   0.000  0.000      0       nan           nan         nan         nan       nan       nan
       46        781       0   0.000  0.000      0       nan           nan         nan         nan       nan       nan
       46        782       0   0.000  0.000      0       nan           nan         nan         nan       nan       nan
       46        783       0   0.000  0.000      0       nan           nan         nan         nan       nan       nan
       46        784       0   0.000  0.000      0       nan           nan         nan         nan       nan       nan
       46        785       0   0.000  0.000      0       nan           nan         nan         nan       nan       nan
       46        786       0   0.000  0.000      0       nan           nan         nan         nan       nan       nan
       46        787       0   0.000  0.000      0       nan           nan         nan         nan       nan       nan
       46        790       0   0.000  0.000      0       nan           nan         nan         nan       nan       nan
       46        791       0   0.000  0.000      0       nan           nan         nan         nan       nan       nan
       46        792       0   0.000  0.000      0       nan           nan         nan         nan       nan       nan
       46        794       0   0.000  0.000      0       nan           nan         nan         nan       nan       nan
       46        796       0   0.000  0.000      0       nan           nan         nan         nan       nan       nan
       46        797       0   0.000  0.000      0       nan           nan         nan         nan       nan       nan
       46        798       0   0.000  0.000      0       nan           nan         nan         nan       nan       nan
       46        799       0   0.000  0.000      0       nan           nan         nan         nan       nan       nan
       46        801       0   0.000  0.000      0       nan           nan         nan         nan       nan       nan
       46        802       0   0.000  0.000      0       nan           nan         nan         nan       nan       nan
       46        804       0   0.000  0.000      0       nan           nan         nan         nan       nan       nan
       46        805       0   0.000  0.000      0       nan           nan         nan         nan       nan       nan
       46        810       0   0.000  0.000      0       nan           nan         nan         nan       nan       nan
       46        811       0   0.000  0.000      0       nan           nan         nan         nan       nan       nan
       46        812       0   0.000  0.000      0       nan           nan         nan         nan       nan       nan
       46        814       0   0.000  0.000      0       nan           nan         nan         nan       nan       nan
       46        816       0   0.000  0.000      0       nan           nan         nan         nan       nan       nan
       46        817       0   0.000  0.000      0       nan           nan         nan         nan       nan       nan
       46        818       0   0.000  0.000      0       nan           nan         nan         nan       nan       nan
       46        820       0   0.000  0.000      0       nan           nan         nan         nan       nan       nan
       46        823       0   0.000  0.000      0       nan           nan         nan         nan       nan       nan
       46        824       0   0.000  0.000      0       nan           nan         nan         nan       nan       nan
       46        825       0   0.000  0.000      0       nan           nan         nan         nan       nan       nan
       46        826       0   0.000  0.000      0       nan           nan         nan         nan       nan       nan
       46        827       0   0.000  0.000      0       nan           nan         nan         nan       nan       nan
       46        828       0   0.000  0.000      0       nan           nan         nan         nan       nan       nan
       46        829       0   0.000  0.000      0       nan           nan         nan         nan       nan       nan
       46        830       0   0.000  0.000      0       nan           nan         nan         nan       nan       nan
       46        831       0   0.000  0.000      0       nan           nan         nan         nan       nan       nan
       46        832       0   0.000  0.000      0       nan           nan         nan         nan       nan       nan
       46        833       0   0.000  0.000      0       nan           nan         nan         nan       nan       nan
       46        834       0   0.000  0.000      0       nan           nan         nan         nan       nan       nan
       46        836       0   0.000  0.000      0       nan           nan         nan         nan       nan       nan
       46        837       0   0.000  0.000      0       nan           nan         nan         nan       nan       nan
       46        838       0   0.000  0.000      0       nan           nan         nan         nan       nan       nan
       46        839       0   0.000  0.000      0       nan           nan         nan         nan       nan       nan
       46        840       0   0.000  0.000      0       nan           nan         nan         nan       nan       nan
       46        841       0   0.000  0.000      0       nan           nan         nan         nan       nan       nan
       46        842       0   0.000  0.000      0       nan           nan         nan         nan       nan       nan
       46        843       0   0.000  0.000      0       nan           nan         nan         nan       nan       nan
       46        844       0   0.000  0.000      0       nan           nan         nan         nan       nan       nan
       46        846       0   0.000  0.000      0       nan           nan         nan         nan       nan       nan
       46        847       0   0.000  0.000      0       nan           nan         nan         nan       nan       nan
       46        848       0   0.000  0.000      0       nan           nan         nan         nan       nan       nan
       46        849       0   0.000  0.000      0       nan           nan         nan         nan       nan       nan
       46        850       0   0.000  0.000      0       nan           nan         nan         nan       nan       nan
       46        851       0   0.000  0.000      0       nan           nan         nan         nan       nan       nan
       46        852       0   0.000  0.000      0       nan           nan         nan         nan       nan       nan
       46        853       0   0.000  0.000      0       nan           nan         nan         nan       nan       nan
       46        854       0   0.000  0.000      0       nan           nan         nan         nan       nan       nan
       46        855       0   0.000  0.000      0       nan           nan         nan         nan       nan       nan
       46        856       0   0.000  0.000      0       nan           nan         nan         nan       nan       nan
       46        857       0   0.000  0.000      0       nan           nan         nan         nan       nan       nan
       46        858       0   0.000  0.000      0       nan           nan         nan         nan       nan       nan
       46        859       0   0.000  0.000      0       nan           nan         nan         nan       nan       nan
       46        860       0   0.000  0.000      0       nan           nan         nan         nan       nan       nan
       46        861       0   0.000  0.000      0       nan           nan         nan         nan       nan       nan
       46        862       0   0.000  0.000      0       nan           nan         nan         nan       nan       nan
       46        863       0   0.000  0.000      0       nan           nan         nan         nan       nan       nan
       46        864       0   0.000  0.000      0       nan           nan         nan         nan       nan       nan
       46        865       0   0.000  0.000      0       nan           nan         nan         nan       nan       nan
       46        867       0   0.000  0.000      0       nan           nan         nan         nan       nan       nan
       46        868       0   0.000  0.000      0       nan           nan         nan         nan       nan       nan
       46        869       0   0.000  0.000      0       nan           nan         nan         nan       nan       nan
       46        870       0   0.000  0.000      0       nan           nan         nan         nan       nan       nan
       46        871       0   0.000  0.000      0       nan           nan         nan         nan       nan       nan
       46        872       0   0.000  0.000      0       nan           nan         nan         nan       nan       nan
       46        873       0   0.000  0.000      0       nan           nan         nan         nan       nan       nan
       46        874       0   0.000  0.000      0       nan           nan         nan         nan       nan       nan
       46        876       0   0.000  0.000      0       nan           nan         nan         nan       nan       nan
       46        877       0   0.000  0.000      0       nan           nan         nan         nan       nan       nan
       46        878       0   0.000  0.000      0       nan           nan         nan         nan       nan       nan
       46        879       0   0.000  0.000      0       nan           nan         nan         nan       nan       nan
       46        880       0   0.000  0.000      0       nan           nan         nan         nan       nan       nan
       46        881       0   0.000  0.000      0       nan           nan         nan         nan       nan       nan
       46        882       0   0.000  0.000      0       nan           nan         nan         nan       nan       nan
       46        883       0   0.000  0.000      0       nan           nan         nan         nan       nan       nan
       46        884       0   0.000  0.000      0       nan           nan         nan         nan       nan       nan
       46        885       0   0.000  0.000      0       nan           nan         nan         nan       nan       nan
       46        886       0   0.000  0.000      0       nan           nan         nan         nan       nan       nan
       46        887       0   0.000  0.000      0       nan           nan         nan         nan       nan       nan
       46        888       0   0.000  0.000      0       nan           nan         nan         nan       nan       nan
       46        890       0   0.000  0.000      0       nan           nan         nan         nan       nan       nan
       46        891       0   0.000  0.000      0       nan           nan         nan         nan       nan       nan
       46        892       0   0.000  0.000      0       nan           nan         nan         nan       nan       nan
       46        893       0   0.000  0.000      0       nan           nan         nan         nan       nan       nan
       46        894       0   0.000  0.000      0       nan           nan         nan         nan       nan       nan
       46        895       0   0.000  0.000      0       nan           nan         nan         nan       nan       nan
       46        896       0   0.000  0.000      0       nan           nan         nan         nan       nan       nan
       46        897       0   0.000  0.000      0       nan           nan         nan         nan       nan       nan
       46        898       0   0.000  0.000      0       nan           nan         nan         nan       nan       nan
       46        899       0   0.000  0.000      0       nan           nan         nan         nan       nan       nan
       46        900       0   0.000  0.000      0       nan           nan         nan         nan       nan       nan
       46        901       0   0.000  0.000      0       nan           nan         nan         nan       nan       nan
       46        902       0   0.000  0.000      0       nan           nan         nan         nan       nan       nan
       46        903       0   0.000  0.000      0       nan           nan         nan         nan       nan       nan
       46        904       0   0.000  0.000      0       nan           nan         nan         nan       nan       nan
       46        905       0   0.000  0.000      0       nan           nan         nan         nan       nan       nan
       46        906       0   0.000  0.000      0       nan           nan         nan         nan       nan       nan
       46        907       0   0.000  0.000      0       nan           nan         nan         nan       nan       nan
       46        908       0   0.000  0.000      0       nan           nan         nan         nan       nan       nan
       46        909       0   0.000  0.000      0       nan           nan         nan         nan       nan       nan
       46        910       0   0.000  0.000      0       nan           nan         nan         nan       nan       nan
       46        911       0   0.000  0.000      0       nan           nan         nan         nan       nan       nan
       46        912       0   0.000  0.000      0       nan           nan         nan         nan       nan       nan
       46        913       0   0.000  0.000      0       nan           nan         nan         nan       nan       nan
       46        914       0   0.000  0.000      0       nan           nan         nan         nan       nan       nan
       46        915       0   0.000  0.000      0       nan           nan         nan         nan       nan       nan
       46        916       0   0.000  0.000      0       nan           nan         nan         nan       nan       nan
       46        918       0   0.000  0.000      0       nan           nan         nan         nan       nan       nan
       46        919       0   0.000  0.000      0       nan           nan         nan         nan       nan       nan
       46        920       0   0.000  0.000      0       nan           nan         nan         nan       nan       nan
       46        921       0   0.000  0.000      0       nan           nan         nan         nan       nan       nan
       46        922       0   0.000  0.000      0       nan           nan         nan         nan       nan       nan
       46        924       0   0.000  0.000      0       nan           nan         nan         nan       nan       nan
       46        925       0   0.000  0.000      0       nan           nan         nan         nan       nan       nan
       46        926       0   0.000  0.000      0       nan           nan         nan         nan       nan       nan
       46        927       0   0.000  0.000      0       nan           nan         nan         nan       nan       nan
       46        928       0   0.000  0.000      0       nan           nan         nan         nan       nan       nan
       46        930       0   0.000  0.000      0       nan           nan         nan         nan       nan       nan
       46        931       0   0.000  0.000      0       nan           nan         nan         nan       nan       nan
       46        932       0   0.000  0.000      0       nan           nan         nan         nan       nan       nan
       46        933       0   0.000  0.000      0       nan           nan         nan         nan       nan       nan
       46        934       0   0.000  0.000      0       nan           nan         nan         nan       nan       nan
       46        935       0   0.000  0.000      0       nan           nan         nan         nan       nan       nan
       46        936       0   0.000  0.000      0       nan           nan         nan         nan       nan       nan
       46        937       0   0.000  0.000      0       nan           nan         nan         nan       nan       nan
       46        938       0   0.000  0.000      0       nan           nan         nan         nan       nan       nan
       46        940       0   0.000  0.000      0       nan           nan         nan         nan       nan       nan
       46        941       0   0.000  0.000      0       nan           nan         nan         nan       nan       nan
       46        942       0   0.000  0.000      0       nan           nan         nan         nan       nan       nan
       46        943       0   0.000  0.000      0       nan           nan         nan         nan       nan       nan
       46        944       0   0.000  0.000      0       nan           nan         nan         nan       nan       nan
       46        946       0   0.000  0.000      0       nan           nan         nan         nan       nan       nan
       46        947       0   0.000  0.000      0       nan           nan         nan         nan       nan       nan
       46        948       0   0.000  0.000      0       nan           nan         nan         nan       nan       nan
       46        950       0   0.000  0.000      0       nan           nan         nan         nan       nan       nan
       46        951       0   0.000  0.000      0       nan           nan         nan         nan       nan       nan
       46        952       0   0.000  0.000      0       nan           nan         nan         nan       nan       nan
       46        953       0   0.000  0.000      0       nan           nan         nan         nan       nan       nan
       46        954       0   0.000  0.000      0       nan           nan         nan         nan       nan       nan
       46        955       0   0.000  0.000      0       nan           nan         nan         nan       nan       nan
       46        956       0   0.000  0.000      0       nan           nan         nan         nan       nan       nan
       46        957       0   0.000  0.000      0       nan           nan         nan         nan       nan       nan
       46        958       0   0.000  0.000      0       nan           nan         nan         nan       nan       nan
       46        959       0   0.000  0.000      0       nan           nan         nan         nan       nan       nan
       46        960       0   0.000  0.000      0       nan           nan         nan         nan       nan       nan
       46        961       0   0.000  0.000      0       nan           nan         nan         nan       nan       nan
       46        962       0   0.000  0.000      0       nan           nan         nan         nan       nan       nan
       46        963       0   0.000  0.000      0       nan           nan         nan         nan       nan       nan
       46        964       0   0.000  0.000      0       nan           nan         nan         nan       nan       nan
       46        965       0   0.000  0.000      0       nan           nan         nan         nan       nan       nan
       46        966       0   0.000  0.000      0       nan           nan         nan         nan       nan       nan
       46        967       0   0.000  0.000      0       nan           nan         nan         nan       nan       nan
       46        968       0   0.000  0.000      0       nan           nan         nan         nan       nan       nan
       46        969       0   0.000  0.000      0       nan           nan         nan         nan       nan       nan
       46        970       0   0.000  0.000      0       nan           nan         nan         nan       nan       nan
       46        971       0   0.000  0.000      0       nan           nan         nan         nan       nan       nan
       46        972       0   0.000  0.000      0       nan           nan         nan         nan       nan       nan
       46        973       0   0.000  0.000      0       nan           nan         nan         nan       nan       nan
       46        974       0   0.000  0.000      0       nan           nan         nan         nan       nan       nan
       46        975       0   0.000  0.000      0       nan           nan         nan         nan       nan       nan
       46        976       0   0.000  0.000      0       nan           nan         nan         nan       nan       nan
       46        977       0   0.000  0.000      0       nan           nan         nan         nan       nan       nan
       46        978       0   0.000  0.000      0       nan           nan         nan         nan       nan       nan
       46        979       0   0.000  0.000      0       nan           nan         nan         nan       nan       nan
       46        980       0   0.000  0.000      0       nan           nan         nan         nan       nan       nan
       46        981       0   0.000  0.000      0       nan           nan         nan         nan       nan       nan
       46        982       0   0.000  0.000      0       nan           nan         nan         nan       nan       nan
       46        983       0   0.000  0.000      0       nan           nan         nan         nan       nan       nan
       46        984       0   0.000  0.000      0       nan           nan         nan         nan       nan       nan
       46        985       0   0.000  0.000      0       nan           nan         nan         nan       nan       nan
       46        986       0   0.000  0.000      0       nan           nan         nan         nan       nan       nan
       46        987       0   0.000  0.000      0       nan           nan         nan         nan       nan       nan
       46        988       0   0.000  0.000      0       nan           nan         nan         nan       nan       nan
       46        989       0   0.000  0.000      0       nan           nan         nan         nan       nan       nan
       46        990       0   0.000  0.000      0       nan           nan         nan         nan       nan       nan
       46        991       0   0.000  0.000      0       nan           nan         nan         nan       nan       nan
       46        992       0   0.000  0.000      0       nan           nan         nan         nan       nan       nan
       46        993       0   0.000  0.000      0       nan           nan         nan         nan       nan       nan
       46        994       0   0.000  0.000      0       nan           nan         nan         nan       nan       nan
       46        995       0   0.000  0.000      0       nan           nan         nan         nan       nan       nan
       46        996       0   0.000  0.000      0       nan           nan         nan         nan       nan       nan
       46        997       0   0.000  0.000      0       nan           nan         nan         nan       nan       nan
       46        998       0   0.000  0.000      0       nan           nan         nan         nan       nan       nan
       46        999       0   0.000  0.000      0       nan           nan         nan         nan       nan       nan
       46       1000       0   0.000  0.000      0       nan           nan         nan         nan       nan       nan
       46       1001       0   0.000  0.000      0       nan           nan         nan         nan       nan       nan
       46       1002       0   0.000  0.000      0       nan           nan         nan         nan       nan       nan
       46       1003       0   0.000  0.000      0       nan           nan         nan         nan       nan       nan
       46       1004       0   0.000  0.000      0       nan           nan         nan         nan       nan       nan
       46       1005       0   0.000  0.000      0       nan           nan         nan         nan       nan       nan
       46       1006       0   0.000  0.000      0       nan           nan         nan         nan       nan       nan
       46       1008       0   0.000  0.000      0       nan           nan         nan         nan       nan       nan
       46       1009       0   0.000  0.000      0       nan           nan         nan         nan       nan       nan
       46       1010       0   0.000  0.000      0       nan           nan         nan         nan       nan       nan
       46       1011       0   0.000  0.000      0       nan           nan         nan         nan       nan       nan
       46       1012       0   0.000  0.000      0       nan           nan         nan         nan       nan       nan
       46       1013       0   0.000  0.000      0       nan           nan         nan         nan       nan       nan
       46       1014       0   0.000  0.000      0       nan           nan         nan         nan       nan       nan
       46       1015       0   0.000  0.000      0       nan           nan         nan         nan       nan       nan
       46       1016       0   0.000  0.000      0       nan           nan         nan         nan       nan       nan
       46       1017       0   0.000  0.000      0       nan           nan         nan         nan       nan       nan
       46       1018       0   0.000  0.000      0       nan           nan         nan         nan       nan       nan
       46       1019       0   0.000  0.000      0       nan           nan         nan         nan       nan       nan
       46       1020       0   0.000  0.000      0       nan           nan         nan         nan       nan       nan
       46       1021       0   0.000  0.000      0       nan           nan         nan         nan       nan       nan
       46       1022       0   0.000  0.000      0       nan           nan         nan         nan       nan       nan
       46       1023       0   0.000  0.000      0       nan           nan         nan         nan       nan       nan
       46       1024       0   0.000  0.000      0       nan           nan         nan         nan       nan       nan
       46       1025       0   0.000  0.000      0       nan           nan         nan         nan       nan       nan
       46       1026       0   0.000  0.000      0       nan           nan         nan         nan       nan       nan
       46       1027       0   0.000  0.000      0       nan           nan         nan         nan       nan       nan
       46       1028       0   0.000  0.000      0       nan           nan         nan         nan       nan       nan
       46       1029       0   0.000  0.000      0       nan           nan         nan         nan       nan       nan
       46       1030       0   0.000  0.000      0       nan           nan         nan         nan       nan       nan
       46       1031       0   0.000  0.000      0       nan           nan         nan         nan       nan       nan
       46       1032       0   0.000  0.000      0       nan           nan         nan         nan       nan       nan
       46       1033       0   0.000  0.000      0       nan           nan         nan         nan       nan       nan
       46       1034       0   0.000  0.000      0       nan           nan         nan         nan       nan       nan
       46       1035       0   0.000  0.000      0       nan           nan         nan         nan       nan       nan
       46       1036       0   0.000  0.000      0       nan           nan         nan         nan       nan       nan
       46       1037       0   0.000  0.000      0       nan           nan         nan         nan       nan       nan
       46       1038       0   0.000  0.000      0       nan           nan         nan         nan       nan       nan
       46       1039       0   0.000  0.000      0       nan           nan         nan         nan       nan       nan
       46       1040       0   0.000  0.000      0       nan           nan         nan         nan       nan       nan
       46       1041       0   0.000  0.000      0       nan           nan         nan         nan       nan       nan
       46       1042       0   0.000  0.000      0       nan           nan         nan         nan       nan       nan
       46       1043       0   0.000  0.000      0       nan           nan         nan         nan       nan       nan
       46       1044       0   0.000  0.000      0       nan           nan         nan         nan       nan       nan
       46       1045       0   0.000  0.000      0       nan           nan         nan         nan       nan       nan
       46       1046       0   0.000  0.000      0       nan           nan         nan         nan       nan       nan
       46       1047       0   0.000  0.000      0       nan           nan         nan         nan       nan       nan
       46       1048       0   0.000  0.000      0       nan           nan         nan         nan       nan       nan
       46       1049       0   0.000  0.000      0       nan           nan         nan         nan       nan       nan
       46       1050       0   0.000  0.000      0       nan           nan         nan         nan       nan       nan
       46       1051       0   0.000  0.000      0       nan           nan         nan         nan       nan       nan
       46       1052       0   0.000  0.000      0       nan           nan         nan         nan       nan       nan
       46       1053       0   0.000  0.000      0       nan           nan         nan         nan       nan       nan
       46       1054       0   0.000  0.000      0       nan           nan         nan         nan       nan       nan
       46       1055       0   0.000  0.000      0       nan           nan         nan         nan       nan       nan
       46       1056       0   0.000  0.000      0       nan           nan         nan         nan       nan       nan
       46       1057       0   0.000  0.000      0       nan           nan         nan         nan       nan       nan
       46       1058       0   0.000  0.000      0       nan           nan         nan         nan       nan       nan
       46       1059       0   0.000  0.000      0       nan           nan         nan         nan       nan       nan
       46       1061       0   0.000  0.000      0       nan           nan         nan         nan       nan       nan
       46       1062       0   0.000  0.000      0       nan           nan         nan         nan       nan       nan
       46       1063       0   0.000  0.000      0       nan           nan         nan         nan       nan       nan
       46       1064       0   0.000  0.000      0       nan           nan         nan         nan       nan       nan
       46       1065       0   0.000  0.000      0       nan           nan         nan         nan       nan       nan
       46       1067       0   0.000  0.000      0       nan           nan         nan         nan       nan       nan
       46       1068       0   0.000  0.000      0       nan           nan         nan         nan       nan       nan
       46       1069       0   0.000  0.000      0       nan           nan         nan         nan       nan       nan
       46       1070       0   0.000  0.000      0       nan           nan         nan         nan       nan       nan
       46       1071       0   0.000  0.000      0       nan           nan         nan         nan       nan       nan
       46       1072       0   0.000  0.000      0       nan           nan         nan         nan       nan       nan
       46       1073       0   0.000  0.000      0       nan           nan         nan         nan       nan       nan
       46       1074       0   0.000  0.000      0       nan           nan         nan         nan       nan       nan
       46       1075       0   0.000  0.000      0       nan           nan         nan         nan       nan       nan
       46       1076       0   0.000  0.000      0       nan           nan         nan         nan       nan       nan
       46       1077       0   0.000  0.000      0       nan           nan         nan         nan       nan       nan
       46       1078       0   0.000  0.000      0       nan           nan         nan         nan       nan       nan
       46       1079       0   0.000  0.000      0       nan           nan         nan         nan       nan       nan
       46       1080       0   0.000  0.000      0       nan           nan         nan         nan       nan       nan
       46       1081       0   0.000  0.000      0       nan           nan         nan         nan       nan       nan
       46       1082       0   0.000  0.000      0       nan           nan         nan         nan       nan       nan
       46       1083       0   0.000  0.000      0       nan           nan         nan         nan       nan       nan
       46       1084       0   0.000  0.000      0       nan           nan         nan         nan       nan       nan
       46       1085       0   0.000  0.000      0       nan           nan         nan         nan       nan       nan
       46       1086       0   0.000  0.000      0       nan           nan         nan         nan       nan       nan
       46       1087       0   0.000  0.000      0       nan           nan         nan         nan       nan       nan
       46       1088       0   0.000  0.000      0       nan           nan         nan         nan       nan       nan
       46       1089       0   0.000  0.000      0       nan           nan         nan         nan       nan       nan
       46       1090       0   0.000  0.000      0       nan           nan         nan         nan       nan       nan
       46       1091       0   0.000  0.000      0       nan           nan         nan         nan       nan       nan
       46       1092       0   0.000  0.000      0       nan           nan         nan         nan       nan       nan
       46       1093       0   0.000  0.000      0       nan           nan         nan         nan       nan       nan
       46       1094       0   0.000  0.000      0       nan           nan         nan         nan       nan       nan
       47        800       1   0.172  0.492   3480     1.189           1.4       108.6       110.0      41.5      34.9
       47        706       1   0.030  0.424   5136     1.091          12.1       107.9       120.0      41.5      38.1
       47        929       0   0.026  0.202   1360     1.542           4.0       117.4       113.4      41.5      26.9
       47        764       0   0.020  0.522   4576     1.682          14.9       105.1       120.0      41.5      69.8
       47        889       0   0.012  0.206   1448     1.414          11.5        98.5       110.0      41.5      29.3
       47        845       1   0.008  0.120    848     1.000          13.5       113.0       126.5      58.7      58.7
       47        917       0   0.008  0.203   1400     1.542          15.5       114.5       130.0      41.5      26.9
       47        815       0   0.005  0.209   1440     1.834          20.3       109.7       130.0      45.3      83.0
       47        923       1   0.005  0.058    392     1.091          10.0       120.0       110.0      41.5      45.3
       47        699       0   0.004  0.082   4256     1.091          16.0       107.9       123.8      41.5      38.1
       47        792       0   0.004  0.142   1412     1.414          24.3        95.7       120.0      41.5      58.7
       47        788       0   0.003  0.154   1608     1.189          40.0       102.6       142.6      41.5      49.4
       47        717       0   0.003  0.153   1280     1.834          27.5       112.5       140.0      58.7      32.0
       47        866       0   0.003  0.118    808     1.091          37.9       102.1       140.0      41.5      45.3
       47        875       0   0.003  0.043    292     1.542           9.8       100.2       110.0      41.5      64.0
       47        813       0   0.002  0.103    788     1.542          39.5        90.5       130.0      45.3      29.3
       47        719       0   0.002  0.002     40     1.189           0.0        90.0        90.0      41.5      49.4
       47       1066       0   0.002  0.073    492     1.542          30.5        99.5       130.0      41.5      26.9
       47        808       0   0.001  0.103    900     2.000          39.1       110.9       150.0      58.7      29.3
       47        822       0   0.001  0.051    376     1.189          41.3       108.7       150.0      58.7      49.4
       47        710       0   0.000  0.005    132     1.000          10.0        90.0       100.0      45.3      45.3
       47        983       0   0.000  0.031    216     1.189          54.1        95.9       150.0      45.3      38.1
       47        718       0   0.000  0.005     88     1.091          10.0        90.0       100.0      45.3      41.5
       47        753       0   0.000  0.005     48     1.000          20.0        90.0       110.0      45.3      45.3
       47        703       0   0.000  0.003    112     1.091          10.4        90.0       100.4      45.3      49.4
       47        807       0   0.000  0.002     20     1.297          10.0        90.0       100.0      41.5      53.8
       47       1058       0   0.000  0.007     48     1.542          40.0       100.0       140.0      45.3      29.3
       47        701       0   0.000  0.001     44     1.000          30.0       110.0       140.0      58.7      58.7
       47        700       0   0.000  0.000      0       nan           nan         nan         nan       nan       nan
       47        702       0   0.000  0.000      0       nan           nan         nan         nan       nan       nan
       47        704       0   0.000  0.000      0       nan           nan         nan         nan       nan       nan
       47        705       0   0.000  0.000      0       nan           nan         nan         nan       nan       nan
       47        707       0   0.000  0.000      0       nan           nan         nan         nan       nan       nan
       47        708       0   0.000  0.000      0       nan           nan         nan         nan       nan       nan
       47        709       0   0.000  0.000      0       nan           nan         nan         nan       nan       nan
       47        711       0   0.000  0.000      0       nan           nan         nan         nan       nan       nan
       47        712       0   0.000  0.000      0       nan           nan         nan         nan       nan       nan
       47        713       0   0.000  0.000      0       nan           nan         nan         nan       nan       nan
       47        714       0   0.000  0.000      0       nan           nan         nan         nan       nan       nan
       47        715       0   0.000  0.000      0       nan           nan         nan         nan       nan       nan
       47        716       0   0.000  0.000      0       nan           nan         nan         nan       nan       nan
       47        720       0   0.000  0.000      0       nan           nan         nan         nan       nan       nan
       47        721       0   0.000  0.000      0       nan           nan         nan         nan       nan       nan
       47        722       0   0.000  0.000      0       nan           nan         nan         nan       nan       nan
       47        723       0   0.000  0.000      0       nan           nan         nan         nan       nan       nan
       47        724       0   0.000  0.000      0       nan           nan         nan         nan       nan       nan
       47        725       0   0.000  0.000      0       nan           nan         nan         nan       nan       nan
       47        726       0   0.000  0.000      0       nan           nan         nan         nan       nan       nan
       47        727       0   0.000  0.000      0       nan           nan         nan         nan       nan       nan
       47        728       0   0.000  0.000      0       nan           nan         nan         nan       nan       nan
       47        729       0   0.000  0.000      0       nan           nan         nan         nan       nan       nan
       47        730       0   0.000  0.000      0       nan           nan         nan         nan       nan       nan
       47        731       0   0.000  0.000      0       nan           nan         nan         nan       nan       nan
       47        732       0   0.000  0.000      0       nan           nan         nan         nan       nan       nan
       47        733       0   0.000  0.000      0       nan           nan         nan         nan       nan       nan
       47        734       0   0.000  0.000      0       nan           nan         nan         nan       nan       nan
       47        735       0   0.000  0.000      0       nan           nan         nan         nan       nan       nan
       47        736       0   0.000  0.000      0       nan           nan         nan         nan       nan       nan
       47        737       0   0.000  0.000      0       nan           nan         nan         nan       nan       nan
       47        738       0   0.000  0.000      0       nan           nan         nan         nan       nan       nan
       47        739       0   0.000  0.000      0       nan           nan         nan         nan       nan       nan
       47        740       0   0.000  0.000      0       nan           nan         nan         nan       nan       nan
       47        741       0   0.000  0.000      0       nan           nan         nan         nan       nan       nan
       47        742       0   0.000  0.000      0       nan           nan         nan         nan       nan       nan
       47        743       0   0.000  0.000      0       nan           nan         nan         nan       nan       nan
       47        744       0   0.000  0.000      0       nan           nan         nan         nan       nan       nan
       47        745       0   0.000  0.000      0       nan           nan         nan         nan       nan       nan
       47        746       0   0.000  0.000      0       nan           nan         nan         nan       nan       nan
       47        747       0   0.000  0.000      0       nan           nan         nan         nan       nan       nan
       47        748       0   0.000  0.000      0       nan           nan         nan         nan       nan       nan
       47        749       0   0.000  0.000      0       nan           nan         nan         nan       nan       nan
       47        750       0   0.000  0.000      0       nan           nan         nan         nan       nan       nan
       47        751       0   0.000  0.000      0       nan           nan         nan         nan       nan       nan
       47        752       0   0.000  0.000      0       nan           nan         nan         nan       nan       nan
       47        754       0   0.000  0.000      0       nan           nan         nan         nan       nan       nan
       47        755       0   0.000  0.000      0       nan           nan         nan         nan       nan       nan
       47        756       0   0.000  0.000      0       nan           nan         nan         nan       nan       nan
       47        757       0   0.000  0.000      0       nan           nan         nan         nan       nan       nan
       47        758       0   0.000  0.000      0       nan           nan         nan         nan       nan       nan
       47        759       0   0.000  0.000      0       nan           nan         nan         nan       nan       nan
       47        760       0   0.000  0.000      0       nan           nan         nan         nan       nan       nan
       47        761       0   0.000  0.000      0       nan           nan         nan         nan       nan       nan
       47        762       0   0.000  0.000      0       nan           nan         nan         nan       nan       nan
       47        763       0   0.000  0.000      0       nan           nan         nan         nan       nan       nan
       47        765       0   0.000  0.000      0       nan           nan         nan         nan       nan       nan
       47        766       0   0.000  0.000      0       nan           nan         nan         nan       nan       nan
       47        767       0   0.000  0.000      0       nan           nan         nan         nan       nan       nan
       47        768       0   0.000  0.000      0       nan           nan         nan         nan       nan       nan
       47        769       0   0.000  0.000      0       nan           nan         nan         nan       nan       nan
       47        770       0   0.000  0.000      0       nan           nan         nan         nan       nan       nan
       47        771       0   0.000  0.000      0       nan           nan         nan         nan       nan       nan
       47        772       0   0.000  0.000      0       nan           nan         nan         nan       nan       nan
       47        773       0   0.000  0.000      0       nan           nan         nan         nan       nan       nan
       47        774       0   0.000  0.000      0       nan           nan         nan         nan       nan       nan
       47        775       0   0.000  0.000      0       nan           nan         nan         nan       nan       nan
       47        776       0   0.000  0.000      0       nan           nan         nan         nan       nan       nan
       47        777       0   0.000  0.000      0       nan           nan         nan         nan       nan       nan
       47        778       0   0.000  0.000      0       nan           nan         nan         nan       nan       nan
       47        779       0   0.000  0.000      0       nan           nan         nan         nan       nan       nan
       47        780       0   0.000  0.000      0       nan           nan         nan         nan       nan       nan
       47        781       0   0.000  0.000      0       nan           nan         nan         nan       nan       nan
       47        782       0   0.000  0.000      0       nan           nan         nan         nan       nan       nan
       47        783       0   0.000  0.000      0       nan           nan         nan         nan       nan       nan
       47        784       0   0.000  0.000      0       nan           nan         nan         nan       nan       nan
       47        785       0   0.000  0.000      0       nan           nan         nan         nan       nan       nan
       47        786       0   0.000  0.000      0       nan           nan         nan         nan       nan       nan
       47        787       0   0.000  0.000      0       nan           nan         nan         nan       nan       nan
       47        789       0   0.000  0.000      0       nan           nan         nan         nan       nan       nan
       47        790       0   0.000  0.000      0       nan           nan         nan         nan       nan       nan
       47        791       0   0.000  0.000      0       nan           nan         nan         nan       nan       nan
       47        793       0   0.000  0.000      0       nan           nan         nan         nan       nan       nan
       47        794       0   0.000  0.000      0       nan           nan         nan         nan       nan       nan
       47        795       0   0.000  0.000      0       nan           nan         nan         nan       nan       nan
       47        796       0   0.000  0.000      0       nan           nan         nan         nan       nan       nan
       47        797       0   0.000  0.000      0       nan           nan         nan         nan       nan       nan
       47        798       0   0.000  0.000      0       nan           nan         nan         nan       nan       nan
       47        799       0   0.000  0.000      0       nan           nan         nan         nan       nan       nan
       47        801       0   0.000  0.000      0       nan           nan         nan         nan       nan       nan
       47        802       0   0.000  0.000      0       nan           nan         nan         nan       nan       nan
       47        803       0   0.000  0.000      0       nan           nan         nan         nan       nan       nan
       47        804       0   0.000  0.000      0       nan           nan         nan         nan       nan       nan
       47        805       0   0.000  0.000      0       nan           nan         nan         nan       nan       nan
       47        806       0   0.000  0.000      0       nan           nan         nan         nan       nan       nan
       47        809       0   0.000  0.000      0       nan           nan         nan         nan       nan       nan
       47        810       0   0.000  0.000      0       nan           nan         nan         nan       nan       nan
       47        811       0   0.000  0.000      0       nan           nan         nan         nan       nan       nan
       47        812       0   0.000  0.000      0       nan           nan         nan         nan       nan       nan
       47        814       0   0.000  0.000      0       nan           nan         nan         nan       nan       nan
       47        816       0   0.000  0.000      0       nan           nan         nan         nan       nan       nan
       47        817       0   0.000  0.000      0       nan           nan         nan         nan       nan       nan
       47        818       0   0.000  0.000      0       nan           nan         nan         nan       nan       nan
       47        819       0   0.000  0.000      0       nan           nan         nan         nan       nan       nan
       47        820       0   0.000  0.000      0       nan           nan         nan         nan       nan       nan
       47        821       0   0.000  0.000      0       nan           nan         nan         nan       nan       nan
       47        823       0   0.000  0.000      0       nan           nan         nan         nan       nan       nan
       47        824       0   0.000  0.000      0       nan           nan         nan         nan       nan       nan
       47        825       0   0.000  0.000      0       nan           nan         nan         nan       nan       nan
       47        826       0   0.000  0.000      0       nan           nan         nan         nan       nan       nan
       47        827       0   0.000  0.000      0       nan           nan         nan         nan       nan       nan
       47        828       0   0.000  0.000      0       nan           nan         nan         nan       nan       nan
       47        829       0   0.000  0.000      0       nan           nan         nan         nan       nan       nan
       47        830       0   0.000  0.000      0       nan           nan         nan         nan       nan       nan
       47        831       0   0.000  0.000      0       nan           nan         nan         nan       nan       nan
       47        832       0   0.000  0.000      0       nan           nan         nan         nan       nan       nan
       47        833       0   0.000  0.000      0       nan           nan         nan         nan       nan       nan
       47        834       0   0.000  0.000      0       nan           nan         nan         nan       nan       nan
       47        835       0   0.000  0.000      0       nan           nan         nan         nan       nan       nan
       47        836       0   0.000  0.000      0       nan           nan         nan         nan       nan       nan
       47        837       0   0.000  0.000      0       nan           nan         nan         nan       nan       nan
       47        838       0   0.000  0.000      0       nan           nan         nan         nan       nan       nan
       47        839       0   0.000  0.000      0       nan           nan         nan         nan       nan       nan
       47        840       0   0.000  0.000      0       nan           nan         nan         nan       nan       nan
       47        841       0   0.000  0.000      0       nan           nan         nan         nan       nan       nan
       47        842       0   0.000  0.000      0       nan           nan         nan         nan       nan       nan
       47        843       0   0.000  0.000      0       nan           nan         nan         nan       nan       nan
       47        844       0   0.000  0.000      0       nan           nan         nan         nan       nan       nan
       47        846       0   0.000  0.000      0       nan           nan         nan         nan       nan       nan
       47        847       0   0.000  0.000      0       nan           nan         nan         nan       nan       nan
       47        848       0   0.000  0.000      0       nan           nan         nan         nan       nan       nan
       47        849       0   0.000  0.000      0       nan           nan         nan         nan       nan       nan
       47        850       0   0.000  0.000      0       nan           nan         nan         nan       nan       nan
       47        851       0   0.000  0.000      0       nan           nan         nan         nan       nan       nan
       47        852       0   0.000  0.000      0       nan           nan         nan         nan       nan       nan
       47        853       0   0.000  0.000      0       nan           nan         nan         nan       nan       nan
       47        854       0   0.000  0.000      0       nan           nan         nan         nan       nan       nan
       47        855       0   0.000  0.000      0       nan           nan         nan         nan       nan       nan
       47        856       0   0.000  0.000      0       nan           nan         nan         nan       nan       nan
       47        857       0   0.000  0.000      0       nan           nan         nan         nan       nan       nan
       47        858       0   0.000  0.000      0       nan           nan         nan         nan       nan       nan
       47        859       0   0.000  0.000      0       nan           nan         nan         nan       nan       nan
       47        860       0   0.000  0.000      0       nan           nan         nan         nan       nan       nan
       47        861       0   0.000  0.000      0       nan           nan         nan         nan       nan       nan
       47        862       0   0.000  0.000      0       nan           nan         nan         nan       nan       nan
       47        863       0   0.000  0.000      0       nan           nan         nan         nan       nan       nan
       47        864       0   0.000  0.000      0       nan           nan         nan         nan       nan       nan
       47        865       0   0.000  0.000      0       nan           nan         nan         nan       nan       nan
       47        867       0   0.000  0.000      0       nan           nan         nan         nan       nan       nan
       47        868       0   0.000  0.000      0       nan           nan         nan         nan       nan       nan
       47        869       0   0.000  0.000      0       nan           nan         nan         nan       nan       nan
       47        870       0   0.000  0.000      0       nan           nan         nan         nan       nan       nan
       47        871       0   0.000  0.000      0       nan           nan         nan         nan       nan       nan
       47        872       0   0.000  0.000      0       nan           nan         nan         nan       nan       nan
       47        873       0   0.000  0.000      0       nan           nan         nan         nan       nan       nan
       47        874       0   0.000  0.000      0       nan           nan         nan         nan       nan       nan
       47        876       0   0.000  0.000      0       nan           nan         nan         nan       nan       nan
       47        877       0   0.000  0.000      0       nan           nan         nan         nan       nan       nan
       47        878       0   0.000  0.000      0       nan           nan         nan         nan       nan       nan
       47        879       0   0.000  0.000      0       nan           nan         nan         nan       nan       nan
       47        880       0   0.000  0.000      0       nan           nan         nan         nan       nan       nan
       47        881       0   0.000  0.000      0       nan           nan         nan         nan       nan       nan
       47        882       0   0.000  0.000      0       nan           nan         nan         nan       nan       nan
       47        883       0   0.000  0.000      0       nan           nan         nan         nan       nan       nan
       47        884       0   0.000  0.000      0       nan           nan         nan         nan       nan       nan
       47        885       0   0.000  0.000      0       nan           nan         nan         nan       nan       nan
       47        886       0   0.000  0.000      0       nan           nan         nan         nan       nan       nan
       47        887       0   0.000  0.000      0       nan           nan         nan         nan       nan       nan
       47        888       0   0.000  0.000      0       nan           nan         nan         nan       nan       nan
       47        890       0   0.000  0.000      0       nan           nan         nan         nan       nan       nan
       47        891       0   0.000  0.000      0       nan           nan         nan         nan       nan       nan
       47        892       0   0.000  0.000      0       nan           nan         nan         nan       nan       nan
       47        893       0   0.000  0.000      0       nan           nan         nan         nan       nan       nan
       47        894       0   0.000  0.000      0       nan           nan         nan         nan       nan       nan
       47        895       0   0.000  0.000      0       nan           nan         nan         nan       nan       nan
       47        896       0   0.000  0.000      0       nan           nan         nan         nan       nan       nan
       47        897       0   0.000  0.000      0       nan           nan         nan         nan       nan       nan
       47        898       0   0.000  0.000      0       nan           nan         nan         nan       nan       nan
       47        899       0   0.000  0.000      0       nan           nan         nan         nan       nan       nan
       47        900       0   0.000  0.000      0       nan           nan         nan         nan       nan       nan
       47        901       0   0.000  0.000      0       nan           nan         nan         nan       nan       nan
       47        902       0   0.000  0.000      0       nan           nan         nan         nan       nan       nan
       47        903       0   0.000  0.000      0       nan           nan         nan         nan       nan       nan
       47        904       0   0.000  0.000      0       nan           nan         nan         nan       nan       nan
       47        905       0   0.000  0.000      0       nan           nan         nan         nan       nan       nan
       47        906       0   0.000  0.000      0       nan           nan         nan         nan       nan       nan
       47        907       0   0.000  0.000      0       nan           nan         nan         nan       nan       nan
       47        908       0   0.000  0.000      0       nan           nan         nan         nan       nan       nan
       47        909       0   0.000  0.000      0       nan           nan         nan         nan       nan       nan
       47        910       0   0.000  0.000      0       nan           nan         nan         nan       nan       nan
       47        911       0   0.000  0.000      0       nan           nan         nan         nan       nan       nan
       47        912       0   0.000  0.000      0       nan           nan         nan         nan       nan       nan
       47        913       0   0.000  0.000      0       nan           nan         nan         nan       nan       nan
       47        914       0   0.000  0.000      0       nan           nan         nan         nan       nan       nan
       47        915       0   0.000  0.000      0       nan           nan         nan         nan       nan       nan
       47        916       0   0.000  0.000      0       nan           nan         nan         nan       nan       nan
       47        918       0   0.000  0.000      0       nan           nan         nan         nan       nan       nan
       47        919       0   0.000  0.000      0       nan           nan         nan         nan       nan       nan
       47        920       0   0.000  0.000      0       nan           nan         nan         nan       nan       nan
       47        921       0   0.000  0.000      0       nan           nan         nan         nan       nan       nan
       47        922       0   0.000  0.000      0       nan           nan         nan         nan       nan       nan
       47        924       0   0.000  0.000      0       nan           nan         nan         nan       nan       nan
       47        925       0   0.000  0.000      0       nan           nan         nan         nan       nan       nan
       47        926       0   0.000  0.000      0       nan           nan         nan         nan       nan       nan
       47        927       0   0.000  0.000      0       nan           nan         nan         nan       nan       nan
       47        928       0   0.000  0.000      0       nan           nan         nan         nan       nan       nan
       47        930       0   0.000  0.000      0       nan           nan         nan         nan       nan       nan
       47        931       0   0.000  0.000      0       nan           nan         nan         nan       nan       nan
       47        932       0   0.000  0.000      0       nan           nan         nan         nan       nan       nan
       47        933       0   0.000  0.000      0       nan           nan         nan         nan       nan       nan
       47        934       0   0.000  0.000      0       nan           nan         nan         nan       nan       nan
       47        935       0   0.000  0.000      0       nan           nan         nan         nan       nan       nan
       47        936       0   0.000  0.000      0       nan           nan         nan         nan       nan       nan
       47        937       0   0.000  0.000      0       nan           nan         nan         nan       nan       nan
       47        938       0   0.000  0.000      0       nan           nan         nan         nan       nan       nan
       47        939       0   0.000  0.000      0       nan           nan         nan         nan       nan       nan
       47        940       0   0.000  0.000      0       nan           nan         nan         nan       nan       nan
       47        941       0   0.000  0.000      0       nan           nan         nan         nan       nan       nan
       47        942       0   0.000  0.000      0       nan           nan         nan         nan       nan       nan
       47        943       0   0.000  0.000      0       nan           nan         nan         nan       nan       nan
       47        944       0   0.000  0.000      0       nan           nan         nan         nan       nan       nan
       47        945       0   0.000  0.000      0       nan           nan         nan         nan       nan       nan
       47        946       0   0.000  0.000      0       nan           nan         nan         nan       nan       nan
       47        947       0   0.000  0.000      0       nan           nan         nan         nan       nan       nan
       47        948       0   0.000  0.000      0       nan           nan         nan         nan       nan       nan
       47        949       0   0.000  0.000      0       nan           nan         nan         nan       nan       nan
       47        950       0   0.000  0.000      0       nan           nan         nan         nan       nan       nan
       47        951       0   0.000  0.000      0       nan           nan         nan         nan       nan       nan
       47        952       0   0.000  0.000      0       nan           nan         nan         nan       nan       nan
       47        953       0   0.000  0.000      0       nan           nan         nan         nan       nan       nan
       47        954       0   0.000  0.000      0       nan           nan         nan         nan       nan       nan
       47        955       0   0.000  0.000      0       nan           nan         nan         nan       nan       nan
       47        956       0   0.000  0.000      0       nan           nan         nan         nan       nan       nan
       47        957       0   0.000  0.000      0       nan           nan         nan         nan       nan       nan
       47        958       0   0.000  0.000      0       nan           nan         nan         nan       nan       nan
       47        959       0   0.000  0.000      0       nan           nan         nan         nan       nan       nan
       47        960       0   0.000  0.000      0       nan           nan         nan         nan       nan       nan
       47        961       0   0.000  0.000      0       nan           nan         nan         nan       nan       nan
       47        962       0   0.000  0.000      0       nan           nan         nan         nan       nan       nan
       47        963       0   0.000  0.000      0       nan           nan         nan         nan       nan       nan
       47        964       0   0.000  0.000      0       nan           nan         nan         nan       nan       nan
       47        965       0   0.000  0.000      0       nan           nan         nan         nan       nan       nan
       47        966       0   0.000  0.000      0       nan           nan         nan         nan       nan       nan
       47        967       0   0.000  0.000      0       nan           nan         nan         nan       nan       nan
       47        968       0   0.000  0.000      0       nan           nan         nan         nan       nan       nan
       47        969       0   0.000  0.000      0       nan           nan         nan         nan       nan       nan
       47        970       0   0.000  0.000      0       nan           nan         nan         nan       nan       nan
       47        971       0   0.000  0.000      0       nan           nan         nan         nan       nan       nan
       47        972       0   0.000  0.000      0       nan           nan         nan         nan       nan       nan
       47        973       0   0.000  0.000      0       nan           nan         nan         nan       nan       nan
       47        974       0   0.000  0.000      0       nan           nan         nan         nan       nan       nan
       47        975       0   0.000  0.000      0       nan           nan         nan         nan       nan       nan
       47        976       0   0.000  0.000      0       nan           nan         nan         nan       nan       nan
       47        977       0   0.000  0.000      0       nan           nan         nan         nan       nan       nan
       47        978       0   0.000  0.000      0       nan           nan         nan         nan       nan       nan
       47        979       0   0.000  0.000      0       nan           nan         nan         nan       nan       nan
       47        980       0   0.000  0.000      0       nan           nan         nan         nan       nan       nan
       47        981       0   0.000  0.000      0       nan           nan         nan         nan       nan       nan
       47        982       0   0.000  0.000      0       nan           nan         nan         nan       nan       nan
       47        984       0   0.000  0.000      0       nan           nan         nan         nan       nan       nan
       47        985       0   0.000  0.000      0       nan           nan         nan         nan       nan       nan
       47        986       0   0.000  0.000      0       nan           nan         nan         nan       nan       nan
       47        987       0   0.000  0.000      0       nan           nan         nan         nan       nan       nan
       47        988       0   0.000  0.000      0       nan           nan         nan         nan       nan       nan
       47        989       0   0.000  0.000      0       nan           nan         nan         nan       nan       nan
       47        990       0   0.000  0.000      0       nan           nan         nan         nan       nan       nan
       47        991       0   0.000  0.000      0       nan           nan         nan         nan       nan       nan
       47        992       0   0.000  0.000      0       nan           nan         nan         nan       nan       nan
       47        993       0   0.000  0.000      0       nan           nan         nan         nan       nan       nan
       47        994       0   0.000  0.000      0       nan           nan         nan         nan       nan       nan
       47        995       0   0.000  0.000      0       nan           nan         nan         nan       nan       nan
       47        996       0   0.000  0.000      0       nan           nan         nan         nan       nan       nan
       47        997       0   0.000  0.000      0       nan           nan         nan         nan       nan       nan
       47        998       0   0.000  0.000      0       nan           nan         nan         nan       nan       nan
       47        999       0   0.000  0.000      0       nan           nan         nan         nan       nan       nan
       47       1000       0   0.000  0.000      0       nan           nan         nan         nan       nan       nan
       47       1001       0   0.000  0.000      0       nan           nan         nan         nan       nan       nan
       47       1002       0   0.000  0.000      0       nan           nan         nan         nan       nan       nan
       47       1003       0   0.000  0.000      0       nan           nan         nan         nan       nan       nan
       47       1004       0   0.000  0.000      0       nan           nan         nan         nan       nan       nan
       47       1005       0   0.000  0.000      0       nan           nan         nan         nan       nan       nan
       47       1006       0   0.000  0.000      0       nan           nan         nan         nan       nan       nan
       47       1007       0   0.000  0.000      0       nan           nan         nan         nan       nan       nan
       47       1008       0   0.000  0.000      0       nan           nan         nan         nan       nan       nan
       47       1009       0   0.000  0.000      0       nan           nan         nan         nan       nan       nan
       47       1010       0   0.000  0.000      0       nan           nan         nan         nan       nan       nan
       47       1011       0   0.000  0.000      0       nan           nan         nan         nan       nan       nan
       47       1012       0   0.000  0.000      0       nan           nan         nan         nan       nan       nan
       47       1013       0   0.000  0.000      0       nan           nan         nan         nan       nan       nan
       47       1014       0   0.000  0.000      0       nan           nan         nan         nan       nan       nan
       47       1015       0   0.000  0.000      0       nan           nan         nan         nan       nan       nan
       47       1016       0   0.000  0.000      0       nan           nan         nan         nan       nan       nan
       47       1017       0   0.000  0.000      0       nan           nan         nan         nan       nan       nan
       47       1018       0   0.000  0.000      0       nan           nan         nan         nan       nan       nan
       47       1019       0   0.000  0.000      0       nan           nan         nan         nan       nan       nan
       47       1020       0   0.000  0.000      0       nan           nan         nan         nan       nan       nan
       47       1021       0   0.000  0.000      0       nan           nan         nan         nan       nan       nan
       47       1022       0   0.000  0.000      0       nan           nan         nan         nan       nan       nan
       47       1023       0   0.000  0.000      0       nan           nan         nan         nan       nan       nan
       47       1024       0   0.000  0.000      0       nan           nan         nan         nan       nan       nan
       47       1025       0   0.000  0.000      0       nan           nan         nan         nan       nan       nan
       47       1026       0   0.000  0.000      0       nan           nan         nan         nan       nan       nan
       47       1027       0   0.000  0.000      0       nan           nan         nan         nan       nan       nan
       47       1028       0   0.000  0.000      0       nan           nan         nan         nan       nan       nan
       47       1029       0   0.000  0.000      0       nan           nan         nan         nan       nan       nan
       47       1030       0   0.000  0.000      0       nan           nan         nan         nan       nan       nan
       47       1031       0   0.000  0.000      0       nan           nan         nan         nan       nan       nan
       47       1032       0   0.000  0.000      0       nan           nan         nan         nan       nan       nan
       47       1033       0   0.000  0.000      0       nan           nan         nan         nan       nan       nan
       47       1034       0   0.000  0.000      0       nan           nan         nan         nan       nan       nan
       47       1035       0   0.000  0.000      0       nan           nan         nan         nan       nan       nan
       47       1036       0   0.000  0.000      0       nan           nan         nan         nan       nan       nan
       47       1037       0   0.000  0.000      0       nan           nan         nan         nan       nan       nan
       47       1038       0   0.000  0.000      0       nan           nan         nan         nan       nan       nan
       47       1039       0   0.000  0.000      0       nan           nan         nan         nan       nan       nan
       47       1040       0   0.000  0.000      0       nan           nan         nan         nan       nan       nan
       47       1041       0   0.000  0.000      0       nan           nan         nan         nan       nan       nan
       47       1042       0   0.000  0.000      0       nan           nan         nan         nan       nan       nan
       47       1043       0   0.000  0.000      0       nan           nan         nan         nan       nan       nan
       47       1044       0   0.000  0.000      0       nan           nan         nan         nan       nan       nan
       47       1045       0   0.000  0.000      0       nan           nan         nan         nan       nan       nan
       47       1046       0   0.000  0.000      0       nan           nan         nan         nan       nan       nan
       47       1047       0   0.000  0.000      0       nan           nan         nan         nan       nan       nan
       47       1048       0   0.000  0.000      0       nan           nan         nan         nan       nan       nan
       47       1049       0   0.000  0.000      0       nan           nan         nan         nan       nan       nan
       47       1050       0   0.000  0.000      0       nan           nan         nan         nan       nan       nan
       47       1051       0   0.000  0.000      0       nan           nan         nan         nan       nan       nan
       47       1052       0   0.000  0.000      0       nan           nan         nan         nan       nan       nan
       47       1053       0   0.000  0.000      0       nan           nan         nan         nan       nan       nan
       47       1054       0   0.000  0.000      0       nan           nan         nan         nan       nan       nan
       47       1055       0   0.000  0.000      0       nan           nan         nan         nan       nan       nan
       47       1056       0   0.000  0.000      0       nan           nan         nan         nan       nan       nan
       47       1057       0   0.000  0.000      0       nan           nan         nan         nan       nan       nan
       47       1059       0   0.000  0.000      0       nan           nan         nan         nan       nan       nan
       47       1060       0   0.000  0.000      0       nan           nan         nan         nan       nan       nan
       47       1061       0   0.000  0.000      0       nan           nan         nan         nan       nan       nan
       47       1062       0   0.000  0.000      0       nan           nan         nan         nan       nan       nan
       47       1063       0   0.000  0.000      0       nan           nan         nan         nan       nan       nan
       47       1064       0   0.000  0.000      0       nan           nan         nan         nan       nan       nan
       47       1065       0   0.000  0.000      0       nan           nan         nan         nan       nan       nan
       47       1067       0   0.000  0.000      0       nan           nan         nan         nan       nan       nan
       47       1068       0   0.000  0.000      0       nan           nan         nan         nan       nan       nan
       47       1069       0   0.000  0.000      0       nan           nan         nan         nan       nan       nan
       47       1070       0   0.000  0.000      0       nan           nan         nan         nan       nan       nan
       47       1071       0   0.000  0.000      0       nan           nan         nan         nan       nan       nan
       47       1072       0   0.000  0.000      0       nan           nan         nan         nan       nan       nan
       47       1073       0   0.000  0.000      0       nan           nan         nan         nan       nan       nan
       47       1074       0   0.000  0.000      0       nan           nan         nan         nan       nan       nan
       47       1075       0   0.000  0.000      0       nan           nan         nan         nan       nan       nan
       47       1076       0   0.000  0.000      0       nan           nan         nan         nan       nan       nan
       47       1077       0   0.000  0.000      0       nan           nan         nan         nan       nan       nan
       47       1078       0   0.000  0.000      0       nan           nan         nan         nan       nan       nan
       47       1079       0   0.000  0.000      0       nan           nan         nan         nan       nan       nan
       47       1080       0   0.000  0.000      0       nan           nan         nan         nan       nan       nan
       47       1081       0   0.000  0.000      0       nan           nan         nan         nan       nan       nan
       47       1082       0   0.000  0.000      0       nan           nan         nan         nan       nan       nan
       47       1083       0   0.000  0.000      0       nan           nan         nan         nan       nan       nan
       47       1084       0   0.000  0.000      0       nan           nan         nan         nan       nan       nan
       47       1085       0   0.000  0.000      0       nan           nan         nan         nan       nan       nan
       47       1086       0   0.000  0.000      0       nan           nan         nan         nan       nan       nan
       47       1087       0   0.000  0.000      0       nan           nan         nan         nan       nan       nan
       47       1088       0   0.000  0.000      0       nan           nan         nan         nan       nan       nan
       47       1089       0   0.000  0.000      0       nan           nan         nan         nan       nan       nan
       47       1090       0   0.000  0.000      0       nan           nan         nan         nan       nan       nan
       47       1091       0   0.000  0.000      0       nan           nan         nan         nan       nan       nan
       47       1092       0   0.000  0.000      0       nan           nan         nan         nan       nan       nan
       47       1093       0   0.000  0.000      0       nan           nan         nan         nan       nan       nan
       47       1094       0   0.000  0.000      0       nan           nan         nan         nan       nan       nan
       48        764       1   0.227  0.257   5892     1.091           0.0       120.0       120.0      76.1      69.8
       48        792       0   0.061  0.115   2752     1.297           0.5       119.5       120.0      76.1      58.7
       48        706       0   0.043  0.367   8772     2.000           3.3       123.3       120.0      76.1      38.1
       48        699       0   0.021  0.167  10264     2.000           3.0       124.5       127.6      76.1      38.1
       48        793       0   0.011  0.081   1816     4.362           0.6       129.9       129.3      76.1      17.4
       48        845       1   0.011  0.052   1156     1.189           3.0       122.3       125.2      69.8      58.7
       48        800       0   0.007  0.165   3676     2.181          10.0       120.0       110.0      76.1      34.9
       48        815       1   0.006  0.071   1568     1.091           9.6       120.4       130.0      76.1      83.0
       48        799       0   0.004  0.009    216     2.000           0.0       120.0       120.0      76.1      38.1
       48        788       0   0.004  0.107   2652     1.297          18.7       118.7       137.4      76.1      58.7
       48        701       0   0.003  0.096   3964     1.297          22.0       129.6       151.7      76.1      58.7
       48        717       0   0.003  0.130   2876     2.378          16.1       123.9       140.0      76.1      32.0
       48        929       0   0.003  0.058   1292     2.594           6.5       120.0       113.5      69.8      26.9
       48        753       0   0.003  0.051   1228     1.682          10.0       120.0       110.0      76.1      45.3
       48        889       0   0.003  0.078   1720     2.594          10.0       120.0       110.0      76.1      29.3
       48        813       0   0.003  0.074   1644     2.594          10.0       120.0       130.0      76.1      29.3
       48        808       0   0.002  0.129   2868     2.594          20.9       125.7       146.6      76.1      29.3
       48        917       0   0.002  0.069   1540     2.828          10.0       120.0       130.0      76.1      26.9
       48        703       0   0.002  0.073   3944     1.542          21.8       126.4       104.5      76.1      49.4
       48        720       0   0.002  0.051   1592     1.297          18.1       128.1       110.0      76.1      58.7
       48        718       0   0.002  0.091   2648     1.834          23.7       125.0       101.3      76.1      41.5
       48        710       0   0.002  0.069   2592     1.682          25.3       125.3       100.0      76.1      45.3
       48        704       0   0.002  0.036   1672     1.091          20.1       129.3       109.3      76.1      69.8
       48        807       0   0.001  0.051   1148     1.414          25.7       125.7       100.0      76.1      53.8
       48        822       0   0.001  0.048   1064     1.542          24.0       126.0       150.0      76.1      49.4
       48        866       0   0.001  0.041    912     1.682          20.0       120.0       140.0      76.1      45.3
       48        835       0   0.001  0.039    888     1.091          30.7       129.3       160.0      76.1      69.8
       48        719       0   0.001  0.073   2480     1.682          37.8       127.5        89.7      76.1      45.3
       48        923       0   0.001  0.018    392     1.542          10.0       120.0       110.0      69.8      45.3
       48        875       0   0.001  0.013    292     1.189          10.0       120.0       110.0      76.1      64.0
       48        737       0   0.001  0.077   2248     2.000          38.6       128.1        89.6      76.1      38.1
       48        738       0   0.001  0.084   2176     1.834          50.3       128.3        78.0      76.1      41.5
       48       1066       0   0.001  0.022    492     2.828          10.0       120.0       130.0      76.1      26.9
       48        762       0   0.001  0.016    460     1.000          22.4       127.6       150.0      76.1      76.1
       48        705       0   0.001  0.039   2444     1.189          49.5       129.5        80.0      76.1      90.5
       48        754       0   0.001  0.027    632     4.000           9.8       129.8       120.0      76.1      19.0
       48        747       0   0.001  0.041   1080     3.084          20.5       130.0       150.5      76.1      24.7
       48        806       0   0.001  0.023    508     3.668          10.0       130.0       120.0      76.1      20.7
       48        795       0   0.000  0.018    396     3.668          10.0       130.0       140.0      76.1      20.7
       48       1007       0   0.000  0.039    872     3.084          29.5       129.5       100.0      76.1      24.7
       48        700       0   0.000  0.031   1456     2.594          28.3       128.3       100.0      76.1      29.3
       48        809       0   0.000  0.031    716     2.828          30.1       129.9       160.0      76.1      26.9
       48       1058       0   0.000  0.022    500     2.594          23.7       116.3       140.0      76.1      29.3
       48        885       0   0.000  0.008    188     2.378          10.0       120.0       110.0      76.1      32.0
       48       1060       0   0.000  0.020    444     3.364          20.0       130.0       150.0      76.1      22.6
       48        734       0   0.000  0.038    908     3.084          48.8       128.8        80.0      76.1      24.7
       48        821       0   0.000  0.010    224     1.091          37.9       127.9        90.0      76.1      83.0
       48        757       0   0.000  0.023    696     1.682          58.5       128.5        70.0      76.1      45.3
       48        760       0   0.000  0.022    584     2.000          58.1       128.1        70.0      76.1      38.1
       48        730       0   0.000  0.020    596     3.084          38.1       128.1        90.0      76.1      24.7
       48        945       0   0.000  0.032    716     3.668          51.0       129.8        78.8      76.1      20.7
       48        803       0   0.000  0.006    136     1.000          35.6       125.6        90.0      76.1      76.1
       48        777       0   0.000  0.009    220     1.414          40.0       130.0       170.0      76.1      53.8
       48        789       0   0.000  0.002     44     1.189          10.0       120.0       110.0      76.1      90.5
       48        949       0   0.000  0.025    584     3.084          59.9       129.9        70.0      76.1      24.7
       48        829       0   0.000  0.004    104     1.091          30.0       110.0       140.0      69.8      64.0
       48        983       0   0.000  0.006    128     2.000          30.0       120.0       150.0      76.1      38.1
       48       1069       0   0.000  0.004     84     2.378          30.0       120.0        90.0      76.1      32.0
       48        731       0   0.000  0.002     84     1.542          28.6       128.6       100.0      76.1     117.4
       48        722       0   0.000  0.002     76     1.189          52.1       122.1        70.0      69.8      83.0
       48        773       0   0.000  0.003     72     2.181          55.0       125.0         0.0      76.1      34.9
       48        715       0   0.000  0.005    156     4.000          65.6       125.6        60.0      76.1      19.0
       48        819       0   0.000  0.001     12     4.000          20.0       120.0       140.0      69.8      17.4
       48       1022       0   0.000  0.000      8     2.000          30.0       120.0        90.0      76.1      38.1
       48        953       0   0.000  0.000      8     2.594          40.0       130.0       170.0      76.1      29.3
       48        732       0   0.000  0.000      4     4.000          30.0       120.0       150.0      69.8      17.4
       48        702       0   0.000  0.000      0       nan           nan         nan         nan       nan       nan
       48        707       0   0.000  0.000      0       nan           nan         nan         nan       nan       nan
       48        708       0   0.000  0.000      0       nan           nan         nan         nan       nan       nan
       48        709       0   0.000  0.000      0       nan           nan         nan         nan       nan       nan
       48        711       0   0.000  0.000      0       nan           nan         nan         nan       nan       nan
       48        712       0   0.000  0.000      0       nan           nan         nan         nan       nan       nan
       48        713       0   0.000  0.000      0       nan           nan         nan         nan       nan       nan
       48        714       0   0.000  0.000      0       nan           nan         nan         nan       nan       nan
       48        716       0   0.000  0.000      0       nan           nan         nan         nan       nan       nan
       48        721       0   0.000  0.000      0       nan           nan         nan         nan       nan       nan
       48        723       0   0.000  0.000      0       nan           nan         nan         nan       nan       nan
       48        724       0   0.000  0.000      0       nan           nan         nan         nan       nan       nan
       48        725       0   0.000  0.000      0       nan           nan         nan         nan       nan       nan
       48        726       0   0.000  0.000      0       nan           nan         nan         nan       nan       nan
       48        727       0   0.000  0.000      0       nan           nan         nan         nan       nan       nan
       48        728       0   0.000  0.000      0       nan           nan         nan         nan       nan       nan
       48        729       0   0.000  0.000      0       nan           nan         nan         nan       nan       nan
       48        733       0   0.000  0.000      0       nan           nan         nan         nan       nan       nan
       48        735       0   0.000  0.000      0       nan           nan         nan         nan       nan       nan
       48        736       0   0.000  0.000      0       nan           nan         nan         nan       nan       nan
       48        739       0   0.000  0.000      0       nan           nan         nan         nan       nan       nan
       48        740       0   0.000  0.000      0       nan           nan         nan         nan       nan       nan
       48        741       0   0.000  0.000      0       nan           nan         nan         nan       nan       nan
       48        742       0   0.000  0.000      0       nan           nan         nan         nan       nan       nan
       48        743       0   0.000  0.000      0       nan           nan         nan         nan       nan       nan
       48        744       0   0.000  0.000      0       nan           nan         nan         nan       nan       nan
       48        745       0   0.000  0.000      0       nan           nan         nan         nan       nan       nan
       48        746       0   0.000  0.000      0       nan           nan         nan         nan       nan       nan
       48        748       0   0.000  0.000      0       nan           nan         nan         nan       nan       nan
       48        749       0   0.000  0.000      0       nan           nan         nan         nan       nan       nan
       48        750       0   0.000  0.000      0       nan           nan         nan         nan       nan       nan
       48        751       0   0.000  0.000      0       nan           nan         nan         nan       nan       nan
       48        752       0   0.000  0.000      0       nan           nan         nan         nan       nan       nan
       48        755       0   0.000  0.000      0       nan           nan         nan         nan       nan       nan
       48        756       0   0.000  0.000      0       nan           nan         nan         nan       nan       nan
       48        758       0   0.000  0.000      0       nan           nan         nan         nan       nan       nan
       48        759       0   0.000  0.000      0       nan           nan         nan         nan       nan       nan
       48        761       0   0.000  0.000      0       nan           nan         nan         nan       nan       nan
       48        763       0   0.000  0.000      0       nan           nan         nan         nan       nan       nan
       48        765       0   0.000  0.000      0       nan           nan         nan         nan       nan       nan
       48        766       0   0.000  0.000      0       nan           nan         nan         nan       nan       nan
       48        767       0   0.000  0.000      0       nan           nan         nan         nan       nan       nan
       48        768       0   0.000  0.000      0       nan           nan         nan         nan       nan       nan
       48        769       0   0.000  0.000      0       nan           nan         nan         nan       nan       nan
       48        770       0   0.000  0.000      0       nan           nan         nan         nan       nan       nan
       48        771       0   0.000  0.000      0       nan           nan         nan         nan       nan       nan
       48        772       0   0.000  0.000      0       nan           nan         nan         nan       nan       nan
       48        774       0   0.000  0.000      0       nan           nan         nan         nan       nan       nan
       48        775       0   0.000  0.000      0       nan           nan         nan         nan       nan       nan
       48        776       0   0.000  0.000      0       nan           nan         nan         nan       nan       nan
       48        778       0   0.000  0.000      0       nan           nan         nan         nan       nan       nan
       48        779       0   0.000  0.000      0       nan           nan         nan         nan       nan       nan
       48        780       0   0.000  0.000      0       nan           nan         nan         nan       nan       nan
       48        781       0   0.000  0.000      0       nan           nan         nan         nan       nan       nan
       48        782       0   0.000  0.000      0       nan           nan         nan         nan       nan       nan
       48        783       0   0.000  0.000      0       nan           nan         nan         nan       nan       nan
       48        784       0   0.000  0.000      0       nan           nan         nan         nan       nan       nan
       48        785       0   0.000  0.000      0       nan           nan         nan         nan       nan       nan
       48        786       0   0.000  0.000      0       nan           nan         nan         nan       nan       nan
       48        787       0   0.000  0.000      0       nan           nan         nan         nan       nan       nan
       48        790       0   0.000  0.000      0       nan           nan         nan         nan       nan       nan
       48        791       0   0.000  0.000      0       nan           nan         nan         nan       nan       nan
       48        794       0   0.000  0.000      0       nan           nan         nan         nan       nan       nan
       48        796       0   0.000  0.000      0       nan           nan         nan         nan       nan       nan
       48        797       0   0.000  0.000      0       nan           nan         nan         nan       nan       nan
       48        798       0   0.000  0.000      0       nan           nan         nan         nan       nan       nan
       48        801       0   0.000  0.000      0       nan           nan         nan         nan       nan       nan
       48        802       0   0.000  0.000      0       nan           nan         nan         nan       nan       nan
       48        804       0   0.000  0.000      0       nan           nan         nan         nan       nan       nan
       48        805       0   0.000  0.000      0       nan           nan         nan         nan       nan       nan
       48        810       0   0.000  0.000      0       nan           nan         nan         nan       nan       nan
       48        811       0   0.000  0.000      0       nan           nan         nan         nan       nan       nan
       48        812       0   0.000  0.000      0       nan           nan         nan         nan       nan       nan
       48        814       0   0.000  0.000      0       nan           nan         nan         nan       nan       nan
       48        816       0   0.000  0.000      0       nan           nan         nan         nan       nan       nan
       48        817       0   0.000  0.000      0       nan           nan         nan         nan       nan       nan
       48        818       0   0.000  0.000      0       nan           nan         nan         nan       nan       nan
       48        820       0   0.000  0.000      0       nan           nan         nan         nan       nan       nan
       48        823       0   0.000  0.000      0       nan           nan         nan         nan       nan       nan
       48        824       0   0.000  0.000      0       nan           nan         nan         nan       nan       nan
       48        825       0   0.000  0.000      0       nan           nan         nan         nan       nan       nan
       48        826       0   0.000  0.000      0       nan           nan         nan         nan       nan       nan
       48        827       0   0.000  0.000      0       nan           nan         nan         nan       nan       nan
       48        828       0   0.000  0.000      0       nan           nan         nan         nan       nan       nan
       48        830       0   0.000  0.000      0       nan           nan         nan         nan       nan       nan
       48        831       0   0.000  0.000      0       nan           nan         nan         nan       nan       nan
       48        832       0   0.000  0.000      0       nan           nan         nan         nan       nan       nan
       48        833       0   0.000  0.000      0       nan           nan         nan         nan       nan       nan
       48        834       0   0.000  0.000      0       nan           nan         nan         nan       nan       nan
       48        836       0   0.000  0.000      0       nan           nan         nan         nan       nan       nan
       48        837       0   0.000  0.000      0       nan           nan         nan         nan       nan       nan
       48        838       0   0.000  0.000      0       nan           nan         nan         nan       nan       nan
       48        839       0   0.000  0.000      0       nan           nan         nan         nan       nan       nan
       48        840       0   0.000  0.000      0       nan           nan         nan         nan       nan       nan
       48        841       0   0.000  0.000      0       nan           nan         nan         nan       nan       nan
       48        842       0   0.000  0.000      0       nan           nan         nan         nan       nan       nan
       48        843       0   0.000  0.000      0       nan           nan         nan         nan       nan       nan
       48        844       0   0.000  0.000      0       nan           nan         nan         nan       nan       nan
       48        846       0   0.000  0.000      0       nan           nan         nan         nan       nan       nan
       48        847       0   0.000  0.000      0       nan           nan         nan         nan       nan       nan
       48        848       0   0.000  0.000      0       nan           nan         nan         nan       nan       nan
       48        849       0   0.000  0.000      0       nan           nan         nan         nan       nan       nan
       48        850       0   0.000  0.000      0       nan           nan         nan         nan       nan       nan
       48        851       0   0.000  0.000      0       nan           nan         nan         nan       nan       nan
       48        852       0   0.000  0.000      0       nan           nan         nan         nan       nan       nan
       48        853       0   0.000  0.000      0       nan           nan         nan         nan       nan       nan
       48        854       0   0.000  0.000      0       nan           nan         nan         nan       nan       nan
       48        855       0   0.000  0.000      0       nan           nan         nan         nan       nan       nan
       48        856       0   0.000  0.000      0       nan           nan         nan         nan       nan       nan
       48        857       0   0.000  0.000      0       nan           nan         nan         nan       nan       nan
       48        858       0   0.000  0.000      0       nan           nan         nan         nan       nan       nan
       48        859       0   0.000  0.000      0       nan           nan         nan         nan       nan       nan
       48        860       0   0.000  0.000      0       nan           nan         nan         nan       nan       nan
       48        861       0   0.000  0.000      0       nan           nan         nan         nan       nan       nan
       48        862       0   0.000  0.000      0       nan           nan         nan         nan       nan       nan
       48        863       0   0.000  0.000      0       nan           nan         nan         nan       nan       nan
       48        864       0   0.000  0.000      0       nan           nan         nan         nan       nan       nan
       48        865       0   0.000  0.000      0       nan           nan         nan         nan       nan       nan
       48        867       0   0.000  0.000      0       nan           nan         nan         nan       nan       nan
       48        868       0   0.000  0.000      0       nan           nan         nan         nan       nan       nan
       48        869       0   0.000  0.000      0       nan           nan         nan         nan       nan       nan
       48        870       0   0.000  0.000      0       nan           nan         nan         nan       nan       nan
       48        871       0   0.000  0.000      0       nan           nan         nan         nan       nan       nan
       48        872       0   0.000  0.000      0       nan           nan         nan         nan       nan       nan
       48        873       0   0.000  0.000      0       nan           nan         nan         nan       nan       nan
       48        874       0   0.000  0.000      0       nan           nan         nan         nan       nan       nan
       48        876       0   0.000  0.000      0       nan           nan         nan         nan       nan       nan
       48        877       0   0.000  0.000      0       nan           nan         nan         nan       nan       nan
       48        878       0   0.000  0.000      0       nan           nan         nan         nan       nan       nan
       48        879       0   0.000  0.000      0       nan           nan         nan         nan       nan       nan
       48        880       0   0.000  0.000      0       nan           nan         nan         nan       nan       nan
       48        881       0   0.000  0.000      0       nan           nan         nan         nan       nan       nan
       48        882       0   0.000  0.000      0       nan           nan         nan         nan       nan       nan
       48        883       0   0.000  0.000      0       nan           nan         nan         nan       nan       nan
       48        884       0   0.000  0.000      0       nan           nan         nan         nan       nan       nan
       48        886       0   0.000  0.000      0       nan           nan         nan         nan       nan       nan
       48        887       0   0.000  0.000      0       nan           nan         nan         nan       nan       nan
       48        888       0   0.000  0.000      0       nan           nan         nan         nan       nan       nan
       48        890       0   0.000  0.000      0       nan           nan         nan         nan       nan       nan
       48        891       0   0.000  0.000      0       nan           nan         nan         nan       nan       nan
       48        892       0   0.000  0.000      0       nan           nan         nan         nan       nan       nan
       48        893       0   0.000  0.000      0       nan           nan         nan         nan       nan       nan
       48        894       0   0.000  0.000      0       nan           nan         nan         nan       nan       nan
       48        895       0   0.000  0.000      0       nan           nan         nan         nan       nan       nan
       48        896       0   0.000  0.000      0       nan           nan         nan         nan       nan       nan
       48        897       0   0.000  0.000      0       nan           nan         nan         nan       nan       nan
       48        898       0   0.000  0.000      0       nan           nan         nan         nan       nan       nan
       48        899       0   0.000  0.000      0       nan           nan         nan         nan       nan       nan
       48        900       0   0.000  0.000      0       nan           nan         nan         nan       nan       nan
       48        901       0   0.000  0.000      0       nan           nan         nan         nan       nan       nan
       48        902       0   0.000  0.000      0       nan           nan         nan         nan       nan       nan
       48        903       0   0.000  0.000      0       nan           nan         nan         nan       nan       nan
       48        904       0   0.000  0.000      0       nan           nan         nan         nan       nan       nan
       48        905       0   0.000  0.000      0       nan           nan         nan         nan       nan       nan
       48        906       0   0.000  0.000      0       nan           nan         nan         nan       nan       nan
       48        907       0   0.000  0.000      0       nan           nan         nan         nan       nan       nan
       48        908       0   0.000  0.000      0       nan           nan         nan         nan       nan       nan
       48        909       0   0.000  0.000      0       nan           nan         nan         nan       nan       nan
       48        910       0   0.000  0.000      0       nan           nan         nan         nan       nan       nan
       48        911       0   0.000  0.000      0       nan           nan         nan         nan       nan       nan
       48        912       0   0.000  0.000      0       nan           nan         nan         nan       nan       nan
       48        913       0   0.000  0.000      0       nan           nan         nan         nan       nan       nan
       48        914       0   0.000  0.000      0       nan           nan         nan         nan       nan       nan
       48        915       0   0.000  0.000      0       nan           nan         nan         nan       nan       nan
       48        916       0   0.000  0.000      0       nan           nan         nan         nan       nan       nan
       48        918       0   0.000  0.000      0       nan           nan         nan         nan       nan       nan
       48        919       0   0.000  0.000      0       nan           nan         nan         nan       nan       nan
       48        920       0   0.000  0.000      0       nan           nan         nan         nan       nan       nan
       48        921       0   0.000  0.000      0       nan           nan         nan         nan       nan       nan
       48        922       0   0.000  0.000      0       nan           nan         nan         nan       nan       nan
       48        924       0   0.000  0.000      0       nan           nan         nan         nan       nan       nan
       48        925       0   0.000  0.000      0       nan           nan         nan         nan       nan       nan
       48        926       0   0.000  0.000      0       nan           nan         nan         nan       nan       nan
       48        927       0   0.000  0.000      0       nan           nan         nan         nan       nan       nan
       48        928       0   0.000  0.000      0       nan           nan         nan         nan       nan       nan
       48        930       0   0.000  0.000      0       nan           nan         nan         nan       nan       nan
       48        931       0   0.000  0.000      0       nan           nan         nan         nan       nan       nan
       48        932       0   0.000  0.000      0       nan           nan         nan         nan       nan       nan
       48        933       0   0.000  0.000      0       nan           nan         nan         nan       nan       nan
       48        934       0   0.000  0.000      0       nan           nan         nan         nan       nan       nan
       48        935       0   0.000  0.000      0       nan           nan         nan         nan       nan       nan
       48        936       0   0.000  0.000      0       nan           nan         nan         nan       nan       nan
       48        937       0   0.000  0.000      0       nan           nan         nan         nan       nan       nan
       48        938       0   0.000  0.000      0       nan           nan         nan         nan       nan       nan
       48        939       0   0.000  0.000      0       nan           nan         nan         nan       nan       nan
       48        940       0   0.000  0.000      0       nan           nan         nan         nan       nan       nan
       48        941       0   0.000  0.000      0       nan           nan         nan         nan       nan       nan
       48        942       0   0.000  0.000      0       nan           nan         nan         nan       nan       nan
       48        943       0   0.000  0.000      0       nan           nan         nan         nan       nan       nan
       48        944       0   0.000  0.000      0       nan           nan         nan         nan       nan       nan
       48        946       0   0.000  0.000      0       nan           nan         nan         nan       nan       nan
       48        947       0   0.000  0.000      0       nan           nan         nan         nan       nan       nan
       48        948       0   0.000  0.000      0       nan           nan         nan         nan       nan       nan
       48        950       0   0.000  0.000      0       nan           nan         nan         nan       nan       nan
       48        951       0   0.000  0.000      0       nan           nan         nan         nan       nan       nan
       48        952       0   0.000  0.000      0       nan           nan         nan         nan       nan       nan
       48        954       0   0.000  0.000      0       nan           nan         nan         nan       nan       nan
       48        955       0   0.000  0.000      0       nan           nan         nan         nan       nan       nan
       48        956       0   0.000  0.000      0       nan           nan         nan         nan       nan       nan
       48        957       0   0.000  0.000      0       nan           nan         nan         nan       nan       nan
       48        958       0   0.000  0.000      0       nan           nan         nan         nan       nan       nan
       48        959       0   0.000  0.000      0       nan           nan         nan         nan       nan       nan
       48        960       0   0.000  0.000      0       nan           nan         nan         nan       nan       nan
       48        961       0   0.000  0.000      0       nan           nan         nan         nan       nan       nan
       48        962       0   0.000  0.000      0       nan           nan         nan         nan       nan       nan
       48        963       0   0.000  0.000      0       nan           nan         nan         nan       nan       nan
       48        964       0   0.000  0.000      0       nan           nan         nan         nan       nan       nan
       48        965       0   0.000  0.000      0       nan           nan         nan         nan       nan       nan
       48        966       0   0.000  0.000      0       nan           nan         nan         nan       nan       nan
       48        967       0   0.000  0.000      0       nan           nan         nan         nan       nan       nan
       48        968       0   0.000  0.000      0       nan           nan         nan         nan       nan       nan
       48        969       0   0.000  0.000      0       nan           nan         nan         nan       nan       nan
       48        970       0   0.000  0.000      0       nan           nan         nan         nan       nan       nan
       48        971       0   0.000  0.000      0       nan           nan         nan         nan       nan       nan
       48        972       0   0.000  0.000      0       nan           nan         nan         nan       nan       nan
       48        973       0   0.000  0.000      0       nan           nan         nan         nan       nan       nan
       48        974       0   0.000  0.000      0       nan           nan         nan         nan       nan       nan
       48        975       0   0.000  0.000      0       nan           nan         nan         nan       nan       nan
       48        976       0   0.000  0.000      0       nan           nan         nan         nan       nan       nan
       48        977       0   0.000  0.000      0       nan           nan         nan         nan       nan       nan
       48        978       0   0.000  0.000      0       nan           nan         nan         nan       nan       nan
       48        979       0   0.000  0.000      0       nan           nan         nan         nan       nan       nan
       48        980       0   0.000  0.000      0       nan           nan         nan         nan       nan       nan
       48        981       0   0.000  0.000      0       nan           nan         nan         nan       nan       nan
       48        982       0   0.000  0.000      0       nan           nan         nan         nan       nan       nan
       48        984       0   0.000  0.000      0       nan           nan         nan         nan       nan       nan
       48        985       0   0.000  0.000      0       nan           nan         nan         nan       nan       nan
       48        986       0   0.000  0.000      0       nan           nan         nan         nan       nan       nan
       48        987       0   0.000  0.000      0       nan           nan         nan         nan       nan       nan
       48        988       0   0.000  0.000      0       nan           nan         nan         nan       nan       nan
       48        989       0   0.000  0.000      0       nan           nan         nan         nan       nan       nan
       48        990       0   0.000  0.000      0       nan           nan         nan         nan       nan       nan
       48        991       0   0.000  0.000      0       nan           nan         nan         nan       nan       nan
       48        992       0   0.000  0.000      0       nan           nan         nan         nan       nan       nan
       48        993       0   0.000  0.000      0       nan           nan         nan         nan       nan       nan
       48        994       0   0.000  0.000      0       nan           nan         nan         nan       nan       nan
       48        995       0   0.000  0.000      0       nan           nan         nan         nan       nan       nan
       48        996       0   0.000  0.000      0       nan           nan         nan         nan       nan       nan
       48        997       0   0.000  0.000      0       nan           nan         nan         nan       nan       nan
       48        998       0   0.000  0.000      0       nan           nan         nan         nan       nan       nan
       48        999       0   0.000  0.000      0       nan           nan         nan         nan       nan       nan
       48       1000       0   0.000  0.000      0       nan           nan         nan         nan       nan       nan
       48       1001       0   0.000  0.000      0       nan           nan         nan         nan       nan       nan
       48       1002       0   0.000  0.000      0       nan           nan         nan         nan       nan       nan
       48       1003       0   0.000  0.000      0       nan           nan         nan         nan       nan       nan
       48       1004       0   0.000  0.000      0       nan           nan         nan         nan       nan       nan
       48       1005       0   0.000  0.000      0       nan           nan         nan         nan       nan       nan
       48       1006       0   0.000  0.000      0       nan           nan         nan         nan       nan       nan
       48       1008       0   0.000  0.000      0       nan           nan         nan         nan       nan       nan
       48       1009       0   0.000  0.000      0       nan           nan         nan         nan       nan       nan
       48       1010       0   0.000  0.000      0       nan           nan         nan         nan       nan       nan
       48       1011       0   0.000  0.000      0       nan           nan         nan         nan       nan       nan
       48       1012       0   0.000  0.000      0       nan           nan         nan         nan       nan       nan
       48       1013       0   0.000  0.000      0       nan           nan         nan         nan       nan       nan
       48       1014       0   0.000  0.000      0       nan           nan         nan         nan       nan       nan
       48       1015       0   0.000  0.000      0       nan           nan         nan         nan       nan       nan
       48       1016       0   0.000  0.000      0       nan           nan         nan         nan       nan       nan
       48       1017       0   0.000  0.000      0       nan           nan         nan         nan       nan       nan
       48       1018       0   0.000  0.000      0       nan           nan         nan         nan       nan       nan
       48       1019       0   0.000  0.000      0       nan           nan         nan         nan       nan       nan
       48       1020       0   0.000  0.000      0       nan           nan         nan         nan       nan       nan
       48       1021       0   0.000  0.000      0       nan           nan         nan         nan       nan       nan
       48       1023       0   0.000  0.000      0       nan           nan         nan         nan       nan       nan
       48       1024       0   0.000  0.000      0       nan           nan         nan         nan       nan       nan
       48       1025       0   0.000  0.000      0       nan           nan         nan         nan       nan       nan
       48       1026       0   0.000  0.000      0       nan           nan         nan         nan       nan       nan
       48       1027       0   0.000  0.000      0       nan           nan         nan         nan       nan       nan
       48       1028       0   0.000  0.000      0       nan           nan         nan         nan       nan       nan
       48       1029       0   0.000  0.000      0       nan           nan         nan         nan       nan       nan
       48       1030       0   0.000  0.000      0       nan           nan         nan         nan       nan       nan
       48       1031       0   0.000  0.000      0       nan           nan         nan         nan       nan       nan
       48       1032       0   0.000  0.000      0       nan           nan         nan         nan       nan       nan
       48       1033       0   0.000  0.000      0       nan           nan         nan         nan       nan       nan
       48       1034       0   0.000  0.000      0       nan           nan         nan         nan       nan       nan
       48       1035       0   0.000  0.000      0       nan           nan         nan         nan       nan       nan
       48       1036       0   0.000  0.000      0       nan           nan         nan         nan       nan       nan
       48       1037       0   0.000  0.000      0       nan           nan         nan         nan       nan       nan
       48       1038       0   0.000  0.000      0       nan           nan         nan         nan       nan       nan
       48       1039       0   0.000  0.000      0       nan           nan         nan         nan       nan       nan
       48       1040       0   0.000  0.000      0       nan           nan         nan         nan       nan       nan
       48       1041       0   0.000  0.000      0       nan           nan         nan         nan       nan       nan
       48       1042       0   0.000  0.000      0       nan           nan         nan         nan       nan       nan
       48       1043       0   0.000  0.000      0       nan           nan         nan         nan       nan       nan
       48       1044       0   0.000  0.000      0       nan           nan         nan         nan       nan       nan
       48       1045       0   0.000  0.000      0       nan           nan         nan         nan       nan       nan
       48       1046       0   0.000  0.000      0       nan           nan         nan         nan       nan       nan
       48       1047       0   0.000  0.000      0       nan           nan         nan         nan       nan       nan
       48       1048       0   0.000  0.000      0       nan           nan         nan         nan       nan       nan
       48       1049       0   0.000  0.000      0       nan           nan         nan         nan       nan       nan
       48       1050       0   0.000  0.000      0       nan           nan         nan         nan       nan       nan
       48       1051       0   0.000  0.000      0       nan           nan         nan         nan       nan       nan
       48       1052       0   0.000  0.000      0       nan           nan         nan         nan       nan       nan
       48       1053       0   0.000  0.000      0       nan           nan         nan         nan       nan       nan
       48       1054       0   0.000  0.000      0       nan           nan         nan         nan       nan       nan
       48       1055       0   0.000  0.000      0       nan           nan         nan         nan       nan       nan
       48       1056       0   0.000  0.000      0       nan           nan         nan         nan       nan       nan
       48       1057       0   0.000  0.000      0       nan           nan         nan         nan       nan       nan
       48       1059       0   0.000  0.000      0       nan           nan         nan         nan       nan       nan
       48       1061       0   0.000  0.000      0       nan           nan         nan         nan       nan       nan
       48       1062       0   0.000  0.000      0       nan           nan         nan         nan       nan       nan
       48       1063       0   0.000  0.000      0       nan           nan         nan         nan       nan       nan
       48       1064       0   0.000  0.000      0       nan           nan         nan         nan       nan       nan
       48       1065       0   0.000  0.000      0       nan           nan         nan         nan       nan       nan
       48       1067       0   0.000  0.000      0       nan           nan         nan         nan       nan       nan
       48       1068       0   0.000  0.000      0       nan           nan         nan         nan       nan       nan
       48       1070       0   0.000  0.000      0       nan           nan         nan         nan       nan       nan
       48       1071       0   0.000  0.000      0       nan           nan         nan         nan       nan       nan
       48       1072       0   0.000  0.000      0       nan           nan         nan         nan       nan       nan
       48       1073       0   0.000  0.000      0       nan           nan         nan         nan       nan       nan
       48       1074       0   0.000  0.000      0       nan           nan         nan         nan       nan       nan
       48       1075       0   0.000  0.000      0       nan           nan         nan         nan       nan       nan
       48       1076       0   0.000  0.000      0       nan           nan         nan         nan       nan       nan
       48       1077       0   0.000  0.000      0       nan           nan         nan         nan       nan       nan
       48       1078       0   0.000  0.000      0       nan           nan         nan         nan       nan       nan
       48       1079       0   0.000  0.000      0       nan           nan         nan         nan       nan       nan
       48       1080       0   0.000  0.000      0       nan           nan         nan         nan       nan       nan
       48       1081       0   0.000  0.000      0       nan           nan         nan         nan       nan       nan
       48       1082       0   0.000  0.000      0       nan           nan         nan         nan       nan       nan
       48       1083       0   0.000  0.000      0       nan           nan         nan         nan       nan       nan
       48       1084       0   0.000  0.000      0       nan           nan         nan         nan       nan       nan
       48       1085       0   0.000  0.000      0       nan           nan         nan         nan       nan       nan
       48       1086       0   0.000  0.000      0       nan           nan         nan         nan       nan       nan
       48       1087       0   0.000  0.000      0       nan           nan         nan         nan       nan       nan
       48       1088       0   0.000  0.000      0       nan           nan         nan         nan       nan       nan
       48       1089       0   0.000  0.000      0       nan           nan         nan         nan       nan       nan
       48       1090       0   0.000  0.000      0       nan           nan         nan         nan       nan       nan
       48       1091       0   0.000  0.000      0       nan           nan         nan         nan       nan       nan
       48       1092       0   0.000  0.000      0       nan           nan         nan         nan       nan       nan
       48       1093       0   0.000  0.000      0       nan           nan         nan         nan       nan       nan
       48       1094       0   0.000  0.000      0       nan           nan         nan         nan       nan       nan
       49        762       0   0.105  0.271   2432     2.594           0.0       150.0       150.0      29.3      76.1
       49        732       0   0.090  0.514   2788     1.682           2.4       150.0       152.4      29.3      17.4
       49        834       0   0.020  0.031    180     1.542           0.0       150.0       150.0      29.3      19.0
       49        773       0   0.017  0.559   3144     1.091          30.0       150.0         0.0      29.3      32.0
       49        801       0   0.013  0.444   2348     1.682          20.0       150.0       170.0      29.3      49.4
       49        701       0   0.011  0.109   2616     1.542           5.2       150.0       155.2      29.3      45.3
       49        819       0   0.008  0.157    556     1.682          10.0       150.0       140.0      29.3      17.4
       49        891       0   0.008  0.119    424     1.414          10.0       150.0       160.0      29.3      20.7
       49        972       0   0.006  0.079    288     1.682           6.8       150.0       143.2      29.3      17.4
       49        996       0   0.005  0.149    520     1.297          20.0       150.0       170.0      29.3      22.6
       49        908       0   0.004  0.133    488     1.542          20.0       150.0       170.0      29.3      19.0
       49        789       0   0.004  0.507   1764     3.084          39.7       150.0       110.3      29.3      90.5
       49        699       0   0.004  0.070   3472     1.189          15.5       150.0       134.5      29.3      34.9
       49        715       0   0.003  0.359   2628     1.542          68.6       150.0        81.4      29.3      19.0
       49       1030       0   0.003  0.268    956     1.542          52.8       150.0        22.8      29.3      19.0
       49        756       0   0.003  0.183    664     1.834          30.0       150.0       120.0      29.3      16.0
       49       1016       0   0.003  0.045    160     1.414          10.0       150.0       140.0      29.3      20.7
       49        803       0   0.003  0.400   1436     2.378          60.0       150.0        90.0      29.3      69.8
       49        754       0   0.003  0.131    660     1.542          30.0       150.0       120.0      29.3      19.0
       49        730       0   0.003  0.197   1804     1.189          60.0       150.0        90.0      29.3      24.7
       49       1033       0   0.003  0.112    388     1.414          30.0       150.0         0.0      29.3      20.7
       49       1086       0   0.003  0.108    376     1.043          40.0       150.0        10.0      29.3      28.1
       49        760       0   0.002  0.232   1536     1.091          84.9       150.0        65.1      29.3      26.9
       49        743       0   0.002  0.117   1140     1.542          30.0       150.0         0.0      29.3      45.3
       49       1019       0   0.002  0.105    424     1.414          30.0       150.0         0.0      29.3      20.7
       49        899       0   0.002  0.208    916     1.189          80.0       150.0        50.0      29.3      24.7
       49        700       0   0.002  0.109   2912     1.000          50.0       150.0       100.0      29.3      29.3
       49        710       0   0.002  0.164   2988     1.542          50.0       150.0       100.0      29.3      45.3
       49        734       0   0.002  0.169    892     1.189          70.0       150.0        80.0      29.3      24.7
       49        757       0   0.002  0.269   2520     1.682          80.0       150.0        70.0      29.3      49.4
       49        870       0   0.002  0.188    692     2.000          50.0       150.0        20.0      29.3      58.7
       49        750       0   0.002  0.142   1108     1.297          61.7       150.0        88.3      29.3      22.6
       49        816       0   0.002  0.120    432     1.834          40.0       150.0       110.0      29.3      16.0
       49        713       0   0.002  0.002     24     1.414           0.0       150.0       150.0      29.3      20.7
       49        737       0   0.001  0.104   1212     1.189          60.3       150.0        89.7      29.3      34.9
       49        741       0   0.001  0.020    212     1.297          10.0       150.0       160.0      29.3      38.1
       49        703       0   0.001  0.096   3436     1.682          41.0       150.0       109.0      29.3      49.4
       49        704       0   0.001  0.119   3136     2.378          37.4       150.0       112.6      29.3      69.8
       49        939       0   0.001  0.177    616     1.542          90.0       150.0        60.0      29.3      45.3
       49        835       0   0.001  0.032    148     2.378          10.0       150.0       160.0      29.3      69.8
       49        898       0   0.001  0.115    452     1.542          62.2       150.0        32.2      29.3      19.0
       49        729       0   0.001  0.109   1176     1.834          50.0       150.0       100.0      29.3      53.8
       49        738       0   0.001  0.123   1016     1.414          80.0       150.0        70.0      29.3      41.5
       49        919       0   0.001  0.061    212     1.834          30.0       150.0         0.0      29.3      53.8
       49        865       0   0.001  0.017     84     1.542          10.0       150.0       160.0      29.3      45.3
       49        726       0   0.001  0.077   1448     4.000          20.0       150.0       170.0      29.3     117.4
       49        843       0   0.001  0.102    488     1.414          80.0       150.0        50.0      29.3      41.5
       49        722       0   0.001  0.199   3392     2.828          79.5       150.0        70.5      29.3      83.0
       49        863       0   0.001  0.082    524     1.414          68.9       150.0        81.1      29.3      20.7
       49        708       0   0.001  0.144   2760     2.594          70.0       150.0        80.0      29.3      76.1
       49        720       0   0.001  0.065    876     2.000          41.8       150.0       108.2      29.3      58.7
       49       1092       0   0.001  0.088    364     1.834          70.0       150.0        80.0      29.3      16.0
       49       1031       0   0.001  0.051    184     1.091          80.0       150.0        50.0      29.3      32.0
       49        906       0   0.001  0.046    232     1.000          78.8       150.0        48.8      29.3      29.3
       49        938       0   0.001  0.056    196     1.682          60.0       150.0        90.0      29.3      49.4
       49        709       0   0.001  0.039    680     1.682          43.8       150.0       106.2      29.3      17.4
       49        719       0   0.000  0.059    996     1.834          69.8       150.0        80.2      29.3      53.8
       49        821       0   0.000  0.072    272     2.828          60.0       150.0        90.0      29.3      83.0
       49        705       0   0.000  0.082   3472     3.084          70.0       150.0        80.0      29.3      90.5
       49        907       0   0.000  0.025    104     1.834          40.0       150.0        10.0      29.3      53.8
       49        731       0   0.000  0.063   1076     4.000          50.0       150.0       100.0      29.3     117.4
       49        707       0   0.000  0.033    864     4.000          33.8       150.0         3.8      29.3     117.4
       49       1000       0   0.000  0.012     44     1.297          70.0       150.0        40.0      29.3      38.1
       49       1084       0   0.000  0.008     32     1.091          70.0       150.0        80.0      29.3      26.9
       49        958       0   0.000  0.010     36     1.682          80.0       150.0        50.0      29.3      49.4
       49        948       0   0.000  0.004     16     1.682          40.0       150.0        10.0      29.3      49.4
       49        949       0   0.000  0.005     24     1.189          80.0       150.0        70.0      29.3      24.7
       49        881       0   0.000  0.005     28     1.542          80.0       150.0        50.0      29.3      19.0
       49       1017       0   0.000  0.004     16     1.091          80.0       150.0        70.0      29.3      26.9
       49        980       0   0.000  0.003     12     1.091          80.0       150.0        70.0      29.3      26.9
       49        968       0   0.000  0.002      8     1.189          50.0       150.0        20.0      29.3      34.9
       49        702       0   0.000  0.000      0       nan           nan         nan         nan       nan       nan
       49        706       0   0.000  0.000      0       nan           nan         nan         nan       nan       nan
       49        711       0   0.000  0.000      0       nan           nan         nan         nan       nan       nan
       49        712       0   0.000  0.000      0       nan           nan         nan         nan       nan       nan
       49        714       0   0.000  0.000      0       nan           nan         nan         nan       nan       nan
       49        716       0   0.000  0.000      0       nan           nan         nan         nan       nan       nan
       49        717       0   0.000  0.000      0       nan           nan         nan         nan       nan       nan
       49        718       0   0.000  0.000      0       nan           nan         nan         nan       nan       nan
       49        721       0   0.000  0.000      0       nan           nan         nan         nan       nan       nan
       49        723       0   0.000  0.000      0       nan           nan         nan         nan       nan       nan
       49        724       0   0.000  0.000      0       nan           nan         nan         nan       nan       nan
       49        725       0   0.000  0.000      0       nan           nan         nan         nan       nan       nan
       49        727       0   0.000  0.000      0       nan           nan         nan         nan       nan       nan
       49        728       0   0.000  0.000      0       nan           nan         nan         nan       nan       nan
       49        733       0   0.000  0.000      0       nan           nan         nan         nan       nan       nan
       49        735       0   0.000  0.000      0       nan           nan         nan         nan       nan       nan
       49        736       0   0.000  0.000      0       nan           nan         nan         nan       nan       nan
       49        739       0   0.000  0.000      0       nan           nan         nan         nan       nan       nan
       49        740       0   0.000  0.000      0       nan           nan         nan         nan       nan       nan
       49        742       0   0.000  0.000      0       nan           nan         nan         nan       nan       nan
       49        744       0   0.000  0.000      0       nan           nan         nan         nan       nan       nan
       49        745       0   0.000  0.000      0       nan           nan         nan         nan       nan       nan
       49        746       0   0.000  0.000      0       nan           nan         nan         nan       nan       nan
       49        747       0   0.000  0.000      0       nan           nan         nan         nan       nan       nan
       49        748       0   0.000  0.000      0       nan           nan         nan         nan       nan       nan
       49        749       0   0.000  0.000      0       nan           nan         nan         nan       nan       nan
       49        751       0   0.000  0.000      0       nan           nan         nan         nan       nan       nan
       49        752       0   0.000  0.000      0       nan           nan         nan         nan       nan       nan
       49        753       0   0.000  0.000      0       nan           nan         nan         nan       nan       nan
       49        755       0   0.000  0.000      0       nan           nan         nan         nan       nan       nan
       49        758       0   0.000  0.000      0       nan           nan         nan         nan       nan       nan
       49        759       0   0.000  0.000      0       nan           nan         nan         nan       nan       nan
       49        761       0   0.000  0.000      0       nan           nan         nan         nan       nan       nan
       49        763       0   0.000  0.000      0       nan           nan         nan         nan       nan       nan
       49        764       0   0.000  0.000      0       nan           nan         nan         nan       nan       nan
       49        765       0   0.000  0.000      0       nan           nan         nan         nan       nan       nan
       49        766       0   0.000  0.000      0       nan           nan         nan         nan       nan       nan
       49        767       0   0.000  0.000      0       nan           nan         nan         nan       nan       nan
       49        768       0   0.000  0.000      0       nan           nan         nan         nan       nan       nan
       49        769       0   0.000  0.000      0       nan           nan         nan         nan       nan       nan
       49        770       0   0.000  0.000      0       nan           nan         nan         nan       nan       nan
       49        771       0   0.000  0.000      0       nan           nan         nan         nan       nan       nan
       49        772       0   0.000  0.000      0       nan           nan         nan         nan       nan       nan
       49        774       0   0.000  0.000      0       nan           nan         nan         nan       nan       nan
       49        775       0   0.000  0.000      0       nan           nan         nan         nan       nan       nan
       49        776       0   0.000  0.000      0       nan           nan         nan         nan       nan       nan
       49        777       0   0.000  0.000      0       nan           nan         nan         nan       nan       nan
       49        778       0   0.000  0.000      0       nan           nan         nan         nan       nan       nan
       49        779       0   0.000  0.000      0       nan           nan         nan         nan       nan       nan
       49        780       0   0.000  0.000      0       nan           nan         nan         nan       nan       nan
       49        781       0   0.000  0.000      0       nan           nan         nan         nan       nan       nan
       49        782       0   0.000  0.000      0       nan           nan         nan         nan       nan       nan
       49        783       0   0.000  0.000      0       nan           nan         nan         nan       nan       nan
       49        784       0   0.000  0.000      0       nan           nan         nan         nan       nan       nan
       49        785       0   0.000  0.000      0       nan           nan         nan         nan       nan       nan
       49        786       0   0.000  0.000      0       nan           nan         nan         nan       nan       nan
       49        787       0   0.000  0.000      0       nan           nan         nan         nan       nan       nan
       49        788       0   0.000  0.000      0       nan           nan         nan         nan       nan       nan
       49        790       0   0.000  0.000      0       nan           nan         nan         nan       nan       nan
       49        791       0   0.000  0.000      0       nan           nan         nan         nan       nan       nan
       49        792       0   0.000  0.000      0       nan           nan         nan         nan       nan       nan
       49        793       0   0.000  0.000      0       nan           nan         nan         nan       nan       nan
       49        794       0   0.000  0.000      0       nan           nan         nan         nan       nan       nan
       49        795       0   0.000  0.000      0       nan           nan         nan         nan       nan       nan
       49        796       0   0.000  0.000      0       nan           nan         nan         nan       nan       nan
       49        797       0   0.000  0.000      0       nan           nan         nan         nan       nan       nan
       49        798       0   0.000  0.000      0       nan           nan         nan         nan       nan       nan
       49        799       0   0.000  0.000      0       nan           nan         nan         nan       nan       nan
       49        800       0   0.000  0.000      0       nan           nan         nan         nan       nan       nan
       49        802       0   0.000  0.000      0       nan           nan         nan         nan       nan       nan
       49        804       0   0.000  0.000      0       nan           nan         nan         nan       nan       nan
       49        805       0   0.000  0.000      0       nan           nan         nan         nan       nan       nan
       49        806       0   0.000  0.000      0       nan           nan         nan         nan       nan       nan
       49        807       0   0.000  0.000      0       nan           nan         nan         nan       nan       nan
       49        808       0   0.000  0.000      0       nan           nan         nan         nan       nan       nan
       49        809       0   0.000  0.000      0       nan           nan         nan         nan       nan       nan
       49        810       0   0.000  0.000      0       nan           nan         nan         nan       nan       nan
       49        811       0   0.000  0.000      0       nan           nan         nan         nan       nan       nan
       49        812       0   0.000  0.000      0       nan           nan         nan         nan       nan       nan
       49        813       0   0.000  0.000      0       nan           nan         nan         nan       nan       nan
       49        814       0   0.000  0.000      0       nan           nan         nan         nan       nan       nan
       49        815       0   0.000  0.000      0       nan           nan         nan         nan       nan       nan
       49        817       0   0.000  0.000      0       nan           nan         nan         nan       nan       nan
       49        818       0   0.000  0.000      0       nan           nan         nan         nan       nan       nan
       49        820       0   0.000  0.000      0       nan           nan         nan         nan       nan       nan
       49        822       0   0.000  0.000      0       nan           nan         nan         nan       nan       nan
       49        823       0   0.000  0.000      0       nan           nan         nan         nan       nan       nan
       49        824       0   0.000  0.000      0       nan           nan         nan         nan       nan       nan
       49        825       0   0.000  0.000      0       nan           nan         nan         nan       nan       nan
       49        826       0   0.000  0.000      0       nan           nan         nan         nan       nan       nan
       49        827       0   0.000  0.000      0       nan           nan         nan         nan       nan       nan
       49        828       0   0.000  0.000      0       nan           nan         nan         nan       nan       nan
       49        829       0   0.000  0.000      0       nan           nan         nan         nan       nan       nan
       49        830       0   0.000  0.000      0       nan           nan         nan         nan       nan       nan
       49        831       0   0.000  0.000      0       nan           nan         nan         nan       nan       nan
       49        832       0   0.000  0.000      0       nan           nan         nan         nan       nan       nan
       49        833       0   0.000  0.000      0       nan           nan         nan         nan       nan       nan
       49        836       0   0.000  0.000      0       nan           nan         nan         nan       nan       nan
       49        837       0   0.000  0.000      0       nan           nan         nan         nan       nan       nan
       49        838       0   0.000  0.000      0       nan           nan         nan         nan       nan       nan
       49        839       0   0.000  0.000      0       nan           nan         nan         nan       nan       nan
       49        840       0   0.000  0.000      0       nan           nan         nan         nan       nan       nan
       49        841       0   0.000  0.000      0       nan           nan         nan         nan       nan       nan
       49        842       0   0.000  0.000      0       nan           nan         nan         nan       nan       nan
       49        844       0   0.000  0.000      0       nan           nan         nan         nan       nan       nan
       49        845       0   0.000  0.000      0       nan           nan         nan         nan       nan       nan
       49        846       0   0.000  0.000      0       nan           nan         nan         nan       nan       nan
       49        847       0   0.000  0.000      0       nan           nan         nan         nan       nan       nan
       49        848       0   0.000  0.000      0       nan           nan         nan         nan       nan       nan
       49        849       0   0.000  0.000      0       nan           nan         nan         nan       nan       nan
       49        850       0   0.000  0.000      0       nan           nan         nan         nan       nan       nan
       49        851       0   0.000  0.000      0       nan           nan         nan         nan       nan       nan
       49        852       0   0.000  0.000      0       nan           nan         nan         nan       nan       nan
       49        853       0   0.000  0.000      0       nan           nan         nan         nan       nan       nan
       49        854       0   0.000  0.000      0       nan           nan         nan         nan       nan       nan
       49        855       0   0.000  0.000      0       nan           nan         nan         nan       nan       nan
       49        856       0   0.000  0.000      0       nan           nan         nan         nan       nan       nan
       49        857       0   0.000  0.000      0       nan           nan         nan         nan       nan       nan
       49        858       0   0.000  0.000      0       nan           nan         nan         nan       nan       nan
       49        859       0   0.000  0.000      0       nan           nan         nan         nan       nan       nan
       49        860       0   0.000  0.000      0       nan           nan         nan         nan       nan       nan
       49        861       0   0.000  0.000      0       nan           nan         nan         nan       nan       nan
       49        862       0   0.000  0.000      0       nan           nan         nan         nan       nan       nan
       49        864       0   0.000  0.000      0       nan           nan         nan         nan       nan       nan
       49        866       0   0.000  0.000      0       nan           nan         nan         nan       nan       nan
       49        867       0   0.000  0.000      0       nan           nan         nan         nan       nan       nan
       49        868       0   0.000  0.000      0       nan           nan         nan         nan       nan       nan
       49        869       0   0.000  0.000      0       nan           nan         nan         nan       nan       nan
       49        871       0   0.000  0.000      0       nan           nan         nan         nan       nan       nan
       49        872       0   0.000  0.000      0       nan           nan         nan         nan       nan       nan
       49        873       0   0.000  0.000      0       nan           nan         nan         nan       nan       nan
       49        874       0   0.000  0.000      0       nan           nan         nan         nan       nan       nan
       49        875       0   0.000  0.000      0       nan           nan         nan         nan       nan       nan
       49        876       0   0.000  0.000      0       nan           nan         nan         nan       nan       nan
       49        877       0   0.000  0.000      0       nan           nan         nan         nan       nan       nan
       49        878       0   0.000  0.000      0       nan           nan         nan         nan       nan       nan
       49        879       0   0.000  0.000      0       nan           nan         nan         nan       nan       nan
       49        880       0   0.000  0.000      0       nan           nan         nan         nan       nan       nan
       49        882       0   0.000  0.000      0       nan           nan         nan         nan       nan       nan
       49        883       0   0.000  0.000      0       nan           nan         nan         nan       nan       nan
       49        884       0   0.000  0.000      0       nan           nan         nan         nan       nan       nan
       49        885       0   0.000  0.000      0       nan           nan         nan         nan       nan       nan
       49        886       0   0.000  0.000      0       nan           nan         nan         nan       nan       nan
       49        887       0   0.000  0.000      0       nan           nan         nan         nan       nan       nan
       49        888       0   0.000  0.000      0       nan           nan         nan         nan       nan       nan
       49        889       0   0.000  0.000      0       nan           nan         nan         nan       nan       nan
       49        890       0   0.000  0.000      0       nan           nan         nan         nan       nan       nan
       49        892       0   0.000  0.000      0       nan           nan         nan         nan       nan       nan
       49        893       0   0.000  0.000      0       nan           nan         nan         nan       nan       nan
       49        894       0   0.000  0.000      0       nan           nan         nan         nan       nan       nan
       49        895       0   0.000  0.000      0       nan           nan         nan         nan       nan       nan
       49        896       0   0.000  0.000      0       nan           nan         nan         nan       nan       nan
       49        897       0   0.000  0.000      0       nan           nan         nan         nan       nan       nan
       49        900       0   0.000  0.000      0       nan           nan         nan         nan       nan       nan
       49        901       0   0.000  0.000      0       nan           nan         nan         nan       nan       nan
       49        902       0   0.000  0.000      0       nan           nan         nan         nan       nan       nan
       49        903       0   0.000  0.000      0       nan           nan         nan         nan       nan       nan
       49        904       0   0.000  0.000      0       nan           nan         nan         nan       nan       nan
       49        905       0   0.000  0.000      0       nan           nan         nan         nan       nan       nan
       49        909       0   0.000  0.000      0       nan           nan         nan         nan       nan       nan
       49        910       0   0.000  0.000      0       nan           nan         nan         nan       nan       nan
       49        911       0   0.000  0.000      0       nan           nan         nan         nan       nan       nan
       49        912       0   0.000  0.000      0       nan           nan         nan         nan       nan       nan
       49        913       0   0.000  0.000      0       nan           nan         nan         nan       nan       nan
       49        914       0   0.000  0.000      0       nan           nan         nan         nan       nan       nan
       49        915       0   0.000  0.000      0       nan           nan         nan         nan       nan       nan
       49        916       0   0.000  0.000      0       nan           nan         nan         nan       nan       nan
       49        917       0   0.000  0.000      0       nan           nan         nan         nan       nan       nan
       49        918       0   0.000  0.000      0       nan           nan         nan         nan       nan       nan
       49        920       0   0.000  0.000      0       nan           nan         nan         nan       nan       nan
       49        921       0   0.000  0.000      0       nan           nan         nan         nan       nan       nan
       49        922       0   0.000  0.000      0       nan           nan         nan         nan       nan       nan
       49        923       0   0.000  0.000      0       nan           nan         nan         nan       nan       nan
       49        924       0   0.000  0.000      0       nan           nan         nan         nan       nan       nan
       49        925       0   0.000  0.000      0       nan           nan         nan         nan       nan       nan
       49        926       0   0.000  0.000      0       nan           nan         nan         nan       nan       nan
       49        927       0   0.000  0.000      0       nan           nan         nan         nan       nan       nan
       49        928       0   0.000  0.000      0       nan           nan         nan         nan       nan       nan
       49        929       0   0.000  0.000      0       nan           nan         nan         nan       nan       nan
       49        930       0   0.000  0.000      0       nan           nan         nan         nan       nan       nan
       49        931       0   0.000  0.000      0       nan           nan         nan         nan       nan       nan
       49        932       0   0.000  0.000      0       nan           nan         nan         nan       nan       nan
       49        933       0   0.000  0.000      0       nan           nan         nan         nan       nan       nan
       49        934       0   0.000  0.000      0       nan           nan         nan         nan       nan       nan
       49        935       0   0.000  0.000      0       nan           nan         nan         nan       nan       nan
       49        936       0   0.000  0.000      0       nan           nan         nan         nan       nan       nan
       49        937       0   0.000  0.000      0       nan           nan         nan         nan       nan       nan
       49        940       0   0.000  0.000      0       nan           nan         nan         nan       nan       nan
       49        941       0   0.000  0.000      0       nan           nan         nan         nan       nan       nan
       49        942       0   0.000  0.000      0       nan           nan         nan         nan       nan       nan
       49        943       0   0.000  0.000      0       nan           nan         nan         nan       nan       nan
       49        944       0   0.000  0.000      0       nan           nan         nan         nan       nan       nan
       49        945       0   0.000  0.000      0       nan           nan         nan         nan       nan       nan
       49        946       0   0.000  0.000      0       nan           nan         nan         nan       nan       nan
       49        947       0   0.000  0.000      0       nan           nan         nan         nan       nan       nan
       49        950       0   0.000  0.000      0       nan           nan         nan         nan       nan       nan
       49        951       0   0.000  0.000      0       nan           nan         nan         nan       nan       nan
       49        952       0   0.000  0.000      0       nan           nan         nan         nan       nan       nan
       49        953       0   0.000  0.000      0       nan           nan         nan         nan       nan       nan
       49        954       0   0.000  0.000      0       nan           nan         nan         nan       nan       nan
       49        955       0   0.000  0.000      0       nan           nan         nan         nan       nan       nan
       49        956       0   0.000  0.000      0       nan           nan         nan         nan       nan       nan
       49        957       0   0.000  0.000      0       nan           nan         nan         nan       nan       nan
       49        959       0   0.000  0.000      0       nan           nan         nan         nan       nan       nan
       49        960       0   0.000  0.000      0       nan           nan         nan         nan       nan       nan
       49        961       0   0.000  0.000      0       nan           nan         nan         nan       nan       nan
       49        962       0   0.000  0.000      0       nan           nan         nan         nan       nan       nan
       49        963       0   0.000  0.000      0       nan           nan         nan         nan       nan       nan
       49        964       0   0.000  0.000      0       nan           nan         nan         nan       nan       nan
       49        965       0   0.000  0.000      0       nan           nan         nan         nan       nan       nan
       49        966       0   0.000  0.000      0       nan           nan         nan         nan       nan       nan
       49        967       0   0.000  0.000      0       nan           nan         nan         nan       nan       nan
       49        969       0   0.000  0.000      0       nan           nan         nan         nan       nan       nan
       49        970       0   0.000  0.000      0       nan           nan         nan         nan       nan       nan
       49        971       0   0.000  0.000      0       nan           nan         nan         nan       nan       nan
       49        973       0   0.000  0.000      0       nan           nan         nan         nan       nan       nan
       49        974       0   0.000  0.000      0       nan           nan         nan         nan       nan       nan
       49        975       0   0.000  0.000      0       nan           nan         nan         nan       nan       nan
       49        976       0   0.000  0.000      0       nan           nan         nan         nan       nan       nan
       49        977       0   0.000  0.000      0       nan           nan         nan         nan       nan       nan
       49        978       0   0.000  0.000      0       nan           nan         nan         nan       nan       nan
       49        979       0   0.000  0.000      0       nan           nan         nan         nan       nan       nan
       49        981       0   0.000  0.000      0       nan           nan         nan         nan       nan       nan
       49        982       0   0.000  0.000      0       nan           nan         nan         nan       nan       nan
       49        983       0   0.000  0.000      0       nan           nan         nan         nan       nan       nan
       49        984       0   0.000  0.000      0       nan           nan         nan         nan       nan       nan
       49        985       0   0.000  0.000      0       nan           nan         nan         nan       nan       nan
       49        986       0   0.000  0.000      0       nan           nan         nan         nan       nan       nan
       49        987       0   0.000  0.000      0       nan           nan         nan         nan       nan       nan
       49        988       0   0.000  0.000      0       nan           nan         nan         nan       nan       nan
       49        989       0   0.000  0.000      0       nan           nan         nan         nan       nan       nan
       49        990       0   0.000  0.000      0       nan           nan         nan         nan       nan       nan
       49        991       0   0.000  0.000      0       nan           nan         nan         nan       nan       nan
       49        992       0   0.000  0.000      0       nan           nan         nan         nan       nan       nan
       49        993       0   0.000  0.000      0       nan           nan         nan         nan       nan       nan
       49        994       0   0.000  0.000      0       nan           nan         nan         nan       nan       nan
       49        995       0   0.000  0.000      0       nan           nan         nan         nan       nan       nan
       49        997       0   0.000  0.000      0       nan           nan         nan         nan       nan       nan
       49        998       0   0.000  0.000      0       nan           nan         nan         nan       nan       nan
       49        999       0   0.000  0.000      0       nan           nan         nan         nan       nan       nan
       49       1001       0   0.000  0.000      0       nan           nan         nan         nan       nan       nan
       49       1002       0   0.000  0.000      0       nan           nan         nan         nan       nan       nan
       49       1003       0   0.000  0.000      0       nan           nan         nan         nan       nan       nan
       49       1004       0   0.000  0.000      0       nan           nan         nan         nan       nan       nan
       49       1005       0   0.000  0.000      0       nan           nan         nan         nan       nan       nan
       49       1006       0   0.000  0.000      0       nan           nan         nan         nan       nan       nan
       49       1007       0   0.000  0.000      0       nan           nan         nan         nan       nan       nan
       49       1008       0   0.000  0.000      0       nan           nan         nan         nan       nan       nan
       49       1009       0   0.000  0.000      0       nan           nan         nan         nan       nan       nan
       49       1010       0   0.000  0.000      0       nan           nan         nan         nan       nan       nan
       49       1011       0   0.000  0.000      0       nan           nan         nan         nan       nan       nan
       49       1012       0   0.000  0.000      0       nan           nan         nan         nan       nan       nan
       49       1013       0   0.000  0.000      0       nan           nan         nan         nan       nan       nan
       49       1014       0   0.000  0.000      0       nan           nan         nan         nan       nan       nan
       49       1015       0   0.000  0.000      0       nan           nan         nan         nan       nan       nan
       49       1018       0   0.000  0.000      0       nan           nan         nan         nan       nan       nan
       49       1020       0   0.000  0.000      0       nan           nan         nan         nan       nan       nan
       49       1021       0   0.000  0.000      0       nan           nan         nan         nan       nan       nan
       49       1022       0   0.000  0.000      0       nan           nan         nan         nan       nan       nan
       49       1023       0   0.000  0.000      0       nan           nan         nan         nan       nan       nan
       49       1024       0   0.000  0.000      0       nan           nan         nan         nan       nan       nan
       49       1025       0   0.000  0.000      0       nan           nan         nan         nan       nan       nan
       49       1026       0   0.000  0.000      0       nan           nan         nan         nan       nan       nan
       49       1027       0   0.000  0.000      0       nan           nan         nan         nan       nan       nan
       49       1028       0   0.000  0.000      0       nan           nan         nan         nan       nan       nan
       49       1029       0   0.000  0.000      0       nan           nan         nan         nan       nan       nan
       49       1032       0   0.000  0.000      0       nan           nan         nan         nan       nan       nan
       49       1034       0   0.000  0.000      0       nan           nan         nan         nan       nan       nan
       49       1035       0   0.000  0.000      0       nan           nan         nan         nan       nan       nan
       49       1036       0   0.000  0.000      0       nan           nan         nan         nan       nan       nan
       49       1037       0   0.000  0.000      0       nan           nan         nan         nan       nan       nan
       49       1038       0   0.000  0.000      0       nan           nan         nan         nan       nan       nan
       49       1039       0   0.000  0.000      0       nan           nan         nan         nan       nan       nan
       49       1040       0   0.000  0.000      0       nan           nan         nan         nan       nan       nan
       49       1041       0   0.000  0.000      0       nan           nan         nan         nan       nan       nan
       49       1042       0   0.000  0.000      0       nan           nan         nan         nan       nan       nan
       49       1043       0   0.000  0.000      0       nan           nan         nan         nan       nan       nan
       49       1044       0   0.000  0.000      0       nan           nan         nan         nan       nan       nan
       49       1045       0   0.000  0.000      0       nan           nan         nan         nan       nan       nan
       49       1046       0   0.000  0.000      0       nan           nan         nan         nan       nan       nan
       49       1047       0   0.000  0.000      0       nan           nan         nan         nan       nan       nan
       49       1048       0   0.000  0.000      0       nan           nan         nan         nan       nan       nan
       49       1049       0   0.000  0.000      0       nan           nan         nan         nan       nan       nan
       49       1050       0   0.000  0.000      0       nan           nan         nan         nan       nan       nan
       49       1051       0   0.000  0.000      0       nan           nan         nan         nan       nan       nan
       49       1052       0   0.000  0.000      0       nan           nan         nan         nan       nan       nan
       49       1053       0   0.000  0.000      0       nan           nan         nan         nan       nan       nan
       49       1054       0   0.000  0.000      0       nan           nan         nan         nan       nan       nan
       49       1055       0   0.000  0.000      0       nan           nan         nan         nan       nan       nan
       49       1056       0   0.000  0.000      0       nan           nan         nan         nan       nan       nan
       49       1057       0   0.000  0.000      0       nan           nan         nan         nan       nan       nan
       49       1058       0   0.000  0.000      0       nan           nan         nan         nan       nan       nan
       49       1059       0   0.000  0.000      0       nan           nan         nan         nan       nan       nan
       49       1060       0   0.000  0.000      0       nan           nan         nan         nan       nan       nan
       49       1061       0   0.000  0.000      0       nan           nan         nan         nan       nan       nan
       49       1062       0   0.000  0.000      0       nan           nan         nan         nan       nan       nan
       49       1063       0   0.000  0.000      0       nan           nan         nan         nan       nan       nan
       49       1064       0   0.000  0.000      0       nan           nan         nan         nan       nan       nan
       49       1065       0   0.000  0.000      0       nan           nan         nan         nan       nan       nan
       49       1066       0   0.000  0.000      0       nan           nan         nan         nan       nan       nan
       49       1067       0   0.000  0.000      0       nan           nan         nan         nan       nan       nan
       49       1068       0   0.000  0.000      0       nan           nan         nan         nan       nan       nan
       49       1069       0   0.000  0.000      0       nan           nan         nan         nan       nan       nan
       49       1070       0   0.000  0.000      0       nan           nan         nan         nan       nan       nan
       49       1071       0   0.000  0.000      0       nan           nan         nan         nan       nan       nan
       49       1072       0   0.000  0.000      0       nan           nan         nan         nan       nan       nan
       49       1073       0   0.000  0.000      0       nan           nan         nan         nan       nan       nan
       49       1074       0   0.000  0.000      0       nan           nan         nan         nan       nan       nan
       49       1075       0   0.000  0.000      0       nan           nan         nan         nan       nan       nan
       49       1076       0   0.000  0.000      0       nan           nan         nan         nan       nan       nan
       49       1077       0   0.000  0.000      0       nan           nan         nan         nan       nan       nan
       49       1078       0   0.000  0.000      0       nan           nan         nan         nan       nan       nan
       49       1079       0   0.000  0.000      0       nan           nan         nan         nan       nan       nan
       49       1080       0   0.000  0.000      0       nan           nan         nan         nan       nan       nan
       49       1081       0   0.000  0.000      0       nan           nan         nan         nan       nan       nan
       49       1082       0   0.000  0.000      0       nan           nan         nan         nan       nan       nan
       49       1083       0   0.000  0.000      0       nan           nan         nan         nan       nan       nan
       49       1085       0   0.000  0.000      0       nan           nan         nan         nan       nan       nan
       49       1087       0   0.000  0.000      0       nan           nan         nan         nan       nan       nan
       49       1088       0   0.000  0.000      0       nan           nan         nan         nan       nan       nan
       49       1089       0   0.000  0.000      0       nan           nan         nan         nan       nan       nan
       49       1090       0   0.000  0.000      0       nan           nan         nan         nan       nan       nan
       49       1091       0   0.000  0.000      0       nan           nan         nan         nan       nan       nan
       49       1093       0   0.000  0.000      0       nan           nan         nan         nan       nan       nan
       49       1094       0   0.000  0.000      0       nan           nan         nan         nan       nan       nan
       50        729       0   0.007  0.008    236     1.189           0.0       100.0       100.0      64.0      53.8
       50        792       0   0.005  0.113   2704     1.091          20.4        99.6       120.0      64.0      58.7
       50        764       0   0.005  0.114   2944     1.091          20.8        99.2       120.0      64.0      69.8
       50        703       0   0.004  0.005    296     1.297           0.0       100.0       100.0      64.0      49.4
       50        788       0   0.004  0.211   4764     1.189          45.9        97.2       143.2      64.0      53.8
       50        800       0   0.003  0.074   1788     1.834          12.6        97.4       110.0      64.0      34.9
       50        889       0   0.002  0.049   1120     2.181          10.0       100.0       110.0      64.0      29.3
       50        706       0   0.002  0.083   2492     1.682          24.2        95.8       120.0      64.0      38.1
       50        875       0   0.001  0.011    244     1.000          10.0       100.0       110.0      64.0      64.0
       50        877       0   0.001  0.058   1284     2.000          35.5        94.5       130.1      58.7      29.3
       50        866       0   0.001  0.040    880     1.414          41.9        98.1       140.0      64.0      45.3
       50       1001       0   0.001  0.023    520     1.834          19.7        90.3       110.0      58.7      32.0
       50       1053       0   0.001  0.029    652     2.181          21.2       100.0        78.8      64.0      29.3
       50        699       0   0.000  0.021   1468     1.834          23.4        96.6       120.0      64.0      34.9
       50        867       0   0.000  0.045   1004     1.091          89.1        90.9         0.0      53.8      49.4
       50        829       0   0.000  0.013    292     1.091          29.7       110.0       139.7      58.7      64.0
       50        890       0   0.000  0.025    560     1.000          80.0        90.0       170.0      53.8      53.8
       50       1058       0   0.000  0.026    564     2.181          40.0       100.0       140.0      64.0      29.3
       50        929       0   0.000  0.010    236     1.834          20.0        90.0       110.0      49.4      26.9
       50       1066       0   0.000  0.017    388     2.378          30.0       100.0       130.0      64.0      26.9
       50        983       0   0.000  0.016    348     1.542          55.3        94.7       150.0      58.7      38.1
       50        799       0   0.000  0.008    196     1.682          29.6       100.0       129.6      64.0      38.1
       50        944       0   0.000  0.014    308     1.297          69.7        90.3       160.0      58.7      45.3
       50        868       0   0.000  0.003     68     1.091          20.0       110.0       130.0      58.7      64.0
       50       1012       0   0.000  0.008    168     1.682          50.0        90.0       140.0      58.7      34.9
       50        917       0   0.000  0.006    140     2.594          30.0       100.0       130.0      64.0      24.7
       50        710       0   0.000  0.000      4     1.414           0.0       100.0       100.0      64.0      45.3
       50        747       0   0.000  0.006    160     2.594          50.0       100.0       150.0      64.0      24.7
       50       1021       0   0.000  0.002     52     2.000          30.0       100.0        70.0      64.0      32.0
       50        978       0   0.000  0.004     88     2.378          60.0       100.0       160.0      64.0      26.9
       50       1046       0   0.000  0.001     12     2.000          20.0       100.0        80.0      64.0      32.0
       50        700       0   0.000  0.000      0       nan           nan         nan         nan       nan       nan
       50        701       0   0.000  0.000      0       nan           nan         nan         nan       nan       nan
       50        702       0   0.000  0.000      0       nan           nan         nan         nan       nan       nan
       50        704       0   0.000  0.000      0       nan           nan         nan         nan       nan       nan
       50        705       0   0.000  0.000      0       nan           nan         nan         nan       nan       nan
       50        707       0   0.000  0.000      0       nan           nan         nan         nan       nan       nan
       50        708       0   0.000  0.000      0       nan           nan         nan         nan       nan       nan
       50        709       0   0.000  0.000      0       nan           nan         nan         nan       nan       nan
       50        711       0   0.000  0.000      0       nan           nan         nan         nan       nan       nan
       50        712       0   0.000  0.000      0       nan           nan         nan         nan       nan       nan
       50        713       0   0.000  0.000      0       nan           nan         nan         nan       nan       nan
       50        714       0   0.000  0.000      0       nan           nan         nan         nan       nan       nan
       50        715       0   0.000  0.000      0       nan           nan         nan         nan       nan       nan
       50        716       0   0.000  0.000      0       nan           nan         nan         nan       nan       nan
       50        717       0   0.000  0.000      0       nan           nan         nan         nan       nan       nan
       50        718       0   0.000  0.000      0       nan           nan         nan         nan       nan       nan
       50        719       0   0.000  0.000      0       nan           nan         nan         nan       nan       nan
       50        720       0   0.000  0.000      0       nan           nan         nan         nan       nan       nan
       50        721       0   0.000  0.000      0       nan           nan         nan         nan       nan       nan
       50        722       0   0.000  0.000      0       nan           nan         nan         nan       nan       nan
       50        723       0   0.000  0.000      0       nan           nan         nan         nan       nan       nan
       50        724       0   0.000  0.000      0       nan           nan         nan         nan       nan       nan
       50        725       0   0.000  0.000      0       nan           nan         nan         nan       nan       nan
       50        726       0   0.000  0.000      0       nan           nan         nan         nan       nan       nan
       50        727       0   0.000  0.000      0       nan           nan         nan         nan       nan       nan
       50        728       0   0.000  0.000      0       nan           nan         nan         nan       nan       nan
       50        730       0   0.000  0.000      0       nan           nan         nan         nan       nan       nan
       50        731       0   0.000  0.000      0       nan           nan         nan         nan       nan       nan
       50        732       0   0.000  0.000      0       nan           nan         nan         nan       nan       nan
       50        733       0   0.000  0.000      0       nan           nan         nan         nan       nan       nan
       50        734       0   0.000  0.000      0       nan           nan         nan         nan       nan       nan
       50        735       0   0.000  0.000      0       nan           nan         nan         nan       nan       nan
       50        736       0   0.000  0.000      0       nan           nan         nan         nan       nan       nan
       50        737       0   0.000  0.000      0       nan           nan         nan         nan       nan       nan
       50        738       0   0.000  0.000      0       nan           nan         nan         nan       nan       nan
       50        739       0   0.000  0.000      0       nan           nan         nan         nan       nan       nan
       50        740       0   0.000  0.000      0       nan           nan         nan         nan       nan       nan
       50        741       0   0.000  0.000      0       nan           nan         nan         nan       nan       nan
       50        742       0   0.000  0.000      0       nan           nan         nan         nan       nan       nan
       50        743       0   0.000  0.000      0       nan           nan         nan         nan       nan       nan
       50        744       0   0.000  0.000      0       nan           nan         nan         nan       nan       nan
       50        745       0   0.000  0.000      0       nan           nan         nan         nan       nan       nan
       50        746       0   0.000  0.000      0       nan           nan         nan         nan       nan       nan
       50        748       0   0.000  0.000      0       nan           nan         nan         nan       nan       nan
       50        749       0   0.000  0.000      0       nan           nan         nan         nan       nan       nan
       50        750       0   0.000  0.000      0       nan           nan         nan         nan       nan       nan
       50        751       0   0.000  0.000      0       nan           nan         nan         nan       nan       nan
       50        752       0   0.000  0.000      0       nan           nan         nan         nan       nan       nan
       50        753       0   0.000  0.000      0       nan           nan         nan         nan       nan       nan
       50        754       0   0.000  0.000      0       nan           nan         nan         nan       nan       nan
       50        755       0   0.000  0.000      0       nan           nan         nan         nan       nan       nan
       50        756       0   0.000  0.000      0       nan           nan         nan         nan       nan       nan
       50        757       0   0.000  0.000      0       nan           nan         nan         nan       nan       nan
       50        758       0   0.000  0.000      0       nan           nan         nan         nan       nan       nan
       50        759       0   0.000  0.000      0       nan           nan         nan         nan       nan       nan
       50        760       0   0.000  0.000      0       nan           nan         nan         nan       nan       nan
       50        761       0   0.000  0.000      0       nan           nan         nan         nan       nan       nan
       50        762       0   0.000  0.000      0       nan           nan         nan         nan       nan       nan
       50        763       0   0.000  0.000      0       nan           nan         nan         nan       nan       nan
       50        765       0   0.000  0.000      0       nan           nan         nan         nan       nan       nan
       50        766       0   0.000  0.000      0       nan           nan         nan         nan       nan       nan
       50        767       0   0.000  0.000      0       nan           nan         nan         nan       nan       nan
       50        768       0   0.000  0.000      0       nan           nan         nan         nan       nan       nan
       50        769       0   0.000  0.000      0       nan           nan         nan         nan       nan       nan
       50        770       0   0.000  0.000      0       nan           nan         nan         nan       nan       nan
       50        771       0   0.000  0.000      0       nan           nan         nan         nan       nan       nan
       50        772       0   0.000  0.000      0       nan           nan         nan         nan       nan       nan
       50        773       0   0.000  0.000      0       nan           nan         nan         nan       nan       nan
       50        774       0   0.000  0.000      0       nan           nan         nan         nan       nan       nan
       50        775       0   0.000  0.000      0       nan           nan         nan         nan       nan       nan
       50        776       0   0.000  0.000      0       nan           nan         nan         nan       nan       nan
       50        777       0   0.000  0.000      0       nan           nan         nan         nan       nan       nan
       50        778       0   0.000  0.000      0       nan           nan         nan         nan       nan       nan
       50        779       0   0.000  0.000      0       nan           nan         nan         nan       nan       nan
       50        780       0   0.000  0.000      0       nan           nan         nan         nan       nan       nan
       50        781       0   0.000  0.000      0       nan           nan         nan         nan       nan       nan
       50        782       0   0.000  0.000      0       nan           nan         nan         nan       nan       nan
       50        783       0   0.000  0.000      0       nan           nan         nan         nan       nan       nan
       50        784       0   0.000  0.000      0       nan           nan         nan         nan       nan       nan
       50        785       0   0.000  0.000      0       nan           nan         nan         nan       nan       nan
       50        786       0   0.000  0.000      0       nan           nan         nan         nan       nan       nan
       50        787       0   0.000  0.000      0       nan           nan         nan         nan       nan       nan
       50        789       0   0.000  0.000      0       nan           nan         nan         nan       nan       nan
       50        790       0   0.000  0.000      0       nan           nan         nan         nan       nan       nan
       50        791       0   0.000  0.000      0       nan           nan         nan         nan       nan       nan
       50        793       0   0.000  0.000      0       nan           nan         nan         nan       nan       nan
       50        794       0   0.000  0.000      0       nan           nan         nan         nan       nan       nan
       50        795       0   0.000  0.000      0       nan           nan         nan         nan       nan       nan
       50        796       0   0.000  0.000      0       nan           nan         nan         nan       nan       nan
       50        797       0   0.000  0.000      0       nan           nan         nan         nan       nan       nan
       50        798       0   0.000  0.000      0       nan           nan         nan         nan       nan       nan
       50        801       0   0.000  0.000      0       nan           nan         nan         nan       nan       nan
       50        802       0   0.000  0.000      0       nan           nan         nan         nan       nan       nan
       50        803       0   0.000  0.000      0       nan           nan         nan         nan       nan       nan
       50        804       0   0.000  0.000      0       nan           nan         nan         nan       nan       nan
       50        805       0   0.000  0.000      0       nan           nan         nan         nan       nan       nan
       50        806       0   0.000  0.000      0       nan           nan         nan         nan       nan       nan
       50        807       0   0.000  0.000      0       nan           nan         nan         nan       nan       nan
       50        808       0   0.000  0.000      0       nan           nan         nan         nan       nan       nan
       50        809       0   0.000  0.000      0       nan           nan         nan         nan       nan       nan
       50        810       0   0.000  0.000      0       nan           nan         nan         nan       nan       nan
       50        811       0   0.000  0.000      0       nan           nan         nan         nan       nan       nan
       50        812       0   0.000  0.000      0       nan           nan         nan         nan       nan       nan
       50        813       0   0.000  0.000      0       nan           nan         nan         nan       nan       nan
       50        814       0   0.000  0.000      0       nan           nan         nan         nan       nan       nan
       50        815       0   0.000  0.000      0       nan           nan         nan         nan       nan       nan
       50        816       0   0.000  0.000      0       nan           nan         nan         nan       nan       nan
       50        817       0   0.000  0.000      0       nan           nan         nan         nan       nan       nan
       50        818       0   0.000  0.000      0       nan           nan         nan         nan       nan       nan
       50        819       0   0.000  0.000      0       nan           nan         nan         nan       nan       nan
       50        820       0   0.000  0.000      0       nan           nan         nan         nan       nan       nan
       50        821       0   0.000  0.000      0       nan           nan         nan         nan       nan       nan
       50        822       0   0.000  0.000      0       nan           nan         nan         nan       nan       nan
       50        823       0   0.000  0.000      0       nan           nan         nan         nan       nan       nan
       50        824       0   0.000  0.000      0       nan           nan         nan         nan       nan       nan
       50        825       0   0.000  0.000      0       nan           nan         nan         nan       nan       nan
       50        826       0   0.000  0.000      0       nan           nan         nan         nan       nan       nan
       50        827       0   0.000  0.000      0       nan           nan         nan         nan       nan       nan
       50        828       0   0.000  0.000      0       nan           nan         nan         nan       nan       nan
       50        830       0   0.000  0.000      0       nan           nan         nan         nan       nan       nan
       50        831       0   0.000  0.000      0       nan           nan         nan         nan       nan       nan
       50        832       0   0.000  0.000      0       nan           nan         nan         nan       nan       nan
       50        833       0   0.000  0.000      0       nan           nan         nan         nan       nan       nan
       50        834       0   0.000  0.000      0       nan           nan         nan         nan       nan       nan
       50        835       0   0.000  0.000      0       nan           nan         nan         nan       nan       nan
       50        836       0   0.000  0.000      0       nan           nan         nan         nan       nan       nan
       50        837       0   0.000  0.000      0       nan           nan         nan         nan       nan       nan
       50        838       0   0.000  0.000      0       nan           nan         nan         nan       nan       nan
       50        839       0   0.000  0.000      0       nan           nan         nan         nan       nan       nan
       50        840       0   0.000  0.000      0       nan           nan         nan         nan       nan       nan
       50        841       0   0.000  0.000      0       nan           nan         nan         nan       nan       nan
       50        842       0   0.000  0.000      0       nan           nan         nan         nan       nan       nan
       50        843       0   0.000  0.000      0       nan           nan         nan         nan       nan       nan
       50        844       0   0.000  0.000      0       nan           nan         nan         nan       nan       nan
       50        845       0   0.000  0.000      0       nan           nan         nan         nan       nan       nan
       50        846       0   0.000  0.000      0       nan           nan         nan         nan       nan       nan
       50        847       0   0.000  0.000      0       nan           nan         nan         nan       nan       nan
       50        848       0   0.000  0.000      0       nan           nan         nan         nan       nan       nan
       50        849       0   0.000  0.000      0       nan           nan         nan         nan       nan       nan
       50        850       0   0.000  0.000      0       nan           nan         nan         nan       nan       nan
       50        851       0   0.000  0.000      0       nan           nan         nan         nan       nan       nan
       50        852       0   0.000  0.000      0       nan           nan         nan         nan       nan       nan
       50        853       0   0.000  0.000      0       nan           nan         nan         nan       nan       nan
       50        854       0   0.000  0.000      0       nan           nan         nan         nan       nan       nan
       50        855       0   0.000  0.000      0       nan           nan         nan         nan       nan       nan
       50        856       0   0.000  0.000      0       nan           nan         nan         nan       nan       nan
       50        857       0   0.000  0.000      0       nan           nan         nan         nan       nan       nan
       50        858       0   0.000  0.000      0       nan           nan         nan         nan       nan       nan
       50        859       0   0.000  0.000      0       nan           nan         nan         nan       nan       nan
       50        860       0   0.000  0.000      0       nan           nan         nan         nan       nan       nan
       50        861       0   0.000  0.000      0       nan           nan         nan         nan       nan       nan
       50        862       0   0.000  0.000      0       nan           nan         nan         nan       nan       nan
       50        863       0   0.000  0.000      0       nan           nan         nan         nan       nan       nan
       50        864       0   0.000  0.000      0       nan           nan         nan         nan       nan       nan
       50        865       0   0.000  0.000      0       nan           nan         nan         nan       nan       nan
       50        869       0   0.000  0.000      0       nan           nan         nan         nan       nan       nan
       50        870       0   0.000  0.000      0       nan           nan         nan         nan       nan       nan
       50        871       0   0.000  0.000      0       nan           nan         nan         nan       nan       nan
       50        872       0   0.000  0.000      0       nan           nan         nan         nan       nan       nan
       50        873       0   0.000  0.000      0       nan           nan         nan         nan       nan       nan
       50        874       0   0.000  0.000      0       nan           nan         nan         nan       nan       nan
       50        876       0   0.000  0.000      0       nan           nan         nan         nan       nan       nan
       50        878       0   0.000  0.000      0       nan           nan         nan         nan       nan       nan
       50        879       0   0.000  0.000      0       nan           nan         nan         nan       nan       nan
       50        880       0   0.000  0.000      0       nan           nan         nan         nan       nan       nan
       50        881       0   0.000  0.000      0       nan           nan         nan         nan       nan       nan
       50        882       0   0.000  0.000      0       nan           nan         nan         nan       nan       nan
       50        883       0   0.000  0.000      0       nan           nan         nan         nan       nan       nan
       50        884       0   0.000  0.000      0       nan           nan         nan         nan       nan       nan
       50        885       0   0.000  0.000      0       nan           nan         nan         nan       nan       nan
       50        886       0   0.000  0.000      0       nan           nan         nan         nan       nan       nan
       50        887       0   0.000  0.000      0       nan           nan         nan         nan       nan       nan
       50        888       0   0.000  0.000      0       nan           nan         nan         nan       nan       nan
       50        891       0   0.000  0.000      0       nan           nan         nan         nan       nan       nan
       50        892       0   0.000  0.000      0       nan           nan         nan         nan       nan       nan
       50        893       0   0.000  0.000      0       nan           nan         nan         nan       nan       nan
       50        894       0   0.000  0.000      0       nan           nan         nan         nan       nan       nan
       50        895       0   0.000  0.000      0       nan           nan         nan         nan       nan       nan
       50        896       0   0.000  0.000      0       nan           nan         nan         nan       nan       nan
       50        897       0   0.000  0.000      0       nan           nan         nan         nan       nan       nan
       50        898       0   0.000  0.000      0       nan           nan         nan         nan       nan       nan
       50        899       0   0.000  0.000      0       nan           nan         nan         nan       nan       nan
       50        900       0   0.000  0.000      0       nan           nan         nan         nan       nan       nan
       50        901       0   0.000  0.000      0       nan           nan         nan         nan       nan       nan
       50        902       0   0.000  0.000      0       nan           nan         nan         nan       nan       nan
       50        903       0   0.000  0.000      0       nan           nan         nan         nan       nan       nan
       50        904       0   0.000  0.000      0       nan           nan         nan         nan       nan       nan
       50        905       0   0.000  0.000      0       nan           nan         nan         nan       nan       nan
       50        906       0   0.000  0.000      0       nan           nan         nan         nan       nan       nan
       50        907       0   0.000  0.000      0       nan           nan         nan         nan       nan       nan
       50        908       0   0.000  0.000      0       nan           nan         nan         nan       nan       nan
       50        909       0   0.000  0.000      0       nan           nan         nan         nan       nan       nan
       50        910       0   0.000  0.000      0       nan           nan         nan         nan       nan       nan
       50        911       0   0.000  0.000      0       nan           nan         nan         nan       nan       nan
       50        912       0   0.000  0.000      0       nan           nan         nan         nan       nan       nan
       50        913       0   0.000  0.000      0       nan           nan         nan         nan       nan       nan
       50        914       0   0.000  0.000      0       nan           nan         nan         nan       nan       nan
       50        915       0   0.000  0.000      0       nan           nan         nan         nan       nan       nan
       50        916       0   0.000  0.000      0       nan           nan         nan         nan       nan       nan
       50        918       0   0.000  0.000      0       nan           nan         nan         nan       nan       nan
       50        919       0   0.000  0.000      0       nan           nan         nan         nan       nan       nan
       50        920       0   0.000  0.000      0       nan           nan         nan         nan       nan       nan
       50        921       0   0.000  0.000      0       nan           nan         nan         nan       nan       nan
       50        922       0   0.000  0.000      0       nan           nan         nan         nan       nan       nan
       50        923       0   0.000  0.000      0       nan           nan         nan         nan       nan       nan
       50        924       0   0.000  0.000      0       nan           nan         nan         nan       nan       nan
       50        925       0   0.000  0.000      0       nan           nan         nan         nan       nan       nan
       50        926       0   0.000  0.000      0       nan           nan         nan         nan       nan       nan
       50        927       0   0.000  0.000      0       nan           nan         nan         nan       nan       nan
       50        928       0   0.000  0.000      0       nan           nan         nan         nan       nan       nan
       50        930       0   0.000  0.000      0       nan           nan         nan         nan       nan       nan
       50        931       0   0.000  0.000      0       nan           nan         nan         nan       nan       nan
       50        932       0   0.000  0.000      0       nan           nan         nan         nan       nan       nan
       50        933       0   0.000  0.000      0       nan           nan         nan         nan       nan       nan
       50        934       0   0.000  0.000      0       nan           nan         nan         nan       nan       nan
       50        935       0   0.000  0.000      0       nan           nan         nan         nan       nan       nan
       50        936       0   0.000  0.000      0       nan           nan         nan         nan       nan       nan
       50        937       0   0.000  0.000      0       nan           nan         nan         nan       nan       nan
       50        938       0   0.000  0.000      0       nan           nan         nan         nan       nan       nan
       50        939       0   0.000  0.000      0       nan           nan         nan         nan       nan       nan
       50        940       0   0.000  0.000      0       nan           nan         nan         nan       nan       nan
       50        941       0   0.000  0.000      0       nan           nan         nan         nan       nan       nan
       50        942       0   0.000  0.000      0       nan           nan         nan         nan       nan       nan
       50        943       0   0.000  0.000      0       nan           nan         nan         nan       nan       nan
       50        945       0   0.000  0.000      0       nan           nan         nan         nan       nan       nan
       50        946       0   0.000  0.000      0       nan           nan         nan         nan       nan       nan
       50        947       0   0.000  0.000      0       nan           nan         nan         nan       nan       nan
       50        948       0   0.000  0.000      0       nan           nan         nan         nan       nan       nan
       50        949       0   0.000  0.000      0       nan           nan         nan         nan       nan       nan
       50        950       0   0.000  0.000      0       nan           nan         nan         nan       nan       nan
       50        951       0   0.000  0.000      0       nan           nan         nan         nan       nan       nan
       50        952       0   0.000  0.000      0       nan           nan         nan         nan       nan       nan
       50        953       0   0.000  0.000      0       nan           nan         nan         nan       nan       nan
       50        954       0   0.000  0.000      0       nan           nan         nan         nan       nan       nan
       50        955       0   0.000  0.000      0       nan           nan         nan         nan       nan       nan
       50        956       0   0.000  0.000      0       nan           nan         nan         nan       nan       nan
       50        957       0   0.000  0.000      0       nan           nan         nan         nan       nan       nan
       50        958       0   0.000  0.000      0       nan           nan         nan         nan       nan       nan
       50        959       0   0.000  0.000      0       nan           nan         nan         nan       nan       nan
       50        960       0   0.000  0.000      0       nan           nan         nan         nan       nan       nan
       50        961       0   0.000  0.000      0       nan           nan         nan         nan       nan       nan
       50        962       0   0.000  0.000      0       nan           nan         nan         nan       nan       nan
       50        963       0   0.000  0.000      0       nan           nan         nan         nan       nan       nan
       50        964       0   0.000  0.000      0       nan           nan         nan         nan       nan       nan
       50        965       0   0.000  0.000      0       nan           nan         nan         nan       nan       nan
       50        966       0   0.000  0.000      0       nan           nan         nan         nan       nan       nan
       50        967       0   0.000  0.000      0       nan           nan         nan         nan       nan       nan
       50        968       0   0.000  0.000      0       nan           nan         nan         nan       nan       nan
       50        969       0   0.000  0.000      0       nan           nan         nan         nan       nan       nan
       50        970       0   0.000  0.000      0       nan           nan         nan         nan       nan       nan
       50        971       0   0.000  0.000      0       nan           nan         nan         nan       nan       nan
       50        972       0   0.000  0.000      0       nan           nan         nan         nan       nan       nan
       50        973       0   0.000  0.000      0       nan           nan         nan         nan       nan       nan
       50        974       0   0.000  0.000      0       nan           nan         nan         nan       nan       nan
       50        975       0   0.000  0.000      0       nan           nan         nan         nan       nan       nan
       50        976       0   0.000  0.000      0       nan           nan         nan         nan       nan       nan
       50        977       0   0.000  0.000      0       nan           nan         nan         nan       nan       nan
       50        979       0   0.000  0.000      0       nan           nan         nan         nan       nan       nan
       50        980       0   0.000  0.000      0       nan           nan         nan         nan       nan       nan
       50        981       0   0.000  0.000      0       nan           nan         nan         nan       nan       nan
       50        982       0   0.000  0.000      0       nan           nan         nan         nan       nan       nan
       50        984       0   0.000  0.000      0       nan           nan         nan         nan       nan       nan
       50        985       0   0.000  0.000      0       nan           nan         nan         nan       nan       nan
       50        986       0   0.000  0.000      0       nan           nan         nan         nan       nan       nan
       50        987       0   0.000  0.000      0       nan           nan         nan         nan       nan       nan
       50        988       0   0.000  0.000      0       nan           nan         nan         nan       nan       nan
       50        989       0   0.000  0.000      0       nan           nan         nan         nan       nan       nan
       50        990       0   0.000  0.000      0       nan           nan         nan         nan       nan       nan
       50        991       0   0.000  0.000      0       nan           nan         nan         nan       nan       nan
       50        992       0   0.000  0.000      0       nan           nan         nan         nan       nan       nan
       50        993       0   0.000  0.000      0       nan           nan         nan         nan       nan       nan
       50        994       0   0.000  0.000      0       nan           nan         nan         nan       nan       nan
       50        995       0   0.000  0.000      0       nan           nan         nan         nan       nan       nan
       50        996       0   0.000  0.000      0       nan           nan         nan         nan       nan       nan
       50        997       0   0.000  0.000      0       nan           nan         nan         nan       nan       nan
       50        998       0   0.000  0.000      0       nan           nan         nan         nan       nan       nan
       50        999       0   0.000  0.000      0       nan           nan         nan         nan       nan       nan
       50       1000       0   0.000  0.000      0       nan           nan         nan         nan       nan       nan
       50       1002       0   0.000  0.000      0       nan           nan         nan         nan       nan       nan
       50       1003       0   0.000  0.000      0       nan           nan         nan         nan       nan       nan
       50       1004       0   0.000  0.000      0       nan           nan         nan         nan       nan       nan
       50       1005       0   0.000  0.000      0       nan           nan         nan         nan       nan       nan
       50       1006       0   0.000  0.000      0       nan           nan         nan         nan       nan       nan
       50       1007       0   0.000  0.000      0       nan           nan         nan         nan       nan       nan
       50       1008       0   0.000  0.000      0       nan           nan         nan         nan       nan       nan
       50       1009       0   0.000  0.000      0       nan           nan         nan         nan       nan       nan
       50       1010       0   0.000  0.000      0       nan           nan         nan         nan       nan       nan
       50       1011       0   0.000  0.000      0       nan           nan         nan         nan       nan       nan
       50       1013       0   0.000  0.000      0       nan           nan         nan         nan       nan       nan
       50       1014       0   0.000  0.000      0       nan           nan         nan         nan       nan       nan
       50       1015       0   0.000  0.000      0       nan           nan         nan         nan       nan       nan
       50       1016       0   0.000  0.000      0       nan           nan         nan         nan       nan       nan
       50       1017       0   0.000  0.000      0       nan           nan         nan         nan       nan       nan
       50       1018       0   0.000  0.000      0       nan           nan         nan         nan       nan       nan
       50       1019       0   0.000  0.000      0       nan           nan         nan         nan       nan       nan
       50       1020       0   0.000  0.000      0       nan           nan         nan         nan       nan       nan
       50       1022       0   0.000  0.000      0       nan           nan         nan         nan       nan       nan
       50       1023       0   0.000  0.000      0       nan           nan         nan         nan       nan       nan
       50       1024       0   0.000  0.000      0       nan           nan         nan         nan       nan       nan
       50       1025       0   0.000  0.000      0       nan           nan         nan         nan       nan       nan
       50       1026       0   0.000  0.000      0       nan           nan         nan         nan       nan       nan
       50       1027       0   0.000  0.000      0       nan           nan         nan         nan       nan       nan
       50       1028       0   0.000  0.000      0       nan           nan         nan         nan       nan       nan
       50       1029       0   0.000  0.000      0       nan           nan         nan         nan       nan       nan
       50       1030       0   0.000  0.000      0       nan           nan         nan         nan       nan       nan
       50       1031       0   0.000  0.000      0       nan           nan         nan         nan       nan       nan
       50       1032       0   0.000  0.000      0       nan           nan         nan         nan       nan       nan
       50       1033       0   0.000  0.000      0       nan           nan         nan         nan       nan       nan
       50       1034       0   0.000  0.000      0       nan           nan         nan         nan       nan       nan
       50       1035       0   0.000  0.000      0       nan           nan         nan         nan       nan       nan
       50       1036       0   0.000  0.000      0       nan           nan         nan         nan       nan       nan
       50       1037       0   0.000  0.000      0       nan           nan         nan         nan       nan       nan
       50       1038       0   0.000  0.000      0       nan           nan         nan         nan       nan       nan
       50       1039       0   0.000  0.000      0       nan           nan         nan         nan       nan       nan
       50       1040       0   0.000  0.000      0       nan           nan         nan         nan       nan       nan
       50       1041       0   0.000  0.000      0       nan           nan         nan         nan       nan       nan
       50       1042       0   0.000  0.000      0       nan           nan         nan         nan       nan       nan
       50       1043       0   0.000  0.000      0       nan           nan         nan         nan       nan       nan
       50       1044       0   0.000  0.000      0       nan           nan         nan         nan       nan       nan
       50       1045       0   0.000  0.000      0       nan           nan         nan         nan       nan       nan
       50       1047       0   0.000  0.000      0       nan           nan         nan         nan       nan       nan
       50       1048       0   0.000  0.000      0       nan           nan         nan         nan       nan       nan
       50       1049       0   0.000  0.000      0       nan           nan         nan         nan       nan       nan
       50       1050       0   0.000  0.000      0       nan           nan         nan         nan       nan       nan
       50       1051       0   0.000  0.000      0       nan           nan         nan         nan       nan       nan
       50       1052       0   0.000  0.000      0       nan           nan         nan         nan       nan       nan
       50       1054       0   0.000  0.000      0       nan           nan         nan         nan       nan       nan
       50       1055       0   0.000  0.000      0       nan           nan         nan         nan       nan       nan
       50       1056       0   0.000  0.000      0       nan           nan         nan         nan       nan       nan
       50       1057       0   0.000  0.000      0       nan           nan         nan         nan       nan       nan
       50       1059       0   0.000  0.000      0       nan           nan         nan         nan       nan       nan
       50       1060       0   0.000  0.000      0       nan           nan         nan         nan       nan       nan
       50       1061       0   0.000  0.000      0       nan           nan         nan         nan       nan       nan
       50       1062       0   0.000  0.000      0       nan           nan         nan         nan       nan       nan
       50       1063       0   0.000  0.000      0       nan           nan         nan         nan       nan       nan
       50       1064       0   0.000  0.000      0       nan           nan         nan         nan       nan       nan
       50       1065       0   0.000  0.000      0       nan           nan         nan         nan       nan       nan
       50       1067       0   0.000  0.000      0       nan           nan         nan         nan       nan       nan
       50       1068       0   0.000  0.000      0       nan           nan         nan         nan       nan       nan
       50       1069       0   0.000  0.000      0       nan           nan         nan         nan       nan       nan
       50       1070       0   0.000  0.000      0       nan           nan         nan         nan       nan       nan
       50       1071       0   0.000  0.000      0       nan           nan         nan         nan       nan       nan
       50       1072       0   0.000  0.000      0       nan           nan         nan         nan       nan       nan
       50       1073       0   0.000  0.000      0       nan           nan         nan         nan       nan       nan
       50       1074       0   0.000  0.000      0       nan           nan         nan         nan       nan       nan
       50       1075       0   0.000  0.000      0       nan           nan         nan         nan       nan       nan
       50       1076       0   0.000  0.000      0       nan           nan         nan         nan       nan       nan
       50       1077       0   0.000  0.000      0       nan           nan         nan         nan       nan       nan
       50       1078       0   0.000  0.000      0       nan           nan         nan         nan       nan       nan
       50       1079       0   0.000  0.000      0       nan           nan         nan         nan       nan       nan
       50       1080       0   0.000  0.000      0       nan           nan         nan         nan       nan       nan
       50       1081       0   0.000  0.000      0       nan           nan         nan         nan       nan       nan
       50       1082       0   0.000  0.000      0       nan           nan         nan         nan       nan       nan
       50       1083       0   0.000  0.000      0       nan           nan         nan         nan       nan       nan
       50       1084       0   0.000  0.000      0       nan           nan         nan         nan       nan       nan
       50       1085       0   0.000  0.000      0       nan           nan         nan         nan       nan       nan
       50       1086       0   0.000  0.000      0       nan           nan         nan         nan       nan       nan
       50       1087       0   0.000  0.000      0       nan           nan         nan         nan       nan       nan
       50       1088       0   0.000  0.000      0       nan           nan         nan         nan       nan       nan
       50       1089       0   0.000  0.000      0       nan           nan         nan         nan       nan       nan
       50       1090       0   0.000  0.000      0       nan           nan         nan         nan       nan       nan
       50       1091       0   0.000  0.000      0       nan           nan         nan         nan       nan       nan
       50       1092       0   0.000  0.000      0       nan           nan         nan         nan       nan       nan
       50       1093       0   0.000  0.000      0       nan           nan         nan         nan       nan       nan
       50       1094       0   0.000  0.000      0       nan           nan         nan         nan       nan       nan
       51        733       1   0.237  0.237   9504     1.000           0.0        90.0        90.0     117.4     117.4
       51        724       0   0.146  0.303  12748     1.682           0.2        87.8        87.6      90.5      53.8
       51        725       1   0.071  0.314  12560     1.091           3.0        89.1        86.1      90.5      83.0
       51        719       0   0.064  0.229  10156     2.181           0.6        88.0        87.3      98.7      45.3
       51        705       1   0.063  0.343  21036     1.091           4.0        87.1        83.1      90.5      98.7
       51        730       0   0.022  0.090   3908     4.000           0.0        90.0        90.0      98.7      24.7
       51        737       0   0.021  0.127   5588     2.594           1.3        90.0        88.7      98.7      38.1
       51        896       0   0.018  0.051   2100     2.828           0.0        80.0        80.0      83.0      29.3
       51        811       0   0.017  0.024    980     1.414           0.0        90.0        90.0      90.5      64.0
       51        876       0   0.016  0.035   1384     2.181           0.0        90.0        90.0      90.5      41.5
       51        802       0   0.009  0.091   3628     1.682           4.9        90.0        85.1     117.4      69.8
       51        874       0   0.009  0.063   2552     3.668           0.9        80.9        80.0      83.0      22.6
       51        703       0   0.009  0.230  14156     2.000          12.2        88.0       100.2      98.7      49.4
       51        710       0   0.008  0.203   9764     2.181          10.0        90.0       100.0      98.7      45.3
       51        749       0   0.008  0.048   1984     4.000           0.5        81.5        81.0      83.0      20.7
       51        787       0   0.008  0.079   3388     3.084           2.3        80.6        78.2      83.0      26.9
       51        700       0   0.007  0.359  17496     3.364          13.5        86.5       100.0      98.7      29.3
       51        708       0   0.007  0.033   1872     1.189           3.0        83.0        80.0      83.0      69.8
       51        718       0   0.006  0.181   7620     2.378          10.8        90.0       100.8      98.7      41.5
       51        817       0   0.006  0.046   1828     1.834           3.2        90.0        86.8     117.4      64.0
       51        825       0   0.006  0.101   4076     3.084           4.7        85.3        90.0      83.0      26.9
       51        729       0   0.006  0.115   5012     1.834          10.1        89.9       100.0      98.7      53.8
       51        707       0   0.005  0.251  12688     1.091          41.1        85.1        44.0      83.0      90.5
       51        720       0   0.005  0.190   8104     1.682          19.6        90.0       109.6      98.7      58.7
       51        709       0   0.005  0.275  11804     4.757           9.8        85.8        95.6      83.0      17.4
       51        766       1   0.005  0.060   2392     1.091          10.0        90.0       100.0      90.5      98.7
       51        699       0   0.004  0.357  23516     3.084          29.0        87.4       116.4      98.7      32.0
       51        722       0   0.004  0.074   3920     1.542          11.4        85.1        73.7      98.7      64.0
       51        750       0   0.004  0.083   3484     4.362           4.2        85.7        89.9      98.7      22.6
       51        738       0   0.004  0.095   3964     2.378          10.3        90.0        79.7      98.7      41.5
       51        704       0   0.003  0.124   7300     1.542          22.6        90.0       112.5      98.7      64.0
       51        759       0   0.003  0.108   4308     1.189          25.5        85.5        60.0     117.4      98.7
       51       1050       0   0.003  0.010    408     3.364           0.0        80.0        80.0      76.1      22.6
       51        771       0   0.003  0.059   2424     1.297          14.9        85.1       100.0      83.0      64.0
       51       1084       0   0.003  0.008    340     3.084           0.0        80.0        80.0      83.0      26.9
       51        863       0   0.003  0.058   2392     5.187           3.3        86.2        89.5      98.7      19.0
       51       1064       0   0.003  0.012    496     4.757           0.0        90.0        90.0      83.0      17.4
       51        757       0   0.003  0.096   4256     1.834          19.2        88.4        69.3      98.7      53.8
       51        739       0   0.002  0.065   2708     1.682          15.9        81.0        96.9      83.0      49.4
       51        770       0   0.002  0.067   2680     1.414          20.0        90.0       110.0      98.7      69.8
       51        764       0   0.002  0.090   3856     1.414          30.0        90.0       120.0      98.7      69.8
       51        950       0   0.002  0.005    192     2.594           0.0        90.0        90.0      98.7      38.1
       51       1035       0   0.002  0.008    316     4.362           0.0        80.0        80.0      83.0      19.0
       51        763       0   0.002  0.083   3324     1.542          30.0        90.0       120.0      98.7      64.0
       51        807       0   0.002  0.032   1280     1.834          10.0        90.0       100.0      98.7      53.8
       51       1039       0   0.002  0.005    192     3.084           0.0        90.0        90.0      83.0      26.9
       51        791       0   0.002  0.031   1252     1.834          10.0        90.0       100.0      90.5      49.4
       51        762       0   0.002  0.112   4812     1.189          60.0        90.0       150.0      98.7      83.0
       51        786       0   0.002  0.127   5068     2.378          33.8        89.8        56.0     117.4      49.4
       51       1062       0   0.002  0.004    152     2.486           0.0        80.0        80.0      79.6      32.0
       51        706       0   0.001  0.112   5084     2.594          30.0        90.0       120.0      98.7      38.1
       51       1074       0   0.001  0.010    420     4.757           0.7        90.0        89.3     107.6      22.6
       51        753       0   0.001  0.060   2460     2.181          20.0        90.0       110.0      98.7      45.3
       51       1069       0   0.001  0.004    160     3.084           0.0        90.0        90.0      98.7      32.0
       51        726       0   0.001  0.154   7584     1.414          85.8        84.2       170.0      83.0     117.4
       51        846       0   0.001  0.026   1036     2.000          10.0        90.0        80.0     117.4      58.7
       51        797       0   0.001  0.060   2400     1.682          30.1        90.0        59.9     117.4      69.8
       51        785       0   0.001  0.086   3444     2.181          37.5        90.0       127.5      98.7      45.3
       51        833       0   0.001  0.016    624     1.414          10.0        80.0        90.0      83.0      58.7
       51        792       0   0.001  0.058   2432     2.000          30.0        90.0       120.0      98.7      49.4
       51        838       0   0.001  0.051   2156     3.084          17.0        90.0        73.0      98.7      32.0
       51        815       0   0.001  0.039   1568     1.189          40.0        90.0       130.0      98.7      83.0
       51        914       0   0.001  0.004    152     4.757           0.0        80.0        80.0      83.0      17.4
       51        999       0   0.001  0.002     68     2.378           0.0        90.0        90.0      98.7      41.5
       51        860       0   0.001  0.039   1560     2.378          22.1        87.9       110.0      83.0      34.9
       51        911       0   0.001  0.018    740     2.378          10.0        80.0        90.0      83.0      34.9
       51        790       0   0.001  0.029   1160     1.000          41.4        90.0       131.4      98.7      98.7
       51        743       0   0.001  0.118   5004     2.181          80.2        81.2         1.0      83.0      38.1
       51        781       0   0.001  0.069   2756     2.828          35.6        85.3        49.7      76.1      26.9
       51        883       0   0.001  0.036   1452     3.668          14.0        82.8        68.8      83.0      22.6
       51        831       0   0.001  0.023    980     4.362           7.3        90.0        82.7      98.7      22.6
       51        984       0   0.001  0.030   1208     3.084          14.4        80.7        66.4      83.0      26.9
       51        922       0   0.001  0.039   1564     3.084          19.9        89.3        69.5      76.1      24.7
       51        821       0   0.001  0.001     28     1.189           0.0        90.0        90.0      98.7      83.0
       51        800       0   0.001  0.037   1580     3.084          20.0        90.0       110.0      98.7      32.0
       51        778       0   0.001  0.006    248     1.000          10.0        90.0       100.0     117.4     117.4
       51       1017       0   0.001  0.019    756     3.084          10.0        80.0        70.0      83.0      26.9
       51       1007       0   0.001  0.023    912     4.000          10.0        90.0       100.0      98.7      24.7
       51        882       0   0.001  0.027   1096     2.594          20.0        90.0        70.0     117.4      45.3
       51        713       0   0.000  0.132   5512     4.000          65.5        82.1       147.6      83.0      20.7
       51        745       0   0.000  0.062   2488     5.187          23.2        86.8       110.0      83.0      16.0
       51        889       0   0.000  0.035   1400     3.364          20.0        90.0       110.0      98.7      29.3
       51        798       0   0.000  0.030   1196     1.091          60.0        90.0       150.0      98.7      90.5
       51        836       0   0.000  0.020    784     4.000           9.9        80.0        89.9      76.1      19.0
       51        949       0   0.000  0.037   1488     4.000          20.0        90.0        70.0      98.7      24.7
       51        858       0   0.000  0.049   1968     2.378          46.3        86.3        40.0      76.1      32.0
       51        987       0   0.000  0.001     44     2.594           0.0        90.0        90.0     117.4      45.3
       51        853       0   0.000  0.026   1028     3.084          20.0        90.0       110.0      83.0      26.9
       51        747       0   0.000  0.094   3912     4.000          60.1        90.0       150.1      98.7      24.7
       51        702       0   0.000  0.087   3572     4.362          51.2        82.8       134.0      76.1      17.4
       51        734       0   0.000  0.017    700     4.000          10.0        90.0        80.0      98.7      24.7
       51        945       0   0.000  0.021    824     4.757          11.5        90.0        78.5      98.7      20.7
       51        861       0   0.000  0.012    464     3.084          10.0        80.0        90.0      83.0      26.9
       51        744       0   0.000  0.046   1840     3.084          43.8        86.2       130.0     107.6      34.9
       51        701       0   0.000  0.043   2576     1.913          67.7        89.4       157.1      98.7      51.6
       51        832       0   0.000  0.022    884     1.682          40.0        90.0       130.0      98.7      58.7
       51        843       0   0.000  0.028   1156     2.378          37.4        89.1        51.7      98.7      41.5
       51        986       0   0.000  0.008    320     2.378          10.0        80.0        90.0      76.1      32.0
       51        906       0   0.000  0.038   1516     3.364          36.3        90.0        53.7      98.7      29.3
       51        839       0   0.000  0.004    156     1.189          10.0        90.0       100.0      83.0      69.8
       51        813       0   0.000  0.041   1640     3.364          40.0        90.0       130.0      98.7      29.3
       51        859       0   0.000  0.028   1136     3.084          30.0        90.0        60.0     117.4      38.1
       51        845       0   0.000  0.018    724     1.682          35.6        90.0       125.6      98.7      58.7
       51        895       0   0.000  0.065   2644     4.757          46.8        90.0       136.8      98.7      20.7
       51        774       0   0.000  0.006    240     1.414          13.3        81.6        68.4      83.0      58.7
       51        741       0   0.000  0.050   2264     2.181          80.0        80.0       160.0      83.0      38.1
       51        760       0   0.000  0.015    652     2.594          20.0        90.0        70.0      98.7      38.1
       51        980       0   0.000  0.018    712     3.364          20.0        90.0        70.0      98.7      29.3
       51        788       0   0.000  0.017    740     1.414          46.2        90.0       136.2      98.7      69.8
       51        989       0   0.000  0.010    400     3.668          10.0        90.0        80.0      98.7      26.9
       51        801       0   0.000  0.035   1508     1.682          85.7        84.3       170.0      83.0      49.4
       51        970       0   0.000  0.035   1384     4.757          30.0        90.0       120.0     107.6      22.6
       51        878       0   0.000  0.020    792     2.594          32.2        87.8       120.0     107.6      41.5
       51        723       0   0.000  0.045   1900     2.828          70.0        80.0       150.0      83.0      29.3
       51        865       0   0.000  0.033   1328     1.834          80.0        80.0       160.0      83.0      45.3
       51       1092       0   0.000  0.015    608     6.169          10.0        90.0        80.0      98.7      16.0
       51        727       0   0.000  0.009    360     1.297          30.3        89.7       120.0      76.1      58.7
       51        761       0   0.000  0.006    256     1.297          20.0        80.0       100.0      83.0     107.6
       51        981       0   0.000  0.026   1028     5.657          20.0        90.0       110.0     117.4      20.7
       51        961       0   0.000  0.013    536     3.084          20.0        90.0        70.0     117.4      38.1
       51        900       0   0.000  0.019    776     3.364          27.0        89.4        62.4      98.7      29.3
       51        916       0   0.000  0.042   1680     6.727          30.1        89.9       120.0     117.4      17.4
       51        901       0   0.000  0.023    928     1.682          69.9        80.0       149.9      76.1      45.3
       51        799       0   0.000  0.018    776     2.594          35.8        90.0       125.8      98.7      38.1
       51        822       0   0.000  0.023    916     2.000          60.0        90.0       150.0      98.7      49.4
       51        834       0   0.000  0.055   2228     4.362          68.4        81.6       150.0      83.0      19.0
       51        909       0   0.000  0.014    568     2.594          30.0        90.0       120.0      98.7      38.1
       51        872       0   0.000  0.014    584     4.757          16.7        80.0        96.7      83.0      17.4
       51        828       0   0.000  0.020    816     1.414          82.9        87.1       170.0      76.1      53.8
       51       1034       0   0.000  0.027   1080     3.084          50.4        89.6       140.0      76.1      24.7
       51        885       0   0.000  0.011    432     3.084          20.0        90.0       110.0      98.7      32.0
       51        715       0   0.000  0.015    692     4.362          20.6        90.0        69.4      98.7      22.6
       51       1063       0   0.000  0.014    568     2.594          33.2        83.2        50.0      76.1      29.3
       51        893       0   0.000  0.028   1136     6.169          28.0        90.0        62.0     117.4      19.0
       51        976       0   0.000  0.007    300     4.757           9.2        80.0        89.2      83.0      17.4
       51       1020       0   0.000  0.013    520     2.828          30.0        80.0        50.0      83.0      29.3
       51        875       0   0.000  0.005    192     1.542          20.0        90.0       110.0      98.7      64.0
       51        844       0   0.000  0.004    160     1.297          20.0        90.0       110.0      98.7      76.1
       51        854       0   0.000  0.002     76     1.189          10.0        80.0        90.0      83.0      69.8
       51       1043       0   0.000  0.007    280     2.378          20.0        90.0        70.0      76.1      32.0
       51        932       0   0.000  0.015    592     2.594          40.0        90.0       130.0      83.0      32.0
       51       1080       0   0.000  0.022    888     2.828          55.4        82.1        26.7      76.1      26.9
       51       1072       0   0.000  0.018    724     4.362          28.7        90.0       118.7      98.7      22.6
       51        962       0   0.000  0.020    796     4.757          29.6        80.3       110.0      76.1      16.0
       51        754       0   0.000  0.021    888     5.187          30.0        90.0       120.0      98.7      19.0
       51        796       0   0.000  0.012    484     4.362          20.0        90.0       110.0      98.7      22.6
       51       1041       0   0.000  0.019    760     3.668          38.7        88.7        50.0     117.4      32.0
       51        793       0   0.000  0.029   1176     5.412          40.1        90.0       130.1      98.7      18.2
       51        968       0   0.000  0.017    704     2.181          61.6        81.6        20.0      83.0      38.1
       51        835       0   0.000  0.013    512     1.414          70.0        90.0       160.0      98.7      69.8
       51        840       0   0.000  0.005    200     1.297          30.0        90.0       120.0      98.7      76.1
       51        773       0   0.000  0.030   1332     2.828          87.3        87.3         0.0      98.7      34.9
       51        912       0   0.000  0.005    184     1.834          20.0        90.0        70.0      83.0      45.3
       51        809       0   0.000  0.031   1252     3.668          70.0        90.0       160.0      98.7      26.9
       51        931       0   0.000  0.023    924     2.378          84.0        84.0         0.0      76.1      32.0
       51        936       0   0.000  0.011    444     2.000          49.9        89.9        40.0      76.1      38.1
       51        862       0   0.000  0.003    108     1.189          20.0        80.0       100.0      83.0      69.8
       51        856       0   0.000  0.016    648     3.668          40.0        90.0       130.0      83.0      22.6
       51        959       0   0.000  0.003    112     2.378          10.0        90.0        80.0     117.4      49.4
       51       1065       0   0.000  0.019    756     3.668          48.4        90.0        41.6      98.7      26.9
       51        879       0   0.000  0.019    788     2.594          72.2        82.2        10.0      83.0      32.0
       51        717       0   0.000  0.016    656     3.084          50.0        90.0       140.0      98.7      32.0
       51        928       0   0.000  0.025   1016     3.364          75.9        84.1       160.0      76.1      22.6
       51        806       0   0.000  0.013    540     4.757          30.0        90.0       120.0      98.7      20.7
       51       1085       0   0.000  0.017    692     6.169          30.0        90.0       120.0     117.4      19.0
       51        990       0   0.000  0.007    300     4.000          20.0        90.0       110.0      90.5      22.6
       51        969       0   0.000  0.019    776     4.362          48.9        85.9       134.7     117.4      26.9
       51        732       0   0.000  0.029   1272     4.362          75.4        84.3       159.7      83.0      19.0
       51       1076       0   0.000  0.009    344     4.757          20.0        80.0       100.0      76.1      16.0
       51        887       0   0.000  0.009    364     5.187          20.0        90.0       110.0      98.7      19.0
       51        776       0   0.000  0.013    504     2.594          60.0        90.0       150.0      76.1      29.3
       51        795       0   0.000  0.019    772     4.757          50.0        90.0       140.0      98.7      20.7
       51       1022       0   0.000  0.000      8     2.594           0.0        90.0        90.0      98.7      38.1
       51       1028       0   0.000  0.004    176     5.187          10.0        80.0        90.0      83.0      16.0
       51        808       0   0.000  0.015    652     3.364          58.6        90.0       148.6      98.7      29.3
       51        935       0   0.000  0.008    332     2.181          50.0        90.0       140.0      98.7      45.3
       51        977       0   0.000  0.005    188     3.084          20.0        90.0        70.0      83.0      26.9
       51       1066       0   0.000  0.010    408     3.668          40.0        90.0       130.0      98.7      26.9
       51        837       0   0.000  0.018    724     4.362          62.0        90.0       152.0      98.7      22.6
       51        898       0   0.000  0.013    512     3.668          53.7        90.0        36.3      98.7      26.9
       51       1014       0   0.000  0.012    472     5.187          35.1        89.6       124.7      83.0      16.0
       51        873       0   0.000  0.004    152     1.542          40.0        90.0       130.0      98.7      64.0
       51        992       0   0.000  0.012    488     2.828          69.9        82.9        12.9      83.0      29.3
       51       1091       0   0.000  0.014    556     3.084          80.0        80.0         0.0      83.0      26.9
       51        894       0   0.000  0.007    272     2.378          50.6        80.6        30.0      83.0      34.9
       51        886       0   0.000  0.006    232     5.187          20.0        80.0       100.0      83.0      16.0
       51        951       0   0.000  0.016    628     5.187          57.3        90.0       147.3      98.7      19.0
       51       1070       0   0.000  0.005    192     3.084          30.0        90.0        60.0      98.7      32.0
       51       1081       0   0.000  0.011    436     2.828          76.8        86.8        10.0      76.1      26.9
       51        956       0   0.000  0.009    356     2.000          90.0        80.0       170.0      83.0      41.5
       51        917       0   0.000  0.008    328     4.000          40.0        90.0       130.0      98.7      24.7
       51        915       0   0.000  0.014    548     4.000          70.0        90.0       160.0      98.7      24.7
       51        941       0   0.000  0.005    212     2.181          50.0        90.0       140.0      76.1      34.9
       51       1073       0   0.000  0.013    508     4.362          63.0        87.0       150.0     117.4      26.9
       51        823       0   0.000  0.017    668     5.187          70.0        80.0       150.0      83.0      16.0
       51        826       0   0.000  0.001     60     1.091          30.0        90.0       120.0      98.7      90.5
       51        907       0   0.000  0.005    196     1.542          70.0        80.0        10.0      83.0      53.8
       51       1015       0   0.000  0.013    504     4.757          60.0        80.0       140.0      76.1      16.0
       51        866       0   0.000  0.005    196     2.181          50.0        90.0       140.0      98.7      45.3
       51        953       0   0.000  0.011    460     3.364          80.0        90.0       170.0      98.7      29.3
       51        816       0   0.000  0.006    252     5.187          27.8        82.2       110.0      83.0      16.0
       51       1071       0   0.000  0.009    356     4.362          50.0        90.0        40.0      76.1      17.4
       51       1052       0   0.000  0.009    372     4.362          52.6        87.4       140.0      76.1      17.4
       51        958       0   0.000  0.003    112     2.000          40.0        90.0        50.0      98.7      49.4
       51        755       0   0.000  0.000      4     2.828           0.0        90.0        90.0      76.1      26.9
       51        948       0   0.000  0.004    152     1.682          70.0        80.0        10.0      83.0      49.4
       51        728       0   0.000  0.003    140     1.414          70.0        80.0       150.0      83.0      58.7
       51        978       0   0.000  0.007    280     3.364          70.0        90.0       160.0      98.7      29.3
       51       1000       0   0.000  0.004    148     2.594          50.0        90.0        40.0      98.7      38.1
       51       1068       0   0.000  0.008    336     3.364          90.0        80.0       170.0      83.0      24.7
       51       1037       0   0.000  0.005    184     2.378          70.0        80.0        10.0      76.1      32.0
       51        731       0   0.000  0.001     44     1.414          20.0        80.0       100.0      83.0     117.4
       51        780       0   0.000  0.002     64     1.414          40.0        80.0       120.0      83.0      58.7
       51        997       0   0.000  0.002     96     1.834          50.0        90.0        40.0      76.1      41.5
       51        712       0   0.000  0.002     88     1.682          50.0        90.0       140.0      76.1      45.3
       51        934       0   0.000  0.004    176     2.181          77.3        82.7       160.0      83.0      38.1
       51        714       0   0.000  0.002    100     1.297          70.0        80.0        10.0      83.0      64.0
       51        972       0   0.000  0.005    220     5.657          44.1        89.6       133.7      98.7      17.4
       51        973       0   0.000  0.003    136     3.364          46.2        86.2        40.0      76.1      22.6
       51       1024       0   0.000  0.004    160     4.362          42.2        82.2        40.0      83.0      19.0
       51       1016       0   0.000  0.004    180     4.757          50.0        90.0       140.0      98.7      20.7
       51        775       0   0.000  0.005    224     3.084          90.0        80.0       170.0      83.0      26.9
       51       1090       0   0.000  0.003    128     4.757          37.8        90.0        52.2      98.7      20.7
       51        908       0   0.000  0.007    272     4.775          85.0        85.0       170.0      90.8      19.0
       51       1058       0   0.000  0.003    104     3.364          50.0        90.0       140.0      98.7      29.3
       51       1026       0   0.000  0.003    136     4.362          70.0        90.0       160.0      76.1      17.4
       51       1019       0   0.000  0.003    136     4.000          81.7        81.7         0.0      83.0      20.7
       51       1054       0   0.000  0.001     28     3.364          20.0        90.0        70.0     117.4      34.9
       51        756       0   0.000  0.002     72     6.169          30.0        90.0       120.0      98.7      16.0
       51        929       0   0.000  0.001     56     4.757          30.0        90.0       120.0      98.7      20.7
       51        919       0   0.000  0.001     44     1.542          80.0        80.0         0.0      83.0      53.8
       51        842       0   0.000  0.001     40     1.414          80.0        80.0       160.0      83.0      58.7
       51       1036       0   0.000  0.001     32     5.187          20.0        90.0        70.0      98.7      19.0
       51       1060       0   0.000  0.001     52     4.362          60.0        90.0       150.0      98.7      22.6
       51        736       0   0.000  0.001     28     2.828          50.0        80.0        30.0      83.0      29.3
       51       1044       0   0.000  0.001     36     2.828          80.0        90.0       170.0      98.7      34.9
       51        772       0   0.000  0.001     24     2.378          80.0        80.0       160.0      83.0      34.9
       51       1004       0   0.000  0.000     12     5.187          20.0        90.0       110.0      90.5      17.4
       51        819       0   0.000  0.000      8     5.657          50.0        90.0       140.0      98.7      17.4
       51        711       0   0.000  0.000      0       nan           nan         nan         nan       nan       nan
       51        716       0   0.000  0.000      0       nan           nan         nan         nan       nan       nan
       51        721       0   0.000  0.000      0       nan           nan         nan         nan       nan       nan
       51        735       0   0.000  0.000      0       nan           nan         nan         nan       nan       nan
       51        740       0   0.000  0.000      0       nan           nan         nan         nan       nan       nan
       51        742       0   0.000  0.000      0       nan           nan         nan         nan       nan       nan
       51        746       0   0.000  0.000      0       nan           nan         nan         nan       nan       nan
       51        748       0   0.000  0.000      0       nan           nan         nan         nan       nan       nan
       51        751       0   0.000  0.000      0       nan           nan         nan         nan       nan       nan
       51        752       0   0.000  0.000      0       nan           nan         nan         nan       nan       nan
       51        758       0   0.000  0.000      0       nan           nan         nan         nan       nan       nan
       51        765       0   0.000  0.000      0       nan           nan         nan         nan       nan       nan
       51        767       0   0.000  0.000      0       nan           nan         nan         nan       nan       nan
       51        768       0   0.000  0.000      0       nan           nan         nan         nan       nan       nan
       51        769       0   0.000  0.000      0       nan           nan         nan         nan       nan       nan
       51        777       0   0.000  0.000      0       nan           nan         nan         nan       nan       nan
       51        779       0   0.000  0.000      0       nan           nan         nan         nan       nan       nan
       51        782       0   0.000  0.000      0       nan           nan         nan         nan       nan       nan
       51        783       0   0.000  0.000      0       nan           nan         nan         nan       nan       nan
       51        784       0   0.000  0.000      0       nan           nan         nan         nan       nan       nan
       51        789       0   0.000  0.000      0       nan           nan         nan         nan       nan       nan
       51        794       0   0.000  0.000      0       nan           nan         nan         nan       nan       nan
       51        803       0   0.000  0.000      0       nan           nan         nan         nan       nan       nan
       51        804       0   0.000  0.000      0       nan           nan         nan         nan       nan       nan
       51        805       0   0.000  0.000      0       nan           nan         nan         nan       nan       nan
       51        810       0   0.000  0.000      0       nan           nan         nan         nan       nan       nan
       51        812       0   0.000  0.000      0       nan           nan         nan         nan       nan       nan
       51        814       0   0.000  0.000      0       nan           nan         nan         nan       nan       nan
       51        818       0   0.000  0.000      0       nan           nan         nan         nan       nan       nan
       51        820       0   0.000  0.000      0       nan           nan         nan         nan       nan       nan
       51        824       0   0.000  0.000      0       nan           nan         nan         nan       nan       nan
       51        827       0   0.000  0.000      0       nan           nan         nan         nan       nan       nan
       51        829       0   0.000  0.000      0       nan           nan         nan         nan       nan       nan
       51        830       0   0.000  0.000      0       nan           nan         nan         nan       nan       nan
       51        841       0   0.000  0.000      0       nan           nan         nan         nan       nan       nan
       51        847       0   0.000  0.000      0       nan           nan         nan         nan       nan       nan
       51        848       0   0.000  0.000      0       nan           nan         nan         nan       nan       nan
       51        849       0   0.000  0.000      0       nan           nan         nan         nan       nan       nan
       51        850       0   0.000  0.000      0       nan           nan         nan         nan       nan       nan
       51        851       0   0.000  0.000      0       nan           nan         nan         nan       nan       nan
       51        852       0   0.000  0.000      0       nan           nan         nan         nan       nan       nan
       51        855       0   0.000  0.000      0       nan           nan         nan         nan       nan       nan
       51        857       0   0.000  0.000      0       nan           nan         nan         nan       nan       nan
       51        864       0   0.000  0.000      0       nan           nan         nan         nan       nan       nan
       51        867       0   0.000  0.000      0       nan           nan         nan         nan       nan       nan
       51        868       0   0.000  0.000      0       nan           nan         nan         nan       nan       nan
       51        869       0   0.000  0.000      0       nan           nan         nan         nan       nan       nan
       51        870       0   0.000  0.000      0       nan           nan         nan         nan       nan       nan
       51        871       0   0.000  0.000      0       nan           nan         nan         nan       nan       nan
       51        877       0   0.000  0.000      0       nan           nan         nan         nan       nan       nan
       51        880       0   0.000  0.000      0       nan           nan         nan         nan       nan       nan
       51        881       0   0.000  0.000      0       nan           nan         nan         nan       nan       nan
       51        884       0   0.000  0.000      0       nan           nan         nan         nan       nan       nan
       51        888       0   0.000  0.000      0       nan           nan         nan         nan       nan       nan
       51        890       0   0.000  0.000      0       nan           nan         nan         nan       nan       nan
       51        891       0   0.000  0.000      0       nan           nan         nan         nan       nan       nan
       51        892       0   0.000  0.000      0       nan           nan         nan         nan       nan       nan
       51        897       0   0.000  0.000      0       nan           nan         nan         nan       nan       nan
       51        899       0   0.000  0.000      0       nan           nan         nan         nan       nan       nan
       51        902       0   0.000  0.000      0       nan           nan         nan         nan       nan       nan
       51        903       0   0.000  0.000      0       nan           nan         nan         nan       nan       nan
       51        904       0   0.000  0.000      0       nan           nan         nan         nan       nan       nan
       51        905       0   0.000  0.000      0       nan           nan         nan         nan       nan       nan
       51        910       0   0.000  0.000      0       nan           nan         nan         nan       nan       nan
       51        913       0   0.000  0.000      0       nan           nan         nan         nan       nan       nan
       51        918       0   0.000  0.000      0       nan           nan         nan         nan       nan       nan
       51        920       0   0.000  0.000      0       nan           nan         nan         nan       nan       nan
       51        921       0   0.000  0.000      0       nan           nan         nan         nan       nan       nan
       51        923       0   0.000  0.000      0       nan           nan         nan         nan       nan       nan
       51        924       0   0.000  0.000      0       nan           nan         nan         nan       nan       nan
       51        925       0   0.000  0.000      0       nan           nan         nan         nan       nan       nan
       51        926       0   0.000  0.000      0       nan           nan         nan         nan       nan       nan
       51        927       0   0.000  0.000      0       nan           nan         nan         nan       nan       nan
       51        930       0   0.000  0.000      0       nan           nan         nan         nan       nan       nan
       51        933       0   0.000  0.000      0       nan           nan         nan         nan       nan       nan
       51        937       0   0.000  0.000      0       nan           nan         nan         nan       nan       nan
       51        938       0   0.000  0.000      0       nan           nan         nan         nan       nan       nan
       51        939       0   0.000  0.000      0       nan           nan         nan         nan       nan       nan
       51        940       0   0.000  0.000      0       nan           nan         nan         nan       nan       nan
       51        942       0   0.000  0.000      0       nan           nan         nan         nan       nan       nan
       51        943       0   0.000  0.000      0       nan           nan         nan         nan       nan       nan
       51        944       0   0.000  0.000      0       nan           nan         nan         nan       nan       nan
       51        946       0   0.000  0.000      0       nan           nan         nan         nan       nan       nan
       51        947       0   0.000  0.000      0       nan           nan         nan         nan       nan       nan
       51        952       0   0.000  0.000      0       nan           nan         nan         nan       nan       nan
       51        954       0   0.000  0.000      0       nan           nan         nan         nan       nan       nan
       51        955       0   0.000  0.000      0       nan           nan         nan         nan       nan       nan
       51        957       0   0.000  0.000      0       nan           nan         nan         nan       nan       nan
       51        960       0   0.000  0.000      0       nan           nan         nan         nan       nan       nan
       51        963       0   0.000  0.000      0       nan           nan         nan         nan       nan       nan
       51        964       0   0.000  0.000      0       nan           nan         nan         nan       nan       nan
       51        965       0   0.000  0.000      0       nan           nan         nan         nan       nan       nan
       51        966       0   0.000  0.000      0       nan           nan         nan         nan       nan       nan
       51        967       0   0.000  0.000      0       nan           nan         nan         nan       nan       nan
       51        971       0   0.000  0.000      0       nan           nan         nan         nan       nan       nan
       51        974       0   0.000  0.000      0       nan           nan         nan         nan       nan       nan
       51        975       0   0.000  0.000      0       nan           nan         nan         nan       nan       nan
       51        979       0   0.000  0.000      0       nan           nan         nan         nan       nan       nan
       51        982       0   0.000  0.000      0       nan           nan         nan         nan       nan       nan
       51        983       0   0.000  0.000      0       nan           nan         nan         nan       nan       nan
       51        985       0   0.000  0.000      0       nan           nan         nan         nan       nan       nan
       51        988       0   0.000  0.000      0       nan           nan         nan         nan       nan       nan
       51        991       0   0.000  0.000      0       nan           nan         nan         nan       nan       nan
       51        993       0   0.000  0.000      0       nan           nan         nan         nan       nan       nan
       51        994       0   0.000  0.000      0       nan           nan         nan         nan       nan       nan
       51        995       0   0.000  0.000      0       nan           nan         nan         nan       nan       nan
       51        996       0   0.000  0.000      0       nan           nan         nan         nan       nan       nan
       51        998       0   0.000  0.000      0       nan           nan         nan         nan       nan       nan
       51       1001       0   0.000  0.000      0       nan           nan         nan         nan       nan       nan
       51       1002       0   0.000  0.000      0       nan           nan         nan         nan       nan       nan
       51       1003       0   0.000  0.000      0       nan           nan         nan         nan       nan       nan
       51       1005       0   0.000  0.000      0       nan           nan         nan         nan       nan       nan
       51       1006       0   0.000  0.000      0       nan           nan         nan         nan       nan       nan
       51       1008       0   0.000  0.000      0       nan           nan         nan         nan       nan       nan
       51       1009       0   0.000  0.000      0       nan           nan         nan         nan       nan       nan
       51       1010       0   0.000  0.000      0       nan           nan         nan         nan       nan       nan
       51       1011       0   0.000  0.000      0       nan           nan         nan         nan       nan       nan
       51       1012       0   0.000  0.000      0       nan           nan         nan         nan       nan       nan
       51       1013       0   0.000  0.000      0       nan           nan         nan         nan       nan       nan
       51       1018       0   0.000  0.000      0       nan           nan         nan         nan       nan       nan
       51       1021       0   0.000  0.000      0       nan           nan         nan         nan       nan       nan
       51       1023       0   0.000  0.000      0       nan           nan         nan         nan       nan       nan
       51       1025       0   0.000  0.000      0       nan           nan         nan         nan       nan       nan
       51       1027       0   0.000  0.000      0       nan           nan         nan         nan       nan       nan
       51       1029       0   0.000  0.000      0       nan           nan         nan         nan       nan       nan
       51       1030       0   0.000  0.000      0       nan           nan         nan         nan       nan       nan
       51       1031       0   0.000  0.000      0       nan           nan         nan         nan       nan       nan
       51       1032       0   0.000  0.000      0       nan           nan         nan         nan       nan       nan
       51       1033       0   0.000  0.000      0       nan           nan         nan         nan       nan       nan
       51       1038       0   0.000  0.000      0       nan           nan         nan         nan       nan       nan
       51       1040       0   0.000  0.000      0       nan           nan         nan         nan       nan       nan
       51       1042       0   0.000  0.000      0       nan           nan         nan         nan       nan       nan
       51       1045       0   0.000  0.000      0       nan           nan         nan         nan       nan       nan
       51       1046       0   0.000  0.000      0       nan           nan         nan         nan       nan       nan
       51       1047       0   0.000  0.000      0       nan           nan         nan         nan       nan       nan
       51       1048       0   0.000  0.000      0       nan           nan         nan         nan       nan       nan
       51       1049       0   0.000  0.000      0       nan           nan         nan         nan       nan       nan
       51       1051       0   0.000  0.000      0       nan           nan         nan         nan       nan       nan
       51       1053       0   0.000  0.000      0       nan           nan         nan         nan       nan       nan
       51       1055       0   0.000  0.000      0       nan           nan         nan         nan       nan       nan
       51       1056       0   0.000  0.000      0       nan           nan         nan         nan       nan       nan
       51       1057       0   0.000  0.000      0       nan           nan         nan         nan       nan       nan
       51       1059       0   0.000  0.000      0       nan           nan         nan         nan       nan       nan
       51       1061       0   0.000  0.000      0       nan           nan         nan         nan       nan       nan
       51       1067       0   0.000  0.000      0       nan           nan         nan         nan       nan       nan
       51       1075       0   0.000  0.000      0       nan           nan         nan         nan       nan       nan
       51       1077       0   0.000  0.000      0       nan           nan         nan         nan       nan       nan
       51       1078       0   0.000  0.000      0       nan           nan         nan         nan       nan       nan
       51       1079       0   0.000  0.000      0       nan           nan         nan         nan       nan       nan
       51       1082       0   0.000  0.000      0       nan           nan         nan         nan       nan       nan
       51       1083       0   0.000  0.000      0       nan           nan         nan         nan       nan       nan
       51       1086       0   0.000  0.000      0       nan           nan         nan         nan       nan       nan
       51       1087       0   0.000  0.000      0       nan           nan         nan         nan       nan       nan
       51       1088       0   0.000  0.000      0       nan           nan         nan         nan       nan       nan
       51       1089       0   0.000  0.000      0       nan           nan         nan         nan       nan       nan
       51       1093       0   0.000  0.000      0       nan           nan         nan         nan       nan       nan
       51       1094       0   0.000  0.000      0       nan           nan         nan         nan       nan       nan
       52        815       1   0.126  0.126   1568     1.000           0.0       130.0       130.0      83.0      83.0
       52        699       0   0.049  0.188   9780     2.181           0.7       130.0       129.3      83.0      38.1
       52        917       0   0.040  0.123   1536     3.084           0.0       130.0       130.0      83.0      26.9
       52        813       0   0.032  0.090   1168     2.828           0.0       130.0       130.0      83.0      29.3
       52        764       1   0.020  0.267   4020     1.189          10.0       130.0       120.0      83.0      69.8
       52        706       0   0.020  0.488   7528     2.181          10.0       130.0       120.0      83.0      38.1
       52        793       0   0.017  0.141   1796     4.757           0.8       130.0       129.2      83.0      17.4
       52        845       0   0.011  0.093   1156     1.414           4.8       130.0       125.2      83.0      58.7
       52       1066       0   0.008  0.026    328     3.084           0.0       130.0       130.0      83.0      26.9
       52        717       0   0.008  0.231   2876     2.594          10.0       130.0       140.0      83.0      32.0
       52        808       0   0.005  0.230   2868     2.828          16.6       130.0       146.6      83.0      29.3
       52        701       0   0.005  0.143   4448     1.414          21.2       130.0       151.2      83.0      58.7
       52        792       0   0.004  0.068   1084     1.682          10.0       130.0       120.0      83.0      49.4
       52        800       0   0.003  0.154   2168     2.181          20.0       130.0       110.0      83.0      38.1
       52        720       0   0.002  0.072   1564     1.414          20.0       130.0       110.0      83.0      58.7
       52        822       0   0.002  0.085   1064     1.682          20.0       130.0       150.0      83.0      49.4
       52        704       0   0.002  0.055   2016     1.189          20.7       130.0       109.3      83.0      69.8
       52        835       0   0.002  0.077    980     1.189          30.0       130.0       160.0      83.0      69.8
       52        703       0   0.002  0.085   3772     1.682          25.3       130.0       104.7      83.0      49.4
       52        807       0   0.002  0.082   1036     1.542          30.0       130.0       100.0      83.0      53.8
       52        718       0   0.002  0.105   2092     2.000          30.0       130.0       100.0      83.0      41.5
       52        710       0   0.002  0.089   2480     1.834          30.0       130.0       100.0      83.0      45.3
       52        788       0   0.001  0.029    508     1.682          11.4       130.0       141.4      83.0      49.4
       52        762       0   0.001  0.035    680     1.189          20.0       130.0       150.0      90.5      76.1
       52        929       0   0.001  0.075    968     3.364          15.3       130.0       114.7      83.0      24.7
       52        738       0   0.001  0.142   2268     2.000          52.6       130.0        77.4      83.0      41.5
       52        737       0   0.001  0.119   2324     2.181          40.5       130.0        89.5      83.0      38.1
       52        719       0   0.001  0.099   2420     1.834          40.4       130.0        89.6      83.0      45.3
       52        753       0   0.001  0.045    680     1.834          20.0       130.0       110.0      83.0      45.3
       52        889       0   0.001  0.065    864     2.828          20.0       130.0       110.0      83.0      29.3
       52        754       0   0.001  0.050    696     4.362          10.0       130.0       120.0      83.0      19.0
       52        705       0   0.001  0.055   2864     1.091          50.0       130.0        80.0      83.0      90.5
       52        866       0   0.001  0.021    280     2.000          10.0       130.0       140.0      83.0      41.5
       52        806       0   0.001  0.040    500     4.000          10.0       130.0       120.0      83.0      20.7
       52        747       0   0.001  0.065   1092     3.364          20.5       130.0       150.5      83.0      24.7
       52        923       0   0.001  0.031    392     1.834          20.0       130.0       110.0      83.0      45.3
       52        795       0   0.001  0.030    384     4.000          10.0       130.0       140.0      83.0      20.7
       52       1007       0   0.001  0.067    844     3.364          30.0       130.0       100.0      83.0      24.7
       52        809       0   0.001  0.055    732     3.084          30.0       130.0       160.0      83.0      26.9
       52        821       0   0.001  0.024    304     1.091          40.0       130.0        90.0      90.5      83.0
       52        875       0   0.001  0.014    172     1.297          20.0       130.0       110.0      83.0      64.0
       52        734       0   0.000  0.080   1116     3.364          50.0       130.0        80.0      83.0      24.7
       52       1060       0   0.000  0.036    444     3.668          20.0       130.0       150.0      83.0      22.6
       52        700       0   0.000  0.039   1464     2.828          30.0       130.0       100.0      83.0      29.3
       52        757       0   0.000  0.044    884     1.834          60.0       130.0        70.0      83.0      45.3
       52        789       0   0.000  0.010    136     1.189          20.0       130.0       110.0     107.6      90.5
       52        731       0   0.000  0.011    296     1.000          30.0       130.0       100.0     117.4     117.4
       52        760       0   0.000  0.048    788     2.378          60.0       130.0        70.0      90.5      38.1
       52        777       0   0.000  0.019    308     1.542          40.0       130.0       170.0      83.0      53.8
       52        803       0   0.000  0.017    232     1.414          40.0       130.0        90.0     107.6      76.1
       52        945       0   0.000  0.060    760     4.000          51.6       130.0        78.4      83.0      20.7
       52        730       0   0.000  0.042    808     3.668          40.0       130.0        90.0      90.5      24.7
       52        949       0   0.000  0.046    628     3.364          60.0       130.0        70.0      83.0      24.7
       52        722       0   0.000  0.010    304     1.414          60.0       130.0        70.0     117.4      83.0
       52        819       0   0.000  0.007     88     6.169          10.0       130.0       140.0     107.6      17.4
       52        773       0   0.000  0.011    196     3.084          50.0       130.0         0.0     107.6      34.9
       52        715       0   0.000  0.017    312     5.657          66.6       130.0        63.4     107.6      19.0
       52        732       0   0.000  0.005     92     6.169          20.0       130.0       150.0     107.6      17.4
       52        756       0   0.000  0.002     32     6.727          10.0       130.0       120.0     107.6      16.0
       52       1069       0   0.000  0.003     40     2.594          40.0       130.0        90.0      83.0      32.0
       52        939       0   0.000  0.004     56     2.378          70.0       130.0        60.0     107.6      45.3
       52        708       0   0.000  0.001     24     1.414          50.0       130.0        80.0     107.6      76.1
       52        953       0   0.000  0.001     16     2.828          40.0       130.0       170.0      83.0      29.3
       52        702       0   0.000  0.000      0       nan           nan         nan         nan       nan       nan
       52        707       0   0.000  0.000      0       nan           nan         nan         nan       nan       nan
       52        709       0   0.000  0.000      0       nan           nan         nan         nan       nan       nan
       52        711       0   0.000  0.000      0       nan           nan         nan         nan       nan       nan
       52        712       0   0.000  0.000      0       nan           nan         nan         nan       nan       nan
       52        713       0   0.000  0.000      0       nan           nan         nan         nan       nan       nan
       52        714       0   0.000  0.000      0       nan           nan         nan         nan       nan       nan
       52        716       0   0.000  0.000      0       nan           nan         nan         nan       nan       nan
       52        721       0   0.000  0.000      0       nan           nan         nan         nan       nan       nan
       52        723       0   0.000  0.000      0       nan           nan         nan         nan       nan       nan
       52        724       0   0.000  0.000      0       nan           nan         nan         nan       nan       nan
       52        725       0   0.000  0.000      0       nan           nan         nan         nan       nan       nan
       52        726       0   0.000  0.000      0       nan           nan         nan         nan       nan       nan
       52        727       0   0.000  0.000      0       nan           nan         nan         nan       nan       nan
       52        728       0   0.000  0.000      0       nan           nan         nan         nan       nan       nan
       52        729       0   0.000  0.000      0       nan           nan         nan         nan       nan       nan
       52        733       0   0.000  0.000      0       nan           nan         nan         nan       nan       nan
       52        735       0   0.000  0.000      0       nan           nan         nan         nan       nan       nan
       52        736       0   0.000  0.000      0       nan           nan         nan         nan       nan       nan
       52        739       0   0.000  0.000      0       nan           nan         nan         nan       nan       nan
       52        740       0   0.000  0.000      0       nan           nan         nan         nan       nan       nan
       52        741       0   0.000  0.000      0       nan           nan         nan         nan       nan       nan
       52        742       0   0.000  0.000      0       nan           nan         nan         nan       nan       nan
       52        743       0   0.000  0.000      0       nan           nan         nan         nan       nan       nan
       52        744       0   0.000  0.000      0       nan           nan         nan         nan       nan       nan
       52        745       0   0.000  0.000      0       nan           nan         nan         nan       nan       nan
       52        746       0   0.000  0.000      0       nan           nan         nan         nan       nan       nan
       52        748       0   0.000  0.000      0       nan           nan         nan         nan       nan       nan
       52        749       0   0.000  0.000      0       nan           nan         nan         nan       nan       nan
       52        750       0   0.000  0.000      0       nan           nan         nan         nan       nan       nan
       52        751       0   0.000  0.000      0       nan           nan         nan         nan       nan       nan
       52        752       0   0.000  0.000      0       nan           nan         nan         nan       nan       nan
       52        755       0   0.000  0.000      0       nan           nan         nan         nan       nan       nan
       52        758       0   0.000  0.000      0       nan           nan         nan         nan       nan       nan
       52        759       0   0.000  0.000      0       nan           nan         nan         nan       nan       nan
       52        761       0   0.000  0.000      0       nan           nan         nan         nan       nan       nan
       52        763       0   0.000  0.000      0       nan           nan         nan         nan       nan       nan
       52        765       0   0.000  0.000      0       nan           nan         nan         nan       nan       nan
       52        766       0   0.000  0.000      0       nan           nan         nan         nan       nan       nan
       52        767       0   0.000  0.000      0       nan           nan         nan         nan       nan       nan
       52        768       0   0.000  0.000      0       nan           nan         nan         nan       nan       nan
       52        769       0   0.000  0.000      0       nan           nan         nan         nan       nan       nan
       52        770       0   0.000  0.000      0       nan           nan         nan         nan       nan       nan
       52        771       0   0.000  0.000      0       nan           nan         nan         nan       nan       nan
       52        772       0   0.000  0.000      0       nan           nan         nan         nan       nan       nan
       52        774       0   0.000  0.000      0       nan           nan         nan         nan       nan       nan
       52        775       0   0.000  0.000      0       nan           nan         nan         nan       nan       nan
       52        776       0   0.000  0.000      0       nan           nan         nan         nan       nan       nan
       52        778       0   0.000  0.000      0       nan           nan         nan         nan       nan       nan
       52        779       0   0.000  0.000      0       nan           nan         nan         nan       nan       nan
       52        780       0   0.000  0.000      0       nan           nan         nan         nan       nan       nan
       52        781       0   0.000  0.000      0       nan           nan         nan         nan       nan       nan
       52        782       0   0.000  0.000      0       nan           nan         nan         nan       nan       nan
       52        783       0   0.000  0.000      0       nan           nan         nan         nan       nan       nan
       52        784       0   0.000  0.000      0       nan           nan         nan         nan       nan       nan
       52        785       0   0.000  0.000      0       nan           nan         nan         nan       nan       nan
       52        786       0   0.000  0.000      0       nan           nan         nan         nan       nan       nan
       52        787       0   0.000  0.000      0       nan           nan         nan         nan       nan       nan
       52        790       0   0.000  0.000      0       nan           nan         nan         nan       nan       nan
       52        791       0   0.000  0.000      0       nan           nan         nan         nan       nan       nan
       52        794       0   0.000  0.000      0       nan           nan         nan         nan       nan       nan
       52        796       0   0.000  0.000      0       nan           nan         nan         nan       nan       nan
       52        797       0   0.000  0.000      0       nan           nan         nan         nan       nan       nan
       52        798       0   0.000  0.000      0       nan           nan         nan         nan       nan       nan
       52        799       0   0.000  0.000      0       nan           nan         nan         nan       nan       nan
       52        801       0   0.000  0.000      0       nan           nan         nan         nan       nan       nan
       52        802       0   0.000  0.000      0       nan           nan         nan         nan       nan       nan
       52        804       0   0.000  0.000      0       nan           nan         nan         nan       nan       nan
       52        805       0   0.000  0.000      0       nan           nan         nan         nan       nan       nan
       52        810       0   0.000  0.000      0       nan           nan         nan         nan       nan       nan
       52        811       0   0.000  0.000      0       nan           nan         nan         nan       nan       nan
       52        812       0   0.000  0.000      0       nan           nan         nan         nan       nan       nan
       52        814       0   0.000  0.000      0       nan           nan         nan         nan       nan       nan
       52        816       0   0.000  0.000      0       nan           nan         nan         nan       nan       nan
       52        817       0   0.000  0.000      0       nan           nan         nan         nan       nan       nan
       52        818       0   0.000  0.000      0       nan           nan         nan         nan       nan       nan
       52        820       0   0.000  0.000      0       nan           nan         nan         nan       nan       nan
       52        823       0   0.000  0.000      0       nan           nan         nan         nan       nan       nan
       52        824       0   0.000  0.000      0       nan           nan         nan         nan       nan       nan
       52        825       0   0.000  0.000      0       nan           nan         nan         nan       nan       nan
       52        826       0   0.000  0.000      0       nan           nan         nan         nan       nan       nan
       52        827       0   0.000  0.000      0       nan           nan         nan         nan       nan       nan
       52        828       0   0.000  0.000      0       nan           nan         nan         nan       nan       nan
       52        829       0   0.000  0.000      0       nan           nan         nan         nan       nan       nan
       52        830       0   0.000  0.000      0       nan           nan         nan         nan       nan       nan
       52        831       0   0.000  0.000      0       nan           nan         nan         nan       nan       nan
       52        832       0   0.000  0.000      0       nan           nan         nan         nan       nan       nan
       52        833       0   0.000  0.000      0       nan           nan         nan         nan       nan       nan
       52        834       0   0.000  0.000      0       nan           nan         nan         nan       nan       nan
       52        836       0   0.000  0.000      0       nan           nan         nan         nan       nan       nan
       52        837       0   0.000  0.000      0       nan           nan         nan         nan       nan       nan
       52        838       0   0.000  0.000      0       nan           nan         nan         nan       nan       nan
       52        839       0   0.000  0.000      0       nan           nan         nan         nan       nan       nan
       52        840       0   0.000  0.000      0       nan           nan         nan         nan       nan       nan
       52        841       0   0.000  0.000      0       nan           nan         nan         nan       nan       nan
       52        842       0   0.000  0.000      0       nan           nan         nan         nan       nan       nan
       52        843       0   0.000  0.000      0       nan           nan         nan         nan       nan       nan
       52        844       0   0.000  0.000      0       nan           nan         nan         nan       nan       nan
       52        846       0   0.000  0.000      0       nan           nan         nan         nan       nan       nan
       52        847       0   0.000  0.000      0       nan           nan         nan         nan       nan       nan
       52        848       0   0.000  0.000      0       nan           nan         nan         nan       nan       nan
       52        849       0   0.000  0.000      0       nan           nan         nan         nan       nan       nan
       52        850       0   0.000  0.000      0       nan           nan         nan         nan       nan       nan
       52        851       0   0.000  0.000      0       nan           nan         nan         nan       nan       nan
       52        852       0   0.000  0.000      0       nan           nan         nan         nan       nan       nan
       52        853       0   0.000  0.000      0       nan           nan         nan         nan       nan       nan
       52        854       0   0.000  0.000      0       nan           nan         nan         nan       nan       nan
       52        855       0   0.000  0.000      0       nan           nan         nan         nan       nan       nan
       52        856       0   0.000  0.000      0       nan           nan         nan         nan       nan       nan
       52        857       0   0.000  0.000      0       nan           nan         nan         nan       nan       nan
       52        858       0   0.000  0.000      0       nan           nan         nan         nan       nan       nan
       52        859       0   0.000  0.000      0       nan           nan         nan         nan       nan       nan
       52        860       0   0.000  0.000      0       nan           nan         nan         nan       nan       nan
       52        861       0   0.000  0.000      0       nan           nan         nan         nan       nan       nan
       52        862       0   0.000  0.000      0       nan           nan         nan         nan       nan       nan
       52        863       0   0.000  0.000      0       nan           nan         nan         nan       nan       nan
       52        864       0   0.000  0.000      0       nan           nan         nan         nan       nan       nan
       52        865       0   0.000  0.000      0       nan           nan         nan         nan       nan       nan
       52        867       0   0.000  0.000      0       nan           nan         nan         nan       nan       nan
       52        868       0   0.000  0.000      0       nan           nan         nan         nan       nan       nan
       52        869       0   0.000  0.000      0       nan           nan         nan         nan       nan       nan
       52        870       0   0.000  0.000      0       nan           nan         nan         nan       nan       nan
       52        871       0   0.000  0.000      0       nan           nan         nan         nan       nan       nan
       52        872       0   0.000  0.000      0       nan           nan         nan         nan       nan       nan
       52        873       0   0.000  0.000      0       nan           nan         nan         nan       nan       nan
       52        874       0   0.000  0.000      0       nan           nan         nan         nan       nan       nan
       52        876       0   0.000  0.000      0       nan           nan         nan         nan       nan       nan
       52        877       0   0.000  0.000      0       nan           nan         nan         nan       nan       nan
       52        878       0   0.000  0.000      0       nan           nan         nan         nan       nan       nan
       52        879       0   0.000  0.000      0       nan           nan         nan         nan       nan       nan
       52        880       0   0.000  0.000      0       nan           nan         nan         nan       nan       nan
       52        881       0   0.000  0.000      0       nan           nan         nan         nan       nan       nan
       52        882       0   0.000  0.000      0       nan           nan         nan         nan       nan       nan
       52        883       0   0.000  0.000      0       nan           nan         nan         nan       nan       nan
       52        884       0   0.000  0.000      0       nan           nan         nan         nan       nan       nan
       52        885       0   0.000  0.000      0       nan           nan         nan         nan       nan       nan
       52        886       0   0.000  0.000      0       nan           nan         nan         nan       nan       nan
       52        887       0   0.000  0.000      0       nan           nan         nan         nan       nan       nan
       52        888       0   0.000  0.000      0       nan           nan         nan         nan       nan       nan
       52        890       0   0.000  0.000      0       nan           nan         nan         nan       nan       nan
       52        891       0   0.000  0.000      0       nan           nan         nan         nan       nan       nan
       52        892       0   0.000  0.000      0       nan           nan         nan         nan       nan       nan
       52        893       0   0.000  0.000      0       nan           nan         nan         nan       nan       nan
       52        894       0   0.000  0.000      0       nan           nan         nan         nan       nan       nan
       52        895       0   0.000  0.000      0       nan           nan         nan         nan       nan       nan
       52        896       0   0.000  0.000      0       nan           nan         nan         nan       nan       nan
       52        897       0   0.000  0.000      0       nan           nan         nan         nan       nan       nan
       52        898       0   0.000  0.000      0       nan           nan         nan         nan       nan       nan
       52        899       0   0.000  0.000      0       nan           nan         nan         nan       nan       nan
       52        900       0   0.000  0.000      0       nan           nan         nan         nan       nan       nan
       52        901       0   0.000  0.000      0       nan           nan         nan         nan       nan       nan
       52        902       0   0.000  0.000      0       nan           nan         nan         nan       nan       nan
       52        903       0   0.000  0.000      0       nan           nan         nan         nan       nan       nan
       52        904       0   0.000  0.000      0       nan           nan         nan         nan       nan       nan
       52        905       0   0.000  0.000      0       nan           nan         nan         nan       nan       nan
       52        906       0   0.000  0.000      0       nan           nan         nan         nan       nan       nan
       52        907       0   0.000  0.000      0       nan           nan         nan         nan       nan       nan
       52        908       0   0.000  0.000      0       nan           nan         nan         nan       nan       nan
       52        909       0   0.000  0.000      0       nan           nan         nan         nan       nan       nan
       52        910       0   0.000  0.000      0       nan           nan         nan         nan       nan       nan
       52        911       0   0.000  0.000      0       nan           nan         nan         nan       nan       nan
       52        912       0   0.000  0.000      0       nan           nan         nan         nan       nan       nan
       52        913       0   0.000  0.000      0       nan           nan         nan         nan       nan       nan
       52        914       0   0.000  0.000      0       nan           nan         nan         nan       nan       nan
       52        915       0   0.000  0.000      0       nan           nan         nan         nan       nan       nan
       52        916       0   0.000  0.000      0       nan           nan         nan         nan       nan       nan
       52        918       0   0.000  0.000      0       nan           nan         nan         nan       nan       nan
       52        919       0   0.000  0.000      0       nan           nan         nan         nan       nan       nan
       52        920       0   0.000  0.000      0       nan           nan         nan         nan       nan       nan
       52        921       0   0.000  0.000      0       nan           nan         nan         nan       nan       nan
       52        922       0   0.000  0.000      0       nan           nan         nan         nan       nan       nan
       52        924       0   0.000  0.000      0       nan           nan         nan         nan       nan       nan
       52        925       0   0.000  0.000      0       nan           nan         nan         nan       nan       nan
       52        926       0   0.000  0.000      0       nan           nan         nan         nan       nan       nan
       52        927       0   0.000  0.000      0       nan           nan         nan         nan       nan       nan
       52        928       0   0.000  0.000      0       nan           nan         nan         nan       nan       nan
       52        930       0   0.000  0.000      0       nan           nan         nan         nan       nan       nan
       52        931       0   0.000  0.000      0       nan           nan         nan         nan       nan       nan
       52        932       0   0.000  0.000      0       nan           nan         nan         nan       nan       nan
       52        933       0   0.000  0.000      0       nan           nan         nan         nan       nan       nan
       52        934       0   0.000  0.000      0       nan           nan         nan         nan       nan       nan
       52        935       0   0.000  0.000      0       nan           nan         nan         nan       nan       nan
       52        936       0   0.000  0.000      0       nan           nan         nan         nan       nan       nan
       52        937       0   0.000  0.000      0       nan           nan         nan         nan       nan       nan
       52        938       0   0.000  0.000      0       nan           nan         nan         nan       nan       nan
       52        940       0   0.000  0.000      0       nan           nan         nan         nan       nan       nan
       52        941       0   0.000  0.000      0       nan           nan         nan         nan       nan       nan
       52        942       0   0.000  0.000      0       nan           nan         nan         nan       nan       nan
       52        943       0   0.000  0.000      0       nan           nan         nan         nan       nan       nan
       52        944       0   0.000  0.000      0       nan           nan         nan         nan       nan       nan
       52        946       0   0.000  0.000      0       nan           nan         nan         nan       nan       nan
       52        947       0   0.000  0.000      0       nan           nan         nan         nan       nan       nan
       52        948       0   0.000  0.000      0       nan           nan         nan         nan       nan       nan
       52        950       0   0.000  0.000      0       nan           nan         nan         nan       nan       nan
       52        951       0   0.000  0.000      0       nan           nan         nan         nan       nan       nan
       52        952       0   0.000  0.000      0       nan           nan         nan         nan       nan       nan
       52        954       0   0.000  0.000      0       nan           nan         nan         nan       nan       nan
       52        955       0   0.000  0.000      0       nan           nan         nan         nan       nan       nan
       52        956       0   0.000  0.000      0       nan           nan         nan         nan       nan       nan
       52        957       0   0.000  0.000      0       nan           nan         nan         nan       nan       nan
       52        958       0   0.000  0.000      0       nan           nan         nan         nan       nan       nan
       52        959       0   0.000  0.000      0       nan           nan         nan         nan       nan       nan
       52        960       0   0.000  0.000      0       nan           nan         nan         nan       nan       nan
       52        961       0   0.000  0.000      0       nan           nan         nan         nan       nan       nan
       52        962       0   0.000  0.000      0       nan           nan         nan         nan       nan       nan
       52        963       0   0.000  0.000      0       nan           nan         nan         nan       nan       nan
       52        964       0   0.000  0.000      0       nan           nan         nan         nan       nan       nan
       52        965       0   0.000  0.000      0       nan           nan         nan         nan       nan       nan
       52        966       0   0.000  0.000      0       nan           nan         nan         nan       nan       nan
       52        967       0   0.000  0.000      0       nan           nan         nan         nan       nan       nan
       52        968       0   0.000  0.000      0       nan           nan         nan         nan       nan       nan
       52        969       0   0.000  0.000      0       nan           nan         nan         nan       nan       nan
       52        970       0   0.000  0.000      0       nan           nan         nan         nan       nan       nan
       52        971       0   0.000  0.000      0       nan           nan         nan         nan       nan       nan
       52        972       0   0.000  0.000      0       nan           nan         nan         nan       nan       nan
       52        973       0   0.000  0.000      0       nan           nan         nan         nan       nan       nan
       52        974       0   0.000  0.000      0       nan           nan         nan         nan       nan       nan
       52        975       0   0.000  0.000      0       nan           nan         nan         nan       nan       nan
       52        976       0   0.000  0.000      0       nan           nan         nan         nan       nan       nan
       52        977       0   0.000  0.000      0       nan           nan         nan         nan       nan       nan
       52        978       0   0.000  0.000      0       nan           nan         nan         nan       nan       nan
       52        979       0   0.000  0.000      0       nan           nan         nan         nan       nan       nan
       52        980       0   0.000  0.000      0       nan           nan         nan         nan       nan       nan
       52        981       0   0.000  0.000      0       nan           nan         nan         nan       nan       nan
       52        982       0   0.000  0.000      0       nan           nan         nan         nan       nan       nan
       52        983       0   0.000  0.000      0       nan           nan         nan         nan       nan       nan
       52        984       0   0.000  0.000      0       nan           nan         nan         nan       nan       nan
       52        985       0   0.000  0.000      0       nan           nan         nan         nan       nan       nan
       52        986       0   0.000  0.000      0       nan           nan         nan         nan       nan       nan
       52        987       0   0.000  0.000      0       nan           nan         nan         nan       nan       nan
       52        988       0   0.000  0.000      0       nan           nan         nan         nan       nan       nan
       52        989       0   0.000  0.000      0       nan           nan         nan         nan       nan       nan
       52        990       0   0.000  0.000      0       nan           nan         nan         nan       nan       nan
       52        991       0   0.000  0.000      0       nan           nan         nan         nan       nan       nan
       52        992       0   0.000  0.000      0       nan           nan         nan         nan       nan       nan
       52        993       0   0.000  0.000      0       nan           nan         nan         nan       nan       nan
       52        994       0   0.000  0.000      0       nan           nan         nan         nan       nan       nan
       52        995       0   0.000  0.000      0       nan           nan         nan         nan       nan       nan
       52        996       0   0.000  0.000      0       nan           nan         nan         nan       nan       nan
       52        997       0   0.000  0.000      0       nan           nan         nan         nan       nan       nan
       52        998       0   0.000  0.000      0       nan           nan         nan         nan       nan       nan
       52        999       0   0.000  0.000      0       nan           nan         nan         nan       nan       nan
       52       1000       0   0.000  0.000      0       nan           nan         nan         nan       nan       nan
       52       1001       0   0.000  0.000      0       nan           nan         nan         nan       nan       nan
       52       1002       0   0.000  0.000      0       nan           nan         nan         nan       nan       nan
       52       1003       0   0.000  0.000      0       nan           nan         nan         nan       nan       nan
       52       1004       0   0.000  0.000      0       nan           nan         nan         nan       nan       nan
       52       1005       0   0.000  0.000      0       nan           nan         nan         nan       nan       nan
       52       1006       0   0.000  0.000      0       nan           nan         nan         nan       nan       nan
       52       1008       0   0.000  0.000      0       nan           nan         nan         nan       nan       nan
       52       1009       0   0.000  0.000      0       nan           nan         nan         nan       nan       nan
       52       1010       0   0.000  0.000      0       nan           nan         nan         nan       nan       nan
       52       1011       0   0.000  0.000      0       nan           nan         nan         nan       nan       nan
       52       1012       0   0.000  0.000      0       nan           nan         nan         nan       nan       nan
       52       1013       0   0.000  0.000      0       nan           nan         nan         nan       nan       nan
       52       1014       0   0.000  0.000      0       nan           nan         nan         nan       nan       nan
       52       1015       0   0.000  0.000      0       nan           nan         nan         nan       nan       nan
       52       1016       0   0.000  0.000      0       nan           nan         nan         nan       nan       nan
       52       1017       0   0.000  0.000      0       nan           nan         nan         nan       nan       nan
       52       1018       0   0.000  0.000      0       nan           nan         nan         nan       nan       nan
       52       1019       0   0.000  0.000      0       nan           nan         nan         nan       nan       nan
       52       1020       0   0.000  0.000      0       nan           nan         nan         nan       nan       nan
       52       1021       0   0.000  0.000      0       nan           nan         nan         nan       nan       nan
       52       1022       0   0.000  0.000      0       nan           nan         nan         nan       nan       nan
       52       1023       0   0.000  0.000      0       nan           nan         nan         nan       nan       nan
       52       1024       0   0.000  0.000      0       nan           nan         nan         nan       nan       nan
       52       1025       0   0.000  0.000      0       nan           nan         nan         nan       nan       nan
       52       1026       0   0.000  0.000      0       nan           nan         nan         nan       nan       nan
       52       1027       0   0.000  0.000      0       nan           nan         nan         nan       nan       nan
       52       1028       0   0.000  0.000      0       nan           nan         nan         nan       nan       nan
       52       1029       0   0.000  0.000      0       nan           nan         nan         nan       nan       nan
       52       1030       0   0.000  0.000      0       nan           nan         nan         nan       nan       nan
       52       1031       0   0.000  0.000      0       nan           nan         nan         nan       nan       nan
       52       1032       0   0.000  0.000      0       nan           nan         nan         nan       nan       nan
       52       1033       0   0.000  0.000      0       nan           nan         nan         nan       nan       nan
       52       1034       0   0.000  0.000      0       nan           nan         nan         nan       nan       nan
       52       1035       0   0.000  0.000      0       nan           nan         nan         nan       nan       nan
       52       1036       0   0.000  0.000      0       nan           nan         nan         nan       nan       nan
       52       1037       0   0.000  0.000      0       nan           nan         nan         nan       nan       nan
       52       1038       0   0.000  0.000      0       nan           nan         nan         nan       nan       nan
       52       1039       0   0.000  0.000      0       nan           nan         nan         nan       nan       nan
       52       1040       0   0.000  0.000      0       nan           nan         nan         nan       nan       nan
       52       1041       0   0.000  0.000      0       nan           nan         nan         nan       nan       nan
       52       1042       0   0.000  0.000      0       nan           nan         nan         nan       nan       nan
       52       1043       0   0.000  0.000      0       nan           nan         nan         nan       nan       nan
       52       1044       0   0.000  0.000      0       nan           nan         nan         nan       nan       nan
       52       1045       0   0.000  0.000      0       nan           nan         nan         nan       nan       nan
       52       1046       0   0.000  0.000      0       nan           nan         nan         nan       nan       nan
       52       1047       0   0.000  0.000      0       nan           nan         nan         nan       nan       nan
       52       1048       0   0.000  0.000      0       nan           nan         nan         nan       nan       nan
       52       1049       0   0.000  0.000      0       nan           nan         nan         nan       nan       nan
       52       1050       0   0.000  0.000      0       nan           nan         nan         nan       nan       nan
       52       1051       0   0.000  0.000      0       nan           nan         nan         nan       nan       nan
       52       1052       0   0.000  0.000      0       nan           nan         nan         nan       nan       nan
       52       1053       0   0.000  0.000      0       nan           nan         nan         nan       nan       nan
       52       1054       0   0.000  0.000      0       nan           nan         nan         nan       nan       nan
       52       1055       0   0.000  0.000      0       nan           nan         nan         nan       nan       nan
       52       1056       0   0.000  0.000      0       nan           nan         nan         nan       nan       nan
       52       1057       0   0.000  0.000      0       nan           nan         nan         nan       nan       nan
       52       1058       0   0.000  0.000      0       nan           nan         nan         nan       nan       nan
       52       1059       0   0.000  0.000      0       nan           nan         nan         nan       nan       nan
       52       1061       0   0.000  0.000      0       nan           nan         nan         nan       nan       nan
       52       1062       0   0.000  0.000      0       nan           nan         nan         nan       nan       nan
       52       1063       0   0.000  0.000      0       nan           nan         nan         nan       nan       nan
       52       1064       0   0.000  0.000      0       nan           nan         nan         nan       nan       nan
       52       1065       0   0.000  0.000      0       nan           nan         nan         nan       nan       nan
       52       1067       0   0.000  0.000      0       nan           nan         nan         nan       nan       nan
       52       1068       0   0.000  0.000      0       nan           nan         nan         nan       nan       nan
       52       1070       0   0.000  0.000      0       nan           nan         nan         nan       nan       nan
       52       1071       0   0.000  0.000      0       nan           nan         nan         nan       nan       nan
       52       1072       0   0.000  0.000      0       nan           nan         nan         nan       nan       nan
       52       1073       0   0.000  0.000      0       nan           nan         nan         nan       nan       nan
       52       1074       0   0.000  0.000      0       nan           nan         nan         nan       nan       nan
       52       1075       0   0.000  0.000      0       nan           nan         nan         nan       nan       nan
       52       1076       0   0.000  0.000      0       nan           nan         nan         nan       nan       nan
       52       1077       0   0.000  0.000      0       nan           nan         nan         nan       nan       nan
       52       1078       0   0.000  0.000      0       nan           nan         nan         nan       nan       nan
       52       1079       0   0.000  0.000      0       nan           nan         nan         nan       nan       nan
       52       1080       0   0.000  0.000      0       nan           nan         nan         nan       nan       nan
       52       1081       0   0.000  0.000      0       nan           nan         nan         nan       nan       nan
       52       1082       0   0.000  0.000      0       nan           nan         nan         nan       nan       nan
       52       1083       0   0.000  0.000      0       nan           nan         nan         nan       nan       nan
       52       1084       0   0.000  0.000      0       nan           nan         nan         nan       nan       nan
       52       1085       0   0.000  0.000      0       nan           nan         nan         nan       nan       nan
       52       1086       0   0.000  0.000      0       nan           nan         nan         nan       nan       nan
       52       1087       0   0.000  0.000      0       nan           nan         nan         nan       nan       nan
       52       1088       0   0.000  0.000      0       nan           nan         nan         nan       nan       nan
       52       1089       0   0.000  0.000      0       nan           nan         nan         nan       nan       nan
       52       1090       0   0.000  0.000      0       nan           nan         nan         nan       nan       nan
       52       1091       0   0.000  0.000      0       nan           nan         nan         nan       nan       nan
       52       1092       0   0.000  0.000      0       nan           nan         nan         nan       nan       nan
       52       1093       0   0.000  0.000      0       nan           nan         nan         nan       nan       nan
       52       1094       0   0.000  0.000      0       nan           nan         nan         nan       nan       nan
       53        811       1   0.098  0.122    980     1.189           0.0        90.0        90.0      53.8      64.0
       53        724       1   0.088  0.416   6700     1.091           3.3        89.9        86.6      49.4      53.8
       53        725       0   0.062  0.630   7972     1.542           5.6        93.0        87.4      53.8      83.0
       53        733       0   0.033  0.539   6152     2.181           6.5        96.5        90.0      53.8     117.4
       53        705       0   0.023  0.178   7600     1.682           3.7        92.1        88.5      53.8      90.5
       53        709       0   0.019  0.167   3268     2.594           2.4        87.3        89.7      49.4      19.0
       53        825       0   0.016  0.107   1204     1.834           2.6        87.4        90.0      49.4      26.9
       53        876       0   0.013  0.172   1384     1.542           7.8        97.8        90.0      64.0      41.5
       53        791       1   0.010  0.155   1252     1.000          14.4        85.6       100.0      49.4      49.4
       53        766       0   0.010  0.297   2392     2.000          13.8        86.2       100.0      49.4      98.7
       53        802       1   0.009  0.141   1440     1.091          13.8       100.8        87.0      64.0      69.8
       53        999       0   0.007  0.008     68     1.297           0.0        90.0        90.0      53.8      41.5
       53        922       0   0.005  0.089    784     1.834           8.7        80.0        71.3      45.3      24.7
       53        797       0   0.004  0.212   1828     1.414          34.1        94.1        60.0      49.4      69.8
       53        860       0   0.004  0.144   1208     1.297          30.0        80.0       110.0      45.3      34.9
       53        882       0   0.003  0.066    568     1.000          18.2        88.2        70.0      45.3      45.3
       53        786       0   0.003  0.195   2144     1.297          47.1       102.4        55.2      64.0      49.4
       53        853       0   0.002  0.128   1028     1.682          29.9        80.1       110.0      45.3      26.9
       53       1064       0   0.002  0.062    496     2.594          10.0        80.0        90.0      45.3      17.4
       53        912       0   0.002  0.023    184     1.000          10.0        80.0        70.0      45.3      45.3
       53        817       0   0.002  0.021    204     1.000          10.0       100.0        90.0      64.0      64.0
       53        771       0   0.002  0.045    500     1.297          20.0        80.0       100.0      49.4      64.0
       53        916       0   0.001  0.125   1084     2.594          32.0        88.0       120.0      45.3      17.4
       53       1039       0   0.001  0.024    192     1.682          10.0        80.0        90.0      45.3      26.9
       53        977       0   0.001  0.023    188     1.682          10.0        80.0        70.0      45.3      26.9
       53        932       0   0.001  0.074    592     1.414          50.0        80.0       130.0      45.3      32.0
       53        745       0   0.001  0.081    812     2.828          30.0        80.0       110.0      45.3      16.0
       53        981       0   0.001  0.003     24     3.084           0.0       110.0       110.0      64.0      20.7
       53        856       0   0.001  0.080    648     2.000          50.0        80.0       130.0      45.3      22.6
       53        961       0   0.001  0.033    276     1.414          28.9        98.9        70.0      53.8      38.1
       53        707       0   0.001  0.082   2376     2.378          45.0        90.2        45.2      49.4     117.4
       53        839       0   0.001  0.019    156     1.297          20.0        80.0       100.0      53.8      69.8
       53        781       0   0.001  0.043    448     1.682          36.1        80.0        43.9      45.3      26.9
       53       1034       0   0.001  0.076    648     1.834          60.0        80.0       140.0      45.3      24.7
       53        858       0   0.001  0.040    392     1.542          40.0        80.0        40.0      45.3      29.3
       53        759       0   0.001  0.036    428     1.414          40.5       100.5        60.0      58.7      83.0
       53        990       0   0.001  0.037    300     2.000          30.0        80.0       110.0      45.3      22.6
       53       1014       0   0.000  0.059    472     2.828          44.7        80.0       124.7      45.3      16.0
       53       1085       0   0.000  0.017    144     3.364          10.0       110.0       120.0      64.0      19.0
       53        699       0   0.000  0.027   1528     2.181          27.4        80.3       107.8      45.3      20.7
       53        936       0   0.000  0.024    196     1.414          40.0        80.0        40.0      53.8      38.1
       53        893       0   0.000  0.050    436     3.668          38.2       106.0        67.7      64.0      17.4
       53        970       0   0.000  0.008     76     3.084          10.0       110.0       120.0      64.0      20.7
       53        859       0   0.000  0.018    160     1.682          50.0       110.0        60.0      64.0      38.1
       53        700       0   0.000  0.005    156     1.542          20.0        80.0       100.0      45.3      29.3
       53        997       0   0.000  0.005     44     1.297          40.0        80.0        40.0      53.8      41.5
       53        969       0   0.000  0.009     76     1.682          54.7        80.0       134.7      45.3      26.9
       53       1054       0   0.000  0.003     28     1.682          40.0       110.0        70.0      58.7      34.9
       53       1041       0   0.000  0.006     52     2.000          60.0       110.0        50.0      64.0      32.0
       53       1080       0   0.000  0.004     36     1.682          50.0        80.0        30.0      45.3      26.9
       53        702       0   0.000  0.006     80     2.378          58.5        80.0       138.5      45.3      19.0
       53        703       0   0.000  0.001     28     1.091          30.0        80.0       110.0      53.8      58.7
       53       1004       0   0.000  0.001     12     2.828          30.0        80.0       110.0      49.4      17.4
       53        701       0   0.000  0.000      0       nan           nan         nan         nan       nan       nan
       53        704       0   0.000  0.000      0       nan           nan         nan         nan       nan       nan
       53        706       0   0.000  0.000      0       nan           nan         nan         nan       nan       nan
       53        708       0   0.000  0.000      0       nan           nan         nan         nan       nan       nan
       53        710       0   0.000  0.000      0       nan           nan         nan         nan       nan       nan
       53        711       0   0.000  0.000      0       nan           nan         nan         nan       nan       nan
       53        712       0   0.000  0.000      0       nan           nan         nan         nan       nan       nan
       53        713       0   0.000  0.000      0       nan           nan         nan         nan       nan       nan
       53        714       0   0.000  0.000      0       nan           nan         nan         nan       nan       nan
       53        715       0   0.000  0.000      0       nan           nan         nan         nan       nan       nan
       53        716       0   0.000  0.000      0       nan           nan         nan         nan       nan       nan
       53        717       0   0.000  0.000      0       nan           nan         nan         nan       nan       nan
       53        718       0   0.000  0.000      0       nan           nan         nan         nan       nan       nan
       53        719       0   0.000  0.000      0       nan           nan         nan         nan       nan       nan
       53        720       0   0.000  0.000      0       nan           nan         nan         nan       nan       nan
       53        721       0   0.000  0.000      0       nan           nan         nan         nan       nan       nan
       53        722       0   0.000  0.000      0       nan           nan         nan         nan       nan       nan
       53        723       0   0.000  0.000      0       nan           nan         nan         nan       nan       nan
       53        726       0   0.000  0.000      0       nan           nan         nan         nan       nan       nan
       53        727       0   0.000  0.000      0       nan           nan         nan         nan       nan       nan
       53        728       0   0.000  0.000      0       nan           nan         nan         nan       nan       nan
       53        729       0   0.000  0.000      0       nan           nan         nan         nan       nan       nan
       53        730       0   0.000  0.000      0       nan           nan         nan         nan       nan       nan
       53        731       0   0.000  0.000      0       nan           nan         nan         nan       nan       nan
       53        732       0   0.000  0.000      0       nan           nan         nan         nan       nan       nan
       53        734       0   0.000  0.000      0       nan           nan         nan         nan       nan       nan
       53        735       0   0.000  0.000      0       nan           nan         nan         nan       nan       nan
       53        736       0   0.000  0.000      0       nan           nan         nan         nan       nan       nan
       53        737       0   0.000  0.000      0       nan           nan         nan         nan       nan       nan
       53        738       0   0.000  0.000      0       nan           nan         nan         nan       nan       nan
       53        739       0   0.000  0.000      0       nan           nan         nan         nan       nan       nan
       53        740       0   0.000  0.000      0       nan           nan         nan         nan       nan       nan
       53        741       0   0.000  0.000      0       nan           nan         nan         nan       nan       nan
       53        742       0   0.000  0.000      0       nan           nan         nan         nan       nan       nan
       53        743       0   0.000  0.000      0       nan           nan         nan         nan       nan       nan
       53        744       0   0.000  0.000      0       nan           nan         nan         nan       nan       nan
       53        746       0   0.000  0.000      0       nan           nan         nan         nan       nan       nan
       53        747       0   0.000  0.000      0       nan           nan         nan         nan       nan       nan
       53        748       0   0.000  0.000      0       nan           nan         nan         nan       nan       nan
       53        749       0   0.000  0.000      0       nan           nan         nan         nan       nan       nan
       53        750       0   0.000  0.000      0       nan           nan         nan         nan       nan       nan
       53        751       0   0.000  0.000      0       nan           nan         nan         nan       nan       nan
       53        752       0   0.000  0.000      0       nan           nan         nan         nan       nan       nan
       53        753       0   0.000  0.000      0       nan           nan         nan         nan       nan       nan
       53        754       0   0.000  0.000      0       nan           nan         nan         nan       nan       nan
       53        755       0   0.000  0.000      0       nan           nan         nan         nan       nan       nan
       53        756       0   0.000  0.000      0       nan           nan         nan         nan       nan       nan
       53        757       0   0.000  0.000      0       nan           nan         nan         nan       nan       nan
       53        758       0   0.000  0.000      0       nan           nan         nan         nan       nan       nan
       53        760       0   0.000  0.000      0       nan           nan         nan         nan       nan       nan
       53        761       0   0.000  0.000      0       nan           nan         nan         nan       nan       nan
       53        762       0   0.000  0.000      0       nan           nan         nan         nan       nan       nan
       53        763       0   0.000  0.000      0       nan           nan         nan         nan       nan       nan
       53        764       0   0.000  0.000      0       nan           nan         nan         nan       nan       nan
       53        765       0   0.000  0.000      0       nan           nan         nan         nan       nan       nan
       53        767       0   0.000  0.000      0       nan           nan         nan         nan       nan       nan
       53        768       0   0.000  0.000      0       nan           nan         nan         nan       nan       nan
       53        769       0   0.000  0.000      0       nan           nan         nan         nan       nan       nan
       53        770       0   0.000  0.000      0       nan           nan         nan         nan       nan       nan
       53        772       0   0.000  0.000      0       nan           nan         nan         nan       nan       nan
       53        773       0   0.000  0.000      0       nan           nan         nan         nan       nan       nan
       53        774       0   0.000  0.000      0       nan           nan         nan         nan       nan       nan
       53        775       0   0.000  0.000      0       nan           nan         nan         nan       nan       nan
       53        776       0   0.000  0.000      0       nan           nan         nan         nan       nan       nan
       53        777       0   0.000  0.000      0       nan           nan         nan         nan       nan       nan
       53        778       0   0.000  0.000      0       nan           nan         nan         nan       nan       nan
       53        779       0   0.000  0.000      0       nan           nan         nan         nan       nan       nan
       53        780       0   0.000  0.000      0       nan           nan         nan         nan       nan       nan
       53        782       0   0.000  0.000      0       nan           nan         nan         nan       nan       nan
       53        783       0   0.000  0.000      0       nan           nan         nan         nan       nan       nan
       53        784       0   0.000  0.000      0       nan           nan         nan         nan       nan       nan
       53        785       0   0.000  0.000      0       nan           nan         nan         nan       nan       nan
       53        787       0   0.000  0.000      0       nan           nan         nan         nan       nan       nan
       53        788       0   0.000  0.000      0       nan           nan         nan         nan       nan       nan
       53        789       0   0.000  0.000      0       nan           nan         nan         nan       nan       nan
       53        790       0   0.000  0.000      0       nan           nan         nan         nan       nan       nan
       53        792       0   0.000  0.000      0       nan           nan         nan         nan       nan       nan
       53        793       0   0.000  0.000      0       nan           nan         nan         nan       nan       nan
       53        794       0   0.000  0.000      0       nan           nan         nan         nan       nan       nan
       53        795       0   0.000  0.000      0       nan           nan         nan         nan       nan       nan
       53        796       0   0.000  0.000      0       nan           nan         nan         nan       nan       nan
       53        798       0   0.000  0.000      0       nan           nan         nan         nan       nan       nan
       53        799       0   0.000  0.000      0       nan           nan         nan         nan       nan       nan
       53        800       0   0.000  0.000      0       nan           nan         nan         nan       nan       nan
       53        801       0   0.000  0.000      0       nan           nan         nan         nan       nan       nan
       53        803       0   0.000  0.000      0       nan           nan         nan         nan       nan       nan
       53        804       0   0.000  0.000      0       nan           nan         nan         nan       nan       nan
       53        805       0   0.000  0.000      0       nan           nan         nan         nan       nan       nan
       53        806       0   0.000  0.000      0       nan           nan         nan         nan       nan       nan
       53        807       0   0.000  0.000      0       nan           nan         nan         nan       nan       nan
       53        808       0   0.000  0.000      0       nan           nan         nan         nan       nan       nan
       53        809       0   0.000  0.000      0       nan           nan         nan         nan       nan       nan
       53        810       0   0.000  0.000      0       nan           nan         nan         nan       nan       nan
       53        812       0   0.000  0.000      0       nan           nan         nan         nan       nan       nan
       53        813       0   0.000  0.000      0       nan           nan         nan         nan       nan       nan
       53        814       0   0.000  0.000      0       nan           nan         nan         nan       nan       nan
       53        815       0   0.000  0.000      0       nan           nan         nan         nan       nan       nan
       53        816       0   0.000  0.000      0       nan           nan         nan         nan       nan       nan
       53        818       0   0.000  0.000      0       nan           nan         nan         nan       nan       nan
       53        819       0   0.000  0.000      0       nan           nan         nan         nan       nan       nan
       53        820       0   0.000  0.000      0       nan           nan         nan         nan       nan       nan
       53        821       0   0.000  0.000      0       nan           nan         nan         nan       nan       nan
       53        822       0   0.000  0.000      0       nan           nan         nan         nan       nan       nan
       53        823       0   0.000  0.000      0       nan           nan         nan         nan       nan       nan
       53        824       0   0.000  0.000      0       nan           nan         nan         nan       nan       nan
       53        826       0   0.000  0.000      0       nan           nan         nan         nan       nan       nan
       53        827       0   0.000  0.000      0       nan           nan         nan         nan       nan       nan
       53        828       0   0.000  0.000      0       nan           nan         nan         nan       nan       nan
       53        829       0   0.000  0.000      0       nan           nan         nan         nan       nan       nan
       53        830       0   0.000  0.000      0       nan           nan         nan         nan       nan       nan
       53        831       0   0.000  0.000      0       nan           nan         nan         nan       nan       nan
       53        832       0   0.000  0.000      0       nan           nan         nan         nan       nan       nan
       53        833       0   0.000  0.000      0       nan           nan         nan         nan       nan       nan
       53        834       0   0.000  0.000      0       nan           nan         nan         nan       nan       nan
       53        835       0   0.000  0.000      0       nan           nan         nan         nan       nan       nan
       53        836       0   0.000  0.000      0       nan           nan         nan         nan       nan       nan
       53        837       0   0.000  0.000      0       nan           nan         nan         nan       nan       nan
       53        838       0   0.000  0.000      0       nan           nan         nan         nan       nan       nan
       53        840       0   0.000  0.000      0       nan           nan         nan         nan       nan       nan
       53        841       0   0.000  0.000      0       nan           nan         nan         nan       nan       nan
       53        842       0   0.000  0.000      0       nan           nan         nan         nan       nan       nan
       53        843       0   0.000  0.000      0       nan           nan         nan         nan       nan       nan
       53        844       0   0.000  0.000      0       nan           nan         nan         nan       nan       nan
       53        845       0   0.000  0.000      0       nan           nan         nan         nan       nan       nan
       53        846       0   0.000  0.000      0       nan           nan         nan         nan       nan       nan
       53        847       0   0.000  0.000      0       nan           nan         nan         nan       nan       nan
       53        848       0   0.000  0.000      0       nan           nan         nan         nan       nan       nan
       53        849       0   0.000  0.000      0       nan           nan         nan         nan       nan       nan
       53        850       0   0.000  0.000      0       nan           nan         nan         nan       nan       nan
       53        851       0   0.000  0.000      0       nan           nan         nan         nan       nan       nan
       53        852       0   0.000  0.000      0       nan           nan         nan         nan       nan       nan
       53        854       0   0.000  0.000      0       nan           nan         nan         nan       nan       nan
       53        855       0   0.000  0.000      0       nan           nan         nan         nan       nan       nan
       53        857       0   0.000  0.000      0       nan           nan         nan         nan       nan       nan
       53        861       0   0.000  0.000      0       nan           nan         nan         nan       nan       nan
       53        862       0   0.000  0.000      0       nan           nan         nan         nan       nan       nan
       53        863       0   0.000  0.000      0       nan           nan         nan         nan       nan       nan
       53        864       0   0.000  0.000      0       nan           nan         nan         nan       nan       nan
       53        865       0   0.000  0.000      0       nan           nan         nan         nan       nan       nan
       53        866       0   0.000  0.000      0       nan           nan         nan         nan       nan       nan
       53        867       0   0.000  0.000      0       nan           nan         nan         nan       nan       nan
       53        868       0   0.000  0.000      0       nan           nan         nan         nan       nan       nan
       53        869       0   0.000  0.000      0       nan           nan         nan         nan       nan       nan
       53        870       0   0.000  0.000      0       nan           nan         nan         nan       nan       nan
       53        871       0   0.000  0.000      0       nan           nan         nan         nan       nan       nan
       53        872       0   0.000  0.000      0       nan           nan         nan         nan       nan       nan
       53        873       0   0.000  0.000      0       nan           nan         nan         nan       nan       nan
       53        874       0   0.000  0.000      0       nan           nan         nan         nan       nan       nan
       53        875       0   0.000  0.000      0       nan           nan         nan         nan       nan       nan
       53        877       0   0.000  0.000      0       nan           nan         nan         nan       nan       nan
       53        878       0   0.000  0.000      0       nan           nan         nan         nan       nan       nan
       53        879       0   0.000  0.000      0       nan           nan         nan         nan       nan       nan
       53        880       0   0.000  0.000      0       nan           nan         nan         nan       nan       nan
       53        881       0   0.000  0.000      0       nan           nan         nan         nan       nan       nan
       53        883       0   0.000  0.000      0       nan           nan         nan         nan       nan       nan
       53        884       0   0.000  0.000      0       nan           nan         nan         nan       nan       nan
       53        885       0   0.000  0.000      0       nan           nan         nan         nan       nan       nan
       53        886       0   0.000  0.000      0       nan           nan         nan         nan       nan       nan
       53        887       0   0.000  0.000      0       nan           nan         nan         nan       nan       nan
       53        888       0   0.000  0.000      0       nan           nan         nan         nan       nan       nan
       53        889       0   0.000  0.000      0       nan           nan         nan         nan       nan       nan
       53        890       0   0.000  0.000      0       nan           nan         nan         nan       nan       nan
       53        891       0   0.000  0.000      0       nan           nan         nan         nan       nan       nan
       53        892       0   0.000  0.000      0       nan           nan         nan         nan       nan       nan
       53        894       0   0.000  0.000      0       nan           nan         nan         nan       nan       nan
       53        895       0   0.000  0.000      0       nan           nan         nan         nan       nan       nan
       53        896       0   0.000  0.000      0       nan           nan         nan         nan       nan       nan
       53        897       0   0.000  0.000      0       nan           nan         nan         nan       nan       nan
       53        898       0   0.000  0.000      0       nan           nan         nan         nan       nan       nan
       53        899       0   0.000  0.000      0       nan           nan         nan         nan       nan       nan
       53        900       0   0.000  0.000      0       nan           nan         nan         nan       nan       nan
       53        901       0   0.000  0.000      0       nan           nan         nan         nan       nan       nan
       53        902       0   0.000  0.000      0       nan           nan         nan         nan       nan       nan
       53        903       0   0.000  0.000      0       nan           nan         nan         nan       nan       nan
       53        904       0   0.000  0.000      0       nan           nan         nan         nan       nan       nan
       53        905       0   0.000  0.000      0       nan           nan         nan         nan       nan       nan
       53        906       0   0.000  0.000      0       nan           nan         nan         nan       nan       nan
       53        907       0   0.000  0.000      0       nan           nan         nan         nan       nan       nan
       53        908       0   0.000  0.000      0       nan           nan         nan         nan       nan       nan
       53        909       0   0.000  0.000      0       nan           nan         nan         nan       nan       nan
       53        910       0   0.000  0.000      0       nan           nan         nan         nan       nan       nan
       53        911       0   0.000  0.000      0       nan           nan         nan         nan       nan       nan
       53        913       0   0.000  0.000      0       nan           nan         nan         nan       nan       nan
       53        914       0   0.000  0.000      0       nan           nan         nan         nan       nan       nan
       53        915       0   0.000  0.000      0       nan           nan         nan         nan       nan       nan
       53        917       0   0.000  0.000      0       nan           nan         nan         nan       nan       nan
       53        918       0   0.000  0.000      0       nan           nan         nan         nan       nan       nan
       53        919       0   0.000  0.000      0       nan           nan         nan         nan       nan       nan
       53        920       0   0.000  0.000      0       nan           nan         nan         nan       nan       nan
       53        921       0   0.000  0.000      0       nan           nan         nan         nan       nan       nan
       53        923       0   0.000  0.000      0       nan           nan         nan         nan       nan       nan
       53        924       0   0.000  0.000      0       nan           nan         nan         nan       nan       nan
       53        925       0   0.000  0.000      0       nan           nan         nan         nan       nan       nan
       53        926       0   0.000  0.000      0       nan           nan         nan         nan       nan       nan
       53        927       0   0.000  0.000      0       nan           nan         nan         nan       nan       nan
       53        928       0   0.000  0.000      0       nan           nan         nan         nan       nan       nan
       53        929       0   0.000  0.000      0       nan           nan         nan         nan       nan       nan
       53        930       0   0.000  0.000      0       nan           nan         nan         nan       nan       nan
       53        931       0   0.000  0.000      0       nan           nan         nan         nan       nan       nan
       53        933       0   0.000  0.000      0       nan           nan         nan         nan       nan       nan
       53        934       0   0.000  0.000      0       nan           nan         nan         nan       nan       nan
       53        935       0   0.000  0.000      0       nan           nan         nan         nan       nan       nan
       53        937       0   0.000  0.000      0       nan           nan         nan         nan       nan       nan
       53        938       0   0.000  0.000      0       nan           nan         nan         nan       nan       nan
       53        939       0   0.000  0.000      0       nan           nan         nan         nan       nan       nan
       53        940       0   0.000  0.000      0       nan           nan         nan         nan       nan       nan
       53        941       0   0.000  0.000      0       nan           nan         nan         nan       nan       nan
       53        942       0   0.000  0.000      0       nan           nan         nan         nan       nan       nan
       53        943       0   0.000  0.000      0       nan           nan         nan         nan       nan       nan
       53        944       0   0.000  0.000      0       nan           nan         nan         nan       nan       nan
       53        945       0   0.000  0.000      0       nan           nan         nan         nan       nan       nan
       53        946       0   0.000  0.000      0       nan           nan         nan         nan       nan       nan
       53        947       0   0.000  0.000      0       nan           nan         nan         nan       nan       nan
       53        948       0   0.000  0.000      0       nan           nan         nan         nan       nan       nan
       53        949       0   0.000  0.000      0       nan           nan         nan         nan       nan       nan
       53        950       0   0.000  0.000      0       nan           nan         nan         nan       nan       nan
       53        951       0   0.000  0.000      0       nan           nan         nan         nan       nan       nan
       53        952       0   0.000  0.000      0       nan           nan         nan         nan       nan       nan
       53        953       0   0.000  0.000      0       nan           nan         nan         nan       nan       nan
       53        954       0   0.000  0.000      0       nan           nan         nan         nan       nan       nan
       53        955       0   0.000  0.000      0       nan           nan         nan         nan       nan       nan
       53        956       0   0.000  0.000      0       nan           nan         nan         nan       nan       nan
       53        957       0   0.000  0.000      0       nan           nan         nan         nan       nan       nan
       53        958       0   0.000  0.000      0       nan           nan         nan         nan       nan       nan
       53        959       0   0.000  0.000      0       nan           nan         nan         nan       nan       nan
       53        960       0   0.000  0.000      0       nan           nan         nan         nan       nan       nan
       53        962       0   0.000  0.000      0       nan           nan         nan         nan       nan       nan
       53        963       0   0.000  0.000      0       nan           nan         nan         nan       nan       nan
       53        964       0   0.000  0.000      0       nan           nan         nan         nan       nan       nan
       53        965       0   0.000  0.000      0       nan           nan         nan         nan       nan       nan
       53        966       0   0.000  0.000      0       nan           nan         nan         nan       nan       nan
       53        967       0   0.000  0.000      0       nan           nan         nan         nan       nan       nan
       53        968       0   0.000  0.000      0       nan           nan         nan         nan       nan       nan
       53        971       0   0.000  0.000      0       nan           nan         nan         nan       nan       nan
       53        972       0   0.000  0.000      0       nan           nan         nan         nan       nan       nan
       53        973       0   0.000  0.000      0       nan           nan         nan         nan       nan       nan
       53        974       0   0.000  0.000      0       nan           nan         nan         nan       nan       nan
       53        975       0   0.000  0.000      0       nan           nan         nan         nan       nan       nan
       53        976       0   0.000  0.000      0       nan           nan         nan         nan       nan       nan
       53        978       0   0.000  0.000      0       nan           nan         nan         nan       nan       nan
       53        979       0   0.000  0.000      0       nan           nan         nan         nan       nan       nan
       53        980       0   0.000  0.000      0       nan           nan         nan         nan       nan       nan
       53        982       0   0.000  0.000      0       nan           nan         nan         nan       nan       nan
       53        983       0   0.000  0.000      0       nan           nan         nan         nan       nan       nan
       53        984       0   0.000  0.000      0       nan           nan         nan         nan       nan       nan
       53        985       0   0.000  0.000      0       nan           nan         nan         nan       nan       nan
       53        986       0   0.000  0.000      0       nan           nan         nan         nan       nan       nan
       53        987       0   0.000  0.000      0       nan           nan         nan         nan       nan       nan
       53        988       0   0.000  0.000      0       nan           nan         nan         nan       nan       nan
       53        989       0   0.000  0.000      0       nan           nan         nan         nan       nan       nan
       53        991       0   0.000  0.000      0       nan           nan         nan         nan       nan       nan
       53        992       0   0.000  0.000      0       nan           nan         nan         nan       nan       nan
       53        993       0   0.000  0.000      0       nan           nan         nan         nan       nan       nan
       53        994       0   0.000  0.000      0       nan           nan         nan         nan       nan       nan
       53        995       0   0.000  0.000      0       nan           nan         nan         nan       nan       nan
       53        996       0   0.000  0.000      0       nan           nan         nan         nan       nan       nan
       53        998       0   0.000  0.000      0       nan           nan         nan         nan       nan       nan
       53       1000       0   0.000  0.000      0       nan           nan         nan         nan       nan       nan
       53       1001       0   0.000  0.000      0       nan           nan         nan         nan       nan       nan
       53       1002       0   0.000  0.000      0       nan           nan         nan         nan       nan       nan
       53       1003       0   0.000  0.000      0       nan           nan         nan         nan       nan       nan
       53       1005       0   0.000  0.000      0       nan           nan         nan         nan       nan       nan
       53       1006       0   0.000  0.000      0       nan           nan         nan         nan       nan       nan
       53       1007       0   0.000  0.000      0       nan           nan         nan         nan       nan       nan
       53       1008       0   0.000  0.000      0       nan           nan         nan         nan       nan       nan
       53       1009       0   0.000  0.000      0       nan           nan         nan         nan       nan       nan
       53       1010       0   0.000  0.000      0       nan           nan         nan         nan       nan       nan
       53       1011       0   0.000  0.000      0       nan           nan         nan         nan       nan       nan
       53       1012       0   0.000  0.000      0       nan           nan         nan         nan       nan       nan
       53       1013       0   0.000  0.000      0       nan           nan         nan         nan       nan       nan
       53       1015       0   0.000  0.000      0       nan           nan         nan         nan       nan       nan
       53       1016       0   0.000  0.000      0       nan           nan         nan         nan       nan       nan
       53       1017       0   0.000  0.000      0       nan           nan         nan         nan       nan       nan
       53       1018       0   0.000  0.000      0       nan           nan         nan         nan       nan       nan
       53       1019       0   0.000  0.000      0       nan           nan         nan         nan       nan       nan
       53       1020       0   0.000  0.000      0       nan           nan         nan         nan       nan       nan
       53       1021       0   0.000  0.000      0       nan           nan         nan         nan       nan       nan
       53       1022       0   0.000  0.000      0       nan           nan         nan         nan       nan       nan
       53       1023       0   0.000  0.000      0       nan           nan         nan         nan       nan       nan
       53       1024       0   0.000  0.000      0       nan           nan         nan         nan       nan       nan
       53       1025       0   0.000  0.000      0       nan           nan         nan         nan       nan       nan
       53       1026       0   0.000  0.000      0       nan           nan         nan         nan       nan       nan
       53       1027       0   0.000  0.000      0       nan           nan         nan         nan       nan       nan
       53       1028       0   0.000  0.000      0       nan           nan         nan         nan       nan       nan
       53       1029       0   0.000  0.000      0       nan           nan         nan         nan       nan       nan
       53       1030       0   0.000  0.000      0       nan           nan         nan         nan       nan       nan
       53       1031       0   0.000  0.000      0       nan           nan         nan         nan       nan       nan
       53       1032       0   0.000  0.000      0       nan           nan         nan         nan       nan       nan
       53       1033       0   0.000  0.000      0       nan           nan         nan         nan       nan       nan
       53       1035       0   0.000  0.000      0       nan           nan         nan         nan       nan       nan
       53       1036       0   0.000  0.000      0       nan           nan         nan         nan       nan       nan
       53       1037       0   0.000  0.000      0       nan           nan         nan         nan       nan       nan
       53       1038       0   0.000  0.000      0       nan           nan         nan         nan       nan       nan
       53       1040       0   0.000  0.000      0       nan           nan         nan         nan       nan       nan
       53       1042       0   0.000  0.000      0       nan           nan         nan         nan       nan       nan
       53       1043       0   0.000  0.000      0       nan           nan         nan         nan       nan       nan
       53       1044       0   0.000  0.000      0       nan           nan         nan         nan       nan       nan
       53       1045       0   0.000  0.000      0       nan           nan         nan         nan       nan       nan
       53       1046       0   0.000  0.000      0       nan           nan         nan         nan       nan       nan
       53       1047       0   0.000  0.000      0       nan           nan         nan         nan       nan       nan
       53       1048       0   0.000  0.000      0       nan           nan         nan         nan       nan       nan
       53       1049       0   0.000  0.000      0       nan           nan         nan         nan       nan       nan
       53       1050       0   0.000  0.000      0       nan           nan         nan         nan       nan       nan
       53       1051       0   0.000  0.000      0       nan           nan         nan         nan       nan       nan
       53       1052       0   0.000  0.000      0       nan           nan         nan         nan       nan       nan
       53       1053       0   0.000  0.000      0       nan           nan         nan         nan       nan       nan
       53       1055       0   0.000  0.000      0       nan           nan         nan         nan       nan       nan
       53       1056       0   0.000  0.000      0       nan           nan         nan         nan       nan       nan
       53       1057       0   0.000  0.000      0       nan           nan         nan         nan       nan       nan
       53       1058       0   0.000  0.000      0       nan           nan         nan         nan       nan       nan
       53       1059       0   0.000  0.000      0       nan           nan         nan         nan       nan       nan
       53       1060       0   0.000  0.000      0       nan           nan         nan         nan       nan       nan
       53       1061       0   0.000  0.000      0       nan           nan         nan         nan       nan       nan
       53       1062       0   0.000  0.000      0       nan           nan         nan         nan       nan       nan
       53       1063       0   0.000  0.000      0       nan           nan         nan         nan       nan       nan
       53       1065       0   0.000  0.000      0       nan           nan         nan         nan       nan       nan
       53       1066       0   0.000  0.000      0       nan           nan         nan         nan       nan       nan
       53       1067       0   0.000  0.000      0       nan           nan         nan         nan       nan       nan
       53       1068       0   0.000  0.000      0       nan           nan         nan         nan       nan       nan
       53       1069       0   0.000  0.000      0       nan           nan         nan         nan       nan       nan
       53       1070       0   0.000  0.000      0       nan           nan         nan         nan       nan       nan
       53       1071       0   0.000  0.000      0       nan           nan         nan         nan       nan       nan
       53       1072       0   0.000  0.000      0       nan           nan         nan         nan       nan       nan
       53       1073       0   0.000  0.000      0       nan           nan         nan         nan       nan       nan
       53       1074       0   0.000  0.000      0       nan           nan         nan         nan       nan       nan
       53       1075       0   0.000  0.000      0       nan           nan         nan         nan       nan       nan
       53       1076       0   0.000  0.000      0       nan           nan         nan         nan       nan       nan
       53       1077       0   0.000  0.000      0       nan           nan         nan         nan       nan       nan
       53       1078       0   0.000  0.000      0       nan           nan         nan         nan       nan       nan
       53       1079       0   0.000  0.000      0       nan           nan         nan         nan       nan       nan
       53       1081       0   0.000  0.000      0       nan           nan         nan         nan       nan       nan
       53       1082       0   0.000  0.000      0       nan           nan         nan         nan       nan       nan
       53       1083       0   0.000  0.000      0       nan           nan         nan         nan       nan       nan
       53       1084       0   0.000  0.000      0       nan           nan         nan         nan       nan       nan
       53       1086       0   0.000  0.000      0       nan           nan         nan         nan       nan       nan
       53       1087       0   0.000  0.000      0       nan           nan         nan         nan       nan       nan
       53       1088       0   0.000  0.000      0       nan           nan         nan         nan       nan       nan
       53       1089       0   0.000  0.000      0       nan           nan         nan         nan       nan       nan
       53       1090       0   0.000  0.000      0       nan           nan         nan         nan       nan       nan
       53       1091       0   0.000  0.000      0       nan           nan         nan         nan       nan       nan
       53       1092       0   0.000  0.000      0       nan           nan         nan         nan       nan       nan
       53       1093       0   0.000  0.000      0       nan           nan         nan         nan       nan       nan
       53       1094       0   0.000  0.000      0       nan           nan         nan         nan       nan       nan
       54        732       0   0.084  0.306   2176     2.181           0.7       150.0       150.7      38.1      17.4
       54        762       0   0.055  0.297   2856     2.000           1.7       151.7       150.0      38.1      76.1
       54        701       1   0.052  0.196   4536     1.189           2.2       152.5       150.4      38.1      45.3
       54        773       0   0.011  0.364   2628     1.091          29.8       150.2         0.0      38.1      34.9
       54        835       0   0.010  0.132    676     1.834           6.2       153.8       160.0      38.1      69.8
       54        801       0   0.008  0.219   1564     1.297          20.0       150.0       170.0      38.1      49.4
       54        819       0   0.006  0.137    624     2.181          10.0       150.0       140.0      38.1      17.4
       54        699       1   0.006  0.092   4552     1.091          14.2       152.5       138.3      38.1      34.9
       54        891       0   0.005  0.101    464     1.834          10.0       150.0       160.0      38.1      20.7
       54        789       0   0.004  0.388   1768     2.378          39.8       150.0       110.3      38.1      90.5
       54        760       0   0.004  0.432   2784     1.297          85.5       151.8        66.3      38.1      29.3
       54        809       0   0.003  0.034    200     1.414           5.8       154.2       160.0      38.1      26.9
       54        996       0   0.003  0.119    540     1.682          20.0       150.0       170.0      38.1      22.6
       54        747       0   0.003  0.031    304     1.542           5.1       155.7       150.5      38.1      24.7
       54        803       0   0.003  0.342   1556     1.834          60.1       150.1        90.0      38.1      69.8
       54        710       0   0.003  0.187   3516     1.189          51.1       151.1       100.0      38.1      45.3
       54        715       0   0.003  0.420   3260     1.834          75.2       150.7        75.5      38.1      20.7
       54        754       0   0.003  0.190   1084     2.000          30.8       150.8       120.0      38.1      19.0
       54        737       0   0.003  0.179   2116     1.000          63.0       152.0        89.0      38.1      38.1
       54        734       0   0.003  0.318   1744     1.542          72.7       152.7        80.0      38.1      24.7
       54        756       0   0.002  0.180    820     2.378          30.0       150.0       120.0      38.1      16.0
       54        738       0   0.002  0.216   1832     1.091          81.2       152.5        71.4      38.1      41.5
       54        757       0   0.002  0.227   2400     1.189          81.6       151.6        70.0      38.1      45.3
       54        704       0   0.002  0.163   4296     1.834          38.5       152.1       113.5      38.1      69.8
       54        899       0   0.002  0.277   1388     1.542          79.6       150.4        50.0      38.1      24.7
       54       1030       0   0.002  0.231   1052     2.000          53.6       150.1        23.6      38.1      19.0
       54        703       0   0.002  0.116   4188     1.297          42.1       152.1       110.0      38.1      49.4
       54        870       0   0.002  0.163    764     1.542          50.0       150.0        20.0      38.1      58.7
       54        730       0   0.002  0.200   2008     1.542          61.9       151.9        90.0      38.1      24.7
       54       1086       0   0.001  0.083    376     1.353          40.0       150.0        10.0      38.1      28.1
       54        700       0   0.001  0.090   2548     1.297          50.7       150.7       100.0      38.1      29.3
       54        939       0   0.001  0.135    616     1.189          90.0       150.0        60.0      38.1      45.3
       54       1033       0   0.001  0.071    328     1.834          30.0       150.0         0.0      38.1      20.7
       54        722       0   0.001  0.187   3392     2.181          81.0       151.0        70.0      38.1      83.0
       54        708       0   0.001  0.144   2900     2.000          70.4       150.4        80.0      38.1      76.1
       54       1060       0   0.001  0.017     84     1.682          10.0       160.0       150.0      38.1      22.6
       54        821       0   0.001  0.124    564     2.181          61.0       151.0        90.0      38.1      83.0
       54        743       0   0.001  0.035    404     1.297          29.9       150.1         0.0      38.1      29.3
       54       1031       0   0.001  0.066    300     1.189          76.1       153.9        50.0      38.1      32.0
       54        731       0   0.001  0.106   1840     3.084          51.7       151.7       100.0      38.1     117.4
       54        705       0   0.001  0.107   4552     2.378          72.5       152.5        80.0      38.1      90.5
       54        729       0   0.001  0.037    468     1.414          50.1       150.1       100.0      38.1      53.8
       54        726       0   0.001  0.033    684     3.084          20.0       150.0       170.0      38.1     117.4
       54        720       0   0.000  0.029    440     1.542          40.4       150.3       109.9      38.1      58.7
       54        949       0   0.000  0.062    368     1.682          81.7       151.7        70.0      38.1      22.6
       54        719       0   0.000  0.031    572     1.189          64.7       151.7        87.0      38.1      45.3
       54        750       0   0.000  0.037    356     1.682          60.1       150.1        90.0      38.1      22.6
       54        707       0   0.000  0.032    868     3.084          30.0       150.0         0.0      38.1     117.4
       54       1092       0   0.000  0.056    296     2.378          70.0       150.0        80.0      38.1      16.0
       54        793       0   0.000  0.021    140     2.181          30.0       160.0       130.0      38.1      17.4
       54        945       0   0.000  0.044    236     1.834          79.8       151.5        71.7      38.1      20.7
       54        808       0   0.000  0.009     68     1.834          20.0       160.0       140.0      38.1      20.7
       54        881       0   0.000  0.047    284     2.181          89.6       150.0        60.4      41.5      19.0
       54        971       0   0.000  0.005     24     2.000          10.0       150.0       140.0      41.5      20.7
       54       1019       0   0.000  0.011     60     1.834          30.0       150.0         0.0      38.1      20.7
       54        777       0   0.000  0.002     20     1.297          10.0       160.0       170.0      41.5      53.8
       54        906       0   0.000  0.019    120     1.542          88.4       150.3        58.7      38.1      24.7
       54        907       0   0.000  0.007     36     1.414          40.0       150.0        10.0      38.1      53.8
       54        980       0   0.000  0.012     60     1.414          80.7       150.7        70.0      38.1      26.9
       54        953       0   0.000  0.002      8     1.297          20.0       150.0       170.0      38.1      29.3
       54        938       0   0.000  0.004     20     1.297          60.0       150.0        90.0      38.1      49.4
       54        898       0   0.000  0.005     28     1.682          65.6       150.0        35.6      38.1      22.6
       54        706       0   0.000  0.001     12     1.091          40.0       160.0       120.0      41.5      38.1
       54        761       0   0.000  0.001      4     2.594          50.0       150.0       100.0      41.5     107.6
       54        702       0   0.000  0.000      0       nan           nan         nan         nan       nan       nan
       54        709       0   0.000  0.000      0       nan           nan         nan         nan       nan       nan
       54        711       0   0.000  0.000      0       nan           nan         nan         nan       nan       nan
       54        712       0   0.000  0.000      0       nan           nan         nan         nan       nan       nan
       54        713       0   0.000  0.000      0       nan           nan         nan         nan       nan       nan
       54        714       0   0.000  0.000      0       nan           nan         nan         nan       nan       nan
       54        716       0   0.000  0.000      0       nan           nan         nan         nan       nan       nan
       54        717       0   0.000  0.000      0       nan           nan         nan         nan       nan       nan
       54        718       0   0.000  0.000      0       nan           nan         nan         nan       nan       nan
       54        721       0   0.000  0.000      0       nan           nan         nan         nan       nan       nan
       54        723       0   0.000  0.000      0       nan           nan         nan         nan       nan       nan
       54        724       0   0.000  0.000      0       nan           nan         nan         nan       nan       nan
       54        725       0   0.000  0.000      0       nan           nan         nan         nan       nan       nan
       54        727       0   0.000  0.000      0       nan           nan         nan         nan       nan       nan
       54        728       0   0.000  0.000      0       nan           nan         nan         nan       nan       nan
       54        733       0   0.000  0.000      0       nan           nan         nan         nan       nan       nan
       54        735       0   0.000  0.000      0       nan           nan         nan         nan       nan       nan
       54        736       0   0.000  0.000      0       nan           nan         nan         nan       nan       nan
       54        739       0   0.000  0.000      0       nan           nan         nan         nan       nan       nan
       54        740       0   0.000  0.000      0       nan           nan         nan         nan       nan       nan
       54        741       0   0.000  0.000      0       nan           nan         nan         nan       nan       nan
       54        742       0   0.000  0.000      0       nan           nan         nan         nan       nan       nan
       54        744       0   0.000  0.000      0       nan           nan         nan         nan       nan       nan
       54        745       0   0.000  0.000      0       nan           nan         nan         nan       nan       nan
       54        746       0   0.000  0.000      0       nan           nan         nan         nan       nan       nan
       54        748       0   0.000  0.000      0       nan           nan         nan         nan       nan       nan
       54        749       0   0.000  0.000      0       nan           nan         nan         nan       nan       nan
       54        751       0   0.000  0.000      0       nan           nan         nan         nan       nan       nan
       54        752       0   0.000  0.000      0       nan           nan         nan         nan       nan       nan
       54        753       0   0.000  0.000      0       nan           nan         nan         nan       nan       nan
       54        755       0   0.000  0.000      0       nan           nan         nan         nan       nan       nan
       54        758       0   0.000  0.000      0       nan           nan         nan         nan       nan       nan
       54        759       0   0.000  0.000      0       nan           nan         nan         nan       nan       nan
       54        763       0   0.000  0.000      0       nan           nan         nan         nan       nan       nan
       54        764       0   0.000  0.000      0       nan           nan         nan         nan       nan       nan
       54        765       0   0.000  0.000      0       nan           nan         nan         nan       nan       nan
       54        766       0   0.000  0.000      0       nan           nan         nan         nan       nan       nan
       54        767       0   0.000  0.000      0       nan           nan         nan         nan       nan       nan
       54        768       0   0.000  0.000      0       nan           nan         nan         nan       nan       nan
       54        769       0   0.000  0.000      0       nan           nan         nan         nan       nan       nan
       54        770       0   0.000  0.000      0       nan           nan         nan         nan       nan       nan
       54        771       0   0.000  0.000      0       nan           nan         nan         nan       nan       nan
       54        772       0   0.000  0.000      0       nan           nan         nan         nan       nan       nan
       54        774       0   0.000  0.000      0       nan           nan         nan         nan       nan       nan
       54        775       0   0.000  0.000      0       nan           nan         nan         nan       nan       nan
       54        776       0   0.000  0.000      0       nan           nan         nan         nan       nan       nan
       54        778       0   0.000  0.000      0       nan           nan         nan         nan       nan       nan
       54        779       0   0.000  0.000      0       nan           nan         nan         nan       nan       nan
       54        780       0   0.000  0.000      0       nan           nan         nan         nan       nan       nan
       54        781       0   0.000  0.000      0       nan           nan         nan         nan       nan       nan
       54        782       0   0.000  0.000      0       nan           nan         nan         nan       nan       nan
       54        783       0   0.000  0.000      0       nan           nan         nan         nan       nan       nan
       54        784       0   0.000  0.000      0       nan           nan         nan         nan       nan       nan
       54        785       0   0.000  0.000      0       nan           nan         nan         nan       nan       nan
       54        786       0   0.000  0.000      0       nan           nan         nan         nan       nan       nan
       54        787       0   0.000  0.000      0       nan           nan         nan         nan       nan       nan
       54        788       0   0.000  0.000      0       nan           nan         nan         nan       nan       nan
       54        790       0   0.000  0.000      0       nan           nan         nan         nan       nan       nan
       54        791       0   0.000  0.000      0       nan           nan         nan         nan       nan       nan
       54        792       0   0.000  0.000      0       nan           nan         nan         nan       nan       nan
       54        794       0   0.000  0.000      0       nan           nan         nan         nan       nan       nan
       54        795       0   0.000  0.000      0       nan           nan         nan         nan       nan       nan
       54        796       0   0.000  0.000      0       nan           nan         nan         nan       nan       nan
       54        797       0   0.000  0.000      0       nan           nan         nan         nan       nan       nan
       54        798       0   0.000  0.000      0       nan           nan         nan         nan       nan       nan
       54        799       0   0.000  0.000      0       nan           nan         nan         nan       nan       nan
       54        800       0   0.000  0.000      0       nan           nan         nan         nan       nan       nan
       54        802       0   0.000  0.000      0       nan           nan         nan         nan       nan       nan
       54        804       0   0.000  0.000      0       nan           nan         nan         nan       nan       nan
       54        805       0   0.000  0.000      0       nan           nan         nan         nan       nan       nan
       54        806       0   0.000  0.000      0       nan           nan         nan         nan       nan       nan
       54        807       0   0.000  0.000      0       nan           nan         nan         nan       nan       nan
       54        810       0   0.000  0.000      0       nan           nan         nan         nan       nan       nan
       54        811       0   0.000  0.000      0       nan           nan         nan         nan       nan       nan
       54        812       0   0.000  0.000      0       nan           nan         nan         nan       nan       nan
       54        813       0   0.000  0.000      0       nan           nan         nan         nan       nan       nan
       54        814       0   0.000  0.000      0       nan           nan         nan         nan       nan       nan
       54        815       0   0.000  0.000      0       nan           nan         nan         nan       nan       nan
       54        816       0   0.000  0.000      0       nan           nan         nan         nan       nan       nan
       54        817       0   0.000  0.000      0       nan           nan         nan         nan       nan       nan
       54        818       0   0.000  0.000      0       nan           nan         nan         nan       nan       nan
       54        820       0   0.000  0.000      0       nan           nan         nan         nan       nan       nan
       54        822       0   0.000  0.000      0       nan           nan         nan         nan       nan       nan
       54        823       0   0.000  0.000      0       nan           nan         nan         nan       nan       nan
       54        824       0   0.000  0.000      0       nan           nan         nan         nan       nan       nan
       54        825       0   0.000  0.000      0       nan           nan         nan         nan       nan       nan
       54        826       0   0.000  0.000      0       nan           nan         nan         nan       nan       nan
       54        827       0   0.000  0.000      0       nan           nan         nan         nan       nan       nan
       54        828       0   0.000  0.000      0       nan           nan         nan         nan       nan       nan
       54        829       0   0.000  0.000      0       nan           nan         nan         nan       nan       nan
       54        830       0   0.000  0.000      0       nan           nan         nan         nan       nan       nan
       54        831       0   0.000  0.000      0       nan           nan         nan         nan       nan       nan
       54        832       0   0.000  0.000      0       nan           nan         nan         nan       nan       nan
       54        833       0   0.000  0.000      0       nan           nan         nan         nan       nan       nan
       54        834       0   0.000  0.000      0       nan           nan         nan         nan       nan       nan
       54        836       0   0.000  0.000      0       nan           nan         nan         nan       nan       nan
       54        837       0   0.000  0.000      0       nan           nan         nan         nan       nan       nan
       54        838       0   0.000  0.000      0       nan           nan         nan         nan       nan       nan
       54        839       0   0.000  0.000      0       nan           nan         nan         nan       nan       nan
       54        840       0   0.000  0.000      0       nan           nan         nan         nan       nan       nan
       54        841       0   0.000  0.000      0       nan           nan         nan         nan       nan       nan
       54        842       0   0.000  0.000      0       nan           nan         nan         nan       nan       nan
       54        843       0   0.000  0.000      0       nan           nan         nan         nan       nan       nan
       54        844       0   0.000  0.000      0       nan           nan         nan         nan       nan       nan
       54        845       0   0.000  0.000      0       nan           nan         nan         nan       nan       nan
       54        846       0   0.000  0.000      0       nan           nan         nan         nan       nan       nan
       54        847       0   0.000  0.000      0       nan           nan         nan         nan       nan       nan
       54        848       0   0.000  0.000      0       nan           nan         nan         nan       nan       nan
       54        849       0   0.000  0.000      0       nan           nan         nan         nan       nan       nan
       54        850       0   0.000  0.000      0       nan           nan         nan         nan       nan       nan
       54        851       0   0.000  0.000      0       nan           nan         nan         nan       nan       nan
       54        852       0   0.000  0.000      0       nan           nan         nan         nan       nan       nan
       54        853       0   0.000  0.000      0       nan           nan         nan         nan       nan       nan
       54        854       0   0.000  0.000      0       nan           nan         nan         nan       nan       nan
       54        855       0   0.000  0.000      0       nan           nan         nan         nan       nan       nan
       54        856       0   0.000  0.000      0       nan           nan         nan         nan       nan       nan
       54        857       0   0.000  0.000      0       nan           nan         nan         nan       nan       nan
       54        858       0   0.000  0.000      0       nan           nan         nan         nan       nan       nan
       54        859       0   0.000  0.000      0       nan           nan         nan         nan       nan       nan
       54        860       0   0.000  0.000      0       nan           nan         nan         nan       nan       nan
       54        861       0   0.000  0.000      0       nan           nan         nan         nan       nan       nan
       54        862       0   0.000  0.000      0       nan           nan         nan         nan       nan       nan
       54        863       0   0.000  0.000      0       nan           nan         nan         nan       nan       nan
       54        864       0   0.000  0.000      0       nan           nan         nan         nan       nan       nan
       54        865       0   0.000  0.000      0       nan           nan         nan         nan       nan       nan
       54        866       0   0.000  0.000      0       nan           nan         nan         nan       nan       nan
       54        867       0   0.000  0.000      0       nan           nan         nan         nan       nan       nan
       54        868       0   0.000  0.000      0       nan           nan         nan         nan       nan       nan
       54        869       0   0.000  0.000      0       nan           nan         nan         nan       nan       nan
       54        871       0   0.000  0.000      0       nan           nan         nan         nan       nan       nan
       54        872       0   0.000  0.000      0       nan           nan         nan         nan       nan       nan
       54        873       0   0.000  0.000      0       nan           nan         nan         nan       nan       nan
       54        874       0   0.000  0.000      0       nan           nan         nan         nan       nan       nan
       54        875       0   0.000  0.000      0       nan           nan         nan         nan       nan       nan
       54        876       0   0.000  0.000      0       nan           nan         nan         nan       nan       nan
       54        877       0   0.000  0.000      0       nan           nan         nan         nan       nan       nan
       54        878       0   0.000  0.000      0       nan           nan         nan         nan       nan       nan
       54        879       0   0.000  0.000      0       nan           nan         nan         nan       nan       nan
       54        880       0   0.000  0.000      0       nan           nan         nan         nan       nan       nan
       54        882       0   0.000  0.000      0       nan           nan         nan         nan       nan       nan
       54        883       0   0.000  0.000      0       nan           nan         nan         nan       nan       nan
       54        884       0   0.000  0.000      0       nan           nan         nan         nan       nan       nan
       54        885       0   0.000  0.000      0       nan           nan         nan         nan       nan       nan
       54        886       0   0.000  0.000      0       nan           nan         nan         nan       nan       nan
       54        887       0   0.000  0.000      0       nan           nan         nan         nan       nan       nan
       54        888       0   0.000  0.000      0       nan           nan         nan         nan       nan       nan
       54        889       0   0.000  0.000      0       nan           nan         nan         nan       nan       nan
       54        890       0   0.000  0.000      0       nan           nan         nan         nan       nan       nan
       54        892       0   0.000  0.000      0       nan           nan         nan         nan       nan       nan
       54        893       0   0.000  0.000      0       nan           nan         nan         nan       nan       nan
       54        894       0   0.000  0.000      0       nan           nan         nan         nan       nan       nan
       54        895       0   0.000  0.000      0       nan           nan         nan         nan       nan       nan
       54        896       0   0.000  0.000      0       nan           nan         nan         nan       nan       nan
       54        897       0   0.000  0.000      0       nan           nan         nan         nan       nan       nan
       54        900       0   0.000  0.000      0       nan           nan         nan         nan       nan       nan
       54        901       0   0.000  0.000      0       nan           nan         nan         nan       nan       nan
       54        902       0   0.000  0.000      0       nan           nan         nan         nan       nan       nan
       54        903       0   0.000  0.000      0       nan           nan         nan         nan       nan       nan
       54        904       0   0.000  0.000      0       nan           nan         nan         nan       nan       nan
       54        905       0   0.000  0.000      0       nan           nan         nan         nan       nan       nan
       54        908       0   0.000  0.000      0       nan           nan         nan         nan       nan       nan
       54        909       0   0.000  0.000      0       nan           nan         nan         nan       nan       nan
       54        910       0   0.000  0.000      0       nan           nan         nan         nan       nan       nan
       54        911       0   0.000  0.000      0       nan           nan         nan         nan       nan       nan
       54        912       0   0.000  0.000      0       nan           nan         nan         nan       nan       nan
       54        913       0   0.000  0.000      0       nan           nan         nan         nan       nan       nan
       54        914       0   0.000  0.000      0       nan           nan         nan         nan       nan       nan
       54        915       0   0.000  0.000      0       nan           nan         nan         nan       nan       nan
       54        916       0   0.000  0.000      0       nan           nan         nan         nan       nan       nan
       54        917       0   0.000  0.000      0       nan           nan         nan         nan       nan       nan
       54        918       0   0.000  0.000      0       nan           nan         nan         nan       nan       nan
       54        919       0   0.000  0.000      0       nan           nan         nan         nan       nan       nan
       54        920       0   0.000  0.000      0       nan           nan         nan         nan       nan       nan
       54        921       0   0.000  0.000      0       nan           nan         nan         nan       nan       nan
       54        922       0   0.000  0.000      0       nan           nan         nan         nan       nan       nan
       54        923       0   0.000  0.000      0       nan           nan         nan         nan       nan       nan
       54        924       0   0.000  0.000      0       nan           nan         nan         nan       nan       nan
       54        925       0   0.000  0.000      0       nan           nan         nan         nan       nan       nan
       54        926       0   0.000  0.000      0       nan           nan         nan         nan       nan       nan
       54        927       0   0.000  0.000      0       nan           nan         nan         nan       nan       nan
       54        928       0   0.000  0.000      0       nan           nan         nan         nan       nan       nan
       54        929       0   0.000  0.000      0       nan           nan         nan         nan       nan       nan
       54        930       0   0.000  0.000      0       nan           nan         nan         nan       nan       nan
       54        931       0   0.000  0.000      0       nan           nan         nan         nan       nan       nan
       54        932       0   0.000  0.000      0       nan           nan         nan         nan       nan       nan
       54        933       0   0.000  0.000      0       nan           nan         nan         nan       nan       nan
       54        934       0   0.000  0.000      0       nan           nan         nan         nan       nan       nan
       54        935       0   0.000  0.000      0       nan           nan         nan         nan       nan       nan
       54        936       0   0.000  0.000      0       nan           nan         nan         nan       nan       nan
       54        937       0   0.000  0.000      0       nan           nan         nan         nan       nan       nan
       54        940       0   0.000  0.000      0       nan           nan         nan         nan       nan       nan
       54        941       0   0.000  0.000      0       nan           nan         nan         nan       nan       nan
       54        942       0   0.000  0.000      0       nan           nan         nan         nan       nan       nan
       54        943       0   0.000  0.000      0       nan           nan         nan         nan       nan       nan
       54        944       0   0.000  0.000      0       nan           nan         nan         nan       nan       nan
       54        946       0   0.000  0.000      0       nan           nan         nan         nan       nan       nan
       54        947       0   0.000  0.000      0       nan           nan         nan         nan       nan       nan
       54        948       0   0.000  0.000      0       nan           nan         nan         nan       nan       nan
       54        950       0   0.000  0.000      0       nan           nan         nan         nan       nan       nan
       54        951       0   0.000  0.000      0       nan           nan         nan         nan       nan       nan
       54        952       0   0.000  0.000      0       nan           nan         nan         nan       nan       nan
       54        954       0   0.000  0.000      0       nan           nan         nan         nan       nan       nan
       54        955       0   0.000  0.000      0       nan           nan         nan         nan       nan       nan
       54        956       0   0.000  0.000      0       nan           nan         nan         nan       nan       nan
       54        957       0   0.000  0.000      0       nan           nan         nan         nan       nan       nan
       54        958       0   0.000  0.000      0       nan           nan         nan         nan       nan       nan
       54        959       0   0.000  0.000      0       nan           nan         nan         nan       nan       nan
       54        960       0   0.000  0.000      0       nan           nan         nan         nan       nan       nan
       54        961       0   0.000  0.000      0       nan           nan         nan         nan       nan       nan
       54        962       0   0.000  0.000      0       nan           nan         nan         nan       nan       nan
       54        963       0   0.000  0.000      0       nan           nan         nan         nan       nan       nan
       54        964       0   0.000  0.000      0       nan           nan         nan         nan       nan       nan
       54        965       0   0.000  0.000      0       nan           nan         nan         nan       nan       nan
       54        966       0   0.000  0.000      0       nan           nan         nan         nan       nan       nan
       54        967       0   0.000  0.000      0       nan           nan         nan         nan       nan       nan
       54        968       0   0.000  0.000      0       nan           nan         nan         nan       nan       nan
       54        969       0   0.000  0.000      0       nan           nan         nan         nan       nan       nan
       54        970       0   0.000  0.000      0       nan           nan         nan         nan       nan       nan
       54        972       0   0.000  0.000      0       nan           nan         nan         nan       nan       nan
       54        973       0   0.000  0.000      0       nan           nan         nan         nan       nan       nan
       54        974       0   0.000  0.000      0       nan           nan         nan         nan       nan       nan
       54        975       0   0.000  0.000      0       nan           nan         nan         nan       nan       nan
       54        976       0   0.000  0.000      0       nan           nan         nan         nan       nan       nan
       54        977       0   0.000  0.000      0       nan           nan         nan         nan       nan       nan
       54        978       0   0.000  0.000      0       nan           nan         nan         nan       nan       nan
       54        979       0   0.000  0.000      0       nan           nan         nan         nan       nan       nan
       54        981       0   0.000  0.000      0       nan           nan         nan         nan       nan       nan
       54        982       0   0.000  0.000      0       nan           nan         nan         nan       nan       nan
       54        983       0   0.000  0.000      0       nan           nan         nan         nan       nan       nan
       54        984       0   0.000  0.000      0       nan           nan         nan         nan       nan       nan
       54        985       0   0.000  0.000      0       nan           nan         nan         nan       nan       nan
       54        986       0   0.000  0.000      0       nan           nan         nan         nan       nan       nan
       54        987       0   0.000  0.000      0       nan           nan         nan         nan       nan       nan
       54        988       0   0.000  0.000      0       nan           nan         nan         nan       nan       nan
       54        989       0   0.000  0.000      0       nan           nan         nan         nan       nan       nan
       54        990       0   0.000  0.000      0       nan           nan         nan         nan       nan       nan
       54        991       0   0.000  0.000      0       nan           nan         nan         nan       nan       nan
       54        992       0   0.000  0.000      0       nan           nan         nan         nan       nan       nan
       54        993       0   0.000  0.000      0       nan           nan         nan         nan       nan       nan
       54        994       0   0.000  0.000      0       nan           nan         nan         nan       nan       nan
       54        995       0   0.000  0.000      0       nan           nan         nan         nan       nan       nan
       54        997       0   0.000  0.000      0       nan           nan         nan         nan       nan       nan
       54        998       0   0.000  0.000      0       nan           nan         nan         nan       nan       nan
       54        999       0   0.000  0.000      0       nan           nan         nan         nan       nan       nan
       54       1000       0   0.000  0.000      0       nan           nan         nan         nan       nan       nan
       54       1001       0   0.000  0.000      0       nan           nan         nan         nan       nan       nan
       54       1002       0   0.000  0.000      0       nan           nan         nan         nan       nan       nan
       54       1003       0   0.000  0.000      0       nan           nan         nan         nan       nan       nan
       54       1004       0   0.000  0.000      0       nan           nan         nan         nan       nan       nan
       54       1005       0   0.000  0.000      0       nan           nan         nan         nan       nan       nan
       54       1006       0   0.000  0.000      0       nan           nan         nan         nan       nan       nan
       54       1007       0   0.000  0.000      0       nan           nan         nan         nan       nan       nan
       54       1008       0   0.000  0.000      0       nan           nan         nan         nan       nan       nan
       54       1009       0   0.000  0.000      0       nan           nan         nan         nan       nan       nan
       54       1010       0   0.000  0.000      0       nan           nan         nan         nan       nan       nan
       54       1011       0   0.000  0.000      0       nan           nan         nan         nan       nan       nan
       54       1012       0   0.000  0.000      0       nan           nan         nan         nan       nan       nan
       54       1013       0   0.000  0.000      0       nan           nan         nan         nan       nan       nan
       54       1014       0   0.000  0.000      0       nan           nan         nan         nan       nan       nan
       54       1015       0   0.000  0.000      0       nan           nan         nan         nan       nan       nan
       54       1016       0   0.000  0.000      0       nan           nan         nan         nan       nan       nan
       54       1017       0   0.000  0.000      0       nan           nan         nan         nan       nan       nan
       54       1018       0   0.000  0.000      0       nan           nan         nan         nan       nan       nan
       54       1020       0   0.000  0.000      0       nan           nan         nan         nan       nan       nan
       54       1021       0   0.000  0.000      0       nan           nan         nan         nan       nan       nan
       54       1022       0   0.000  0.000      0       nan           nan         nan         nan       nan       nan
       54       1023       0   0.000  0.000      0       nan           nan         nan         nan       nan       nan
       54       1024       0   0.000  0.000      0       nan           nan         nan         nan       nan       nan
       54       1025       0   0.000  0.000      0       nan           nan         nan         nan       nan       nan
       54       1026       0   0.000  0.000      0       nan           nan         nan         nan       nan       nan
       54       1027       0   0.000  0.000      0       nan           nan         nan         nan       nan       nan
       54       1028       0   0.000  0.000      0       nan           nan         nan         nan       nan       nan
       54       1029       0   0.000  0.000      0       nan           nan         nan         nan       nan       nan
       54       1032       0   0.000  0.000      0       nan           nan         nan         nan       nan       nan
       54       1034       0   0.000  0.000      0       nan           nan         nan         nan       nan       nan
       54       1035       0   0.000  0.000      0       nan           nan         nan         nan       nan       nan
       54       1036       0   0.000  0.000      0       nan           nan         nan         nan       nan       nan
       54       1037       0   0.000  0.000      0       nan           nan         nan         nan       nan       nan
       54       1038       0   0.000  0.000      0       nan           nan         nan         nan       nan       nan
       54       1039       0   0.000  0.000      0       nan           nan         nan         nan       nan       nan
       54       1040       0   0.000  0.000      0       nan           nan         nan         nan       nan       nan
       54       1041       0   0.000  0.000      0       nan           nan         nan         nan       nan       nan
       54       1042       0   0.000  0.000      0       nan           nan         nan         nan       nan       nan
       54       1043       0   0.000  0.000      0       nan           nan         nan         nan       nan       nan
       54       1044       0   0.000  0.000      0       nan           nan         nan         nan       nan       nan
       54       1045       0   0.000  0.000      0       nan           nan         nan         nan       nan       nan
       54       1046       0   0.000  0.000      0       nan           nan         nan         nan       nan       nan
       54       1047       0   0.000  0.000      0       nan           nan         nan         nan       nan       nan
       54       1048       0   0.000  0.000      0       nan           nan         nan         nan       nan       nan
       54       1049       0   0.000  0.000      0       nan           nan         nan         nan       nan       nan
       54       1050       0   0.000  0.000      0       nan           nan         nan         nan       nan       nan
       54       1051       0   0.000  0.000      0       nan           nan         nan         nan       nan       nan
       54       1052       0   0.000  0.000      0       nan           nan         nan         nan       nan       nan
       54       1053       0   0.000  0.000      0       nan           nan         nan         nan       nan       nan
       54       1054       0   0.000  0.000      0       nan           nan         nan         nan       nan       nan
       54       1055       0   0.000  0.000      0       nan           nan         nan         nan       nan       nan
       54       1056       0   0.000  0.000      0       nan           nan         nan         nan       nan       nan
       54       1057       0   0.000  0.000      0       nan           nan         nan         nan       nan       nan
       54       1058       0   0.000  0.000      0       nan           nan         nan         nan       nan       nan
       54       1059       0   0.000  0.000      0       nan           nan         nan         nan       nan       nan
       54       1061       0   0.000  0.000      0       nan           nan         nan         nan       nan       nan
       54       1062       0   0.000  0.000      0       nan           nan         nan         nan       nan       nan
       54       1063       0   0.000  0.000      0       nan           nan         nan         nan       nan       nan
       54       1064       0   0.000  0.000      0       nan           nan         nan         nan       nan       nan
       54       1065       0   0.000  0.000      0       nan           nan         nan         nan       nan       nan
       54       1066       0   0.000  0.000      0       nan           nan         nan         nan       nan       nan
       54       1067       0   0.000  0.000      0       nan           nan         nan         nan       nan       nan
       54       1068       0   0.000  0.000      0       nan           nan         nan         nan       nan       nan
       54       1069       0   0.000  0.000      0       nan           nan         nan         nan       nan       nan
       54       1070       0   0.000  0.000      0       nan           nan         nan         nan       nan       nan
       54       1071       0   0.000  0.000      0       nan           nan         nan         nan       nan       nan
       54       1072       0   0.000  0.000      0       nan           nan         nan         nan       nan       nan
       54       1073       0   0.000  0.000      0       nan           nan         nan         nan       nan       nan
       54       1074       0   0.000  0.000      0       nan           nan         nan         nan       nan       nan
       54       1075       0   0.000  0.000      0       nan           nan         nan         nan       nan       nan
       54       1076       0   0.000  0.000      0       nan           nan         nan         nan       nan       nan
       54       1077       0   0.000  0.000      0       nan           nan         nan         nan       nan       nan
       54       1078       0   0.000  0.000      0       nan           nan         nan         nan       nan       nan
       54       1079       0   0.000  0.000      0       nan           nan         nan         nan       nan       nan
       54       1080       0   0.000  0.000      0       nan           nan         nan         nan       nan       nan
       54       1081       0   0.000  0.000      0       nan           nan         nan         nan       nan       nan
       54       1082       0   0.000  0.000      0       nan           nan         nan         nan       nan       nan
       54       1083       0   0.000  0.000      0       nan           nan         nan         nan       nan       nan
       54       1084       0   0.000  0.000      0       nan           nan         nan         nan       nan       nan
       54       1085       0   0.000  0.000      0       nan           nan         nan         nan       nan       nan
       54       1087       0   0.000  0.000      0       nan           nan         nan         nan       nan       nan
       54       1088       0   0.000  0.000      0       nan           nan         nan         nan       nan       nan
       54       1089       0   0.000  0.000      0       nan           nan         nan         nan       nan       nan
       54       1090       0   0.000  0.000      0       nan           nan         nan         nan       nan       nan
       54       1091       0   0.000  0.000      0       nan           nan         nan         nan       nan       nan
       54       1093       0   0.000  0.000      0       nan           nan         nan         nan       nan       nan
       54       1094       0   0.000  0.000      0       nan           nan         nan         nan       nan       nan
       55        734       0   0.085  0.171   1088     2.000           0.0        80.0        80.0      49.4      24.7
       55        705       0   0.048  0.099   4248     1.834           0.1        80.1        80.0      49.4      90.5
       55        708       0   0.045  0.090   1924     1.542           0.3        80.3        80.0      49.4      76.1
       55        760       0   0.019  0.172   1388     1.297           5.8        80.0        74.2      49.4      38.1
       55        715       0   0.015  0.099   1016     2.378           1.9        80.0        78.1      49.4      20.7
       55        737       0   0.008  0.119   1508     1.297          10.0        80.0        90.0      49.4      38.1
       55        722       0   0.007  0.129   2492     1.682          10.2        80.2        70.0      49.4      83.0
       55        738       1   0.006  0.073    716     1.189          10.0        80.0        70.0      49.4      41.5
       55        730       0   0.005  0.116   1276     2.000          10.0        80.0        90.0      49.4      24.7
       55        710       0   0.005  0.096   1984     1.000          20.0        80.0       100.0      45.3      45.3
       55        757       0   0.004  0.048    600     1.091          10.0        80.0        70.0      49.4      45.3
       55        803       0   0.003  0.054    324     1.414          10.0        80.0        90.0      49.4      69.8
       55        731       0   0.003  0.159   2664     2.481          19.8        80.2       100.0      47.3     117.4
       55        918       0   0.003  0.154    748     1.297          39.5        80.5       120.0      45.3      34.9
       55        701       0   0.003  0.207   4772     1.189          63.0        80.1       143.1      49.4      58.7
       55        703       0   0.003  0.079   2972     1.000          29.7        80.2       109.9      49.4      49.4
       55        704       0   0.003  0.116   3196     1.297          34.0        80.2       114.2      49.4      64.0
       55        777       0   0.002  0.224   1540     1.189          89.6        80.4       170.0      49.4      58.7
       55        852       0   0.001  0.079    400     1.189          49.4        80.6       130.0      49.4      41.5
       55        699       0   0.001  0.087   4340     1.091          60.4        80.1       140.5      49.4      53.8
       55        939       0   0.001  0.028    148     1.091          20.0        80.0        60.0      49.4      45.3
       55       1031       0   0.001  0.056    268     1.542          30.0        80.0        50.0      49.4      32.0
       55        789       0   0.001  0.061    376     1.834          30.1        80.0       110.1      49.4      90.5
       55        821       0   0.001  0.017     88     1.542          10.0        80.0        90.0      53.8      83.0
       55        762       0   0.001  0.087   1012     1.542          70.0        80.0       150.0      49.4      76.1
       55        716       0   0.001  0.026    284     1.542          20.0        80.0       100.0      45.3      29.3
       55        818       0   0.001  0.053    344     1.542          48.3        81.7       130.0      49.4      32.0
       55        899       0   0.001  0.031    200     1.834          30.0        80.0        50.0      49.4      26.9
       55        700       0   0.001  0.018    556     1.682          20.0        80.0       100.0      49.4      29.3
       55       1088       0   0.001  0.038    180     2.378          29.8        80.0       109.8      45.3      19.0
       55        835       0   0.000  0.037    216     1.297          80.0        80.0       160.0      53.8      69.8
       55        773       0   0.000  0.039    376     1.414          80.0        80.0         0.0      49.4      34.9
       55        784       0   0.000  0.030    204     1.189          78.2        81.8       160.0      49.4      41.5
       55        881       0   0.000  0.008     52     2.378          10.0        80.0        70.0      49.4      20.7
       55        706       0   0.000  0.015    228     1.297          40.0        80.0       120.0      49.4      38.1
       55        943       0   0.000  0.029    156     2.000          59.0        81.0       140.0      49.4      24.7
       55        719       0   0.000  0.000      4     1.000           0.0        80.0        80.0      53.8      53.8
       55       1086       0   0.000  0.021    108     1.542          70.0        80.0        10.0      49.4      32.0
       55       1030       0   0.000  0.021    120     2.181          50.0        80.0        30.0      49.4      22.6
       55        819       0   0.000  0.029    152     2.828          60.0        80.0       140.0      49.4      17.4
       55        808       0   0.000  0.021    160     2.378          60.0        80.0       140.0      49.4      20.7
       55        793       0   0.000  0.020    132     2.828          50.0        80.0       130.0      49.4      17.4
       55        869       0   0.000  0.012     68     1.189          82.2        82.2         0.0      49.4      58.7
       55        996       0   0.000  0.021    108     2.181          90.0        80.0       170.0      49.4      22.6
       55        998       0   0.000  0.015     84     2.181          70.0        80.0       150.0      49.4      22.6
       55        732       0   0.000  0.019    176     2.828          70.0        80.0       150.0      49.4      17.4
       55        756       0   0.000  0.008     44     3.084          40.0        80.0       120.0      49.4      16.0
       55       1060       0   0.000  0.009     48     2.378          70.0        80.0       150.0      53.8      22.6
       55        747       0   0.000  0.007     72     2.181          70.0        80.0       150.0      53.8      24.7
       55        891       0   0.000  0.002     12     2.378          80.0        80.0       160.0      49.4      20.7
       55        702       0   0.000  0.000      0       nan           nan         nan         nan       nan       nan
       55        707       0   0.000  0.000      0       nan           nan         nan         nan       nan       nan
       55        709       0   0.000  0.000      0       nan           nan         nan         nan       nan       nan
       55        711       0   0.000  0.000      0       nan           nan         nan         nan       nan       nan
       55        712       0   0.000  0.000      0       nan           nan         nan         nan       nan       nan
       55        713       0   0.000  0.000      0       nan           nan         nan         nan       nan       nan
       55        714       0   0.000  0.000      0       nan           nan         nan         nan       nan       nan
       55        717       0   0.000  0.000      0       nan           nan         nan         nan       nan       nan
       55        718       0   0.000  0.000      0       nan           nan         nan         nan       nan       nan
       55        720       0   0.000  0.000      0       nan           nan         nan         nan       nan       nan
       55        721       0   0.000  0.000      0       nan           nan         nan         nan       nan       nan
       55        723       0   0.000  0.000      0       nan           nan         nan         nan       nan       nan
       55        724       0   0.000  0.000      0       nan           nan         nan         nan       nan       nan
       55        725       0   0.000  0.000      0       nan           nan         nan         nan       nan       nan
       55        726       0   0.000  0.000      0       nan           nan         nan         nan       nan       nan
       55        727       0   0.000  0.000      0       nan           nan         nan         nan       nan       nan
       55        728       0   0.000  0.000      0       nan           nan         nan         nan       nan       nan
       55        729       0   0.000  0.000      0       nan           nan         nan         nan       nan       nan
       55        733       0   0.000  0.000      0       nan           nan         nan         nan       nan       nan
       55        735       0   0.000  0.000      0       nan           nan         nan         nan       nan       nan
       55        736       0   0.000  0.000      0       nan           nan         nan         nan       nan       nan
       55        739       0   0.000  0.000      0       nan           nan         nan         nan       nan       nan
       55        740       0   0.000  0.000      0       nan           nan         nan         nan       nan       nan
       55        741       0   0.000  0.000      0       nan           nan         nan         nan       nan       nan
       55        742       0   0.000  0.000      0       nan           nan         nan         nan       nan       nan
       55        743       0   0.000  0.000      0       nan           nan         nan         nan       nan       nan
       55        744       0   0.000  0.000      0       nan           nan         nan         nan       nan       nan
       55        745       0   0.000  0.000      0       nan           nan         nan         nan       nan       nan
       55        746       0   0.000  0.000      0       nan           nan         nan         nan       nan       nan
       55        748       0   0.000  0.000      0       nan           nan         nan         nan       nan       nan
       55        749       0   0.000  0.000      0       nan           nan         nan         nan       nan       nan
       55        750       0   0.000  0.000      0       nan           nan         nan         nan       nan       nan
       55        751       0   0.000  0.000      0       nan           nan         nan         nan       nan       nan
       55        752       0   0.000  0.000      0       nan           nan         nan         nan       nan       nan
       55        753       0   0.000  0.000      0       nan           nan         nan         nan       nan       nan
       55        754       0   0.000  0.000      0       nan           nan         nan         nan       nan       nan
       55        755       0   0.000  0.000      0       nan           nan         nan         nan       nan       nan
       55        758       0   0.000  0.000      0       nan           nan         nan         nan       nan       nan
       55        759       0   0.000  0.000      0       nan           nan         nan         nan       nan       nan
       55        761       0   0.000  0.000      0       nan           nan         nan         nan       nan       nan
       55        763       0   0.000  0.000      0       nan           nan         nan         nan       nan       nan
       55        764       0   0.000  0.000      0       nan           nan         nan         nan       nan       nan
       55        765       0   0.000  0.000      0       nan           nan         nan         nan       nan       nan
       55        766       0   0.000  0.000      0       nan           nan         nan         nan       nan       nan
       55        767       0   0.000  0.000      0       nan           nan         nan         nan       nan       nan
       55        768       0   0.000  0.000      0       nan           nan         nan         nan       nan       nan
       55        769       0   0.000  0.000      0       nan           nan         nan         nan       nan       nan
       55        770       0   0.000  0.000      0       nan           nan         nan         nan       nan       nan
       55        771       0   0.000  0.000      0       nan           nan         nan         nan       nan       nan
       55        772       0   0.000  0.000      0       nan           nan         nan         nan       nan       nan
       55        774       0   0.000  0.000      0       nan           nan         nan         nan       nan       nan
       55        775       0   0.000  0.000      0       nan           nan         nan         nan       nan       nan
       55        776       0   0.000  0.000      0       nan           nan         nan         nan       nan       nan
       55        778       0   0.000  0.000      0       nan           nan         nan         nan       nan       nan
       55        779       0   0.000  0.000      0       nan           nan         nan         nan       nan       nan
       55        780       0   0.000  0.000      0       nan           nan         nan         nan       nan       nan
       55        781       0   0.000  0.000      0       nan           nan         nan         nan       nan       nan
       55        782       0   0.000  0.000      0       nan           nan         nan         nan       nan       nan
       55        783       0   0.000  0.000      0       nan           nan         nan         nan       nan       nan
       55        785       0   0.000  0.000      0       nan           nan         nan         nan       nan       nan
       55        786       0   0.000  0.000      0       nan           nan         nan         nan       nan       nan
       55        787       0   0.000  0.000      0       nan           nan         nan         nan       nan       nan
       55        788       0   0.000  0.000      0       nan           nan         nan         nan       nan       nan
       55        790       0   0.000  0.000      0       nan           nan         nan         nan       nan       nan
       55        791       0   0.000  0.000      0       nan           nan         nan         nan       nan       nan
       55        792       0   0.000  0.000      0       nan           nan         nan         nan       nan       nan
       55        794       0   0.000  0.000      0       nan           nan         nan         nan       nan       nan
       55        795       0   0.000  0.000      0       nan           nan         nan         nan       nan       nan
       55        796       0   0.000  0.000      0       nan           nan         nan         nan       nan       nan
       55        797       0   0.000  0.000      0       nan           nan         nan         nan       nan       nan
       55        798       0   0.000  0.000      0       nan           nan         nan         nan       nan       nan
       55        799       0   0.000  0.000      0       nan           nan         nan         nan       nan       nan
       55        800       0   0.000  0.000      0       nan           nan         nan         nan       nan       nan
       55        801       0   0.000  0.000      0       nan           nan         nan         nan       nan       nan
       55        802       0   0.000  0.000      0       nan           nan         nan         nan       nan       nan
       55        804       0   0.000  0.000      0       nan           nan         nan         nan       nan       nan
       55        805       0   0.000  0.000      0       nan           nan         nan         nan       nan       nan
       55        806       0   0.000  0.000      0       nan           nan         nan         nan       nan       nan
       55        807       0   0.000  0.000      0       nan           nan         nan         nan       nan       nan
       55        809       0   0.000  0.000      0       nan           nan         nan         nan       nan       nan
       55        810       0   0.000  0.000      0       nan           nan         nan         nan       nan       nan
       55        811       0   0.000  0.000      0       nan           nan         nan         nan       nan       nan
       55        812       0   0.000  0.000      0       nan           nan         nan         nan       nan       nan
       55        813       0   0.000  0.000      0       nan           nan         nan         nan       nan       nan
       55        814       0   0.000  0.000      0       nan           nan         nan         nan       nan       nan
       55        815       0   0.000  0.000      0       nan           nan         nan         nan       nan       nan
       55        816       0   0.000  0.000      0       nan           nan         nan         nan       nan       nan
       55        817       0   0.000  0.000      0       nan           nan         nan         nan       nan       nan
       55        820       0   0.000  0.000      0       nan           nan         nan         nan       nan       nan
       55        822       0   0.000  0.000      0       nan           nan         nan         nan       nan       nan
       55        823       0   0.000  0.000      0       nan           nan         nan         nan       nan       nan
       55        824       0   0.000  0.000      0       nan           nan         nan         nan       nan       nan
       55        825       0   0.000  0.000      0       nan           nan         nan         nan       nan       nan
       55        826       0   0.000  0.000      0       nan           nan         nan         nan       nan       nan
       55        827       0   0.000  0.000      0       nan           nan         nan         nan       nan       nan
       55        828       0   0.000  0.000      0       nan           nan         nan         nan       nan       nan
       55        829       0   0.000  0.000      0       nan           nan         nan         nan       nan       nan
       55        830       0   0.000  0.000      0       nan           nan         nan         nan       nan       nan
       55        831       0   0.000  0.000      0       nan           nan         nan         nan       nan       nan
       55        832       0   0.000  0.000      0       nan           nan         nan         nan       nan       nan
       55        833       0   0.000  0.000      0       nan           nan         nan         nan       nan       nan
       55        834       0   0.000  0.000      0       nan           nan         nan         nan       nan       nan
       55        836       0   0.000  0.000      0       nan           nan         nan         nan       nan       nan
       55        837       0   0.000  0.000      0       nan           nan         nan         nan       nan       nan
       55        838       0   0.000  0.000      0       nan           nan         nan         nan       nan       nan
       55        839       0   0.000  0.000      0       nan           nan         nan         nan       nan       nan
       55        840       0   0.000  0.000      0       nan           nan         nan         nan       nan       nan
       55        841       0   0.000  0.000      0       nan           nan         nan         nan       nan       nan
       55        842       0   0.000  0.000      0       nan           nan         nan         nan       nan       nan
       55        843       0   0.000  0.000      0       nan           nan         nan         nan       nan       nan
       55        844       0   0.000  0.000      0       nan           nan         nan         nan       nan       nan
       55        845       0   0.000  0.000      0       nan           nan         nan         nan       nan       nan
       55        846       0   0.000  0.000      0       nan           nan         nan         nan       nan       nan
       55        847       0   0.000  0.000      0       nan           nan         nan         nan       nan       nan
       55        848       0   0.000  0.000      0       nan           nan         nan         nan       nan       nan
       55        849       0   0.000  0.000      0       nan           nan         nan         nan       nan       nan
       55        850       0   0.000  0.000      0       nan           nan         nan         nan       nan       nan
       55        851       0   0.000  0.000      0       nan           nan         nan         nan       nan       nan
       55        853       0   0.000  0.000      0       nan           nan         nan         nan       nan       nan
       55        854       0   0.000  0.000      0       nan           nan         nan         nan       nan       nan
       55        855       0   0.000  0.000      0       nan           nan         nan         nan       nan       nan
       55        856       0   0.000  0.000      0       nan           nan         nan         nan       nan       nan
       55        857       0   0.000  0.000      0       nan           nan         nan         nan       nan       nan
       55        858       0   0.000  0.000      0       nan           nan         nan         nan       nan       nan
       55        859       0   0.000  0.000      0       nan           nan         nan         nan       nan       nan
       55        860       0   0.000  0.000      0       nan           nan         nan         nan       nan       nan
       55        861       0   0.000  0.000      0       nan           nan         nan         nan       nan       nan
       55        862       0   0.000  0.000      0       nan           nan         nan         nan       nan       nan
       55        863       0   0.000  0.000      0       nan           nan         nan         nan       nan       nan
       55        864       0   0.000  0.000      0       nan           nan         nan         nan       nan       nan
       55        865       0   0.000  0.000      0       nan           nan         nan         nan       nan       nan
       55        866       0   0.000  0.000      0       nan           nan         nan         nan       nan       nan
       55        867       0   0.000  0.000      0       nan           nan         nan         nan       nan       nan
       55        868       0   0.000  0.000      0       nan           nan         nan         nan       nan       nan
       55        870       0   0.000  0.000      0       nan           nan         nan         nan       nan       nan
       55        871       0   0.000  0.000      0       nan           nan         nan         nan       nan       nan
       55        872       0   0.000  0.000      0       nan           nan         nan         nan       nan       nan
       55        873       0   0.000  0.000      0       nan           nan         nan         nan       nan       nan
       55        874       0   0.000  0.000      0       nan           nan         nan         nan       nan       nan
       55        875       0   0.000  0.000      0       nan           nan         nan         nan       nan       nan
       55        876       0   0.000  0.000      0       nan           nan         nan         nan       nan       nan
       55        877       0   0.000  0.000      0       nan           nan         nan         nan       nan       nan
       55        878       0   0.000  0.000      0       nan           nan         nan         nan       nan       nan
       55        879       0   0.000  0.000      0       nan           nan         nan         nan       nan       nan
       55        880       0   0.000  0.000      0       nan           nan         nan         nan       nan       nan
       55        882       0   0.000  0.000      0       nan           nan         nan         nan       nan       nan
       55        883       0   0.000  0.000      0       nan           nan         nan         nan       nan       nan
       55        884       0   0.000  0.000      0       nan           nan         nan         nan       nan       nan
       55        885       0   0.000  0.000      0       nan           nan         nan         nan       nan       nan
       55        886       0   0.000  0.000      0       nan           nan         nan         nan       nan       nan
       55        887       0   0.000  0.000      0       nan           nan         nan         nan       nan       nan
       55        888       0   0.000  0.000      0       nan           nan         nan         nan       nan       nan
       55        889       0   0.000  0.000      0       nan           nan         nan         nan       nan       nan
       55        890       0   0.000  0.000      0       nan           nan         nan         nan       nan       nan
       55        892       0   0.000  0.000      0       nan           nan         nan         nan       nan       nan
       55        893       0   0.000  0.000      0       nan           nan         nan         nan       nan       nan
       55        894       0   0.000  0.000      0       nan           nan         nan         nan       nan       nan
       55        895       0   0.000  0.000      0       nan           nan         nan         nan       nan       nan
       55        896       0   0.000  0.000      0       nan           nan         nan         nan       nan       nan
       55        897       0   0.000  0.000      0       nan           nan         nan         nan       nan       nan
       55        898       0   0.000  0.000      0       nan           nan         nan         nan       nan       nan
       55        900       0   0.000  0.000      0       nan           nan         nan         nan       nan       nan
       55        901       0   0.000  0.000      0       nan           nan         nan         nan       nan       nan
       55        902       0   0.000  0.000      0       nan           nan         nan         nan       nan       nan
       55        903       0   0.000  0.000      0       nan           nan         nan         nan       nan       nan
       55        904       0   0.000  0.000      0       nan           nan         nan         nan       nan       nan
       55        905       0   0.000  0.000      0       nan           nan         nan         nan       nan       nan
       55        906       0   0.000  0.000      0       nan           nan         nan         nan       nan       nan
       55        907       0   0.000  0.000      0       nan           nan         nan         nan       nan       nan
       55        908       0   0.000  0.000      0       nan           nan         nan         nan       nan       nan
       55        909       0   0.000  0.000      0       nan           nan         nan         nan       nan       nan
       55        910       0   0.000  0.000      0       nan           nan         nan         nan       nan       nan
       55        911       0   0.000  0.000      0       nan           nan         nan         nan       nan       nan
       55        912       0   0.000  0.000      0       nan           nan         nan         nan       nan       nan
       55        913       0   0.000  0.000      0       nan           nan         nan         nan       nan       nan
       55        914       0   0.000  0.000      0       nan           nan         nan         nan       nan       nan
       55        915       0   0.000  0.000      0       nan           nan         nan         nan       nan       nan
       55        916       0   0.000  0.000      0       nan           nan         nan         nan       nan       nan
       55        917       0   0.000  0.000      0       nan           nan         nan         nan       nan       nan
       55        919       0   0.000  0.000      0       nan           nan         nan         nan       nan       nan
       55        920       0   0.000  0.000      0       nan           nan         nan         nan       nan       nan
       55        921       0   0.000  0.000      0       nan           nan         nan         nan       nan       nan
       55        922       0   0.000  0.000      0       nan           nan         nan         nan       nan       nan
       55        923       0   0.000  0.000      0       nan           nan         nan         nan       nan       nan
       55        924       0   0.000  0.000      0       nan           nan         nan         nan       nan       nan
       55        925       0   0.000  0.000      0       nan           nan         nan         nan       nan       nan
       55        926       0   0.000  0.000      0       nan           nan         nan         nan       nan       nan
       55        927       0   0.000  0.000      0       nan           nan         nan         nan       nan       nan
       55        928       0   0.000  0.000      0       nan           nan         nan         nan       nan       nan
       55        929       0   0.000  0.000      0       nan           nan         nan         nan       nan       nan
       55        930       0   0.000  0.000      0       nan           nan         nan         nan       nan       nan
       55        931       0   0.000  0.000      0       nan           nan         nan         nan       nan       nan
       55        932       0   0.000  0.000      0       nan           nan         nan         nan       nan       nan
       55        933       0   0.000  0.000      0       nan           nan         nan         nan       nan       nan
       55        934       0   0.000  0.000      0       nan           nan         nan         nan       nan       nan
       55        935       0   0.000  0.000      0       nan           nan         nan         nan       nan       nan
       55        936       0   0.000  0.000      0       nan           nan         nan         nan       nan       nan
       55        937       0   0.000  0.000      0       nan           nan         nan         nan       nan       nan
       55        938       0   0.000  0.000      0       nan           nan         nan         nan       nan       nan
       55        940       0   0.000  0.000      0       nan           nan         nan         nan       nan       nan
       55        941       0   0.000  0.000      0       nan           nan         nan         nan       nan       nan
       55        942       0   0.000  0.000      0       nan           nan         nan         nan       nan       nan
       55        944       0   0.000  0.000      0       nan           nan         nan         nan       nan       nan
       55        945       0   0.000  0.000      0       nan           nan         nan         nan       nan       nan
       55        946       0   0.000  0.000      0       nan           nan         nan         nan       nan       nan
       55        947       0   0.000  0.000      0       nan           nan         nan         nan       nan       nan
       55        948       0   0.000  0.000      0       nan           nan         nan         nan       nan       nan
       55        949       0   0.000  0.000      0       nan           nan         nan         nan       nan       nan
       55        950       0   0.000  0.000      0       nan           nan         nan         nan       nan       nan
       55        951       0   0.000  0.000      0       nan           nan         nan         nan       nan       nan
       55        952       0   0.000  0.000      0       nan           nan         nan         nan       nan       nan
       55        953       0   0.000  0.000      0       nan           nan         nan         nan       nan       nan
       55        954       0   0.000  0.000      0       nan           nan         nan         nan       nan       nan
       55        955       0   0.000  0.000      0       nan           nan         nan         nan       nan       nan
       55        956       0   0.000  0.000      0       nan           nan         nan         nan       nan       nan
       55        957       0   0.000  0.000      0       nan           nan         nan         nan       nan       nan
       55        958       0   0.000  0.000      0       nan           nan         nan         nan       nan       nan
       55        959       0   0.000  0.000      0       nan           nan         nan         nan       nan       nan
       55        960       0   0.000  0.000      0       nan           nan         nan         nan       nan       nan
       55        961       0   0.000  0.000      0       nan           nan         nan         nan       nan       nan
       55        962       0   0.000  0.000      0       nan           nan         nan         nan       nan       nan
       55        963       0   0.000  0.000      0       nan           nan         nan         nan       nan       nan
       55        964       0   0.000  0.000      0       nan           nan         nan         nan       nan       nan
       55        965       0   0.000  0.000      0       nan           nan         nan         nan       nan       nan
       55        966       0   0.000  0.000      0       nan           nan         nan         nan       nan       nan
       55        967       0   0.000  0.000      0       nan           nan         nan         nan       nan       nan
       55        968       0   0.000  0.000      0       nan           nan         nan         nan       nan       nan
       55        969       0   0.000  0.000      0       nan           nan         nan         nan       nan       nan
       55        970       0   0.000  0.000      0       nan           nan         nan         nan       nan       nan
       55        971       0   0.000  0.000      0       nan           nan         nan         nan       nan       nan
       55        972       0   0.000  0.000      0       nan           nan         nan         nan       nan       nan
       55        973       0   0.000  0.000      0       nan           nan         nan         nan       nan       nan
       55        974       0   0.000  0.000      0       nan           nan         nan         nan       nan       nan
       55        975       0   0.000  0.000      0       nan           nan         nan         nan       nan       nan
       55        976       0   0.000  0.000      0       nan           nan         nan         nan       nan       nan
       55        977       0   0.000  0.000      0       nan           nan         nan         nan       nan       nan
       55        978       0   0.000  0.000      0       nan           nan         nan         nan       nan       nan
       55        979       0   0.000  0.000      0       nan           nan         nan         nan       nan       nan
       55        980       0   0.000  0.000      0       nan           nan         nan         nan       nan       nan
       55        981       0   0.000  0.000      0       nan           nan         nan         nan       nan       nan
       55        982       0   0.000  0.000      0       nan           nan         nan         nan       nan       nan
       55        983       0   0.000  0.000      0       nan           nan         nan         nan       nan       nan
       55        984       0   0.000  0.000      0       nan           nan         nan         nan       nan       nan
       55        985       0   0.000  0.000      0       nan           nan         nan         nan       nan       nan
       55        986       0   0.000  0.000      0       nan           nan         nan         nan       nan       nan
       55        987       0   0.000  0.000      0       nan           nan         nan         nan       nan       nan
       55        988       0   0.000  0.000      0       nan           nan         nan         nan       nan       nan
       55        989       0   0.000  0.000      0       nan           nan         nan         nan       nan       nan
       55        990       0   0.000  0.000      0       nan           nan         nan         nan       nan       nan
       55        991       0   0.000  0.000      0       nan           nan         nan         nan       nan       nan
       55        992       0   0.000  0.000      0       nan           nan         nan         nan       nan       nan
       55        993       0   0.000  0.000      0       nan           nan         nan         nan       nan       nan
       55        994       0   0.000  0.000      0       nan           nan         nan         nan       nan       nan
       55        995       0   0.000  0.000      0       nan           nan         nan         nan       nan       nan
       55        997       0   0.000  0.000      0       nan           nan         nan         nan       nan       nan
       55        999       0   0.000  0.000      0       nan           nan         nan         nan       nan       nan
       55       1000       0   0.000  0.000      0       nan           nan         nan         nan       nan       nan
       55       1001       0   0.000  0.000      0       nan           nan         nan         nan       nan       nan
       55       1002       0   0.000  0.000      0       nan           nan         nan         nan       nan       nan
       55       1003       0   0.000  0.000      0       nan           nan         nan         nan       nan       nan
       55       1004       0   0.000  0.000      0       nan           nan         nan         nan       nan       nan
       55       1005       0   0.000  0.000      0       nan           nan         nan         nan       nan       nan
       55       1006       0   0.000  0.000      0       nan           nan         nan         nan       nan       nan
       55       1007       0   0.000  0.000      0       nan           nan         nan         nan       nan       nan
       55       1008       0   0.000  0.000      0       nan           nan         nan         nan       nan       nan
       55       1009       0   0.000  0.000      0       nan           nan         nan         nan       nan       nan
       55       1010       0   0.000  0.000      0       nan           nan         nan         nan       nan       nan
       55       1011       0   0.000  0.000      0       nan           nan         nan         nan       nan       nan
       55       1012       0   0.000  0.000      0       nan           nan         nan         nan       nan       nan
       55       1013       0   0.000  0.000      0       nan           nan         nan         nan       nan       nan
       55       1014       0   0.000  0.000      0       nan           nan         nan         nan       nan       nan
       55       1015       0   0.000  0.000      0       nan           nan         nan         nan       nan       nan
       55       1016       0   0.000  0.000      0       nan           nan         nan         nan       nan       nan
       55       1017       0   0.000  0.000      0       nan           nan         nan         nan       nan       nan
       55       1018       0   0.000  0.000      0       nan           nan         nan         nan       nan       nan
       55       1019       0   0.000  0.000      0       nan           nan         nan         nan       nan       nan
       55       1020       0   0.000  0.000      0       nan           nan         nan         nan       nan       nan
       55       1021       0   0.000  0.000      0       nan           nan         nan         nan       nan       nan
       55       1022       0   0.000  0.000      0       nan           nan         nan         nan       nan       nan
       55       1023       0   0.000  0.000      0       nan           nan         nan         nan       nan       nan
       55       1024       0   0.000  0.000      0       nan           nan         nan         nan       nan       nan
       55       1025       0   0.000  0.000      0       nan           nan         nan         nan       nan       nan
       55       1026       0   0.000  0.000      0       nan           nan         nan         nan       nan       nan
       55       1027       0   0.000  0.000      0       nan           nan         nan         nan       nan       nan
       55       1028       0   0.000  0.000      0       nan           nan         nan         nan       nan       nan
       55       1029       0   0.000  0.000      0       nan           nan         nan         nan       nan       nan
       55       1032       0   0.000  0.000      0       nan           nan         nan         nan       nan       nan
       55       1033       0   0.000  0.000      0       nan           nan         nan         nan       nan       nan
       55       1034       0   0.000  0.000      0       nan           nan         nan         nan       nan       nan
       55       1035       0   0.000  0.000      0       nan           nan         nan         nan       nan       nan
       55       1036       0   0.000  0.000      0       nan           nan         nan         nan       nan       nan
       55       1037       0   0.000  0.000      0       nan           nan         nan         nan       nan       nan
       55       1038       0   0.000  0.000      0       nan           nan         nan         nan       nan       nan
       55       1039       0   0.000  0.000      0       nan           nan         nan         nan       nan       nan
       55       1040       0   0.000  0.000      0       nan           nan         nan         nan       nan       nan
       55       1041       0   0.000  0.000      0       nan           nan         nan         nan       nan       nan
       55       1042       0   0.000  0.000      0       nan           nan         nan         nan       nan       nan
       55       1043       0   0.000  0.000      0       nan           nan         nan         nan       nan       nan
       55       1044       0   0.000  0.000      0       nan           nan         nan         nan       nan       nan
       55       1045       0   0.000  0.000      0       nan           nan         nan         nan       nan       nan
       55       1046       0   0.000  0.000      0       nan           nan         nan         nan       nan       nan
       55       1047       0   0.000  0.000      0       nan           nan         nan         nan       nan       nan
       55       1048       0   0.000  0.000      0       nan           nan         nan         nan       nan       nan
       55       1049       0   0.000  0.000      0       nan           nan         nan         nan       nan       nan
       55       1050       0   0.000  0.000      0       nan           nan         nan         nan       nan       nan
       55       1051       0   0.000  0.000      0       nan           nan         nan         nan       nan       nan
       55       1052       0   0.000  0.000      0       nan           nan         nan         nan       nan       nan
       55       1053       0   0.000  0.000      0       nan           nan         nan         nan       nan       nan
       55       1054       0   0.000  0.000      0       nan           nan         nan         nan       nan       nan
       55       1055       0   0.000  0.000      0       nan           nan         nan         nan       nan       nan
       55       1056       0   0.000  0.000      0       nan           nan         nan         nan       nan       nan
       55       1057       0   0.000  0.000      0       nan           nan         nan         nan       nan       nan
       55       1058       0   0.000  0.000      0       nan           nan         nan         nan       nan       nan
       55       1059       0   0.000  0.000      0       nan           nan         nan         nan       nan       nan
       55       1061       0   0.000  0.000      0       nan           nan         nan         nan       nan       nan
       55       1062       0   0.000  0.000      0       nan           nan         nan         nan       nan       nan
       55       1063       0   0.000  0.000      0       nan           nan         nan         nan       nan       nan
       55       1064       0   0.000  0.000      0       nan           nan         nan         nan       nan       nan
       55       1065       0   0.000  0.000      0       nan           nan         nan         nan       nan       nan
       55       1066       0   0.000  0.000      0       nan           nan         nan         nan       nan       nan
       55       1067       0   0.000  0.000      0       nan           nan         nan         nan       nan       nan
       55       1068       0   0.000  0.000      0       nan           nan         nan         nan       nan       nan
       55       1069       0   0.000  0.000      0       nan           nan         nan         nan       nan       nan
       55       1070       0   0.000  0.000      0       nan           nan         nan         nan       nan       nan
       55       1071       0   0.000  0.000      0       nan           nan         nan         nan       nan       nan
       55       1072       0   0.000  0.000      0       nan           nan         nan         nan       nan       nan
       55       1073       0   0.000  0.000      0       nan           nan         nan         nan       nan       nan
       55       1074       0   0.000  0.000      0       nan           nan         nan         nan       nan       nan
       55       1075       0   0.000  0.000      0       nan           nan         nan         nan       nan       nan
       55       1076       0   0.000  0.000      0       nan           nan         nan         nan       nan       nan
       55       1077       0   0.000  0.000      0       nan           nan         nan         nan       nan       nan
       55       1078       0   0.000  0.000      0       nan           nan         nan         nan       nan       nan
       55       1079       0   0.000  0.000      0       nan           nan         nan         nan       nan       nan
       55       1080       0   0.000  0.000      0       nan           nan         nan         nan       nan       nan
       55       1081       0   0.000  0.000      0       nan           nan         nan         nan       nan       nan
       55       1082       0   0.000  0.000      0       nan           nan         nan         nan       nan       nan
       55       1083       0   0.000  0.000      0       nan           nan         nan         nan       nan       nan
       55       1084       0   0.000  0.000      0       nan           nan         nan         nan       nan       nan
       55       1085       0   0.000  0.000      0       nan           nan         nan         nan       nan       nan
       55       1087       0   0.000  0.000      0       nan           nan         nan         nan       nan       nan
       55       1089       0   0.000  0.000      0       nan           nan         nan         nan       nan       nan
       55       1090       0   0.000  0.000      0       nan           nan         nan         nan       nan       nan
       55       1091       0   0.000  0.000      0       nan           nan         nan         nan       nan       nan
       55       1092       0   0.000  0.000      0       nan           nan         nan         nan       nan       nan
       55       1093       0   0.000  0.000      0       nan           nan         nan         nan       nan       nan
       55       1094       0   0.000  0.000      0       nan           nan         nan         nan       nan       nan
