cluster_a  cluster_c  passes  score    iou    inter  lam_ratio  ang_diff_deg  thetaA_deg  thetaC_deg  lamA_med  lamC_med
        9         26       1   0.395  0.660  76488     1.091           0.5       114.0       114.5      40.4      37.0
        9         27       0   0.077  0.492  77588     2.181           1.9       113.5       115.4      40.4      88.0
        9         28       0   0.076  0.463  47608     2.181           1.8       111.8       110.0      44.0      96.0
        9         25       0   0.075  0.514  92508     3.668           0.9       113.5       114.4      44.0     161.5
        9         32       0   0.048  0.509  76404     1.297           7.1       114.0       121.1      40.4      52.3
        9         30       0   0.046  0.364  37860     2.000           2.9       112.9       110.0      57.1     114.2
        9         39       0   0.033  0.153  14404     1.682           1.8       116.6       118.3      40.4      24.0
        9         35       1   0.027  0.365  34332     1.000          12.6       115.6       128.2      40.4      40.4
        9         33       0   0.023  0.195  18244     1.297           5.5       116.1       121.6      33.9      26.2
        9         29       0   0.022  0.371  50088     2.378           6.1       113.9       120.0      52.3     124.5
        9         66       0   0.021  0.078   7360     1.414           1.7       118.3       120.0      40.4      28.5
        9         44       0   0.017  0.022   2160     1.297           0.0       110.0       110.0      57.1      74.0
        9         54       0   0.016  0.059   5508     1.542           1.4       115.2       116.6      40.4      26.2
        9         63       0   0.015  0.150  14220     2.181           3.7       116.3       120.0      40.4      88.0
        9        138       0   0.014  0.017   1580     1.091           0.1       119.9       120.0      40.4      37.0
        9         38       0   0.013  0.127  12108     1.297           6.3       116.1       109.8      40.4      31.1
        9         34       0   0.012  0.125  11648     2.181           3.7       113.5       109.8      52.3      24.0
        9         43       0   0.010  0.132  12936     2.181           5.2       113.9       119.1      57.1      26.2
        9         64       0   0.009  0.114  10724     2.000           5.3       115.3       110.0      40.4      80.7
        9         84       1   0.009  0.110  10256     1.189           9.4       114.8       124.1      40.4      48.0
        9         48       1   0.007  0.097   9064     1.091          11.1       108.9       120.0      40.4      44.0
        9         46       0   0.006  0.346  33820     3.364          15.1       114.9       130.0      40.4     135.8
        9         65       1   0.006  0.068   6336     1.091           9.0       119.0       110.0      40.4      37.0
        9         31       0   0.006  0.362  60984     3.364          16.5       113.7       130.2      52.3     176.1
        9         41       0   0.005  0.039   3604     1.091           6.0       116.0       110.0      31.1      33.9
        9         62       0   0.005  0.047   4364     1.297           6.8       116.8       110.0      37.0      48.0
        9         88       0   0.004  0.050   4616     1.091          10.1       120.1       110.0      33.9      37.0
        9         80       0   0.004  0.006    540     1.414           0.0       120.0       120.0      40.4      28.5
        9        119       0   0.004  0.046   4216     1.000          10.6       110.6       100.0      52.3      52.3
        9         92       0   0.004  0.039   3648     1.091           8.2       118.2       110.0      40.4      44.0
        9         91       0   0.004  0.053   4860     1.297          10.5       117.6       128.1      40.4      31.1
        9         57       0   0.004  0.070   7844     1.091          17.2       112.8       130.0      57.1      62.2
        9         69       0   0.003  0.121  11228     2.378          14.3       114.3       100.0      40.4      96.0
        9         42       0   0.003  0.097  11360     1.682          16.6       112.3       128.9      52.3      31.1
        9        111       0   0.003  0.006    548     1.297           0.4       119.6       120.0      40.4      31.1
        9         52       0   0.003  0.049   4804     1.414          10.0       110.0       100.0      57.1      80.7
        9        109       0   0.003  0.023   2116     2.378           2.2       112.2       110.0      57.1      24.0
        9         70       0   0.003  0.039   3636     1.189          10.4       119.6       130.0      40.4      33.9
        9         37       0   0.003  0.035   3256     1.414           8.0       117.1       125.1      37.0      26.2
        9         67       0   0.002  0.054   4972     1.091          19.4       110.6       130.0      26.2      24.0
        9         76       0   0.002  0.037   3480     1.414           9.8       114.3       104.5      57.1      40.4
        9         77       0   0.002  0.046   4352     1.834          10.5       109.5       120.0      57.1      31.1
        9         71       0   0.002  0.070   6572     2.000          17.7       112.3       130.0      57.1      28.5
        9         55       0   0.002  0.026   2428     1.542           9.3       119.8       110.5      40.4      26.2
        9         40       0   0.002  0.015   1412     1.297           6.1       110.0       103.9      57.1      44.0
        9        128       0   0.002  0.032   3004     1.091          18.6       111.4       130.0      52.3      48.0
        9         60       0   0.001  0.027   2524     1.297          13.0       107.0       120.0      44.0      57.1
        9         36       0   0.001  0.030   2836     1.834          10.0       110.0       100.0      57.1      31.1
        9         51       0   0.001  0.112  10888     3.668          21.3       108.7       130.0      40.4     148.1
        9        125       0   0.001  0.021   1984     1.414          10.0       110.0       120.0      52.3      37.0
        9         81       0   0.001  0.033   3208     1.189          20.0       110.0       130.0      52.3      44.0
        9         50       0   0.001  0.086   8424     3.364          18.6       108.6        90.0      44.0     148.1
        9        113       0   0.001  0.015   1380     1.000          11.0       119.0       130.0      40.4      40.4
        9        124       0   0.001  0.086   7980     3.084          22.2       112.2        90.0      40.4     124.5
        9        136       0   0.001  0.013   1184     1.091           9.4       119.4       110.0      44.0      40.4
        9         58       0   0.001  0.015   1356     1.189          10.0       120.0       130.0      28.5      24.0
        9         98       0   0.001  0.028   2616     1.297          18.6       110.0       128.6      52.3      40.4
        9        100       0   0.001  0.018   1688     1.682           9.3       109.3       100.0      57.1      33.9
        9        134       0   0.001  0.026   2504     1.297          20.0       110.0        90.0      57.1      74.0
        9         56       0   0.001  0.018   1668     1.000          19.3       110.7       130.0      31.1      31.1
        9         89       0   0.001  0.017   1584     1.834          10.0       110.0       120.0      52.3      28.5
        9         53       0   0.001  0.025   2384     2.181          12.8       110.0        97.2      57.1      26.2
        9        103       0   0.001  0.011    980     1.189          10.0       120.0       130.0      28.5      24.0
        9        120       0   0.001  0.018   1672     1.000          21.3       108.7       130.0      37.0      37.0
        9         68       0   0.001  0.010    984     1.189          10.0       110.0       120.0      57.1      67.9
        9        121       0   0.001  0.016   1448     1.000          18.6       118.6       100.0      40.4      40.4
        9         49       0   0.001  0.003    456     4.000           0.0       110.0       110.0      57.1     228.3
        9        108       0   0.001  0.014   1280     1.682           9.8       119.8       110.0      40.4      24.0
        9         82       0   0.001  0.021   1936     1.414          18.7       108.6        89.9      37.0      26.2
        9         59       0   0.001  0.021   1908     2.378          10.7       112.3       123.0      57.1      24.0
        9         87       0   0.001  0.054   5932     2.181          37.6       112.4       150.0      52.3     114.2
        9         96       0   0.001  0.017   1564     1.297          20.0       120.0       100.0      40.4      31.1
        9        131       0   0.001  0.012   1084     1.834          10.0       110.0       100.0      57.1      31.1
        9        139       0   0.001  0.020   1852     1.834          19.5       110.0       129.5      52.3      28.5
        9        104       0   0.000  0.024   2312     1.297          39.2       110.8       150.0      57.1      74.0
        9        127       0   0.000  0.013   1224     1.414          19.9       110.1       130.0      57.1      40.4
        9         45       0   0.000  0.052   8184     4.000          28.2       111.8       140.0      52.3     209.4
        9         99       0   0.000  0.009    856     1.297          16.5       105.3        88.8      37.0      48.0
        9        122       0   0.000  0.009    876     1.682          15.4       115.4       100.0      40.4      24.0
        9        102       0   0.000  0.011   1036     1.542          20.1       110.0       130.1      57.1      37.0
        9        114       0   0.000  0.007    672     2.000          10.0       110.0       120.0      57.1      28.5
        9        117       0   0.000  0.005    508     1.682          10.1       119.9       130.0      40.4      24.0
        9        106       0   0.000  0.005    476     1.682          10.0       120.0       130.0      40.4      24.0
        9         95       0   0.000  0.012   1120     2.181          20.0       110.0       130.0      52.3      24.0
        9        107       0   0.000  0.009    828     1.682          20.0       110.0        90.0      57.1      33.9
        9         61       0   0.000  0.004    344     1.000          15.5       105.5        90.0      24.0      24.0
        9         79       0   0.000  0.004    416     1.682          11.1       110.0       121.1      57.1      96.0
        9        105       0   0.000  0.005    432     1.091          20.0       110.0       130.0      26.2      24.0
        9        123       0   0.000  0.008    728     2.000          18.9       111.1       130.0      57.1      28.5
        9         47       0   0.000  0.010   1408     2.000          29.0       110.0       139.0      52.3     104.7
        9        116       0   0.000  0.016   1468     4.757          19.6       109.6        90.0      24.0     114.2
        9        130       0   0.000  0.007    624     1.414          32.0       108.0       140.0      24.0      33.9
        9        115       0   0.000  0.006    556     2.000          25.3       104.7       130.0      52.3      26.2
        9        126       0   0.000  0.005    500     2.594          22.4       107.6       130.0      24.0      62.2
        9         73       0   0.000  0.002    236     3.084          10.0       110.0       100.0      52.3     161.5
        9         72       0   0.000  0.001    148     1.682          20.0       120.0       140.0      40.4      67.9
        9         74       0   0.000  0.000      0       nan           nan         nan         nan       nan       nan
        9         75       0   0.000  0.000      0       nan           nan         nan         nan       nan       nan
        9         78       0   0.000  0.000      0       nan           nan         nan         nan       nan       nan
        9         83       0   0.000  0.000      0       nan           nan         nan         nan       nan       nan
        9         85       0   0.000  0.000      0       nan           nan         nan         nan       nan       nan
        9         86       0   0.000  0.000      0       nan           nan         nan         nan       nan       nan
        9         90       0   0.000  0.000      0       nan           nan         nan         nan       nan       nan
        9         93       0   0.000  0.000      0       nan           nan         nan         nan       nan       nan
        9         94       0   0.000  0.000      0       nan           nan         nan         nan       nan       nan
        9         97       0   0.000  0.000      0       nan           nan         nan         nan       nan       nan
        9        101       0   0.000  0.000      0       nan           nan         nan         nan       nan       nan
        9        110       0   0.000  0.000      0       nan           nan         nan         nan       nan       nan
        9        112       0   0.000  0.000      0       nan           nan         nan         nan       nan       nan
        9        118       0   0.000  0.000      0       nan           nan         nan         nan       nan       nan
        9        129       0   0.000  0.000      0       nan           nan         nan         nan       nan       nan
        9        132       0   0.000  0.000      0       nan           nan         nan         nan       nan       nan
        9        133       0   0.000  0.000      0       nan           nan         nan         nan       nan       nan
        9        135       0   0.000  0.000      0       nan           nan         nan         nan       nan       nan
        9        137       0   0.000  0.000      0       nan           nan         nan         nan       nan       nan
       10         62       0   0.167  0.281   3632     1.682           0.0       110.0       110.0      28.5      48.0
       10         41       1   0.065  0.082   1204     1.189           0.1       109.9       110.0      28.5      33.9
       10         88       0   0.024  0.031    516     1.297           0.0       110.0       110.0      28.5      37.0
       10         26       1   0.019  0.119  11920     1.091           4.7       108.1       112.7      28.5      31.1
       10         28       0   0.013  0.153   9320     3.364           2.4       107.6       110.0      28.5      96.0
       10         33       1   0.011  0.163   4436     1.091          12.8       110.0       122.8      28.5      26.2
       10         67       0   0.008  0.202   2884     1.189          21.0       109.0       130.0      28.5      24.0
       10         35       0   0.008  0.220   8656     1.542          17.8       109.2       126.9      28.5      44.0
       10         48       0   0.006  0.157   2948     1.542          14.8       105.2       120.0      28.5      44.0
       10         39       0   0.004  0.035    944     1.189           5.9       110.0       115.9      28.5      24.0
       10         25       0   0.004  0.068  12212     5.657           1.9       108.1       110.0      28.5     161.5
       10        120       0   0.004  0.128   1572     1.297          24.7       105.3       130.0      28.5      37.0
       10         82       0   0.003  0.068    896     1.000          18.9       108.9        90.0      28.5      28.5
       10         37       0   0.003  0.076   1096     1.189          19.7       110.0       129.7      28.5      24.0
       10         60       0   0.003  0.078   1216     2.000          13.6       106.4       120.0      28.5      57.1
       10         27       0   0.003  0.086  12212     3.668           8.1       108.1       116.2      28.5     104.7
       10         32       0   0.002  0.083  11196     2.181          14.6       108.6       123.2      28.5      62.2
       10         51       0   0.002  0.308   6548     5.187          23.5       106.5       130.0      28.5     148.1
       10         50       0   0.002  0.185   4064     5.187          15.2       105.2        90.0      28.5     148.1
       10         99       0   0.002  0.053    660     1.682          14.6       103.1        88.4      28.5      48.0
       10         61       0   0.002  0.027    336     1.189          13.9       103.9        90.0      28.5      24.0
       10        116       0   0.001  0.117   1432     4.000          19.4       109.4        90.0      28.5     114.2
       10        105       0   0.001  0.035    432     1.189          20.0       110.0       130.0      28.5      24.0
       10        130       0   0.001  0.050    608     1.189          33.8       106.2       140.0      28.5      33.9
       10        115       0   0.001  0.024    296     1.091          20.0       110.0       130.0      28.5      26.2
       10        126       0   0.001  0.032    396     2.181          20.8       109.2       130.0      28.5      62.2
       10        103       0   0.001  0.013    172     1.189          20.0       110.0       130.0      28.5      24.0
       10         56       0   0.000  0.010    140     1.189          24.6       105.4       130.0      28.5      33.9
       10         84       0   0.000  0.010    240     1.682          20.0       110.0       130.0      28.5      48.0
       10         31       0   0.000  0.005    744     6.169          20.0       110.0       130.0      28.5     176.1
       10        124       0   0.000  0.001     28     4.362          20.0       110.0        90.0      28.5     124.5
       10         29       0   0.000  0.000      0       nan           nan         nan         nan       nan       nan
       10         30       0   0.000  0.000      0       nan           nan         nan         nan       nan       nan
       10         34       0   0.000  0.000      0       nan           nan         nan         nan       nan       nan
       10         36       0   0.000  0.000      0       nan           nan         nan         nan       nan       nan
       10         38       0   0.000  0.000      0       nan           nan         nan         nan       nan       nan
       10         40       0   0.000  0.000      0       nan           nan         nan         nan       nan       nan
       10         42       0   0.000  0.000      0       nan           nan         nan         nan       nan       nan
       10         43       0   0.000  0.000      0       nan           nan         nan         nan       nan       nan
       10         44       0   0.000  0.000      0       nan           nan         nan         nan       nan       nan
       10         45       0   0.000  0.000      0       nan           nan         nan         nan       nan       nan
       10         46       0   0.000  0.000      0       nan           nan         nan         nan       nan       nan
       10         47       0   0.000  0.000      0       nan           nan         nan         nan       nan       nan
       10         49       0   0.000  0.000      0       nan           nan         nan         nan       nan       nan
       10         52       0   0.000  0.000      0       nan           nan         nan         nan       nan       nan
       10         53       0   0.000  0.000      0       nan           nan         nan         nan       nan       nan
       10         54       0   0.000  0.000      0       nan           nan         nan         nan       nan       nan
       10         55       0   0.000  0.000      0       nan           nan         nan         nan       nan       nan
       10         57       0   0.000  0.000      0       nan           nan         nan         nan       nan       nan
       10         58       0   0.000  0.000      0       nan           nan         nan         nan       nan       nan
       10         59       0   0.000  0.000      0       nan           nan         nan         nan       nan       nan
       10         63       0   0.000  0.000      0       nan           nan         nan         nan       nan       nan
       10         64       0   0.000  0.000      0       nan           nan         nan         nan       nan       nan
       10         65       0   0.000  0.000      0       nan           nan         nan         nan       nan       nan
       10         66       0   0.000  0.000      0       nan           nan         nan         nan       nan       nan
       10         68       0   0.000  0.000      0       nan           nan         nan         nan       nan       nan
       10         69       0   0.000  0.000      0       nan           nan         nan         nan       nan       nan
       10         70       0   0.000  0.000      0       nan           nan         nan         nan       nan       nan
       10         71       0   0.000  0.000      0       nan           nan         nan         nan       nan       nan
       10         72       0   0.000  0.000      0       nan           nan         nan         nan       nan       nan
       10         73       0   0.000  0.000      0       nan           nan         nan         nan       nan       nan
       10         74       0   0.000  0.000      0       nan           nan         nan         nan       nan       nan
       10         75       0   0.000  0.000      0       nan           nan         nan         nan       nan       nan
       10         76       0   0.000  0.000      0       nan           nan         nan         nan       nan       nan
       10         77       0   0.000  0.000      0       nan           nan         nan         nan       nan       nan
       10         78       0   0.000  0.000      0       nan           nan         nan         nan       nan       nan
       10         79       0   0.000  0.000      0       nan           nan         nan         nan       nan       nan
       10         80       0   0.000  0.000      0       nan           nan         nan         nan       nan       nan
       10         81       0   0.000  0.000      0       nan           nan         nan         nan       nan       nan
       10         83       0   0.000  0.000      0       nan           nan         nan         nan       nan       nan
       10         85       0   0.000  0.000      0       nan           nan         nan         nan       nan       nan
       10         86       0   0.000  0.000      0       nan           nan         nan         nan       nan       nan
       10         87       0   0.000  0.000      0       nan           nan         nan         nan       nan       nan
       10         89       0   0.000  0.000      0       nan           nan         nan         nan       nan       nan
       10         90       0   0.000  0.000      0       nan           nan         nan         nan       nan       nan
       10         91       0   0.000  0.000      0       nan           nan         nan         nan       nan       nan
       10         92       0   0.000  0.000      0       nan           nan         nan         nan       nan       nan
       10         93       0   0.000  0.000      0       nan           nan         nan         nan       nan       nan
       10         94       0   0.000  0.000      0       nan           nan         nan         nan       nan       nan
       10         95       0   0.000  0.000      0       nan           nan         nan         nan       nan       nan
       10         96       0   0.000  0.000      0       nan           nan         nan         nan       nan       nan
       10         97       0   0.000  0.000      0       nan           nan         nan         nan       nan       nan
       10         98       0   0.000  0.000      0       nan           nan         nan         nan       nan       nan
       10        100       0   0.000  0.000      0       nan           nan         nan         nan       nan       nan
       10        101       0   0.000  0.000      0       nan           nan         nan         nan       nan       nan
       10        102       0   0.000  0.000      0       nan           nan         nan         nan       nan       nan
       10        104       0   0.000  0.000      0       nan           nan         nan         nan       nan       nan
       10        106       0   0.000  0.000      0       nan           nan         nan         nan       nan       nan
       10        107       0   0.000  0.000      0       nan           nan         nan         nan       nan       nan
       10        108       0   0.000  0.000      0       nan           nan         nan         nan       nan       nan
       10        109       0   0.000  0.000      0       nan           nan         nan         nan       nan       nan
       10        110       0   0.000  0.000      0       nan           nan         nan         nan       nan       nan
       10        111       0   0.000  0.000      0       nan           nan         nan         nan       nan       nan
       10        112       0   0.000  0.000      0       nan           nan         nan         nan       nan       nan
       10        113       0   0.000  0.000      0       nan           nan         nan         nan       nan       nan
       10        114       0   0.000  0.000      0       nan           nan         nan         nan       nan       nan
       10        117       0   0.000  0.000      0       nan           nan         nan         nan       nan       nan
       10        118       0   0.000  0.000      0       nan           nan         nan         nan       nan       nan
       10        119       0   0.000  0.000      0       nan           nan         nan         nan       nan       nan
       10        121       0   0.000  0.000      0       nan           nan         nan         nan       nan       nan
       10        122       0   0.000  0.000      0       nan           nan         nan         nan       nan       nan
       10        123       0   0.000  0.000      0       nan           nan         nan         nan       nan       nan
       10        125       0   0.000  0.000      0       nan           nan         nan         nan       nan       nan
       10        127       0   0.000  0.000      0       nan           nan         nan         nan       nan       nan
       10        128       0   0.000  0.000      0       nan           nan         nan         nan       nan       nan
       10        129       0   0.000  0.000      0       nan           nan         nan         nan       nan       nan
       10        131       0   0.000  0.000      0       nan           nan         nan         nan       nan       nan
       10        132       0   0.000  0.000      0       nan           nan         nan         nan       nan       nan
       10        133       0   0.000  0.000      0       nan           nan         nan         nan       nan       nan
       10        134       0   0.000  0.000      0       nan           nan         nan         nan       nan       nan
       10        135       0   0.000  0.000      0       nan           nan         nan         nan       nan       nan
       10        136       0   0.000  0.000      0       nan           nan         nan         nan       nan       nan
       10        137       0   0.000  0.000      0       nan           nan         nan         nan       nan       nan
       10        138       0   0.000  0.000      0       nan           nan         nan         nan       nan       nan
       10        139       0   0.000  0.000      0       nan           nan         nan         nan       nan       nan
       11         26       1   0.196  0.429  46360     1.189           0.8       117.2       116.3      31.1      37.0
       11         39       0   0.093  0.245  13876     1.297           1.0       119.9       118.8      31.1      24.0
       11         33       1   0.044  0.235  14060     1.189           3.4       117.7       121.2      31.1      26.2
       11         27       0   0.041  0.283  43488     2.378           1.9       117.2       115.4      31.1      74.0
       11         32       0   0.040  0.329  46724     1.682           3.9       117.4       121.4      31.1      52.3
       11         38       1   0.029  0.143   8696     1.091           3.5       113.2       109.7      33.9      31.1
       11         35       1   0.029  0.378  24800     1.189           9.9       119.0       128.9      31.1      37.0
       11        139       0   0.025  0.033   1792     1.091           0.2       129.7       129.9      26.2      28.5
       11         29       0   0.025  0.305  34396     3.668           2.4       117.6       120.0      33.9     124.5
       11         63       0   0.023  0.207  12212     2.594           2.5       117.5       120.0      33.9      88.0
       11         54       1   0.023  0.109   5960     1.091           3.4       119.9       116.5      24.0      26.2
       11        138       0   0.022  0.026   1400     1.091           0.1       119.9       120.0      33.9      37.0
       11         81       0   0.021  0.039   2336     1.542           0.2       129.8       130.0      28.5      44.0
       11         34       0   0.017  0.190  10668     1.414           6.8       116.9       110.1      33.9      24.0
       11         28       0   0.016  0.297  25732     3.084           5.1       115.1       110.0      31.1      96.0
       11         66       1   0.014  0.114   6444     1.189           5.7       114.3       120.0      33.9      28.5
       11         25       0   0.014  0.303  54548     5.187           3.3       118.2       114.9      31.1     161.5
       11         30       0   0.013  0.254  21096     3.364           4.7       114.7       110.0      33.9     114.2
       11         84       0   0.013  0.162   9212     1.542           7.4       116.3       123.7      31.1      48.0
       11        108       0   0.010  0.024   1308     1.414           0.6       110.6       110.0      33.9      24.0
       11         89       0   0.010  0.029   1596     1.189           1.4       121.4       120.0      24.0      28.5
       11         65       1   0.010  0.116   6320     1.091           9.6       119.6       110.0      33.9      37.0
       11         43       0   0.009  0.069   4684     1.297           4.6       115.4       120.0      33.9      26.2
       11         64       0   0.009  0.132   7792     2.378           5.0       115.0       110.0      33.9      80.7
       11         91       1   0.009  0.090   4888     1.091           8.1       120.0       128.1      33.9      31.1
       11         80       0   0.009  0.011    608     1.189           0.0       120.0       120.0      33.9      28.5
       11         42       1   0.009  0.062   5268     1.189           5.1       122.9       128.0      28.5      33.9
       11        128       0   0.007  0.056   3092     1.834           3.2       126.8       130.0      26.2      48.0
       11         59       0   0.007  0.035   1916     1.414           2.7       120.3       123.0      33.9      24.0
       11         46       0   0.006  0.368  25228     4.000          13.7       116.3       130.0      33.9     135.8
       11         88       1   0.006  0.069   3844     1.189           9.5       119.5       110.0      31.1      37.0
       11         98       0   0.006  0.027   1536     1.414           2.4       130.0       127.6      28.5      40.4
       11         92       0   0.005  0.064   3512     1.297           9.0       119.0       110.0      33.9      44.0
       11         55       0   0.005  0.021   1184     1.297           2.5       112.6       110.1      33.9      26.2
       11         70       1   0.004  0.068   3692     1.000          14.7       115.3       130.0      33.9      33.9
       11         69       0   0.004  0.190  10528     2.828          15.8       115.8       100.0      33.9      96.0
       11         31       0   0.004  0.292  43364     5.657          12.0       118.0       130.0      31.1     176.1
       11        109       0   0.004  0.005    296     1.414           0.0       110.0       110.0      33.9      24.0
       11         48       0   0.004  0.053   3232     1.542           8.4       111.6       120.0      28.5      44.0
       11         77       0   0.004  0.043   2500     1.091          10.0       110.0       120.0      28.5      31.1
       11         62       0   0.003  0.047   2632     1.542          10.0       120.0       110.0      31.1      48.0
       11        119       0   0.003  0.068   3752     1.682          14.9       114.9       100.0      31.1      52.3
       11         57       0   0.002  0.044   3476     2.181           7.1       122.9       130.0      28.5      62.2
       11         41       0   0.002  0.027   1552     1.091          10.0       120.0       110.0      31.1      33.9
       11        121       0   0.002  0.026   1424     1.189          10.0       110.0       100.0      33.9      40.4
       11         95       0   0.002  0.021   1120     1.000           9.8       120.2       130.0      24.0      24.0
       11        113       0   0.002  0.025   1380     1.189          10.6       119.4       130.0      33.9      40.4
       11         58       0   0.002  0.025   1356     1.297          10.0       120.0       130.0      31.1      24.0
       11         96       0   0.002  0.029   1564     1.091          14.5       114.5       100.0      33.9      31.1
       11        127       0   0.002  0.021   1164     1.189          10.0       120.0       130.0      33.9      40.4
       11         76       0   0.002  0.031   1828     1.189          15.5       115.5       100.0      33.9      40.4
       11         67       0   0.001  0.021   1228     1.297          10.2       119.8       130.0      31.1      24.0
       11         37       0   0.001  0.018   1024     1.297           9.5       120.0       129.5      31.1      24.0
       11        103       0   0.001  0.018    980     1.297          10.0       120.0       130.0      31.1      24.0
       11        123       0   0.001  0.014    748     1.189           9.0       121.0       130.0      33.9      28.5
       11        124       0   0.001  0.116   6516     3.668          26.9       116.9        90.0      33.9     124.5
       11        117       0   0.001  0.011    624     1.000          10.0       120.0       130.0      24.0      24.0
       11         71       0   0.001  0.018   1092     1.189          14.1       115.9       130.0      33.9      28.5
       11        131       0   0.001  0.012    648     1.091          10.3       110.3       100.0      28.5      31.1
       11        136       0   0.001  0.006    336     1.189           4.5       114.5       110.0      33.9      40.4
       11        125       0   0.001  0.013    724     1.297          10.0       130.0       120.0      28.5      37.0
       11        106       0   0.001  0.009    488     1.091          10.0       120.0       130.0      26.2      24.0
       11        111       0   0.001  0.007    368     1.091          10.0       110.0       120.0      33.9      31.1
       11        122       0   0.001  0.016    876     1.414          20.0       120.0       100.0      33.9      24.0
       11        100       0   0.001  0.007    384     1.189          10.0       110.0       100.0      28.5      33.9
       11         87       0   0.000  0.039   2952     4.000          24.8       125.2       150.0      28.5     114.2
       11         45       0   0.000  0.038   4680     7.336          13.5       126.5       140.0      28.5     209.4
       11         82       0   0.000  0.012    668     1.297          30.1       120.0        89.9      31.1      24.0
       11         51       0   0.000  0.014    980     4.757          10.0       120.0       130.0      31.1     148.1
       11         47       0   0.000  0.005    512     3.668          10.1       129.9       140.0      28.5     104.7
       11         72       0   0.000  0.004    244     2.000          20.0       120.0       140.0      33.9      67.9
       11         52       0   0.000  0.001     64     2.828          10.0       110.0       100.0      28.5      80.7
       11        104       0   0.000  0.001     92     2.181          30.0       120.0       150.0      33.9      74.0
       11         50       0   0.000  0.002    108     5.187          20.0       110.0        90.0      28.5     148.1
       11         49       0   0.000  0.000     28     6.727          10.0       120.0       110.0      33.9     228.3
       11         36       0   0.000  0.000      0       nan           nan         nan         nan       nan       nan
       11         40       0   0.000  0.000      0       nan           nan         nan         nan       nan       nan
       11         44       0   0.000  0.000      0       nan           nan         nan         nan       nan       nan
       11         53       0   0.000  0.000      0       nan           nan         nan         nan       nan       nan
       11         56       0   0.000  0.000      0       nan           nan         nan         nan       nan       nan
       11         60       0   0.000  0.000      0       nan           nan         nan         nan       nan       nan
       11         61       0   0.000  0.000      0       nan           nan         nan         nan       nan       nan
       11         68       0   0.000  0.000      0       nan           nan         nan         nan       nan       nan
       11         73       0   0.000  0.000      0       nan           nan         nan         nan       nan       nan
       11         74       0   0.000  0.000      0       nan           nan         nan         nan       nan       nan
       11         75       0   0.000  0.000      0       nan           nan         nan         nan       nan       nan
       11         78       0   0.000  0.000      0       nan           nan         nan         nan       nan       nan
       11         79       0   0.000  0.000      0       nan           nan         nan         nan       nan       nan
       11         83       0   0.000  0.000      0       nan           nan         nan         nan       nan       nan
       11         85       0   0.000  0.000      0       nan           nan         nan         nan       nan       nan
       11         86       0   0.000  0.000      0       nan           nan         nan         nan       nan       nan
       11         90       0   0.000  0.000      0       nan           nan         nan         nan       nan       nan
       11         93       0   0.000  0.000      0       nan           nan         nan         nan       nan       nan
       11         94       0   0.000  0.000      0       nan           nan         nan         nan       nan       nan
       11         97       0   0.000  0.000      0       nan           nan         nan         nan       nan       nan
       11         99       0   0.000  0.000      0       nan           nan         nan         nan       nan       nan
       11        101       0   0.000  0.000      0       nan           nan         nan         nan       nan       nan
       11        102       0   0.000  0.000      0       nan           nan         nan         nan       nan       nan
       11        105       0   0.000  0.000      0       nan           nan         nan         nan       nan       nan
       11        107       0   0.000  0.000      0       nan           nan         nan         nan       nan       nan
       11        110       0   0.000  0.000      0       nan           nan         nan         nan       nan       nan
       11        112       0   0.000  0.000      0       nan           nan         nan         nan       nan       nan
       11        114       0   0.000  0.000      0       nan           nan         nan         nan       nan       nan
       11        115       0   0.000  0.000      0       nan           nan         nan         nan       nan       nan
       11        116       0   0.000  0.000      0       nan           nan         nan         nan       nan       nan
       11        118       0   0.000  0.000      0       nan           nan         nan         nan       nan       nan
       11        120       0   0.000  0.000      0       nan           nan         nan         nan       nan       nan
       11        126       0   0.000  0.000      0       nan           nan         nan         nan       nan       nan
       11        129       0   0.000  0.000      0       nan           nan         nan         nan       nan       nan
       11        130       0   0.000  0.000      0       nan           nan         nan         nan       nan       nan
       11        132       0   0.000  0.000      0       nan           nan         nan         nan       nan       nan
       11        133       0   0.000  0.000      0       nan           nan         nan         nan       nan       nan
       11        134       0   0.000  0.000      0       nan           nan         nan         nan       nan       nan
       11        135       0   0.000  0.000      0       nan           nan         nan         nan       nan       nan
       11        137       0   0.000  0.000      0       nan           nan         nan         nan       nan       nan
       12         34       1   0.193  0.274   4260     1.000           0.4       109.7       110.2      24.0      24.0
       12         38       0   0.058  0.236   4304     1.297           2.1       107.8       110.0      24.0      31.1
       12        119       0   0.033  0.182   1796     1.682           2.3       102.3       100.0      31.1      52.3
       12         76       0   0.017  0.021    276     1.189           0.0       100.0       100.0      33.9      40.4
       12         96       1   0.015  0.058    496     1.091           2.6       102.6       100.0      33.9      31.1
       12         66       1   0.013  0.218   2868     1.189          12.9       107.1       120.0      24.0      28.5
       12         69       0   0.010  0.256   3856     4.000           5.4       105.4       100.0      24.0      96.0
       12        121       0   0.008  0.088    720     1.682           5.4       105.4       100.0      24.0      40.4
       12        131       0   0.008  0.111    852     1.297          10.0       110.0       100.0      24.0      31.1
       12         28       0   0.008  0.128   7424     4.000           3.2       106.8       110.0      24.0      96.0
       12         26       0   0.008  0.074   7424     1.542           5.3       106.8       112.1      24.0      37.0
       12         30       0   0.008  0.150   7424     4.757           3.2       106.8       110.0      24.0     114.2
       12         33       1   0.007  0.103   2508     1.091          11.6       108.4       120.0      24.0      26.2
       12         70       0   0.006  0.152   1468     1.000          25.5       104.5       130.0      33.9      33.9
       12        124       0   0.004  0.230   2912     4.000          14.1       104.1        90.0      31.1     124.5
       12        100       0   0.003  0.051    484     1.414          10.0       110.0       100.0      24.0      33.9
       12         43       0   0.003  0.042   1024     1.091          14.3       105.7       120.0      24.0      26.2
       12         77       0   0.002  0.037    488     1.000          15.1       104.9       120.0      31.1      31.1
       12         32       0   0.002  0.055   7352     2.181          11.9       106.8       118.6      24.0      52.3
       12        122       0   0.002  0.020    164     1.000          10.0       110.0       100.0      24.0      24.0
       12         27       0   0.002  0.052   7424     4.362           6.0       106.8       112.8      24.0     104.7
       12         25       0   0.001  0.041   7424     6.727           3.2       106.8       110.0      24.0     161.5
       12         64       0   0.001  0.027    528     2.378           9.4       100.6       110.0      33.9      80.7
       12         46       0   0.001  0.139   5684     5.657          24.2       105.8       130.0      24.0     135.8
       12         48       0   0.001  0.025    420     1.414          17.8       102.2       120.0      31.1      44.0
       12         29       0   0.001  0.069   6496     5.187          13.6       106.4       120.0      24.0     124.5
       12        108       0   0.001  0.013    112     1.414          10.0       100.0       110.0      33.9      24.0
       12         84       0   0.000  0.021    392     2.000          23.4       106.6       130.0      24.0      48.0
       12         55       0   0.000  0.006     68     1.414          10.0       100.0       110.0      37.0      26.2
       12         31       0   0.000  0.051   7020     6.727          23.4       106.6       130.0      24.0     161.5
       12         63       0   0.000  0.014    324     2.594          20.0       100.0       120.0      33.9      88.0
       12         35       0   0.000  0.006    260     1.297          27.1       102.9       130.0      31.1      40.4
       12         39       0   0.000  0.002     48     1.189          10.0       100.0       110.0      31.1      26.2
       12         50       0   0.000  0.001     24     6.169          20.0       110.0        90.0      24.0     148.1
       12         36       0   0.000  0.000      0       nan           nan         nan         nan       nan       nan
       12         37       0   0.000  0.000      0       nan           nan         nan         nan       nan       nan
       12         40       0   0.000  0.000      0       nan           nan         nan         nan       nan       nan
       12         41       0   0.000  0.000      0       nan           nan         nan         nan       nan       nan
       12         42       0   0.000  0.000      0       nan           nan         nan         nan       nan       nan
       12         44       0   0.000  0.000      0       nan           nan         nan         nan       nan       nan
       12         45       0   0.000  0.000      0       nan           nan         nan         nan       nan       nan
       12         47       0   0.000  0.000      0       nan           nan         nan         nan       nan       nan
       12         49       0   0.000  0.000      0       nan           nan         nan         nan       nan       nan
       12         51       0   0.000  0.000      0       nan           nan         nan         nan       nan       nan
       12         52       0   0.000  0.000      0       nan           nan         nan         nan       nan       nan
       12         53       0   0.000  0.000      0       nan           nan         nan         nan       nan       nan
       12         54       0   0.000  0.000      0       nan           nan         nan         nan       nan       nan
       12         56       0   0.000  0.000      0       nan           nan         nan         nan       nan       nan
       12         57       0   0.000  0.000      0       nan           nan         nan         nan       nan       nan
       12         58       0   0.000  0.000      0       nan           nan         nan         nan       nan       nan
       12         59       0   0.000  0.000      0       nan           nan         nan         nan       nan       nan
       12         60       0   0.000  0.000      0       nan           nan         nan         nan       nan       nan
       12         61       0   0.000  0.000      0       nan           nan         nan         nan       nan       nan
       12         62       0   0.000  0.000      0       nan           nan         nan         nan       nan       nan
       12         65       0   0.000  0.000      0       nan           nan         nan         nan       nan       nan
       12         67       0   0.000  0.000      0       nan           nan         nan         nan       nan       nan
       12         68       0   0.000  0.000      0       nan           nan         nan         nan       nan       nan
       12         71       0   0.000  0.000      0       nan           nan         nan         nan       nan       nan
       12         72       0   0.000  0.000      0       nan           nan         nan         nan       nan       nan
       12         73       0   0.000  0.000      0       nan           nan         nan         nan       nan       nan
       12         74       0   0.000  0.000      0       nan           nan         nan         nan       nan       nan
       12         75       0   0.000  0.000      0       nan           nan         nan         nan       nan       nan
       12         78       0   0.000  0.000      0       nan           nan         nan         nan       nan       nan
       12         79       0   0.000  0.000      0       nan           nan         nan         nan       nan       nan
       12         80       0   0.000  0.000      0       nan           nan         nan         nan       nan       nan
       12         81       0   0.000  0.000      0       nan           nan         nan         nan       nan       nan
       12         82       0   0.000  0.000      0       nan           nan         nan         nan       nan       nan
       12         83       0   0.000  0.000      0       nan           nan         nan         nan       nan       nan
       12         85       0   0.000  0.000      0       nan           nan         nan         nan       nan       nan
       12         86       0   0.000  0.000      0       nan           nan         nan         nan       nan       nan
       12         87       0   0.000  0.000      0       nan           nan         nan         nan       nan       nan
       12         88       0   0.000  0.000      0       nan           nan         nan         nan       nan       nan
       12         89       0   0.000  0.000      0       nan           nan         nan         nan       nan       nan
       12         90       0   0.000  0.000      0       nan           nan         nan         nan       nan       nan
       12         91       0   0.000  0.000      0       nan           nan         nan         nan       nan       nan
       12         92       0   0.000  0.000      0       nan           nan         nan         nan       nan       nan
       12         93       0   0.000  0.000      0       nan           nan         nan         nan       nan       nan
       12         94       0   0.000  0.000      0       nan           nan         nan         nan       nan       nan
       12         95       0   0.000  0.000      0       nan           nan         nan         nan       nan       nan
       12         97       0   0.000  0.000      0       nan           nan         nan         nan       nan       nan
       12         98       0   0.000  0.000      0       nan           nan         nan         nan       nan       nan
       12         99       0   0.000  0.000      0       nan           nan         nan         nan       nan       nan
       12        101       0   0.000  0.000      0       nan           nan         nan         nan       nan       nan
       12        102       0   0.000  0.000      0       nan           nan         nan         nan       nan       nan
       12        103       0   0.000  0.000      0       nan           nan         nan         nan       nan       nan
       12        104       0   0.000  0.000      0       nan           nan         nan         nan       nan       nan
       12        105       0   0.000  0.000      0       nan           nan         nan         nan       nan       nan
       12        106       0   0.000  0.000      0       nan           nan         nan         nan       nan       nan
       12        107       0   0.000  0.000      0       nan           nan         nan         nan       nan       nan
       12        109       0   0.000  0.000      0       nan           nan         nan         nan       nan       nan
       12        110       0   0.000  0.000      0       nan           nan         nan         nan       nan       nan
       12        111       0   0.000  0.000      0       nan           nan         nan         nan       nan       nan
       12        112       0   0.000  0.000      0       nan           nan         nan         nan       nan       nan
       12        113       0   0.000  0.000      0       nan           nan         nan         nan       nan       nan
       12        114       0   0.000  0.000      0       nan           nan         nan         nan       nan       nan
       12        115       0   0.000  0.000      0       nan           nan         nan         nan       nan       nan
       12        116       0   0.000  0.000      0       nan           nan         nan         nan       nan       nan
       12        117       0   0.000  0.000      0       nan           nan         nan         nan       nan       nan
       12        118       0   0.000  0.000      0       nan           nan         nan         nan       nan       nan
       12        120       0   0.000  0.000      0       nan           nan         nan         nan       nan       nan
       12        123       0   0.000  0.000      0       nan           nan         nan         nan       nan       nan
       12        125       0   0.000  0.000      0       nan           nan         nan         nan       nan       nan
       12        126       0   0.000  0.000      0       nan           nan         nan         nan       nan       nan
       12        127       0   0.000  0.000      0       nan           nan         nan         nan       nan       nan
       12        128       0   0.000  0.000      0       nan           nan         nan         nan       nan       nan
       12        129       0   0.000  0.000      0       nan           nan         nan         nan       nan       nan
       12        130       0   0.000  0.000      0       nan           nan         nan         nan       nan       nan
       12        132       0   0.000  0.000      0       nan           nan         nan         nan       nan       nan
       12        133       0   0.000  0.000      0       nan           nan         nan         nan       nan       nan
       12        134       0   0.000  0.000      0       nan           nan         nan         nan       nan       nan
       12        135       0   0.000  0.000      0       nan           nan         nan         nan       nan       nan
       12        136       0   0.000  0.000      0       nan           nan         nan         nan       nan       nan
       12        137       0   0.000  0.000      0       nan           nan         nan         nan       nan       nan
       12        138       0   0.000  0.000      0       nan           nan         nan         nan       nan       nan
       12        139       0   0.000  0.000      0       nan           nan         nan         nan       nan       nan
       13         25       1   0.539  0.969  174388     1.091           0.6       116.9       117.6     161.5     176.1
       13         27       0   0.221  0.790  139936     1.834           0.9       115.9       116.8     148.1      80.7
       13         29       0   0.124  0.531  92588     1.414           2.0       118.0       120.0     176.1     124.5
       13         28       0   0.117  0.311  55128     1.542           0.7       110.7       110.0     148.1      96.0
       13         30       0   0.073  0.264  46712     1.297           1.8       111.8       110.0     148.1     114.2
       13         31       1   0.061  0.770  135528     1.000          11.6       118.7       130.3     176.1     176.1
       13         26       0   0.050  0.561  98552     4.000           1.8       112.9       114.7     148.1      37.0
       13         47       0   0.044  0.299  52200     1.834           2.7       122.9       125.6     192.0     104.7
       13         32       0   0.035  0.761  133300     2.594           7.3       116.1       123.4     161.5      62.2
       13         45       0   0.020  0.419  73144     1.189          17.0       123.0       140.0     192.0     228.3
       13         49       1   0.019  0.292  50904     1.189          12.2       122.2       110.0     192.0     228.3
       13         85       0   0.018  0.075  13056     3.668           0.2       120.2       120.0     209.4      57.1
       13         38       0   0.013  0.087  15096     4.757           0.4       110.0       109.6     148.1      31.1
       13         44       0   0.013  0.025   4440     2.000           0.0       110.0       110.0     148.1      74.0
       13         46       0   0.011  0.225  39180     1.091          17.4       112.6       130.0     148.1     135.8
       13         63       0   0.011  0.096  16744     1.682           4.3       115.7       120.0     148.1      88.0
       13         64       0   0.010  0.071  12456     1.834           2.9       112.9       110.0     148.1      80.7
       13         73       0   0.008  0.191  33328     1.091          20.0       120.0       100.0     192.0     176.1
       13         62       0   0.008  0.025   4364     3.084           0.0       110.0       110.0     148.1      48.0
       13         88       0   0.007  0.027   4700     4.000           0.0       110.0       110.0     148.1      37.0
       13         57       0   0.006  0.157  27304     2.828           8.9       121.1       130.1     176.1      62.2
       13         74       0   0.005  0.083  14472     1.542          10.0       120.0       110.0     209.4     135.8
       13         41       0   0.005  0.021   3604     4.362           0.0       110.0       110.0     148.1      33.9
       13         51       0   0.004  0.084  14644     1.000          20.0       110.0       130.0     148.1     148.1
       13         69       0   0.004  0.066  11520     1.542          10.0       110.0       100.0     148.1      96.0
       13         42       0   0.004  0.203  35428     5.187           9.5       121.0       130.5     176.1      33.9
       13        132       0   0.004  0.016   2868     4.000           0.1       120.0       120.1     192.0      48.0
       13         50       0   0.003  0.072  12600     1.000          20.0       110.0        90.0     148.1     148.1
       13         35       0   0.003  0.204  35628     3.668          16.6       111.7       128.3     148.1      40.4
       13         87       0   0.003  0.137  23972     1.542          27.5       120.1       147.6     176.1     114.2
       13         34       0   0.003  0.071  12368     6.169           3.0       112.6       109.7     148.1      24.0
       13         43       0   0.003  0.104  18080     6.727           4.5       115.2       119.6     176.1      26.2
       13         39       0   0.003  0.091  15892     6.169           4.4       113.6       118.0     148.1      24.0
       13         93       0   0.003  0.093  16276     1.682          20.0       120.0       100.0     209.4     124.5
       13        129       0   0.003  0.072  12508     2.000          13.3       123.3       110.0     209.4     104.7
       13        125       0   0.002  0.017   2964     4.757           0.6       120.6       120.0     176.1      37.0
       13         75       0   0.002  0.061  10692     2.594          10.0       120.0       110.0     192.0      74.0
       13        138       0   0.002  0.009   1580     4.362           0.0       120.0       120.0     161.5      37.0
       13         54       0   0.002  0.034   5976     5.187           2.2       118.8       116.5     135.8      26.2
       13         52       0   0.002  0.040   7164     1.834          10.0       110.0       100.0     148.1      80.7
       13        124       0   0.002  0.047   8164     1.189          20.0       110.0        90.0     148.1     124.5
       13        136       0   0.002  0.007   1184     4.000           0.0       110.0       110.0     161.5      40.4
       13         65       0   0.002  0.037   6388     3.668           5.2       115.2       110.0     135.8      37.0
       13         33       0   0.002  0.110  19208     5.657          11.4       110.2       121.5     148.1      26.2
       13         48       0   0.001  0.055   9568     3.364          10.0       110.0       120.0     148.1      44.0
       13         84       0   0.001  0.062  10860     3.084          13.0       111.9       125.0     148.1      48.0
       13        112       0   0.001  0.027   4756     1.000          20.0       120.0       100.0     209.4     209.4
       13        108       0   0.001  0.008   1336     6.169           0.0       110.0       110.0     148.1      24.0
       13        101       0   0.001  0.042   7336     5.187           5.5       126.6       121.1     209.4      40.4
       13         55       0   0.001  0.022   3812     5.657           2.2       110.0       112.2     148.1      26.2
       13         92       0   0.001  0.020   3480     3.364           4.3       114.3       110.0     148.1      44.0
       13         81       0   0.001  0.047   8224     4.000           9.8       120.2       130.0     176.1      44.0
       13        133       0   0.001  0.008   1432     8.724           0.0       130.0       130.0     209.4      24.0
       13         60       0   0.001  0.026   4460     2.594          10.0       110.0       120.0     148.1      57.1
       13         89       0   0.001  0.009   1604     4.757           1.2       121.2       120.0     135.8      28.5
       13         66       0   0.001  0.049   8628     5.187          10.0       110.0       120.0     148.1      28.5
       13         76       0   0.001  0.036   6264     4.000           9.4       113.3       103.9     161.5      40.4
       13         72       0   0.001  0.043   7424     2.594          20.0       120.0       140.0     176.1      67.9
       13        119       0   0.001  0.024   4216     2.828          10.0       110.0       100.0     148.1      52.3
       13         77       0   0.001  0.036   6296     4.757          10.0       110.0       120.0     148.1      31.1
       13        134       0   0.001  0.028   4988     2.000          20.0       110.0        90.0     148.1      74.0
       13        135       0   0.001  0.011   1996     5.187           2.3       122.3       120.0     192.0      37.0
       13         36       0   0.001  0.031   5476     4.757           8.9       110.0       101.1     148.1      31.1
       13         71       0   0.001  0.046   8096     6.169          10.8       119.2       130.0     176.1      28.5
       13         98       0   0.001  0.027   4732     4.362           8.8       120.5       129.2     176.1      40.4
       13        104       0   0.001  0.046   7948     2.378          30.0       120.0       150.0     176.1      74.0
       13         40       0   0.001  0.017   2916     3.364           7.1       110.0       102.9     148.1      44.0
       13         94       0   0.001  0.023   3948     6.169           5.0       130.0       135.0     192.0      31.1
       13        128       0   0.001  0.020   3540     3.668          10.0       120.0       130.0     176.1      48.0
       13         68       0   0.000  0.012   2048     2.181          10.0       110.0       120.0     148.1      67.9
       13         91       0   0.000  0.028   4884     4.757          13.1       115.0       128.1     148.1      31.1
       13         79       0   0.000  0.006   1108     1.542          10.4       110.0       120.4     148.1      96.0
       13         80       0   0.000  0.020   3412     6.169           8.3       120.0       128.3     176.1      28.5
       13        116       0   0.000  0.008   1472     1.297          20.0       110.0        90.0     148.1     114.2
       13        100       0   0.000  0.014   2476     4.362          10.0       110.0       100.0     148.1      33.9
       13         53       0   0.000  0.022   3840     5.657          12.8       110.0        97.2     148.1      26.2
       13        102       0   0.000  0.013   2252     4.757          10.1       120.0       130.1     176.1      37.0
       13         70       0   0.000  0.021   3692     4.362          20.0       110.0       130.0     148.1      33.9
       13         67       0   0.000  0.029   4972     6.169          20.0       110.0       130.0     148.1      24.0
       13        121       0   0.000  0.008   1448     3.668          10.0       110.0       100.0     148.1      40.4
       13         37       0   0.000  0.019   3256     5.657          15.1       110.0       125.1     148.1      26.2
       13         97       0   0.000  0.017   3000     8.000          10.0       130.0       120.0     209.4      26.2
       13        113       0   0.000  0.007   1224     3.364          10.0       120.0       130.0     135.8      40.4
       13        139       0   0.000  0.012   2120     6.169           9.5       120.0       129.5     176.1      28.5
       13        109       0   0.000  0.012   2116     7.336           8.2       118.2       110.0     176.1      24.0
       13         96       0   0.000  0.009   1564     4.757          10.0       110.0       100.0     148.1      31.1
       13         59       0   0.000  0.011   1916     6.169          13.0       110.0       123.0     148.1      24.0
       13        131       0   0.000  0.006   1084     4.757          10.0       110.0       100.0     148.1      31.1
       13         95       0   0.000  0.006   1120     5.657           8.7       121.3       130.0     135.8      24.0
       13        120       0   0.000  0.010   1672     4.000          20.0       110.0       130.0     148.1      37.0
       13        107       0   0.000  0.009   1548     4.362          17.8       110.0        92.2     148.1      33.9
       13         56       0   0.000  0.010   1668     4.757          20.0       110.0       130.0     148.1      31.1
       13        114       0   0.000  0.005    932     5.187          10.0       110.0       120.0     148.1      28.5
       13         82       0   0.000  0.011   1936     5.657          20.1       110.0        89.9     148.1      26.2
       13        127       0   0.000  0.007   1224     3.668          20.0       110.0       130.0     148.1      40.4
       13         86       0   0.000  0.007   1240     6.727          10.7       120.0       130.7     176.1      26.2
       13        110       0   0.000  0.007   1208     7.336           9.8       120.2       130.0     192.0      26.2
       13        111       0   0.000  0.003    548     4.757           6.8       113.2       120.0     148.1      31.1
       13        122       0   0.000  0.005    876     6.169          10.0       110.0       100.0     148.1      24.0
       13         99       0   0.000  0.005    856     3.084          21.2       110.0        88.8     148.1      48.0
       13         78       0   0.000  0.009   1596     6.169          20.0       120.0       140.0     192.0      31.1
       13        126       0   0.000  0.003    524     2.378          20.0       110.0       130.0     148.1      62.2
       13         58       0   0.000  0.008   1332     6.169          20.0       110.0       130.0     148.1      24.0
       13        117       0   0.000  0.004    624     5.657          10.0       120.0       130.0     135.8      24.0
       13        106       0   0.000  0.003    488     5.657          10.0       120.0       130.0     135.8      24.0
       13        103       0   0.000  0.006    980     6.169          20.0       110.0       130.0     148.1      24.0
       13        123       0   0.000  0.004    748     5.187          20.0       110.0       130.0     148.1      28.5
       13        115       0   0.000  0.003    556     5.657          20.0       110.0       130.0     148.1      26.2
       13        130       0   0.000  0.004    624     4.362          30.0       110.0       140.0     148.1      33.9
       13         83       0   0.000  0.002    372     8.724           9.0       130.0       121.0     209.4      24.0
       13        105       0   0.000  0.002    432     6.169          20.0       110.0       130.0     148.1      24.0
       13         61       0   0.000  0.002    344     6.169          20.0       110.0        90.0     148.1      24.0
       13         90       0   0.000  0.000      0       nan           nan         nan         nan       nan       nan
       13        118       0   0.000  0.000      0       nan           nan         nan         nan       nan       nan
       13        137       0   0.000  0.000      0       nan           nan         nan         nan       nan       nan
       14         82       1   0.108  0.247   1932     1.000           1.3        88.6        89.9      26.2      26.2
       14         61       0   0.040  0.040    312     1.000           0.0        90.0        90.0      24.0      24.0
       14         50       0   0.036  0.172   3164     4.757           0.0        90.0        90.0      31.1     148.1
       14         99       0   0.035  0.096    764     1.834           0.5        90.0        89.5      26.2      48.0
       14        116       0   0.027  0.101    852     3.668           0.0        90.0        90.0      31.1     114.2
       14         41       0   0.009  0.259   2356     1.189          22.7        87.3       110.0      28.5      33.9
       14         37       0   0.006  0.229   2068     1.091          35.6        87.0       122.5      28.5      26.2
       14         62       0   0.005  0.149   1584     1.414          20.0        90.0       110.0      33.9      48.0
       14         56       0   0.004  0.210   1652     1.091          43.8        86.2       130.0      28.5      31.1
       14         26       0   0.003  0.078   7832     1.000          23.8        89.2       113.0      31.1      31.1
       14         48       0   0.003  0.125   1936     1.414          30.0        90.0       120.0      31.1      44.0
       14         35       0   0.003  0.128   4972     1.414          32.8        88.7       121.5      31.1      44.0
       14         60       0   0.002  0.106   1192     1.834          30.0        90.0       120.0      31.1      57.1
       14         51       0   0.002  0.359   6192     4.757          40.4        89.6       130.0      31.1     148.1
       14        120       0   0.002  0.104    892     1.414          40.0        90.0       130.0      26.2      37.0
       14         28       0   0.001  0.090   5412     3.084          20.0        90.0       110.0      31.1      96.0
       14         32       0   0.001  0.047   6348     1.542          31.1        89.1       120.2      31.1      48.0
       14         67       0   0.001  0.048    584     1.297          40.0        90.0       130.0      31.1      24.0
       14        130       0   0.001  0.054    432     1.297          50.0        90.0       140.0      24.0      31.1
       14        126       0   0.001  0.062    488     2.000          40.0        90.0       130.0      31.1      62.2
       14        115       0   0.001  0.031    252     1.189          40.0        90.0       130.0      31.1      26.2
       14         27       0   0.001  0.051   7352     3.668          24.0        89.3       113.3      31.1     114.2
       14        100       0   0.000  0.005     56     1.091          10.0        90.0       100.0      31.1      33.9
       14         25       0   0.000  0.044   7832     5.187          20.8        89.2       110.0      31.1     161.5
       14        105       0   0.000  0.017    136     1.297          40.0        90.0       130.0      31.1      24.0
       14         77       0   0.000  0.007     96     1.000          30.0        90.0       120.0      31.1      31.1
       14         33       0   0.000  0.006    152     1.542          30.0        90.0       120.0      40.4      26.2
       14         29       0   0.000  0.000      0       nan           nan         nan         nan       nan       nan
       14         30       0   0.000  0.000      0       nan           nan         nan         nan       nan       nan
       14         31       0   0.000  0.000      0       nan           nan         nan         nan       nan       nan
       14         34       0   0.000  0.000      0       nan           nan         nan         nan       nan       nan
       14         36       0   0.000  0.000      0       nan           nan         nan         nan       nan       nan
       14         38       0   0.000  0.000      0       nan           nan         nan         nan       nan       nan
       14         39       0   0.000  0.000      0       nan           nan         nan         nan       nan       nan
       14         40       0   0.000  0.000      0       nan           nan         nan         nan       nan       nan
       14         42       0   0.000  0.000      0       nan           nan         nan         nan       nan       nan
       14         43       0   0.000  0.000      0       nan           nan         nan         nan       nan       nan
       14         44       0   0.000  0.000      0       nan           nan         nan         nan       nan       nan
       14         45       0   0.000  0.000      0       nan           nan         nan         nan       nan       nan
       14         46       0   0.000  0.000      0       nan           nan         nan         nan       nan       nan
       14         47       0   0.000  0.000      0       nan           nan         nan         nan       nan       nan
       14         49       0   0.000  0.000      0       nan           nan         nan         nan       nan       nan
       14         52       0   0.000  0.000      0       nan           nan         nan         nan       nan       nan
       14         53       0   0.000  0.000      0       nan           nan         nan         nan       nan       nan
       14         54       0   0.000  0.000      0       nan           nan         nan         nan       nan       nan
       14         55       0   0.000  0.000      0       nan           nan         nan         nan       nan       nan
       14         57       0   0.000  0.000      0       nan           nan         nan         nan       nan       nan
       14         58       0   0.000  0.000      0       nan           nan         nan         nan       nan       nan
       14         59       0   0.000  0.000      0       nan           nan         nan         nan       nan       nan
       14         63       0   0.000  0.000      0       nan           nan         nan         nan       nan       nan
       14         64       0   0.000  0.000      0       nan           nan         nan         nan       nan       nan
       14         65       0   0.000  0.000      0       nan           nan         nan         nan       nan       nan
       14         66       0   0.000  0.000      0       nan           nan         nan         nan       nan       nan
       14         68       0   0.000  0.000      0       nan           nan         nan         nan       nan       nan
       14         69       0   0.000  0.000      0       nan           nan         nan         nan       nan       nan
       14         70       0   0.000  0.000      0       nan           nan         nan         nan       nan       nan
       14         71       0   0.000  0.000      0       nan           nan         nan         nan       nan       nan
       14         72       0   0.000  0.000      0       nan           nan         nan         nan       nan       nan
       14         73       0   0.000  0.000      0       nan           nan         nan         nan       nan       nan
       14         74       0   0.000  0.000      0       nan           nan         nan         nan       nan       nan
       14         75       0   0.000  0.000      0       nan           nan         nan         nan       nan       nan
       14         76       0   0.000  0.000      0       nan           nan         nan         nan       nan       nan
       14         78       0   0.000  0.000      0       nan           nan         nan         nan       nan       nan
       14         79       0   0.000  0.000      0       nan           nan         nan         nan       nan       nan
       14         80       0   0.000  0.000      0       nan           nan         nan         nan       nan       nan
       14         81       0   0.000  0.000      0       nan           nan         nan         nan       nan       nan
       14         83       0   0.000  0.000      0       nan           nan         nan         nan       nan       nan
       14         84       0   0.000  0.000      0       nan           nan         nan         nan       nan       nan
       14         85       0   0.000  0.000      0       nan           nan         nan         nan       nan       nan
       14         86       0   0.000  0.000      0       nan           nan         nan         nan       nan       nan
       14         87       0   0.000  0.000      0       nan           nan         nan         nan       nan       nan
       14         88       0   0.000  0.000      0       nan           nan         nan         nan       nan       nan
       14         89       0   0.000  0.000      0       nan           nan         nan         nan       nan       nan
       14         90       0   0.000  0.000      0       nan           nan         nan         nan       nan       nan
       14         91       0   0.000  0.000      0       nan           nan         nan         nan       nan       nan
       14         92       0   0.000  0.000      0       nan           nan         nan         nan       nan       nan
       14         93       0   0.000  0.000      0       nan           nan         nan         nan       nan       nan
       14         94       0   0.000  0.000      0       nan           nan         nan         nan       nan       nan
       14         95       0   0.000  0.000      0       nan           nan         nan         nan       nan       nan
       14         96       0   0.000  0.000      0       nan           nan         nan         nan       nan       nan
       14         97       0   0.000  0.000      0       nan           nan         nan         nan       nan       nan
       14         98       0   0.000  0.000      0       nan           nan         nan         nan       nan       nan
       14        101       0   0.000  0.000      0       nan           nan         nan         nan       nan       nan
       14        102       0   0.000  0.000      0       nan           nan         nan         nan       nan       nan
       14        103       0   0.000  0.000      0       nan           nan         nan         nan       nan       nan
       14        104       0   0.000  0.000      0       nan           nan         nan         nan       nan       nan
       14        106       0   0.000  0.000      0       nan           nan         nan         nan       nan       nan
       14        107       0   0.000  0.000      0       nan           nan         nan         nan       nan       nan
       14        108       0   0.000  0.000      0       nan           nan         nan         nan       nan       nan
       14        109       0   0.000  0.000      0       nan           nan         nan         nan       nan       nan
       14        110       0   0.000  0.000      0       nan           nan         nan         nan       nan       nan
       14        111       0   0.000  0.000      0       nan           nan         nan         nan       nan       nan
       14        112       0   0.000  0.000      0       nan           nan         nan         nan       nan       nan
       14        113       0   0.000  0.000      0       nan           nan         nan         nan       nan       nan
       14        114       0   0.000  0.000      0       nan           nan         nan         nan       nan       nan
       14        117       0   0.000  0.000      0       nan           nan         nan         nan       nan       nan
       14        118       0   0.000  0.000      0       nan           nan         nan         nan       nan       nan
       14        119       0   0.000  0.000      0       nan           nan         nan         nan       nan       nan
       14        121       0   0.000  0.000      0       nan           nan         nan         nan       nan       nan
       14        122       0   0.000  0.000      0       nan           nan         nan         nan       nan       nan
       14        123       0   0.000  0.000      0       nan           nan         nan         nan       nan       nan
       14        124       0   0.000  0.000      0       nan           nan         nan         nan       nan       nan
       14        125       0   0.000  0.000      0       nan           nan         nan         nan       nan       nan
       14        127       0   0.000  0.000      0       nan           nan         nan         nan       nan       nan
       14        128       0   0.000  0.000      0       nan           nan         nan         nan       nan       nan
       14        129       0   0.000  0.000      0       nan           nan         nan         nan       nan       nan
       14        131       0   0.000  0.000      0       nan           nan         nan         nan       nan       nan
       14        132       0   0.000  0.000      0       nan           nan         nan         nan       nan       nan
       14        133       0   0.000  0.000      0       nan           nan         nan         nan       nan       nan
       14        134       0   0.000  0.000      0       nan           nan         nan         nan       nan       nan
       14        135       0   0.000  0.000      0       nan           nan         nan         nan       nan       nan
       14        136       0   0.000  0.000      0       nan           nan         nan         nan       nan       nan
       14        137       0   0.000  0.000      0       nan           nan         nan         nan       nan       nan
       14        138       0   0.000  0.000      0       nan           nan         nan         nan       nan       nan
       14        139       0   0.000  0.000      0       nan           nan         nan         nan       nan       nan
       15         26       1   0.370  0.430  48148     1.091           0.1       115.0       114.9      40.4      37.0
       15         27       0   0.136  0.298  46548     1.834           0.2       114.8       115.0      40.4      74.0
       15         54       0   0.053  0.099   5960     1.834           0.0       116.5       116.5      48.0      26.2
       15         32       0   0.039  0.336  48896     1.297           5.6       115.1       120.7      40.4      52.3
       15         25       0   0.034  0.334  60196     3.668           1.7       114.6       116.3      44.0     161.5
       15         38       1   0.033  0.169  10892     1.189           3.3       112.9       109.7      37.0      31.1
       15         29       0   0.025  0.424  45484     3.084           4.4       115.6       120.0      40.4     124.5
       15         28       0   0.025  0.312  28076     2.181           4.7       114.7       110.0      44.0      96.0
       15         63       0   0.024  0.230  14368     2.000           3.8       116.2       120.0      44.0      88.0
       15         88       0   0.024  0.028   1768     1.189           0.0       110.0       110.0      44.0      37.0
       15         30       0   0.024  0.416  32188     3.084           4.7       114.7       110.0      37.0     114.2
       15         43       0   0.023  0.171  11404     1.414           4.1       115.0       119.1      37.0      26.2
       15         39       0   0.020  0.178  11528     1.834           3.8       115.5       119.4      44.0      24.0
       15         34       0   0.019  0.177  10920     1.542           5.1       115.3       110.2      37.0      24.0
       15         84       1   0.015  0.128   8148     1.091           7.0       115.5       122.6      44.0      48.0
       15         65       1   0.013  0.107   6420     1.000           7.2       117.2       110.0      37.0      37.0
       15         35       1   0.013  0.208  16516     1.091          13.8       116.2       130.0      40.4      37.0
       15         66       0   0.013  0.126   7728     1.297           6.6       113.4       120.0      37.0      28.5
       15         64       0   0.013  0.192  11724     2.000           6.6       116.6       110.0      40.4      80.7
       15         46       0   0.009  0.509  33508     3.668          14.2       115.8       130.0      37.0     135.8
       15         55       0   0.009  0.039   2412     1.414           2.1       112.6       110.5      37.0      26.2
       15         33       0   0.008  0.123   8712     1.682           8.5       112.6       121.1      44.0      26.2
       15         44       0   0.008  0.012    768     1.542           0.0       110.0       110.0      48.0      74.0
       15         91       1   0.007  0.081   4888     1.189           8.7       119.3       128.1      37.0      31.1
       15         76       1   0.007  0.066   4104     1.091           8.0       112.4       104.4      37.0      40.4
       15         92       1   0.006  0.061   3648     1.189           7.0       117.0       110.0      37.0      44.0
       15         31       0   0.006  0.389  55280     4.000          15.2       115.0       130.2      44.0     176.1
       15         89       0   0.006  0.027   1604     1.834           1.6       118.4       120.0      52.3      28.5
       15        111       0   0.006  0.009    548     1.542           0.1       119.9       120.0      48.0      31.1
       15         59       0   0.005  0.032   1916     1.542           3.3       119.8       123.0      37.0      24.0
       15         42       0   0.004  0.098   8496     1.542          14.1       114.7       128.8      48.0      31.1
       15         69       0   0.004  0.191  11520     2.594          16.7       116.7       100.0      37.0      96.0
       15        128       1   0.004  0.052   3124     1.091          11.2       118.8       130.0      52.3      48.0
       15         48       0   0.004  0.036   2448     1.091           8.4       111.6       120.0      48.0      44.0
       15         70       0   0.003  0.061   3692     1.091          15.1       114.9       130.0      37.0      33.9
       15        119       0   0.003  0.066   3972     1.091          16.4       116.4       100.0      48.0      52.3
       15        125       0   0.003  0.032   1972     1.297           6.5       113.5       120.0      48.0      37.0
       15        109       0   0.003  0.033   2000     1.542           5.6       115.6       110.0      37.0      24.0
       15         71       0   0.003  0.064   4112     1.297          15.0       115.0       130.0      37.0      28.5
       15         81       1   0.003  0.052   3388     1.189          13.4       116.6       130.0      52.3      44.0
       15         98       0   0.003  0.048   2956     1.189          14.3       114.5       128.8      48.0      40.4
       15         57       0   0.002  0.069   5620     1.682          15.6       114.4       130.0      37.0      62.2
       15         77       0   0.002  0.031   1992     1.542           7.7       112.3       120.0      48.0      31.1
       15        121       0   0.002  0.024   1444     1.091          10.0       110.0       100.0      37.0      40.4
       15        138       0   0.002  0.019   1164     1.000           9.9       110.1       120.0      37.0      37.0
       15        113       0   0.002  0.023   1380     1.091          11.3       118.7       130.0      37.0      40.4
       15        127       0   0.002  0.020   1212     1.091          10.0       120.0       130.0      37.0      40.4
       15        108       0   0.002  0.022   1336     2.000           5.8       115.8       110.0      48.0      24.0
       15        139       0   0.001  0.032   1948     1.834          12.8       116.7       129.5      52.3      28.5
       15         52       0   0.001  0.022   1532     1.682          10.0       110.0       100.0      48.0      80.7
       15         96       0   0.001  0.026   1564     1.189          17.2       117.2       100.0      37.0      31.1
       15        124       0   0.001  0.113   6932     3.364          27.9       117.9        90.0      37.0     124.5
       15        131       0   0.001  0.017   1020     1.542          10.0       110.0       100.0      48.0      31.1
       15        123       0   0.001  0.012    748     1.297          10.7       119.3       130.0      37.0      28.5
       15         36       0   0.001  0.012    784     1.542          10.0       110.0       100.0      48.0      31.1
       15         58       0   0.001  0.022   1324     1.542          20.0       110.0       130.0      37.0      24.0
       15         95       0   0.001  0.019   1120     2.181          12.8       117.2       130.0      52.3      24.0
       15         40       0   0.001  0.007    464     1.091          10.0       110.0       100.0      48.0      44.0
       15         53       0   0.001  0.012    740     1.834          10.2       110.0        99.8      48.0      26.2
       15        100       0   0.001  0.008    496     1.414          10.0       110.0       100.0      48.0      33.9
       15         87       0   0.001  0.044   3548     2.378          35.2       114.8       150.0      48.0     114.2
       15        117       0   0.000  0.010    624     2.000          10.0       120.0       130.0      48.0      24.0
       15        122       0   0.000  0.015    876     1.542          19.9       119.9       100.0      37.0      24.0
       15         45       0   0.000  0.047   6020     4.362          26.0       114.0       140.0      48.0     209.4
       15        134       0   0.000  0.010    648     1.414          20.0       110.0        90.0      48.0      67.9
       15         47       0   0.000  0.014   1556     2.000          23.2       116.8       140.0      52.3     104.7
       15        103       0   0.000  0.010    596     1.834          20.0       110.0       130.0      44.0      24.0
       15        106       0   0.000  0.008    488     1.682          19.8       110.2       130.0      40.4      24.0
       15        114       0   0.000  0.004    244     1.682          10.0       110.0       120.0      48.0      28.5
       15         67       0   0.000  0.008    528     1.834          20.0       110.0       130.0      44.0      24.0
       15         50       0   0.000  0.012    852     3.084          20.0       110.0        90.0      48.0     148.1
       15         80       0   0.000  0.002    144     1.297          10.0       110.0       120.0      37.0      28.5
       15        102       0   0.000  0.003    184     1.091          20.0       110.0       130.0      37.0      33.9
       15        104       0   0.000  0.002    164     1.834          40.0       110.0       150.0      40.4      74.0
       15         51       0   0.000  0.000     24     3.084          20.0       110.0       130.0      48.0     148.1
       15         37       0   0.000  0.000      0       nan           nan         nan         nan       nan       nan
       15         41       0   0.000  0.000      0       nan           nan         nan         nan       nan       nan
       15         49       0   0.000  0.000      0       nan           nan         nan         nan       nan       nan
       15         56       0   0.000  0.000      0       nan           nan         nan         nan       nan       nan
       15         60       0   0.000  0.000      0       nan           nan         nan         nan       nan       nan
       15         61       0   0.000  0.000      0       nan           nan         nan         nan       nan       nan
       15         62       0   0.000  0.000      0       nan           nan         nan         nan       nan       nan
       15         68       0   0.000  0.000      0       nan           nan         nan         nan       nan       nan
       15         72       0   0.000  0.000      0       nan           nan         nan         nan       nan       nan
       15         73       0   0.000  0.000      0       nan           nan         nan         nan       nan       nan
       15         74       0   0.000  0.000      0       nan           nan         nan         nan       nan       nan
       15         75       0   0.000  0.000      0       nan           nan         nan         nan       nan       nan
       15         78       0   0.000  0.000      0       nan           nan         nan         nan       nan       nan
       15         79       0   0.000  0.000      0       nan           nan         nan         nan       nan       nan
       15         82       0   0.000  0.000      0       nan           nan         nan         nan       nan       nan
       15         83       0   0.000  0.000      0       nan           nan         nan         nan       nan       nan
       15         85       0   0.000  0.000      0       nan           nan         nan         nan       nan       nan
       15         86       0   0.000  0.000      0       nan           nan         nan         nan       nan       nan
       15         90       0   0.000  0.000      0       nan           nan         nan         nan       nan       nan
       15         93       0   0.000  0.000      0       nan           nan         nan         nan       nan       nan
       15         94       0   0.000  0.000      0       nan           nan         nan         nan       nan       nan
       15         97       0   0.000  0.000      0       nan           nan         nan         nan       nan       nan
       15         99       0   0.000  0.000      0       nan           nan         nan         nan       nan       nan
       15        101       0   0.000  0.000      0       nan           nan         nan         nan       nan       nan
       15        105       0   0.000  0.000      0       nan           nan         nan         nan       nan       nan
       15        107       0   0.000  0.000      0       nan           nan         nan         nan       nan       nan
       15        110       0   0.000  0.000      0       nan           nan         nan         nan       nan       nan
       15        112       0   0.000  0.000      0       nan           nan         nan         nan       nan       nan
       15        115       0   0.000  0.000      0       nan           nan         nan         nan       nan       nan
       15        116       0   0.000  0.000      0       nan           nan         nan         nan       nan       nan
       15        118       0   0.000  0.000      0       nan           nan         nan         nan       nan       nan
       15        120       0   0.000  0.000      0       nan           nan         nan         nan       nan       nan
       15        126       0   0.000  0.000      0       nan           nan         nan         nan       nan       nan
       15        129       0   0.000  0.000      0       nan           nan         nan         nan       nan       nan
       15        130       0   0.000  0.000      0       nan           nan         nan         nan       nan       nan
       15        132       0   0.000  0.000      0       nan           nan         nan         nan       nan       nan
       15        133       0   0.000  0.000      0       nan           nan         nan         nan       nan       nan
       15        135       0   0.000  0.000      0       nan           nan         nan         nan       nan       nan
       15        136       0   0.000  0.000      0       nan           nan         nan         nan       nan       nan
       15        137       0   0.000  0.000      0       nan           nan         nan         nan       nan       nan
       16         66       1   0.177  0.193   1952     1.091           0.0       120.0       120.0      26.2      28.5
       16         59       1   0.099  0.108    520     1.091           0.0       120.0       120.0      26.2      24.0
       16         33       1   0.051  0.051   1108     1.000           0.0       120.0       120.0      26.2      26.2
       16         43       0   0.047  0.047    964     1.000           0.0       120.0       120.0      26.2      26.2
       16         34       1   0.019  0.215   2788     1.091           9.5       120.0       110.5      26.2      24.0
       16         38       1   0.011  0.140   2276     1.189          10.0       120.0       110.0      26.2      31.1
       16        122       0   0.008  0.186    672     1.091          20.0       120.0       100.0      26.2      24.0
       16         29       0   0.008  0.037   3412     4.757           0.0       120.0       120.0      26.2     124.5
       16         70       0   0.007  0.100    644     1.297          10.0       120.0       130.0      26.2      33.9
       16         32       0   0.005  0.025   3412     2.378           1.1       120.0       121.1      26.2      62.2
       16        119       0   0.004  0.152   1004     2.000          20.0       120.0       100.0      26.2      52.3
       16         26       0   0.003  0.034   3412     1.414           6.4       120.0       113.6      26.2      37.0
       16         69       0   0.003  0.229   2780     3.668          20.0       120.0       100.0      26.2      96.0
       16        121       0   0.003  0.091    404     1.542          20.0       120.0       100.0      26.2      40.4
       16         46       0   0.002  0.087   3412     5.187          10.0       120.0       130.0      26.2     135.8
       16        124       0   0.002  0.205   1972     4.362          30.0       120.0        90.0      26.2     114.2
       16         28       0   0.001  0.059   3412     3.668          10.0       120.0       110.0      26.2      96.0
       16         30       0   0.001  0.069   3412     4.362          10.0       120.0       110.0      26.2     114.2
       16         96       0   0.001  0.031    148     1.189          20.0       120.0       100.0      26.2      31.1
       16        123       0   0.001  0.008     32     1.091          10.0       120.0       130.0      26.2      28.5
       16         27       0   0.001  0.024   3412     4.000           8.4       120.0       111.6      26.2     104.7
       16        127       0   0.001  0.010     44     1.542          10.0       120.0       130.0      26.2      40.4
       16         91       0   0.001  0.007     56     1.189          10.0       120.0       130.0      26.2      31.1
       16         31       0   0.000  0.025   3412     5.657          10.0       120.0       130.0      26.2     148.1
       16         25       0   0.000  0.019   3412     6.169           9.3       120.0       110.7      26.2     161.5
       16         64       0   0.000  0.006     92     3.084          10.0       120.0       110.0      26.2      80.7
       16         35       0   0.000  0.002     84     1.297          10.0       120.0       130.0      26.2      33.9
       16         63       0   0.000  0.000      4     3.364           0.0       120.0       120.0      26.2      88.0
       16         36       0   0.000  0.000      0       nan           nan         nan         nan       nan       nan
       16         37       0   0.000  0.000      0       nan           nan         nan         nan       nan       nan
       16         39       0   0.000  0.000      0       nan           nan         nan         nan       nan       nan
       16         40       0   0.000  0.000      0       nan           nan         nan         nan       nan       nan
       16         41       0   0.000  0.000      0       nan           nan         nan         nan       nan       nan
       16         42       0   0.000  0.000      0       nan           nan         nan         nan       nan       nan
       16         44       0   0.000  0.000      0       nan           nan         nan         nan       nan       nan
       16         45       0   0.000  0.000      0       nan           nan         nan         nan       nan       nan
       16         47       0   0.000  0.000      0       nan           nan         nan         nan       nan       nan
       16         48       0   0.000  0.000      0       nan           nan         nan         nan       nan       nan
       16         49       0   0.000  0.000      0       nan           nan         nan         nan       nan       nan
       16         50       0   0.000  0.000      0       nan           nan         nan         nan       nan       nan
       16         51       0   0.000  0.000      0       nan           nan         nan         nan       nan       nan
       16         52       0   0.000  0.000      0       nan           nan         nan         nan       nan       nan
       16         53       0   0.000  0.000      0       nan           nan         nan         nan       nan       nan
       16         54       0   0.000  0.000      0       nan           nan         nan         nan       nan       nan
       16         55       0   0.000  0.000      0       nan           nan         nan         nan       nan       nan
       16         56       0   0.000  0.000      0       nan           nan         nan         nan       nan       nan
       16         57       0   0.000  0.000      0       nan           nan         nan         nan       nan       nan
       16         58       0   0.000  0.000      0       nan           nan         nan         nan       nan       nan
       16         60       0   0.000  0.000      0       nan           nan         nan         nan       nan       nan
       16         61       0   0.000  0.000      0       nan           nan         nan         nan       nan       nan
       16         62       0   0.000  0.000      0       nan           nan         nan         nan       nan       nan
       16         65       0   0.000  0.000      0       nan           nan         nan         nan       nan       nan
       16         67       0   0.000  0.000      0       nan           nan         nan         nan       nan       nan
       16         68       0   0.000  0.000      0       nan           nan         nan         nan       nan       nan
       16         71       0   0.000  0.000      0       nan           nan         nan         nan       nan       nan
       16         72       0   0.000  0.000      0       nan           nan         nan         nan       nan       nan
       16         73       0   0.000  0.000      0       nan           nan         nan         nan       nan       nan
       16         74       0   0.000  0.000      0       nan           nan         nan         nan       nan       nan
       16         75       0   0.000  0.000      0       nan           nan         nan         nan       nan       nan
       16         76       0   0.000  0.000      0       nan           nan         nan         nan       nan       nan
       16         77       0   0.000  0.000      0       nan           nan         nan         nan       nan       nan
       16         78       0   0.000  0.000      0       nan           nan         nan         nan       nan       nan
       16         79       0   0.000  0.000      0       nan           nan         nan         nan       nan       nan
       16         80       0   0.000  0.000      0       nan           nan         nan         nan       nan       nan
       16         81       0   0.000  0.000      0       nan           nan         nan         nan       nan       nan
       16         82       0   0.000  0.000      0       nan           nan         nan         nan       nan       nan
       16         83       0   0.000  0.000      0       nan           nan         nan         nan       nan       nan
       16         84       0   0.000  0.000      0       nan           nan         nan         nan       nan       nan
       16         85       0   0.000  0.000      0       nan           nan         nan         nan       nan       nan
       16         86       0   0.000  0.000      0       nan           nan         nan         nan       nan       nan
       16         87       0   0.000  0.000      0       nan           nan         nan         nan       nan       nan
       16         88       0   0.000  0.000      0       nan           nan         nan         nan       nan       nan
       16         89       0   0.000  0.000      0       nan           nan         nan         nan       nan       nan
       16         90       0   0.000  0.000      0       nan           nan         nan         nan       nan       nan
       16         92       0   0.000  0.000      0       nan           nan         nan         nan       nan       nan
       16         93       0   0.000  0.000      0       nan           nan         nan         nan       nan       nan
       16         94       0   0.000  0.000      0       nan           nan         nan         nan       nan       nan
       16         95       0   0.000  0.000      0       nan           nan         nan         nan       nan       nan
       16         97       0   0.000  0.000      0       nan           nan         nan         nan       nan       nan
       16         98       0   0.000  0.000      0       nan           nan         nan         nan       nan       nan
       16         99       0   0.000  0.000      0       nan           nan         nan         nan       nan       nan
       16        100       0   0.000  0.000      0       nan           nan         nan         nan       nan       nan
       16        101       0   0.000  0.000      0       nan           nan         nan         nan       nan       nan
       16        102       0   0.000  0.000      0       nan           nan         nan         nan       nan       nan
       16        103       0   0.000  0.000      0       nan           nan         nan         nan       nan       nan
       16        104       0   0.000  0.000      0       nan           nan         nan         nan       nan       nan
       16        105       0   0.000  0.000      0       nan           nan         nan         nan       nan       nan
       16        106       0   0.000  0.000      0       nan           nan         nan         nan       nan       nan
       16        107       0   0.000  0.000      0       nan           nan         nan         nan       nan       nan
       16        108       0   0.000  0.000      0       nan           nan         nan         nan       nan       nan
       16        109       0   0.000  0.000      0       nan           nan         nan         nan       nan       nan
       16        110       0   0.000  0.000      0       nan           nan         nan         nan       nan       nan
       16        111       0   0.000  0.000      0       nan           nan         nan         nan       nan       nan
       16        112       0   0.000  0.000      0       nan           nan         nan         nan       nan       nan
       16        113       0   0.000  0.000      0       nan           nan         nan         nan       nan       nan
       16        114       0   0.000  0.000      0       nan           nan         nan         nan       nan       nan
       16        115       0   0.000  0.000      0       nan           nan         nan         nan       nan       nan
       16        116       0   0.000  0.000      0       nan           nan         nan         nan       nan       nan
       16        117       0   0.000  0.000      0       nan           nan         nan         nan       nan       nan
       16        118       0   0.000  0.000      0       nan           nan         nan         nan       nan       nan
       16        120       0   0.000  0.000      0       nan           nan         nan         nan       nan       nan
       16        125       0   0.000  0.000      0       nan           nan         nan         nan       nan       nan
       16        126       0   0.000  0.000      0       nan           nan         nan         nan       nan       nan
       16        128       0   0.000  0.000      0       nan           nan         nan         nan       nan       nan
       16        129       0   0.000  0.000      0       nan           nan         nan         nan       nan       nan
       16        130       0   0.000  0.000      0       nan           nan         nan         nan       nan       nan
       16        131       0   0.000  0.000      0       nan           nan         nan         nan       nan       nan
       16        132       0   0.000  0.000      0       nan           nan         nan         nan       nan       nan
       16        133       0   0.000  0.000      0       nan           nan         nan         nan       nan       nan
       16        134       0   0.000  0.000      0       nan           nan         nan         nan       nan       nan
       16        135       0   0.000  0.000      0       nan           nan         nan         nan       nan       nan
       16        136       0   0.000  0.000      0       nan           nan         nan         nan       nan       nan
       16        137       0   0.000  0.000      0       nan           nan         nan         nan       nan       nan
       16        138       0   0.000  0.000      0       nan           nan         nan         nan       nan       nan
       16        139       0   0.000  0.000      0       nan           nan         nan         nan       nan       nan
       17         27       1   0.557  0.657  102268     1.091           0.1       116.4       116.3      80.7      74.0
       17         25       0   0.144  0.641  115332     2.000           1.2       116.8       115.5      80.7     161.5
       17         26       0   0.130  0.663  85864     2.181           1.3       116.0       114.6      80.7      37.0
       17         30       0   0.103  0.369  44444     1.414           1.5       111.5       110.0      80.7     114.2
       17         28       1   0.078  0.422  51352     1.189           3.5       113.5       110.0      80.7      96.0
       17         32       0   0.068  0.634  96792     1.414           5.6       117.0       122.6      80.7      57.1
       17         29       0   0.061  0.447  64212     1.414           4.2       115.8       120.0      88.0     124.5
       17         63       1   0.038  0.145  16744     1.000           2.9       117.1       120.0      88.0      88.0
       17         38       0   0.022  0.125  14532     2.828           1.0       108.6       109.6      88.0      31.1
       17         64       1   0.020  0.108  12456     1.000           4.4       114.4       110.0      80.7      80.7
       17         31       0   0.018  0.522  86616     2.000          13.2       117.2       130.4      88.0     176.1
       17         57       1   0.018  0.177  21452     1.189           7.4       122.7       130.1      74.0      62.2
       17         48       0   0.017  0.081   9348     1.542           2.0       118.0       120.0      67.9      44.0
       17         47       1   0.013  0.118  17648     1.189           6.8       124.1       130.9      74.0      88.0
       17         46       0   0.012  0.329  38260     1.542          16.4       113.6       130.0      88.0     135.8
       17         42       0   0.010  0.230  28144     2.378           8.2       122.3       130.5      80.7      33.9
       17         43       0   0.009  0.156  18028     3.084           4.8       114.8       119.6      80.7      26.2
       17         35       0   0.008  0.221  27320     2.000          12.6       116.6       129.2      74.0      37.0
       17         52       1   0.008  0.050   5984     1.091           4.8       104.8       100.0      88.0      80.7
       17         69       1   0.008  0.100  11520     1.000          12.1       112.1       100.0      96.0      96.0
       17        125       0   0.008  0.023   2688     3.084           0.0       120.0       120.0     114.2      37.0
       17         60       0   0.007  0.035   4100     1.189           3.1       116.9       120.0      67.9      57.1
       17         33       0   0.007  0.140  16596     2.594           7.0       114.7       121.8      67.9      26.2
       17         39       0   0.007  0.110  13044     4.757           2.5       115.4       117.9     114.2      24.0
       17        138       0   0.006  0.014   1580     2.378           0.0       120.0       120.0      88.0      37.0
       17         40       0   0.005  0.014   1672     1.542           0.7       105.3       104.6      67.9      44.0
       17         44       0   0.005  0.026   3052     1.091           3.4       106.6       110.0      67.9      74.0
       17         84       0   0.005  0.074   8696     1.414           9.9       116.0       126.0      67.9      48.0
       17         87       0   0.005  0.188  22088     1.542          24.7       122.8       147.6      74.0     114.2
       17         34       0   0.004  0.106  12196     4.757           4.5       114.3       109.8     114.2      24.0
       17         72       1   0.004  0.059   6820     1.091          12.4       127.6       140.0      74.0      67.9
       17         75       1   0.004  0.052   6192     1.091          12.0       122.0       110.0      67.9      74.0
       17         77       0   0.004  0.054   6252     2.181           6.0       114.0       120.0      67.9      31.1
       17         88       0   0.004  0.026   3064     2.181           2.4       107.6       110.0      80.7      37.0
       17         89       0   0.003  0.014   1604     4.000           0.0       120.0       120.0     114.2      28.5
       17        108       0   0.003  0.012   1336     3.364           0.0       110.0       110.0      80.7      24.0
       17         45       0   0.003  0.177  28432     2.828          17.2       122.8       140.0      74.0     209.4
       17         51       0   0.003  0.087  10512     2.181          12.5       117.5       130.0      67.9     148.1
       17         76       0   0.003  0.054   6264     2.000           8.2       112.1       103.9      80.7      40.4
       17        124       0   0.003  0.071   8164     1.091          21.6       111.6        90.0     114.2     124.5
       17         54       0   0.003  0.052   5976     4.362           3.3       119.8       116.5     114.2      26.2
       17         81       0   0.003  0.058   6740     2.594           7.4       122.6       130.0     114.2      44.0
       17        104       0   0.003  0.069   7948     1.000          26.0       124.0       150.0      74.0      74.0
       17         36       0   0.003  0.036   4164     2.828           4.0       105.4       101.4      88.0      31.1
       17         80       0   0.002  0.030   3412     2.828           3.6       124.7       128.3      80.7      28.5
       17         49       0   0.002  0.110  16492     3.084          14.8       124.8       110.0      74.0     228.3
       17         71       0   0.002  0.070   8096     2.828          10.1       119.9       130.0      80.7      28.5
       17         62       0   0.002  0.034   3980     1.414          10.0       120.0       110.0      67.9      48.0
       17         66       0   0.002  0.074   8536     3.084          10.5       109.5       120.0      88.0      28.5
       17        110       0   0.002  0.006    652     2.828           0.0       130.0       130.0      74.0      26.2
       17         55       0   0.002  0.032   3732     3.364           4.0       108.2       112.3      88.0      26.2
       17         86       0   0.002  0.011   1240     2.828           1.0       129.7       130.7      74.0      26.2
       17        134       0   0.002  0.031   3676     1.189          13.7       103.7        90.0      88.0      74.0
       17        136       0   0.002  0.010   1184     1.834           2.5       112.5       110.0      74.0      40.4
       17         65       0   0.002  0.048   5624     3.084           9.2       119.2       110.0     114.2      37.0
       17         73       0   0.002  0.090  12336     2.378          24.1       124.1       100.0      67.9     161.5
       17         85       0   0.002  0.008   1024     1.091           3.9       124.4       120.5      62.2      57.1
       17         50       0   0.001  0.083   9872     2.181          25.5       115.5        90.0      67.9     148.1
       17         98       0   0.001  0.039   4548     2.828           9.2       120.0       129.2     114.2      40.4
       17        119       0   0.001  0.037   4216     2.181          12.9       112.9       100.0     114.2      52.3
       17        128       0   0.001  0.031   3540     2.378          10.0       120.0       130.0     114.2      48.0
       17         67       0   0.001  0.037   4300     2.828          10.6       119.4       130.0      67.9      24.0
       17         53       0   0.001  0.027   3144     3.364           6.6       104.1        97.5      88.0      26.2
       17         91       0   0.001  0.042   4888     3.668          10.0       118.0       128.1     114.2      31.1
       17        102       0   0.001  0.020   2252     2.000           8.4       121.6       130.1      74.0      37.0
       17         68       0   0.001  0.011   1308     1.000          10.0       110.0       120.0      67.9      67.9
       17         92       0   0.001  0.022   2556     2.594          10.0       120.0       110.0     114.2      44.0
       17        111       0   0.001  0.005    548     2.594           1.6       118.4       120.0      80.7      31.1
       17        109       0   0.001  0.018   2116     3.364           8.4       118.4       110.0      80.7      24.0
       17        100       0   0.001  0.020   2304     2.181          15.9       115.9       100.0      74.0      33.9
       17         59       0   0.000  0.017   1916     3.668           8.2       114.8       123.0      88.0      24.0
       17         96       0   0.000  0.014   1564     2.594          10.0       110.0       100.0      80.7      31.1
       17        132       0   0.000  0.004    456     1.542           4.5       125.9       121.4      74.0      48.0
       17         70       0   0.000  0.032   3692     3.364          19.9       110.1       130.0     114.2      33.9
       17        139       0   0.000  0.018   2120     4.000           9.5       120.0       129.5     114.2      28.5
       17        131       0   0.000  0.009   1084     2.000          10.0       110.0       100.0      62.2      31.1
       17        126       0   0.000  0.005    524     1.000          10.0       120.0       130.0      62.2      62.2
       17        121       0   0.000  0.013   1448     2.828          10.0       110.0       100.0     114.2      40.4
       17         93       0   0.000  0.019   2424     2.000          22.6       122.6       100.0      62.2     124.5
       17         37       0   0.000  0.013   1520     3.084           9.9       120.0       129.9      74.0      24.0
       17        113       0   0.000  0.012   1352     2.828          10.0       120.0       130.0     114.2      40.4
       17         41       0   0.000  0.007    880     2.181          10.0       120.0       110.0      74.0      33.9
       17        120       0   0.000  0.006    664     1.682          10.0       120.0       130.0      62.2      37.0
       17        114       0   0.000  0.008    932     2.378          10.6       109.4       120.0      67.9      28.5
       17         78       0   0.000  0.008    876     2.378          10.0       130.0       140.0      74.0      31.1
       17        107       0   0.000  0.008    892     2.000          16.7       110.6        93.9      67.9      33.9
       17         95       0   0.000  0.010   1120     4.757          10.0       120.0       130.0     114.2      24.0
       17        127       0   0.000  0.011   1224     2.828          19.8       110.2       130.0     114.2      40.4
       17        116       0   0.000  0.010   1108     1.834          29.7       119.7        90.0      62.2     114.2
       17         74       0   0.000  0.004    484     2.181          10.6       120.6       110.0      62.2     135.8
       17        122       0   0.000  0.008    876     4.757          10.0       110.0       100.0     114.2      24.0
       17        123       0   0.000  0.006    748     3.364          14.6       115.4       130.0      96.0      28.5
       17        103       0   0.000  0.008    980     3.364          21.3       108.7       130.0      80.7      24.0
       17        106       0   0.000  0.004    488     3.668          10.0       120.0       130.0      88.0      24.0
       17        117       0   0.000  0.005    624     4.757          10.0       120.0       130.0     114.2      24.0
       17         82       0   0.000  0.006    716     2.181          30.0       120.0        90.0      62.2      28.5
       17         79       0   0.000  0.002    208     1.542          12.3       110.0       122.3      62.2      96.0
       17        105       0   0.000  0.002    260     2.594          11.2       118.8       130.0      62.2      24.0
       17        115       0   0.000  0.002    212     2.594          10.0       120.0       130.0      67.9      26.2
       17        130       0   0.000  0.001    160     1.834          22.0       118.0       140.0      62.2      33.9
       17         99       0   0.000  0.001     68     1.297          35.3       115.3        80.0      62.2      48.0
       17         56       0   0.000  0.000     32     2.000          10.0       120.0       130.0      62.2      31.1
       17         94       0   0.000  0.000     44     3.084          20.0       120.0       140.0     114.2      37.0
       17         61       0   0.000  0.000     32     2.594          20.0       110.0        90.0      62.2      24.0
       17         58       0   0.000  0.000      0       nan           nan         nan         nan       nan       nan
       17         83       0   0.000  0.000      0       nan           nan         nan         nan       nan       nan
       17         90       0   0.000  0.000      0       nan           nan         nan         nan       nan       nan
       17         97       0   0.000  0.000      0       nan           nan         nan         nan       nan       nan
       17        101       0   0.000  0.000      0       nan           nan         nan         nan       nan       nan
       17        112       0   0.000  0.000      0       nan           nan         nan         nan       nan       nan
       17        118       0   0.000  0.000      0       nan           nan         nan         nan       nan       nan
       17        129       0   0.000  0.000      0       nan           nan         nan         nan       nan       nan
       17        133       0   0.000  0.000      0       nan           nan         nan         nan       nan       nan
       17        135       0   0.000  0.000      0       nan           nan         nan         nan       nan       nan
       17        137       0   0.000  0.000      0       nan           nan         nan         nan       nan       nan
       18         37       0   0.061  0.137   1588     1.542           0.4       130.0       129.6      37.0      24.0
       18         35       1   0.046  0.260   9460     1.091           4.2       131.2       127.0      37.0      40.4
       18        103       0   0.039  0.055    568     1.414           0.0       130.0       130.0      33.9      24.0
       18         84       0   0.024  0.034    692     1.414           0.0       130.0       130.0      33.9      48.0
       18         33       0   0.020  0.230   5484     1.414           7.0       131.1       124.1      37.0      26.2
       18         62       0   0.013  0.389   4008     1.297          22.5       132.5       110.0      37.0      48.0
       18         41       0   0.006  0.132   1580     1.000          20.0       130.0       110.0      33.9      33.9
       18         26       0   0.006  0.091   9208     1.000          15.1       131.3       116.2      37.0      37.0
       18         32       0   0.005  0.068   9192     1.682           6.4       131.3       124.8      37.0      62.2
       18         67       0   0.005  0.085   1164     2.000           7.3       137.3       130.0      48.0      24.0
       18         88       0   0.005  0.115   1508     1.091          20.0       130.0       110.0      33.9      37.0
       18         39       0   0.004  0.096   2284     1.297          15.5       130.0       114.5      33.9      26.2
       18         51       0   0.003  0.072   1712     4.000           4.6       134.6       130.0      37.0     148.1
       18        136       0   0.003  0.067    700     1.091          20.0       130.0       110.0      37.0      40.4
       18         31       0   0.002  0.010   1408     5.187           0.0       130.0       130.0      33.9     176.1
       18         27       0   0.002  0.069   9848     2.828          14.0       131.2       117.2      37.0     104.7
       18         48       0   0.002  0.023    432     1.297          10.0       130.0       120.0      33.9      44.0
       18         82       0   0.001  0.056    628     1.414          40.8       130.7        89.9      33.9      24.0
       18         28       0   0.001  0.059   3768     2.594          23.1       133.1       110.0      37.0      96.0
       18        115       0   0.001  0.017    172     1.834          10.0       140.0       130.0      48.0      26.2
       18         25       0   0.001  0.055   9944     4.362          21.2       131.2       110.0      37.0     161.5
       18        124       0   0.000  0.018    316     3.668          40.0       130.0        90.0      33.9     124.5
       18         29       0   0.000  0.001     92     3.668          10.0       130.0       120.0      33.9     124.5
       18         30       0   0.000  0.000      0       nan           nan         nan         nan       nan       nan
       18         34       0   0.000  0.000      0       nan           nan         nan         nan       nan       nan
       18         36       0   0.000  0.000      0       nan           nan         nan         nan       nan       nan
       18         38       0   0.000  0.000      0       nan           nan         nan         nan       nan       nan
       18         40       0   0.000  0.000      0       nan           nan         nan         nan       nan       nan
       18         42       0   0.000  0.000      0       nan           nan         nan         nan       nan       nan
       18         43       0   0.000  0.000      0       nan           nan         nan         nan       nan       nan
       18         44       0   0.000  0.000      0       nan           nan         nan         nan       nan       nan
       18         45       0   0.000  0.000      0       nan           nan         nan         nan       nan       nan
       18         46       0   0.000  0.000      0       nan           nan         nan         nan       nan       nan
       18         47       0   0.000  0.000      0       nan           nan         nan         nan       nan       nan
       18         49       0   0.000  0.000      0       nan           nan         nan         nan       nan       nan
       18         50       0   0.000  0.000      0       nan           nan         nan         nan       nan       nan
       18         52       0   0.000  0.000      0       nan           nan         nan         nan       nan       nan
       18         53       0   0.000  0.000      0       nan           nan         nan         nan       nan       nan
       18         54       0   0.000  0.000      0       nan           nan         nan         nan       nan       nan
       18         55       0   0.000  0.000      0       nan           nan         nan         nan       nan       nan
       18         56       0   0.000  0.000      0       nan           nan         nan         nan       nan       nan
       18         57       0   0.000  0.000      0       nan           nan         nan         nan       nan       nan
       18         58       0   0.000  0.000      0       nan           nan         nan         nan       nan       nan
       18         59       0   0.000  0.000      0       nan           nan         nan         nan       nan       nan
       18         60       0   0.000  0.000      0       nan           nan         nan         nan       nan       nan
       18         61       0   0.000  0.000      0       nan           nan         nan         nan       nan       nan
       18         63       0   0.000  0.000      0       nan           nan         nan         nan       nan       nan
       18         64       0   0.000  0.000      0       nan           nan         nan         nan       nan       nan
       18         65       0   0.000  0.000      0       nan           nan         nan         nan       nan       nan
       18         66       0   0.000  0.000      0       nan           nan         nan         nan       nan       nan
       18         68       0   0.000  0.000      0       nan           nan         nan         nan       nan       nan
       18         69       0   0.000  0.000      0       nan           nan         nan         nan       nan       nan
       18         70       0   0.000  0.000      0       nan           nan         nan         nan       nan       nan
       18         71       0   0.000  0.000      0       nan           nan         nan         nan       nan       nan
       18         72       0   0.000  0.000      0       nan           nan         nan         nan       nan       nan
       18         73       0   0.000  0.000      0       nan           nan         nan         nan       nan       nan
       18         74       0   0.000  0.000      0       nan           nan         nan         nan       nan       nan
       18         75       0   0.000  0.000      0       nan           nan         nan         nan       nan       nan
       18         76       0   0.000  0.000      0       nan           nan         nan         nan       nan       nan
       18         77       0   0.000  0.000      0       nan           nan         nan         nan       nan       nan
       18         78       0   0.000  0.000      0       nan           nan         nan         nan       nan       nan
       18         79       0   0.000  0.000      0       nan           nan         nan         nan       nan       nan
       18         80       0   0.000  0.000      0       nan           nan         nan         nan       nan       nan
       18         81       0   0.000  0.000      0       nan           nan         nan         nan       nan       nan
       18         83       0   0.000  0.000      0       nan           nan         nan         nan       nan       nan
       18         85       0   0.000  0.000      0       nan           nan         nan         nan       nan       nan
       18         86       0   0.000  0.000      0       nan           nan         nan         nan       nan       nan
       18         87       0   0.000  0.000      0       nan           nan         nan         nan       nan       nan
       18         89       0   0.000  0.000      0       nan           nan         nan         nan       nan       nan
       18         90       0   0.000  0.000      0       nan           nan         nan         nan       nan       nan
       18         91       0   0.000  0.000      0       nan           nan         nan         nan       nan       nan
       18         92       0   0.000  0.000      0       nan           nan         nan         nan       nan       nan
       18         93       0   0.000  0.000      0       nan           nan         nan         nan       nan       nan
       18         94       0   0.000  0.000      0       nan           nan         nan         nan       nan       nan
       18         95       0   0.000  0.000      0       nan           nan         nan         nan       nan       nan
       18         96       0   0.000  0.000      0       nan           nan         nan         nan       nan       nan
       18         97       0   0.000  0.000      0       nan           nan         nan         nan       nan       nan
       18         98       0   0.000  0.000      0       nan           nan         nan         nan       nan       nan
       18         99       0   0.000  0.000      0       nan           nan         nan         nan       nan       nan
       18        100       0   0.000  0.000      0       nan           nan         nan         nan       nan       nan
       18        101       0   0.000  0.000      0       nan           nan         nan         nan       nan       nan
       18        102       0   0.000  0.000      0       nan           nan         nan         nan       nan       nan
       18        104       0   0.000  0.000      0       nan           nan         nan         nan       nan       nan
       18        105       0   0.000  0.000      0       nan           nan         nan         nan       nan       nan
       18        106       0   0.000  0.000      0       nan           nan         nan         nan       nan       nan
       18        107       0   0.000  0.000      0       nan           nan         nan         nan       nan       nan
       18        108       0   0.000  0.000      0       nan           nan         nan         nan       nan       nan
       18        109       0   0.000  0.000      0       nan           nan         nan         nan       nan       nan
       18        110       0   0.000  0.000      0       nan           nan         nan         nan       nan       nan
       18        111       0   0.000  0.000      0       nan           nan         nan         nan       nan       nan
       18        112       0   0.000  0.000      0       nan           nan         nan         nan       nan       nan
       18        113       0   0.000  0.000      0       nan           nan         nan         nan       nan       nan
       18        114       0   0.000  0.000      0       nan           nan         nan         nan       nan       nan
       18        116       0   0.000  0.000      0       nan           nan         nan         nan       nan       nan
       18        117       0   0.000  0.000      0       nan           nan         nan         nan       nan       nan
       18        118       0   0.000  0.000      0       nan           nan         nan         nan       nan       nan
       18        119       0   0.000  0.000      0       nan           nan         nan         nan       nan       nan
       18        120       0   0.000  0.000      0       nan           nan         nan         nan       nan       nan
       18        121       0   0.000  0.000      0       nan           nan         nan         nan       nan       nan
       18        122       0   0.000  0.000      0       nan           nan         nan         nan       nan       nan
       18        123       0   0.000  0.000      0       nan           nan         nan         nan       nan       nan
       18        125       0   0.000  0.000      0       nan           nan         nan         nan       nan       nan
       18        126       0   0.000  0.000      0       nan           nan         nan         nan       nan       nan
       18        127       0   0.000  0.000      0       nan           nan         nan         nan       nan       nan
       18        128       0   0.000  0.000      0       nan           nan         nan         nan       nan       nan
       18        129       0   0.000  0.000      0       nan           nan         nan         nan       nan       nan
       18        130       0   0.000  0.000      0       nan           nan         nan         nan       nan       nan
       18        131       0   0.000  0.000      0       nan           nan         nan         nan       nan       nan
       18        132       0   0.000  0.000      0       nan           nan         nan         nan       nan       nan
       18        133       0   0.000  0.000      0       nan           nan         nan         nan       nan       nan
       18        134       0   0.000  0.000      0       nan           nan         nan         nan       nan       nan
       18        135       0   0.000  0.000      0       nan           nan         nan         nan       nan       nan
       18        137       0   0.000  0.000      0       nan           nan         nan         nan       nan       nan
       18        138       0   0.000  0.000      0       nan           nan         nan         nan       nan       nan
       18        139       0   0.000  0.000      0       nan           nan         nan         nan       nan       nan
       19         28       0   0.250  0.433  53672     1.414           0.2       110.2       110.0     135.8      96.0
       19         30       1   0.186  0.351  43944     1.189           0.6       110.6       110.0     135.8     114.2
       19         25       1   0.135  0.665  119672     1.189           3.1       112.6       115.8     135.8     161.5
       19         27       0   0.072  0.584  96768     1.542           4.2       111.3       115.6     135.8      88.0
       19         29       1   0.059  0.470  67848     1.091           6.3       113.7       120.0     135.8     124.5
       19         26       0   0.038  0.650  86500     3.668           3.6       110.8       114.4     135.8      37.0
       19         64       0   0.028  0.103  12340     1.682           1.2       111.2       110.0     135.8      80.7
       19         31       0   0.023  0.507  86392     1.297          16.0       114.1       130.1     135.8     176.1
       19         38       0   0.020  0.122  14692     4.362           0.4       110.0       109.6     135.8      31.1
       19         32       0   0.020  0.588  93956     2.594          10.4       111.7       122.1     135.8      52.3
       19         44       0   0.016  0.030   3636     1.834           0.0       110.0       110.0     135.8      74.0
       19         46       0   0.016  0.314  37984     1.000          18.6       111.4       130.0     135.8     135.8
       19         63       0   0.014  0.140  16744     1.542           5.5       114.5       120.0     135.8      88.0
       19         62       0   0.013  0.036   4364     2.828           0.0       110.0       110.0     135.8      48.0
       19         41       0   0.008  0.030   3604     4.000           0.0       110.0       110.0     135.8      33.9
       19        125       0   0.007  0.025   2964     3.364           0.0       120.0       120.0     124.5      37.0
       19         69       0   0.006  0.096  11520     1.414          10.0       110.0       100.0     135.8      96.0
       19         51       0   0.005  0.117  14120     1.091          20.0       110.0       130.0     135.8     148.1
       19         34       0   0.005  0.103  12368     5.657           2.8       112.5       109.7     135.8      24.0
       19         35       0   0.004  0.287  34728     3.364          18.1       110.1       128.3     135.8      40.4
       19         45       0   0.004  0.166  27500     1.682          21.8       118.2       140.0     124.5     209.4
       19         50       0   0.004  0.098  11912     1.091          20.0       110.0        90.0     135.8     148.1
       19         54       0   0.004  0.050   5976     4.757           1.5       118.1       116.5     124.5      26.2
       19         57       0   0.004  0.117  15348     2.000          13.9       116.3       130.1     124.5      62.2
       19        138       0   0.004  0.013   1580     3.364           0.0       120.0       120.0     124.5      37.0
       19         49       0   0.004  0.043   6984     1.834           5.1       115.1       110.0     124.5     228.3
       19         47       0   0.004  0.078  12420     1.189          16.4       118.1       134.5     124.5     104.7
       19         75       0   0.003  0.006    820     1.834           0.0       110.0       110.0     135.8      74.0
       19         42       0   0.003  0.179  23600     3.668          14.2       116.6       130.8     124.5      33.9
       19        109       0   0.003  0.018   2116     5.657           0.0       110.0       110.0     135.8      24.0
       19         87       0   0.003  0.116  14904     1.091          33.1       116.6       149.7     124.5     114.2
       19         89       0   0.003  0.013   1604     4.362           0.0       120.0       120.0     124.5      28.5
       19        124       0   0.003  0.068   8164     1.091          20.0       110.0        90.0     135.8     124.5
       19         39       0   0.003  0.124  15016     5.657           6.9       111.0       117.9     135.8      24.0
       19         65       0   0.003  0.054   6472     3.668           4.8       114.8       110.0     135.8      37.0
       19         52       0   0.003  0.047   5788     1.682          10.0       110.0       100.0     135.8      80.7
       19         48       0   0.002  0.080   9568     3.084          10.2       109.8       120.0     135.8      44.0
       19         84       0   0.002  0.093  11140     2.828          13.3       111.7       125.0     135.8      48.0
       19         43       0   0.002  0.118  14496     5.187           9.9       110.0       119.9     135.8      26.2
       19        108       0   0.002  0.011   1336     5.657           0.0       110.0       110.0     135.8      24.0
       19         33       0   0.002  0.152  18308     5.187          13.9       107.7       121.6     135.8      26.2
       19         92       0   0.002  0.030   3636     3.084           4.1       114.1       110.0     135.8      44.0
       19         55       0   0.002  0.032   3812     5.187           2.2       110.0       112.2     135.8      26.2
       19         81       0   0.002  0.047   5728     2.828          10.0       120.0       130.0     124.5      44.0
       19         66       0   0.001  0.072   8628     4.757          10.0       110.0       120.0     135.8      28.5
       19         60       0   0.001  0.035   4240     2.378          10.0       110.0       120.0     135.8      57.1
       19         98       0   0.001  0.040   4732     3.084           9.2       120.0       129.2     124.5      40.4
       19        119       0   0.001  0.035   4216     2.594          10.0       110.0       100.0     135.8      52.3
       19         73       0   0.001  0.015   2208     1.189          10.0       110.0       100.0     135.8     161.5
       19         76       0   0.001  0.036   4352     3.364           8.6       110.0       101.4     135.8      40.4
       19         77       0   0.001  0.053   6296     4.362          10.0       110.0       120.0     135.8      31.1
       19        128       0   0.001  0.030   3540     2.594          10.0       120.0       130.0     124.5      48.0
       19         36       0   0.001  0.036   4404     4.362           8.7       110.0       101.3     135.8      31.1
       19         88       0   0.001  0.035   4256     4.000           9.7       100.3       110.0     148.1      37.0
       19         80       0   0.001  0.022   2700     4.362           5.3       120.0       125.3     124.5      28.5
       19         40       0   0.001  0.019   2292     3.084           6.7       110.0       103.3     135.8      44.0
       19        134       0   0.001  0.031   3748     1.834          20.0       110.0        90.0     135.8      74.0
       19        104       0   0.001  0.048   5816     1.834          37.8       112.2       150.0     135.8      74.0
       19         71       0   0.001  0.061   7312     4.757          18.2       111.8       130.0     135.8      28.5
       19         91       0   0.001  0.041   4888     4.362          13.2       114.9       128.1     135.8      31.1
       19         68       0   0.001  0.014   1668     2.000          10.0       110.0       120.0     135.8      67.9
       19        116       0   0.000  0.012   1472     1.189          20.0       110.0        90.0     135.8     114.2
       19        100       0   0.000  0.021   2476     4.000          10.0       110.0       100.0     135.8      33.9
       19         94       0   0.000  0.029   3500     4.000          15.6       120.0       135.6     124.5      31.1
       19        139       0   0.000  0.018   2120     4.362           9.5       120.0       129.5     124.5      28.5
       19         72       0   0.000  0.017   2120     1.834          23.4       116.6       140.0     124.5      67.9
       19         53       0   0.000  0.028   3316     5.187          13.3       110.0        96.7     135.8      26.2
       19         70       0   0.000  0.031   3692     4.000          20.0       110.0       130.0     135.8      33.9
       19         67       0   0.000  0.042   4972     5.657          20.5       109.5       130.0     135.8      24.0
       19        113       0   0.000  0.012   1380     3.084          10.0       120.0       130.0     124.5      40.4
       19        121       0   0.000  0.012   1448     3.364          10.0       110.0       100.0     135.8      40.4
       19        136       0   0.000  0.010   1184     3.668           7.3       102.7       110.0     148.1      40.4
       19         37       0   0.000  0.027   3256     5.187          15.3       109.8       125.1     135.8      26.2
       19         79       0   0.000  0.005    584     1.414          10.8       110.0       120.8     135.8      96.0
       19         96       0   0.000  0.013   1564     4.362          10.0       110.0       100.0     135.8      31.1
       19        102       0   0.000  0.019   2252     3.668          20.1       110.0       130.1     135.8      37.0
       19         59       0   0.000  0.016   1916     5.657          13.0       110.0       123.0     135.8      24.0
       19        131       0   0.000  0.009   1084     4.362          10.0       110.0       100.0     135.8      31.1
       19        120       0   0.000  0.014   1672     3.668          20.0       110.0       130.0     135.8      37.0
       19         95       0   0.000  0.009   1120     5.187          10.0       120.0       130.0     124.5      24.0
       19         56       0   0.000  0.014   1668     4.362          20.0       110.0       130.0     135.8      31.1
       19        107       0   0.000  0.011   1320     4.000          17.4       110.0        92.6     135.8      33.9
       19        114       0   0.000  0.008    932     4.757          10.0       110.0       120.0     135.8      28.5
       19         82       0   0.000  0.016   1936     5.187          20.1       110.0        89.9     135.8      26.2
       19        127       0   0.000  0.010   1224     3.364          20.0       110.0       130.0     135.8      40.4
       19        122       0   0.000  0.007    876     5.657          10.0       110.0       100.0     135.8      24.0
       19         99       0   0.000  0.007    856     2.828          21.2       110.0        88.8     135.8      48.0
       19        126       0   0.000  0.004    524     2.181          20.0       110.0       130.0     135.8      62.2
       19        111       0   0.000  0.005    548     4.362          10.0       110.0       120.0     135.8      31.1
       19        117       0   0.000  0.005    624     5.187          10.0       120.0       130.0     124.5      24.0
       19        106       0   0.000  0.004    488     5.187          10.0       120.0       130.0     124.5      24.0
       19        123       0   0.000  0.006    748     4.757          20.0       110.0       130.0     135.8      28.5
       19        103       0   0.000  0.008    980     6.169          30.0       100.0       130.0     148.1      24.0
       19        115       0   0.000  0.005    556     5.187          20.0       110.0       130.0     135.8      26.2
       19        130       0   0.000  0.005    624     4.000          30.0       110.0       140.0     135.8      33.9
       19        105       0   0.000  0.004    432     5.657          20.0       110.0       130.0     135.8      24.0
       19         58       0   0.000  0.005    636     6.169          27.9       102.1       130.0     148.1      24.0
       19         61       0   0.000  0.003    344     5.657          20.0       110.0        90.0     135.8      24.0
       19         86       0   0.000  0.003    344     5.657          20.0       110.0       130.0     135.8      24.0
       19         74       0   0.000  0.000      0       nan           nan         nan         nan       nan       nan
       19         78       0   0.000  0.000      0       nan           nan         nan         nan       nan       nan
       19         83       0   0.000  0.000      0       nan           nan         nan         nan       nan       nan
       19         85       0   0.000  0.000      0       nan           nan         nan         nan       nan       nan
       19         90       0   0.000  0.000      0       nan           nan         nan         nan       nan       nan
       19         93       0   0.000  0.000      0       nan           nan         nan         nan       nan       nan
       19         97       0   0.000  0.000      0       nan           nan         nan         nan       nan       nan
       19        101       0   0.000  0.000      0       nan           nan         nan         nan       nan       nan
       19        110       0   0.000  0.000      0       nan           nan         nan         nan       nan       nan
       19        112       0   0.000  0.000      0       nan           nan         nan         nan       nan       nan
       19        118       0   0.000  0.000      0       nan           nan         nan         nan       nan       nan
       19        129       0   0.000  0.000      0       nan           nan         nan         nan       nan       nan
       19        132       0   0.000  0.000      0       nan           nan         nan         nan       nan       nan
       19        133       0   0.000  0.000      0       nan           nan         nan         nan       nan       nan
       19        135       0   0.000  0.000      0       nan           nan         nan         nan       nan       nan
       19        137       0   0.000  0.000      0       nan           nan         nan         nan       nan       nan
       20        119       0   0.065  0.130   1472     2.000           0.0       100.0       100.0      26.2      52.3
       20         62       0   0.017  0.333   3228     1.834          10.0       100.0       110.0      26.2      48.0
       20         82       1   0.010  0.118   1104     1.091          10.2       100.0        89.8      26.2      28.5
       20         33       0   0.009  0.216   4956     1.000          23.1       100.0       123.1      26.2      26.2
       20         41       0   0.008  0.115   1256     1.297          10.0       100.0       110.0      26.2      33.9
       20         69       0   0.008  0.029    564     3.668           0.0       100.0       100.0      26.2      96.0
       20         67       0   0.005  0.158   1848     1.091          30.0       100.0       130.0      26.2      24.0
       20         35       0   0.004  0.192   7148     1.682          25.4       100.0       125.4      26.2      44.0
       20         39       1   0.004  0.062   1432     1.000          14.1       100.0       114.1      26.2      26.2
       20         26       0   0.004  0.084   8372     1.542          12.4       100.0       112.4      26.2      40.4
       20         37       0   0.003  0.100   1072     1.091          28.6       100.0       128.6      26.2      24.0
       20         48       0   0.003  0.108   1772     1.682          20.0       100.0       120.0      26.2      44.0
       20         88       0   0.003  0.041    520     1.414          10.0       100.0       110.0      26.2      37.0
       20         28       0   0.003  0.104   6236     3.668          10.0       100.0       110.0      26.2      96.0
       20        124       0   0.002  0.107   1620     4.757          10.0       100.0        90.0      26.2     124.5
       20         84       0   0.001  0.068   1272     1.834          30.0       100.0       130.0      26.2      48.0
       20         32       0   0.001  0.062   8388     2.378          22.6       100.0       122.6      26.2      62.2
       20         77       0   0.001  0.024    352     1.189          20.0       100.0       120.0      26.2      31.1
       20         27       0   0.001  0.060   8548     4.000          15.3       100.0       115.3      26.2     104.7
       20         25       0   0.001  0.047   8548     6.169          10.0       100.0       110.0      26.2     161.5
       20        103       0   0.000  0.017    156     1.091          30.0       100.0       130.0      26.2      24.0
       20         30       0   0.000  0.020   1164     4.362          10.0       100.0       110.0      26.2     114.2
       20        115       0   0.000  0.013    116     1.000          30.0       100.0       130.0      26.2      26.2
       20         51       0   0.000  0.068   1536     5.657          30.0       100.0       130.0      26.2     148.1
       20         56       0   0.000  0.011    116     1.091          30.0       100.0       130.0      26.2      28.5
       20         46       0   0.000  0.025   1176     5.187          30.0       100.0       130.0      26.2     135.8
       20         29       0   0.000  0.013   1284     4.757          20.0       100.0       120.0      26.2     124.5
       20         31       0   0.000  0.020   2860     6.727          30.0       100.0       130.0      26.2     176.1
       20         34       0   0.000  0.000      0       nan           nan         nan         nan       nan       nan
       20         36       0   0.000  0.000      0       nan           nan         nan         nan       nan       nan
       20         38       0   0.000  0.000      0       nan           nan         nan         nan       nan       nan
       20         40       0   0.000  0.000      0       nan           nan         nan         nan       nan       nan
       20         42       0   0.000  0.000      0       nan           nan         nan         nan       nan       nan
       20         43       0   0.000  0.000      0       nan           nan         nan         nan       nan       nan
       20         44       0   0.000  0.000      0       nan           nan         nan         nan       nan       nan
       20         45       0   0.000  0.000      0       nan           nan         nan         nan       nan       nan
       20         47       0   0.000  0.000      0       nan           nan         nan         nan       nan       nan
       20         49       0   0.000  0.000      0       nan           nan         nan         nan       nan       nan
       20         50       0   0.000  0.000      0       nan           nan         nan         nan       nan       nan
       20         52       0   0.000  0.000      0       nan           nan         nan         nan       nan       nan
       20         53       0   0.000  0.000      0       nan           nan         nan         nan       nan       nan
       20         54       0   0.000  0.000      0       nan           nan         nan         nan       nan       nan
       20         55       0   0.000  0.000      0       nan           nan         nan         nan       nan       nan
       20         57       0   0.000  0.000      0       nan           nan         nan         nan       nan       nan
       20         58       0   0.000  0.000      0       nan           nan         nan         nan       nan       nan
       20         59       0   0.000  0.000      0       nan           nan         nan         nan       nan       nan
       20         60       0   0.000  0.000      0       nan           nan         nan         nan       nan       nan
       20         61       0   0.000  0.000      0       nan           nan         nan         nan       nan       nan
       20         63       0   0.000  0.000      0       nan           nan         nan         nan       nan       nan
       20         64       0   0.000  0.000      0       nan           nan         nan         nan       nan       nan
       20         65       0   0.000  0.000      0       nan           nan         nan         nan       nan       nan
       20         66       0   0.000  0.000      0       nan           nan         nan         nan       nan       nan
       20         68       0   0.000  0.000      0       nan           nan         nan         nan       nan       nan
       20         70       0   0.000  0.000      0       nan           nan         nan         nan       nan       nan
       20         71       0   0.000  0.000      0       nan           nan         nan         nan       nan       nan
       20         72       0   0.000  0.000      0       nan           nan         nan         nan       nan       nan
       20         73       0   0.000  0.000      0       nan           nan         nan         nan       nan       nan
       20         74       0   0.000  0.000      0       nan           nan         nan         nan       nan       nan
       20         75       0   0.000  0.000      0       nan           nan         nan         nan       nan       nan
       20         76       0   0.000  0.000      0       nan           nan         nan         nan       nan       nan
       20         78       0   0.000  0.000      0       nan           nan         nan         nan       nan       nan
       20         79       0   0.000  0.000      0       nan           nan         nan         nan       nan       nan
       20         80       0   0.000  0.000      0       nan           nan         nan         nan       nan       nan
       20         81       0   0.000  0.000      0       nan           nan         nan         nan       nan       nan
       20         83       0   0.000  0.000      0       nan           nan         nan         nan       nan       nan
       20         85       0   0.000  0.000      0       nan           nan         nan         nan       nan       nan
       20         86       0   0.000  0.000      0       nan           nan         nan         nan       nan       nan
       20         87       0   0.000  0.000      0       nan           nan         nan         nan       nan       nan
       20         89       0   0.000  0.000      0       nan           nan         nan         nan       nan       nan
       20         90       0   0.000  0.000      0       nan           nan         nan         nan       nan       nan
       20         91       0   0.000  0.000      0       nan           nan         nan         nan       nan       nan
       20         92       0   0.000  0.000      0       nan           nan         nan         nan       nan       nan
       20         93       0   0.000  0.000      0       nan           nan         nan         nan       nan       nan
       20         94       0   0.000  0.000      0       nan           nan         nan         nan       nan       nan
       20         95       0   0.000  0.000      0       nan           nan         nan         nan       nan       nan
       20         96       0   0.000  0.000      0       nan           nan         nan         nan       nan       nan
       20         97       0   0.000  0.000      0       nan           nan         nan         nan       nan       nan
       20         98       0   0.000  0.000      0       nan           nan         nan         nan       nan       nan
       20         99       0   0.000  0.000      0       nan           nan         nan         nan       nan       nan
       20        100       0   0.000  0.000      0       nan           nan         nan         nan       nan       nan
       20        101       0   0.000  0.000      0       nan           nan         nan         nan       nan       nan
       20        102       0   0.000  0.000      0       nan           nan         nan         nan       nan       nan
       20        104       0   0.000  0.000      0       nan           nan         nan         nan       nan       nan
       20        105       0   0.000  0.000      0       nan           nan         nan         nan       nan       nan
       20        106       0   0.000  0.000      0       nan           nan         nan         nan       nan       nan
       20        107       0   0.000  0.000      0       nan           nan         nan         nan       nan       nan
       20        108       0   0.000  0.000      0       nan           nan         nan         nan       nan       nan
       20        109       0   0.000  0.000      0       nan           nan         nan         nan       nan       nan
       20        110       0   0.000  0.000      0       nan           nan         nan         nan       nan       nan
       20        111       0   0.000  0.000      0       nan           nan         nan         nan       nan       nan
       20        112       0   0.000  0.000      0       nan           nan         nan         nan       nan       nan
       20        113       0   0.000  0.000      0       nan           nan         nan         nan       nan       nan
       20        114       0   0.000  0.000      0       nan           nan         nan         nan       nan       nan
       20        116       0   0.000  0.000      0       nan           nan         nan         nan       nan       nan
       20        117       0   0.000  0.000      0       nan           nan         nan         nan       nan       nan
       20        118       0   0.000  0.000      0       nan           nan         nan         nan       nan       nan
       20        120       0   0.000  0.000      0       nan           nan         nan         nan       nan       nan
       20        121       0   0.000  0.000      0       nan           nan         nan         nan       nan       nan
       20        122       0   0.000  0.000      0       nan           nan         nan         nan       nan       nan
       20        123       0   0.000  0.000      0       nan           nan         nan         nan       nan       nan
       20        125       0   0.000  0.000      0       nan           nan         nan         nan       nan       nan
       20        126       0   0.000  0.000      0       nan           nan         nan         nan       nan       nan
       20        127       0   0.000  0.000      0       nan           nan         nan         nan       nan       nan
       20        128       0   0.000  0.000      0       nan           nan         nan         nan       nan       nan
       20        129       0   0.000  0.000      0       nan           nan         nan         nan       nan       nan
       20        130       0   0.000  0.000      0       nan           nan         nan         nan       nan       nan
       20        131       0   0.000  0.000      0       nan           nan         nan         nan       nan       nan
       20        132       0   0.000  0.000      0       nan           nan         nan         nan       nan       nan
       20        133       0   0.000  0.000      0       nan           nan         nan         nan       nan       nan
       20        134       0   0.000  0.000      0       nan           nan         nan         nan       nan       nan
       20        135       0   0.000  0.000      0       nan           nan         nan         nan       nan       nan
       20        136       0   0.000  0.000      0       nan           nan         nan         nan       nan       nan
       20        137       0   0.000  0.000      0       nan           nan         nan         nan       nan       nan
       20        138       0   0.000  0.000      0       nan           nan         nan         nan       nan       nan
       20        139       0   0.000  0.000      0       nan           nan         nan         nan       nan       nan
       21         57       0   0.064  0.152   7432     2.000           0.2       130.2       130.0     124.5      62.2
       21        128       0   0.051  0.122   3540     2.378           0.0       130.0       130.0     114.2      48.0
       21         42       0   0.045  0.199  10700     3.668           0.2       130.2       130.0     124.5      33.9
       21         81       0   0.042  0.119   3964     2.828           0.0       130.0       130.0     124.5      44.0
       21         31       0   0.017  0.211  28980     1.682           6.4       136.4       130.0     104.7     176.1
       21         98       0   0.016  0.106   3244     3.084           1.1       130.0       128.9     124.5      40.4
       21         63       0   0.012  0.280  10012     1.189          18.7       138.7       120.0     104.7      88.0
       21        139       0   0.011  0.071   2072     4.362           0.5       130.0       129.5     124.5      28.5
       21         29       0   0.010  0.232  22924     1.189          18.3       138.3       120.0     104.7     124.5
       21         95       0   0.009  0.039   1120     4.362           0.0       130.0       130.0     104.7      24.0
       21         87       0   0.008  0.192   8512     1.091          19.8       130.2       150.0     124.5     114.2
       21        113       0   0.008  0.036   1060     2.594           0.7       130.7       130.0     104.7      40.4
       21         45       0   0.006  0.114  10444     1.682           9.9       130.1       140.0     124.5     209.4
       21         46       0   0.006  0.170   9924     1.414          20.6       150.6       130.0      96.0     135.8
       21         25       0   0.006  0.161  28980     1.682          16.3       136.4       120.1     104.7     176.1
       21        117       0   0.005  0.022    624     4.362           0.0       130.0       130.0     104.7      24.0
       21         47       1   0.005  0.062   4720     1.189           9.7       130.3       140.0     124.5     104.7
       21         32       0   0.004  0.143  20440     1.834          16.7       139.5       122.7     104.7      57.1
       21         27       0   0.004  0.127  19364     1.542          22.0       140.0       118.1     104.7      67.9
       21         35       0   0.004  0.128   7384     2.828          11.7       141.7       130.0     104.7      37.0
       21         71       0   0.003  0.052   1820     4.362           3.1       133.1       130.0     124.5      28.5
       21         80       0   0.003  0.079   2360     4.362           5.9       130.0       124.1     124.5      28.5
       21         72       0   0.002  0.041   1448     1.834           9.2       130.8       140.0     124.5      67.9
       21         54       0   0.002  0.206   5976     4.000          25.0       141.5       116.5     104.7      26.2
       21         26       0   0.002  0.140  15880     2.828          24.5       142.4       117.9     104.7      37.0
       21         64       0   0.002  0.096   3640     1.189          41.6       151.6       110.0      96.0      80.7
       21         91       0   0.002  0.120   3636     3.084          20.7       148.6       128.0      96.0      31.1
       21         39       0   0.002  0.173   6644     4.362          21.4       141.4       120.0     104.7      24.0
       21         30       0   0.002  0.089   6400     1.189          41.5       151.5       110.0      96.0     114.2
       21        138       0   0.002  0.055   1580     2.828          10.0       130.0       120.0     104.7      37.0
       21        125       0   0.002  0.062   1852     3.364          10.0       130.0       120.0     124.5      37.0
       21         28       0   0.002  0.072   5848     1.000          43.1       153.1       110.0      96.0      96.0
       21        104       0   0.002  0.052   1824     1.682          19.2       130.8       150.0     124.5      74.0
       21         89       0   0.001  0.055   1604     3.668          10.0       130.0       120.0     104.7      28.5
       21         65       0   0.001  0.134   4188     2.594          41.0       151.0       110.0      96.0      37.0
       21         84       0   0.001  0.061   2332     2.181          23.8       142.4       118.5     104.7      48.0
       21         69       0   0.001  0.056   2160     1.000          60.0       160.0       100.0      96.0      96.0
       21         49       0   0.001  0.035   2724     1.834          20.5       130.5       110.0     124.5     228.3
       21         34       0   0.001  0.132   4812     4.000          40.2       150.2       110.0      96.0      24.0
       21         92       0   0.001  0.055   1688     2.181          37.8       147.8       110.0      96.0      44.0
       21         59       0   0.000  0.030    904     4.000          33.5       160.0       126.5      96.0      24.0
       21        123       0   0.000  0.022    636     3.364          30.0       160.0       130.0      96.0      28.5
       21        106       0   0.000  0.017    488     4.000          25.8       155.8       130.0      96.0      24.0
       21        124       0   0.000  0.011    420     1.189          70.0       160.0        90.0      96.0     114.2
       21        127       0   0.000  0.008    240     2.378          30.0       160.0       130.0      96.0      40.4
       21         33       0   0.000  0.013    620     3.668          38.9       158.9       120.0      96.0      26.2
       21         43       0   0.000  0.007    316     3.668          37.4       157.4       120.0      96.0      26.2
       21         66       0   0.000  0.002     68     3.364          40.0       160.0       120.0      96.0      28.5
       21         86       0   0.000  0.000      8     3.364          10.0       140.0       130.0      80.7      24.0
       21        119       0   0.000  0.000     12     1.834          60.0       160.0       100.0      96.0      52.3
       21         70       0   0.000  0.000      4     2.828          30.0       160.0       130.0      96.0      33.9
       21         36       0   0.000  0.000      0       nan           nan         nan         nan       nan       nan
       21         37       0   0.000  0.000      0       nan           nan         nan         nan       nan       nan
       21         38       0   0.000  0.000      0       nan           nan         nan         nan       nan       nan
       21         40       0   0.000  0.000      0       nan           nan         nan         nan       nan       nan
       21         41       0   0.000  0.000      0       nan           nan         nan         nan       nan       nan
       21         44       0   0.000  0.000      0       nan           nan         nan         nan       nan       nan
       21         48       0   0.000  0.000      0       nan           nan         nan         nan       nan       nan
       21         50       0   0.000  0.000      0       nan           nan         nan         nan       nan       nan
       21         51       0   0.000  0.000      0       nan           nan         nan         nan       nan       nan
       21         52       0   0.000  0.000      0       nan           nan         nan         nan       nan       nan
       21         53       0   0.000  0.000      0       nan           nan         nan         nan       nan       nan
       21         55       0   0.000  0.000      0       nan           nan         nan         nan       nan       nan
       21         56       0   0.000  0.000      0       nan           nan         nan         nan       nan       nan
       21         58       0   0.000  0.000      0       nan           nan         nan         nan       nan       nan
       21         60       0   0.000  0.000      0       nan           nan         nan         nan       nan       nan
       21         61       0   0.000  0.000      0       nan           nan         nan         nan       nan       nan
       21         62       0   0.000  0.000      0       nan           nan         nan         nan       nan       nan
       21         67       0   0.000  0.000      0       nan           nan         nan         nan       nan       nan
       21         68       0   0.000  0.000      0       nan           nan         nan         nan       nan       nan
       21         73       0   0.000  0.000      0       nan           nan         nan         nan       nan       nan
       21         74       0   0.000  0.000      0       nan           nan         nan         nan       nan       nan
       21         75       0   0.000  0.000      0       nan           nan         nan         nan       nan       nan
       21         76       0   0.000  0.000      0       nan           nan         nan         nan       nan       nan
       21         77       0   0.000  0.000      0       nan           nan         nan         nan       nan       nan
       21         78       0   0.000  0.000      0       nan           nan         nan         nan       nan       nan
       21         79       0   0.000  0.000      0       nan           nan         nan         nan       nan       nan
       21         82       0   0.000  0.000      0       nan           nan         nan         nan       nan       nan
       21         83       0   0.000  0.000      0       nan           nan         nan         nan       nan       nan
       21         85       0   0.000  0.000      0       nan           nan         nan         nan       nan       nan
       21         88       0   0.000  0.000      0       nan           nan         nan         nan       nan       nan
       21         90       0   0.000  0.000      0       nan           nan         nan         nan       nan       nan
       21         93       0   0.000  0.000      0       nan           nan         nan         nan       nan       nan
       21         94       0   0.000  0.000      0       nan           nan         nan         nan       nan       nan
       21         96       0   0.000  0.000      0       nan           nan         nan         nan       nan       nan
       21         97       0   0.000  0.000      0       nan           nan         nan         nan       nan       nan
       21         99       0   0.000  0.000      0       nan           nan         nan         nan       nan       nan
       21        100       0   0.000  0.000      0       nan           nan         nan         nan       nan       nan
       21        101       0   0.000  0.000      0       nan           nan         nan         nan       nan       nan
       21        102       0   0.000  0.000      0       nan           nan         nan         nan       nan       nan
       21        103       0   0.000  0.000      0       nan           nan         nan         nan       nan       nan
       21        105       0   0.000  0.000      0       nan           nan         nan         nan       nan       nan
       21        107       0   0.000  0.000      0       nan           nan         nan         nan       nan       nan
       21        108       0   0.000  0.000      0       nan           nan         nan         nan       nan       nan
       21        109       0   0.000  0.000      0       nan           nan         nan         nan       nan       nan
       21        110       0   0.000  0.000      0       nan           nan         nan         nan       nan       nan
       21        111       0   0.000  0.000      0       nan           nan         nan         nan       nan       nan
       21        112       0   0.000  0.000      0       nan           nan         nan         nan       nan       nan
       21        114       0   0.000  0.000      0       nan           nan         nan         nan       nan       nan
       21        115       0   0.000  0.000      0       nan           nan         nan         nan       nan       nan
       21        116       0   0.000  0.000      0       nan           nan         nan         nan       nan       nan
       21        118       0   0.000  0.000      0       nan           nan         nan         nan       nan       nan
       21        120       0   0.000  0.000      0       nan           nan         nan         nan       nan       nan
       21        121       0   0.000  0.000      0       nan           nan         nan         nan       nan       nan
       21        122       0   0.000  0.000      0       nan           nan         nan         nan       nan       nan
       21        126       0   0.000  0.000      0       nan           nan         nan         nan       nan       nan
       21        129       0   0.000  0.000      0       nan           nan         nan         nan       nan       nan
       21        130       0   0.000  0.000      0       nan           nan         nan         nan       nan       nan
       21        131       0   0.000  0.000      0       nan           nan         nan         nan       nan       nan
       21        132       0   0.000  0.000      0       nan           nan         nan         nan       nan       nan
       21        133       0   0.000  0.000      0       nan           nan         nan         nan       nan       nan
       21        134       0   0.000  0.000      0       nan           nan         nan         nan       nan       nan
       21        135       0   0.000  0.000      0       nan           nan         nan         nan       nan       nan
       21        136       0   0.000  0.000      0       nan           nan         nan         nan       nan       nan
       21        137       0   0.000  0.000      0       nan           nan         nan         nan       nan       nan
       22         32       1   0.096  0.202  27312     1.189           0.8       120.9       120.1      44.0      52.3
       22         66       0   0.092  0.142   4624     1.542           0.0       120.0       120.0      44.0      28.5
       22         63       0   0.085  0.297  10348     2.000           0.7       120.7       120.0      44.0      88.0
       22         84       1   0.070  0.164   5624     1.091           1.1       121.4       120.3      44.0      48.0
       22         29       0   0.058  0.259  24904     2.828           0.6       120.6       120.0      44.0     124.5
       22         43       0   0.055  0.092   3908     1.682           0.0       120.0       120.0      44.0      26.2
       22         26       1   0.040  0.255  26124     1.189           4.4       121.1       116.7      44.0      37.0
       22        138       0   0.035  0.041   1188     1.189           0.0       120.0       120.0      44.0      37.0
       22         39       0   0.024  0.192   7168     1.834           3.3       123.1       119.7      44.0      24.0
       22         35       1   0.016  0.171   9412     1.189           8.1       121.9       130.0      44.0      37.0
       22         27       0   0.015  0.166  24356     1.542           6.1       120.7       114.6      44.0      67.9
       22         65       1   0.015  0.209   6032     1.189          10.6       120.6       110.0      44.0      37.0
       22         33       0   0.015  0.103   4456     1.682           3.1       123.1       120.0      44.0      26.2
       22         59       0   0.014  0.054   1556     1.834           1.1       120.5       121.6      44.0      24.0
       22         46       0   0.014  0.438  20600     3.084           9.4       120.6       130.0      44.0     135.8
       22        111       0   0.014  0.019    548     1.414           0.0       120.0       120.0      44.0      31.1
       22         58       0   0.014  0.028    824     1.834           0.1       129.9       130.0      44.0      24.0
       22         34       0   0.012  0.258   8372     1.834          10.8       120.9       110.1      44.0      24.0
       22         92       1   0.011  0.127   3608     1.000          10.1       120.1       110.0      44.0      44.0
       22         38       0   0.011  0.178   6588     1.414          10.3       120.0       109.7      44.0      31.1
       22         91       0   0.011  0.127   3768     1.414           7.6       120.6       128.2      44.0      31.1
       22         64       0   0.010  0.216   7272     1.834          10.8       120.8       110.0      44.0      80.7
       22         54       0   0.009  0.122   3748     1.682           6.9       122.2       115.2      44.0      26.2
       22         28       0   0.008  0.217  15380     2.181          10.8       120.8       110.0      44.0      96.0
       22         30       0   0.008  0.255  15812     2.594          10.8       120.8       110.0      44.0     114.2
       22         25       0   0.007  0.158  28448     3.668           4.8       121.1       116.4      44.0     161.5
       22         70       0   0.006  0.089   2624     1.297          10.0       120.0       130.0      44.0      33.9
       22         69       0   0.006  0.270   8500     2.181          20.2       120.2       100.0      44.0      96.0
       22         31       0   0.005  0.199  27516     3.668           9.1       120.9       130.0      44.0     161.5
       22         42       0   0.004  0.037   2284     1.297           5.5       120.0       125.5      44.0      33.9
       22         80       0   0.004  0.006    188     1.542           0.0       120.0       120.0      44.0      28.5
       22        113       0   0.003  0.037   1052     1.091          10.0       120.0       130.0      44.0      40.4
       22         71       0   0.002  0.040   1416     1.542          10.0       120.0       130.0      44.0      28.5
       22        119       0   0.002  0.059   1808     1.189          20.0       120.0       100.0      44.0      52.3
       22        108       0   0.002  0.045   1292     1.834          10.0       120.0       110.0      44.0      24.0
       22         57       0   0.002  0.031   1676     1.414          10.0       120.0       130.0      44.0      62.2
       22         96       0   0.002  0.055   1564     1.414          20.0       120.0       100.0      44.0      31.1
       22        124       0   0.002  0.138   4428     2.594          30.0       120.0        90.0      44.0     114.2
       22        121       0   0.002  0.039   1120     1.091          20.0       120.0       100.0      44.0      40.4
       22        128       0   0.001  0.016    516     1.091          10.0       120.0       130.0      44.0      48.0
       22         76       0   0.001  0.027    924     1.091          20.0       120.0       100.0      44.0      40.4
       22        123       0   0.001  0.012    356     1.542           5.7       124.3       130.0      44.0      28.5
       22        117       0   0.001  0.022    624     1.834          10.0       120.0       130.0      44.0      24.0
       22         88       0   0.001  0.020    644     1.091          16.2       126.2       110.0      44.0      40.4
       22        109       0   0.001  0.019    572     1.834          10.0       120.0       110.0      44.0      24.0
       22        106       0   0.001  0.017    488     1.834           9.8       120.2       130.0      44.0      24.0
       22        127       0   0.001  0.010    300     1.091          10.0       120.0       130.0      44.0      40.4
       22        122       0   0.001  0.031    876     1.834          20.0       120.0       100.0      44.0      24.0
       22        131       0   0.000  0.013    368     1.414          20.0       120.0       100.0      44.0      31.1
       22         87       0   0.000  0.015    800     2.594          30.0       120.0       150.0      44.0     114.2
       22        100       0   0.000  0.003     84     1.297          20.0       120.0       100.0      44.0      33.9
       22         45       0   0.000  0.009    920     4.757          20.0       120.0       140.0      44.0     209.4
       22         52       0   0.000  0.001     32     1.834          20.0       120.0       100.0      44.0      80.7
       22         36       0   0.000  0.000      0       nan           nan         nan         nan       nan       nan
       22         37       0   0.000  0.000      0       nan           nan         nan         nan       nan       nan
       22         40       0   0.000  0.000      0       nan           nan         nan         nan       nan       nan
       22         41       0   0.000  0.000      0       nan           nan         nan         nan       nan       nan
       22         44       0   0.000  0.000      0       nan           nan         nan         nan       nan       nan
       22         47       0   0.000  0.000      0       nan           nan         nan         nan       nan       nan
       22         48       0   0.000  0.000      0       nan           nan         nan         nan       nan       nan
       22         49       0   0.000  0.000      0       nan           nan         nan         nan       nan       nan
       22         50       0   0.000  0.000      0       nan           nan         nan         nan       nan       nan
       22         51       0   0.000  0.000      0       nan           nan         nan         nan       nan       nan
       22         53       0   0.000  0.000      0       nan           nan         nan         nan       nan       nan
       22         55       0   0.000  0.000      0       nan           nan         nan         nan       nan       nan
       22         56       0   0.000  0.000      0       nan           nan         nan         nan       nan       nan
       22         60       0   0.000  0.000      0       nan           nan         nan         nan       nan       nan
       22         61       0   0.000  0.000      0       nan           nan         nan         nan       nan       nan
       22         62       0   0.000  0.000      0       nan           nan         nan         nan       nan       nan
       22         67       0   0.000  0.000      0       nan           nan         nan         nan       nan       nan
       22         68       0   0.000  0.000      0       nan           nan         nan         nan       nan       nan
       22         72       0   0.000  0.000      0       nan           nan         nan         nan       nan       nan
       22         73       0   0.000  0.000      0       nan           nan         nan         nan       nan       nan
       22         74       0   0.000  0.000      0       nan           nan         nan         nan       nan       nan
       22         75       0   0.000  0.000      0       nan           nan         nan         nan       nan       nan
       22         77       0   0.000  0.000      0       nan           nan         nan         nan       nan       nan
       22         78       0   0.000  0.000      0       nan           nan         nan         nan       nan       nan
       22         79       0   0.000  0.000      0       nan           nan         nan         nan       nan       nan
       22         81       0   0.000  0.000      0       nan           nan         nan         nan       nan       nan
       22         82       0   0.000  0.000      0       nan           nan         nan         nan       nan       nan
       22         83       0   0.000  0.000      0       nan           nan         nan         nan       nan       nan
       22         85       0   0.000  0.000      0       nan           nan         nan         nan       nan       nan
       22         86       0   0.000  0.000      0       nan           nan         nan         nan       nan       nan
       22         89       0   0.000  0.000      0       nan           nan         nan         nan       nan       nan
       22         90       0   0.000  0.000      0       nan           nan         nan         nan       nan       nan
       22         93       0   0.000  0.000      0       nan           nan         nan         nan       nan       nan
       22         94       0   0.000  0.000      0       nan           nan         nan         nan       nan       nan
       22         95       0   0.000  0.000      0       nan           nan         nan         nan       nan       nan
       22         97       0   0.000  0.000      0       nan           nan         nan         nan       nan       nan
       22         98       0   0.000  0.000      0       nan           nan         nan         nan       nan       nan
       22         99       0   0.000  0.000      0       nan           nan         nan         nan       nan       nan
       22        101       0   0.000  0.000      0       nan           nan         nan         nan       nan       nan
       22        102       0   0.000  0.000      0       nan           nan         nan         nan       nan       nan
       22        103       0   0.000  0.000      0       nan           nan         nan         nan       nan       nan
       22        104       0   0.000  0.000      0       nan           nan         nan         nan       nan       nan
       22        105       0   0.000  0.000      0       nan           nan         nan         nan       nan       nan
       22        107       0   0.000  0.000      0       nan           nan         nan         nan       nan       nan
       22        110       0   0.000  0.000      0       nan           nan         nan         nan       nan       nan
       22        112       0   0.000  0.000      0       nan           nan         nan         nan       nan       nan
       22        114       0   0.000  0.000      0       nan           nan         nan         nan       nan       nan
       22        115       0   0.000  0.000      0       nan           nan         nan         nan       nan       nan
       22        116       0   0.000  0.000      0       nan           nan         nan         nan       nan       nan
       22        118       0   0.000  0.000      0       nan           nan         nan         nan       nan       nan
       22        120       0   0.000  0.000      0       nan           nan         nan         nan       nan       nan
       22        125       0   0.000  0.000      0       nan           nan         nan         nan       nan       nan
       22        126       0   0.000  0.000      0       nan           nan         nan         nan       nan       nan
       22        129       0   0.000  0.000      0       nan           nan         nan         nan       nan       nan
       22        130       0   0.000  0.000      0       nan           nan         nan         nan       nan       nan
       22        132       0   0.000  0.000      0       nan           nan         nan         nan       nan       nan
       22        133       0   0.000  0.000      0       nan           nan         nan         nan       nan       nan
       22        134       0   0.000  0.000      0       nan           nan         nan         nan       nan       nan
       22        135       0   0.000  0.000      0       nan           nan         nan         nan       nan       nan
       22        136       0   0.000  0.000      0       nan           nan         nan         nan       nan       nan
       22        137       0   0.000  0.000      0       nan           nan         nan         nan       nan       nan
       22        139       0   0.000  0.000      0       nan           nan         nan         nan       nan       nan
       23         50       0   0.009  0.288   4760     4.362           6.2        96.2        90.0      33.9     148.1
       23         62       0   0.008  0.129   1356     1.414          10.0       100.0       110.0      33.9      48.0
       23         48       0   0.008  0.261   3528     1.297          24.3        95.7       120.0      33.9      44.0
       23        116       0   0.007  0.195   1464     3.364           7.4        97.4        90.0      33.9     114.2
       23        120       0   0.006  0.191   1468     1.091          30.0       100.0       130.0      33.9      37.0
       23         26       1   0.005  0.075   7500     1.091          13.4        97.6       111.0      33.9      31.1
       23         67       0   0.005  0.197   2056     1.414          30.0       100.0       130.0      33.9      24.0
       23         82       1   0.004  0.053    476     1.091          10.0       100.0        90.0      33.9      31.1
       23         60       0   0.003  0.162   1692     1.682          27.2        92.8       120.0      33.9      57.1
       23         28       0   0.003  0.130   7496     2.828          12.4        97.6       110.0      33.9      96.0
       23         99       0   0.003  0.063    492     1.414          12.1       100.0        87.9      33.9      48.0
       23         51       0   0.003  0.429   6940     4.362          32.6        97.4       130.0      33.9     148.1
       23        100       0   0.003  0.031    304     1.000          10.0        90.0       100.0      33.9      33.9
       23         35       0   0.002  0.090   3588     1.297          27.9       100.0       127.9      33.9      44.0
       23         61       0   0.002  0.035    268     1.414          10.0       100.0        90.0      33.9      24.0
       23        115       0   0.002  0.071    536     1.297          30.0       100.0       130.0      33.9      26.2
       23        130       0   0.002  0.076    576     1.091          40.0       100.0       140.0      33.9      31.1
       23        105       0   0.001  0.058    432     1.414          30.0       100.0       130.0      33.9      24.0
       23         32       0   0.001  0.054   7220     1.834          24.4        97.5       121.9      33.9      62.2
       23         33       0   0.001  0.032    836     1.297          20.5       100.0       120.5      33.9      26.2
       23        126       0   0.001  0.066    500     1.834          38.4        91.6       130.0      33.9      62.2
       23         27       0   0.001  0.053   7500     3.084          18.4        97.6       116.0      33.9     104.7
       23         25       0   0.001  0.042   7500     4.757          12.4        97.6       110.0      33.9     161.5
       23         77       0   0.001  0.022    296     1.091          30.0        90.0       120.0      33.9      31.1
       23         37       0   0.001  0.022    236     1.414          30.0       100.0       130.0      33.9      24.0
       23         34       0   0.000  0.001     24     1.297          10.0        90.0       100.0      33.9      26.2
       23         29       0   0.000  0.000      0       nan           nan         nan         nan       nan       nan
       23         30       0   0.000  0.000      0       nan           nan         nan         nan       nan       nan
       23         31       0   0.000  0.000      0       nan           nan         nan         nan       nan       nan
       23         36       0   0.000  0.000      0       nan           nan         nan         nan       nan       nan
       23         38       0   0.000  0.000      0       nan           nan         nan         nan       nan       nan
       23         39       0   0.000  0.000      0       nan           nan         nan         nan       nan       nan
       23         40       0   0.000  0.000      0       nan           nan         nan         nan       nan       nan
       23         41       0   0.000  0.000      0       nan           nan         nan         nan       nan       nan
       23         42       0   0.000  0.000      0       nan           nan         nan         nan       nan       nan
       23         43       0   0.000  0.000      0       nan           nan         nan         nan       nan       nan
       23         44       0   0.000  0.000      0       nan           nan         nan         nan       nan       nan
       23         45       0   0.000  0.000      0       nan           nan         nan         nan       nan       nan
       23         46       0   0.000  0.000      0       nan           nan         nan         nan       nan       nan
       23         47       0   0.000  0.000      0       nan           nan         nan         nan       nan       nan
       23         49       0   0.000  0.000      0       nan           nan         nan         nan       nan       nan
       23         52       0   0.000  0.000      0       nan           nan         nan         nan       nan       nan
       23         53       0   0.000  0.000      0       nan           nan         nan         nan       nan       nan
       23         54       0   0.000  0.000      0       nan           nan         nan         nan       nan       nan
       23         55       0   0.000  0.000      0       nan           nan         nan         nan       nan       nan
       23         56       0   0.000  0.000      0       nan           nan         nan         nan       nan       nan
       23         57       0   0.000  0.000      0       nan           nan         nan         nan       nan       nan
       23         58       0   0.000  0.000      0       nan           nan         nan         nan       nan       nan
       23         59       0   0.000  0.000      0       nan           nan         nan         nan       nan       nan
       23         63       0   0.000  0.000      0       nan           nan         nan         nan       nan       nan
       23         64       0   0.000  0.000      0       nan           nan         nan         nan       nan       nan
       23         65       0   0.000  0.000      0       nan           nan         nan         nan       nan       nan
       23         66       0   0.000  0.000      0       nan           nan         nan         nan       nan       nan
       23         68       0   0.000  0.000      0       nan           nan         nan         nan       nan       nan
       23         69       0   0.000  0.000      0       nan           nan         nan         nan       nan       nan
       23         70       0   0.000  0.000      0       nan           nan         nan         nan       nan       nan
       23         71       0   0.000  0.000      0       nan           nan         nan         nan       nan       nan
       23         72       0   0.000  0.000      0       nan           nan         nan         nan       nan       nan
       23         73       0   0.000  0.000      0       nan           nan         nan         nan       nan       nan
       23         74       0   0.000  0.000      0       nan           nan         nan         nan       nan       nan
       23         75       0   0.000  0.000      0       nan           nan         nan         nan       nan       nan
       23         76       0   0.000  0.000      0       nan           nan         nan         nan       nan       nan
       23         78       0   0.000  0.000      0       nan           nan         nan         nan       nan       nan
       23         79       0   0.000  0.000      0       nan           nan         nan         nan       nan       nan
       23         80       0   0.000  0.000      0       nan           nan         nan         nan       nan       nan
       23         81       0   0.000  0.000      0       nan           nan         nan         nan       nan       nan
       23         83       0   0.000  0.000      0       nan           nan         nan         nan       nan       nan
       23         84       0   0.000  0.000      0       nan           nan         nan         nan       nan       nan
       23         85       0   0.000  0.000      0       nan           nan         nan         nan       nan       nan
       23         86       0   0.000  0.000      0       nan           nan         nan         nan       nan       nan
       23         87       0   0.000  0.000      0       nan           nan         nan         nan       nan       nan
       23         88       0   0.000  0.000      0       nan           nan         nan         nan       nan       nan
       23         89       0   0.000  0.000      0       nan           nan         nan         nan       nan       nan
       23         90       0   0.000  0.000      0       nan           nan         nan         nan       nan       nan
       23         91       0   0.000  0.000      0       nan           nan         nan         nan       nan       nan
       23         92       0   0.000  0.000      0       nan           nan         nan         nan       nan       nan
       23         93       0   0.000  0.000      0       nan           nan         nan         nan       nan       nan
       23         94       0   0.000  0.000      0       nan           nan         nan         nan       nan       nan
       23         95       0   0.000  0.000      0       nan           nan         nan         nan       nan       nan
       23         96       0   0.000  0.000      0       nan           nan         nan         nan       nan       nan
       23         97       0   0.000  0.000      0       nan           nan         nan         nan       nan       nan
       23         98       0   0.000  0.000      0       nan           nan         nan         nan       nan       nan
       23        101       0   0.000  0.000      0       nan           nan         nan         nan       nan       nan
       23        102       0   0.000  0.000      0       nan           nan         nan         nan       nan       nan
       23        103       0   0.000  0.000      0       nan           nan         nan         nan       nan       nan
       23        104       0   0.000  0.000      0       nan           nan         nan         nan       nan       nan
       23        106       0   0.000  0.000      0       nan           nan         nan         nan       nan       nan
       23        107       0   0.000  0.000      0       nan           nan         nan         nan       nan       nan
       23        108       0   0.000  0.000      0       nan           nan         nan         nan       nan       nan
       23        109       0   0.000  0.000      0       nan           nan         nan         nan       nan       nan
       23        110       0   0.000  0.000      0       nan           nan         nan         nan       nan       nan
       23        111       0   0.000  0.000      0       nan           nan         nan         nan       nan       nan
       23        112       0   0.000  0.000      0       nan           nan         nan         nan       nan       nan
       23        113       0   0.000  0.000      0       nan           nan         nan         nan       nan       nan
       23        114       0   0.000  0.000      0       nan           nan         nan         nan       nan       nan
       23        117       0   0.000  0.000      0       nan           nan         nan         nan       nan       nan
       23        118       0   0.000  0.000      0       nan           nan         nan         nan       nan       nan
       23        119       0   0.000  0.000      0       nan           nan         nan         nan       nan       nan
       23        121       0   0.000  0.000      0       nan           nan         nan         nan       nan       nan
       23        122       0   0.000  0.000      0       nan           nan         nan         nan       nan       nan
       23        123       0   0.000  0.000      0       nan           nan         nan         nan       nan       nan
       23        124       0   0.000  0.000      0       nan           nan         nan         nan       nan       nan
       23        125       0   0.000  0.000      0       nan           nan         nan         nan       nan       nan
       23        127       0   0.000  0.000      0       nan           nan         nan         nan       nan       nan
       23        128       0   0.000  0.000      0       nan           nan         nan         nan       nan       nan
       23        129       0   0.000  0.000      0       nan           nan         nan         nan       nan       nan
       23        131       0   0.000  0.000      0       nan           nan         nan         nan       nan       nan
       23        132       0   0.000  0.000      0       nan           nan         nan         nan       nan       nan
       23        133       0   0.000  0.000      0       nan           nan         nan         nan       nan       nan
       23        134       0   0.000  0.000      0       nan           nan         nan         nan       nan       nan
       23        135       0   0.000  0.000      0       nan           nan         nan         nan       nan       nan
       23        136       0   0.000  0.000      0       nan           nan         nan         nan       nan       nan
       23        137       0   0.000  0.000      0       nan           nan         nan         nan       nan       nan
       23        138       0   0.000  0.000      0       nan           nan         nan         nan       nan       nan
       23        139       0   0.000  0.000      0       nan           nan         nan         nan       nan       nan
       24         60       1   0.123  0.123   2012     1.000           0.0       120.0       120.0      57.1      57.1
       24         48       0   0.122  0.194   3784     1.297           0.2       120.2       120.0      57.1      44.0
       24         35       1   0.080  0.232   9344     1.189           1.4       125.9       127.3      52.3      44.0
       24         32       1   0.058  0.098  13240     1.189           0.4       124.1       123.7      52.3      62.2
       24         67       0   0.023  0.159   2560     2.378           1.9       128.1       130.0      57.1      24.0
       24         33       0   0.020  0.176   4952     2.000           3.4       127.0       123.6      52.3      26.2
       24         62       0   0.016  0.291   4076     1.091          15.3       125.3       110.0      52.3      48.0
       24         51       0   0.013  0.289   6580     2.594           7.8       122.2       130.0      57.1     148.1
       24        115       0   0.010  0.021    292     2.000           0.0       130.0       130.0      52.3      26.2
       24         26       0   0.009  0.133  13304     1.414           9.8       123.9       114.0      52.3      37.0
       24         27       0   0.007  0.096  13716     2.000           5.7       124.0       118.3      52.3     104.7
       24         37       0   0.007  0.090   1400     2.000           5.8       124.2       130.0      48.0      24.0
       24         77       0   0.007  0.012    236     1.834           0.0       120.0       120.0      57.1      31.1
       24         28       0   0.006  0.141   8840     1.682          13.5       123.5       110.0      57.1      96.0
       24         41       0   0.004  0.068   1108     1.414          10.0       120.0       110.0      48.0      33.9
       24        120       0   0.003  0.052    756     1.542           9.2       120.8       130.0      57.1      37.0
       24        126       0   0.003  0.038    524     1.091          10.0       120.0       130.0      57.1      62.2
       24        136       0   0.003  0.063    880     1.297          16.7       126.7       110.0      52.3      40.4
       24         50       0   0.003  0.203   4632     2.594          30.0       120.0        90.0      57.1     148.1
       24         88       0   0.002  0.041    728     1.414          14.6       124.6       110.0      52.3      37.0
       24         39       0   0.002  0.019    560     1.834           4.9       123.0       118.0      48.0      26.2
       24         25       0   0.002  0.076  13716     3.084          14.0       124.0       110.0      52.3     161.5
       24        116       0   0.002  0.095   1320     2.000          30.0       120.0        90.0      57.1     114.2
       24        105       0   0.001  0.029    400     2.378          10.0       120.0       130.0      57.1      24.0
       24        103       0   0.001  0.018    260     2.000           9.4       120.6       130.0      48.0      24.0
       24        130       0   0.000  0.017    244     1.682          20.0       120.0       140.0      57.1      33.9
       24        100       0   0.000  0.017    264     1.682          20.0       120.0       100.0      57.1      33.9
       24         82       0   0.000  0.026    396     1.834          34.1       124.1        90.0      52.3      28.5
       24         36       0   0.000  0.005    108     2.181          10.0       120.0       110.0      57.1      26.2
       24         99       0   0.000  0.007     96     1.189          40.0       120.0        80.0      57.1      48.0
       24        107       0   0.000  0.002     24     1.834          10.0       120.0       110.0      57.1      31.1
       24         61       0   0.000  0.005     64     2.378          30.0       120.0        90.0      57.1      24.0
       24         31       0   0.000  0.001     80     3.668          10.0       120.0       130.0      48.0     176.1
       24         34       0   0.000  0.000      4     2.181          20.0       120.0       100.0      57.1      26.2
       24         29       0   0.000  0.000      0       nan           nan         nan         nan       nan       nan
       24         30       0   0.000  0.000      0       nan           nan         nan         nan       nan       nan
       24         38       0   0.000  0.000      0       nan           nan         nan         nan       nan       nan
       24         40       0   0.000  0.000      0       nan           nan         nan         nan       nan       nan
       24         42       0   0.000  0.000      0       nan           nan         nan         nan       nan       nan
       24         43       0   0.000  0.000      0       nan           nan         nan         nan       nan       nan
       24         44       0   0.000  0.000      0       nan           nan         nan         nan       nan       nan
       24         45       0   0.000  0.000      0       nan           nan         nan         nan       nan       nan
       24         46       0   0.000  0.000      0       nan           nan         nan         nan       nan       nan
       24         47       0   0.000  0.000      0       nan           nan         nan         nan       nan       nan
       24         49       0   0.000  0.000      0       nan           nan         nan         nan       nan       nan
       24         52       0   0.000  0.000      0       nan           nan         nan         nan       nan       nan
       24         53       0   0.000  0.000      0       nan           nan         nan         nan       nan       nan
       24         54       0   0.000  0.000      0       nan           nan         nan         nan       nan       nan
       24         55       0   0.000  0.000      0       nan           nan         nan         nan       nan       nan
       24         56       0   0.000  0.000      0       nan           nan         nan         nan       nan       nan
       24         57       0   0.000  0.000      0       nan           nan         nan         nan       nan       nan
       24         58       0   0.000  0.000      0       nan           nan         nan         nan       nan       nan
       24         59       0   0.000  0.000      0       nan           nan         nan         nan       nan       nan
       24         63       0   0.000  0.000      0       nan           nan         nan         nan       nan       nan
       24         64       0   0.000  0.000      0       nan           nan         nan         nan       nan       nan
       24         65       0   0.000  0.000      0       nan           nan         nan         nan       nan       nan
       24         66       0   0.000  0.000      0       nan           nan         nan         nan       nan       nan
       24         68       0   0.000  0.000      0       nan           nan         nan         nan       nan       nan
       24         69       0   0.000  0.000      0       nan           nan         nan         nan       nan       nan
       24         70       0   0.000  0.000      0       nan           nan         nan         nan       nan       nan
       24         71       0   0.000  0.000      0       nan           nan         nan         nan       nan       nan
       24         72       0   0.000  0.000      0       nan           nan         nan         nan       nan       nan
       24         73       0   0.000  0.000      0       nan           nan         nan         nan       nan       nan
       24         74       0   0.000  0.000      0       nan           nan         nan         nan       nan       nan
       24         75       0   0.000  0.000      0       nan           nan         nan         nan       nan       nan
       24         76       0   0.000  0.000      0       nan           nan         nan         nan       nan       nan
       24         78       0   0.000  0.000      0       nan           nan         nan         nan       nan       nan
       24         79       0   0.000  0.000      0       nan           nan         nan         nan       nan       nan
       24         80       0   0.000  0.000      0       nan           nan         nan         nan       nan       nan
       24         81       0   0.000  0.000      0       nan           nan         nan         nan       nan       nan
       24         83       0   0.000  0.000      0       nan           nan         nan         nan       nan       nan
       24         84       0   0.000  0.000      0       nan           nan         nan         nan       nan       nan
       24         85       0   0.000  0.000      0       nan           nan         nan         nan       nan       nan
       24         86       0   0.000  0.000      0       nan           nan         nan         nan       nan       nan
       24         87       0   0.000  0.000      0       nan           nan         nan         nan       nan       nan
       24         89       0   0.000  0.000      0       nan           nan         nan         nan       nan       nan
       24         90       0   0.000  0.000      0       nan           nan         nan         nan       nan       nan
       24         91       0   0.000  0.000      0       nan           nan         nan         nan       nan       nan
       24         92       0   0.000  0.000      0       nan           nan         nan         nan       nan       nan
       24         93       0   0.000  0.000      0       nan           nan         nan         nan       nan       nan
       24         94       0   0.000  0.000      0       nan           nan         nan         nan       nan       nan
       24         95       0   0.000  0.000      0       nan           nan         nan         nan       nan       nan
       24         96       0   0.000  0.000      0       nan           nan         nan         nan       nan       nan
       24         97       0   0.000  0.000      0       nan           nan         nan         nan       nan       nan
       24         98       0   0.000  0.000      0       nan           nan         nan         nan       nan       nan
       24        101       0   0.000  0.000      0       nan           nan         nan         nan       nan       nan
       24        102       0   0.000  0.000      0       nan           nan         nan         nan       nan       nan
       24        104       0   0.000  0.000      0       nan           nan         nan         nan       nan       nan
       24        106       0   0.000  0.000      0       nan           nan         nan         nan       nan       nan
       24        108       0   0.000  0.000      0       nan           nan         nan         nan       nan       nan
       24        109       0   0.000  0.000      0       nan           nan         nan         nan       nan       nan
       24        110       0   0.000  0.000      0       nan           nan         nan         nan       nan       nan
       24        111       0   0.000  0.000      0       nan           nan         nan         nan       nan       nan
       24        112       0   0.000  0.000      0       nan           nan         nan         nan       nan       nan
       24        113       0   0.000  0.000      0       nan           nan         nan         nan       nan       nan
       24        114       0   0.000  0.000      0       nan           nan         nan         nan       nan       nan
       24        117       0   0.000  0.000      0       nan           nan         nan         nan       nan       nan
       24        118       0   0.000  0.000      0       nan           nan         nan         nan       nan       nan
       24        119       0   0.000  0.000      0       nan           nan         nan         nan       nan       nan
       24        121       0   0.000  0.000      0       nan           nan         nan         nan       nan       nan
       24        122       0   0.000  0.000      0       nan           nan         nan         nan       nan       nan
       24        123       0   0.000  0.000      0       nan           nan         nan         nan       nan       nan
       24        124       0   0.000  0.000      0       nan           nan         nan         nan       nan       nan
       24        125       0   0.000  0.000      0       nan           nan         nan         nan       nan       nan
       24        127       0   0.000  0.000      0       nan           nan         nan         nan       nan       nan
       24        128       0   0.000  0.000      0       nan           nan         nan         nan       nan       nan
       24        129       0   0.000  0.000      0       nan           nan         nan         nan       nan       nan
       24        131       0   0.000  0.000      0       nan           nan         nan         nan       nan       nan
       24        132       0   0.000  0.000      0       nan           nan         nan         nan       nan       nan
       24        133       0   0.000  0.000      0       nan           nan         nan         nan       nan       nan
       24        134       0   0.000  0.000      0       nan           nan         nan         nan       nan       nan
       24        135       0   0.000  0.000      0       nan           nan         nan         nan       nan       nan
       24        137       0   0.000  0.000      0       nan           nan         nan         nan       nan       nan
       24        138       0   0.000  0.000      0       nan           nan         nan         nan       nan       nan
       24        139       0   0.000  0.000      0       nan           nan         nan         nan       nan       nan
       25         82       0   0.017  0.517   1244     1.000          28.5        61.3        89.8      24.0      24.0
       25         41       0   0.004  0.289   1192     1.414          52.9        57.1       110.0      24.0      33.9
       25         37       0   0.003  0.212    868     1.091          62.1        61.7       123.8      24.0      26.2
       25         56       0   0.002  0.203    572     1.297          62.0        68.0       130.0      24.0      31.1
       25         62       0   0.001  0.126    680     2.000          64.5        45.5       110.0      24.0      48.0
       25         35       0   0.000  0.048   1716     1.834          63.6        56.4       120.0      24.0      44.0
       25         51       0   0.000  0.073   1176     6.169          70.7        59.3       130.0      24.0     148.1
       25         26       0   0.000  0.017   1716     1.682          62.0        56.4       118.4      24.0      40.4
       25         32       0   0.000  0.013   1684     2.000          63.7        56.3       120.0      24.0      48.0
       25         27       0   0.000  0.012   1716     4.757          54.8        56.4       111.2      24.0     114.2
       25         28       0   0.000  0.008    468     4.000          51.9        58.1       110.0      24.0      96.0
       25         25       0   0.000  0.010   1716     6.727          53.6        56.4       110.0      24.0     161.5
       25         33       0   0.000  0.000      4     1.091          70.0        10.0       120.0      28.5      26.2
       25         29       0   0.000  0.000      0       nan           nan         nan         nan       nan       nan
       25         30       0   0.000  0.000      0       nan           nan         nan         nan       nan       nan
       25         31       0   0.000  0.000      0       nan           nan         nan         nan       nan       nan
       25         34       0   0.000  0.000      0       nan           nan         nan         nan       nan       nan
       25         36       0   0.000  0.000      0       nan           nan         nan         nan       nan       nan
       25         38       0   0.000  0.000      0       nan           nan         nan         nan       nan       nan
       25         39       0   0.000  0.000      0       nan           nan         nan         nan       nan       nan
       25         40       0   0.000  0.000      0       nan           nan         nan         nan       nan       nan
       25         42       0   0.000  0.000      0       nan           nan         nan         nan       nan       nan
       25         43       0   0.000  0.000      0       nan           nan         nan         nan       nan       nan
       25         44       0   0.000  0.000      0       nan           nan         nan         nan       nan       nan
       25         45       0   0.000  0.000      0       nan           nan         nan         nan       nan       nan
       25         46       0   0.000  0.000      0       nan           nan         nan         nan       nan       nan
       25         47       0   0.000  0.000      0       nan           nan         nan         nan       nan       nan
       25         48       0   0.000  0.000      0       nan           nan         nan         nan       nan       nan
       25         49       0   0.000  0.000      0       nan           nan         nan         nan       nan       nan
       25         50       0   0.000  0.000      0       nan           nan         nan         nan       nan       nan
       25         52       0   0.000  0.000      0       nan           nan         nan         nan       nan       nan
       25         53       0   0.000  0.000      0       nan           nan         nan         nan       nan       nan
       25         54       0   0.000  0.000      0       nan           nan         nan         nan       nan       nan
       25         55       0   0.000  0.000      0       nan           nan         nan         nan       nan       nan
       25         57       0   0.000  0.000      0       nan           nan         nan         nan       nan       nan
       25         58       0   0.000  0.000      0       nan           nan         nan         nan       nan       nan
       25         59       0   0.000  0.000      0       nan           nan         nan         nan       nan       nan
       25         60       0   0.000  0.000      0       nan           nan         nan         nan       nan       nan
       25         61       0   0.000  0.000      0       nan           nan         nan         nan       nan       nan
       25         63       0   0.000  0.000      0       nan           nan         nan         nan       nan       nan
       25         64       0   0.000  0.000      0       nan           nan         nan         nan       nan       nan
       25         65       0   0.000  0.000      0       nan           nan         nan         nan       nan       nan
       25         66       0   0.000  0.000      0       nan           nan         nan         nan       nan       nan
       25         67       0   0.000  0.000      0       nan           nan         nan         nan       nan       nan
       25         68       0   0.000  0.000      0       nan           nan         nan         nan       nan       nan
       25         69       0   0.000  0.000      0       nan           nan         nan         nan       nan       nan
       25         70       0   0.000  0.000      0       nan           nan         nan         nan       nan       nan
       25         71       0   0.000  0.000      0       nan           nan         nan         nan       nan       nan
       25         72       0   0.000  0.000      0       nan           nan         nan         nan       nan       nan
       25         73       0   0.000  0.000      0       nan           nan         nan         nan       nan       nan
       25         74       0   0.000  0.000      0       nan           nan         nan         nan       nan       nan
       25         75       0   0.000  0.000      0       nan           nan         nan         nan       nan       nan
       25         76       0   0.000  0.000      0       nan           nan         nan         nan       nan       nan
       25         77       0   0.000  0.000      0       nan           nan         nan         nan       nan       nan
       25         78       0   0.000  0.000      0       nan           nan         nan         nan       nan       nan
       25         79       0   0.000  0.000      0       nan           nan         nan         nan       nan       nan
       25         80       0   0.000  0.000      0       nan           nan         nan         nan       nan       nan
       25         81       0   0.000  0.000      0       nan           nan         nan         nan       nan       nan
       25         83       0   0.000  0.000      0       nan           nan         nan         nan       nan       nan
       25         84       0   0.000  0.000      0       nan           nan         nan         nan       nan       nan
       25         85       0   0.000  0.000      0       nan           nan         nan         nan       nan       nan
       25         86       0   0.000  0.000      0       nan           nan         nan         nan       nan       nan
       25         87       0   0.000  0.000      0       nan           nan         nan         nan       nan       nan
       25         88       0   0.000  0.000      0       nan           nan         nan         nan       nan       nan
       25         89       0   0.000  0.000      0       nan           nan         nan         nan       nan       nan
       25         90       0   0.000  0.000      0       nan           nan         nan         nan       nan       nan
       25         91       0   0.000  0.000      0       nan           nan         nan         nan       nan       nan
       25         92       0   0.000  0.000      0       nan           nan         nan         nan       nan       nan
       25         93       0   0.000  0.000      0       nan           nan         nan         nan       nan       nan
       25         94       0   0.000  0.000      0       nan           nan         nan         nan       nan       nan
       25         95       0   0.000  0.000      0       nan           nan         nan         nan       nan       nan
       25         96       0   0.000  0.000      0       nan           nan         nan         nan       nan       nan
       25         97       0   0.000  0.000      0       nan           nan         nan         nan       nan       nan
       25         98       0   0.000  0.000      0       nan           nan         nan         nan       nan       nan
       25         99       0   0.000  0.000      0       nan           nan         nan         nan       nan       nan
       25        100       0   0.000  0.000      0       nan           nan         nan         nan       nan       nan
       25        101       0   0.000  0.000      0       nan           nan         nan         nan       nan       nan
       25        102       0   0.000  0.000      0       nan           nan         nan         nan       nan       nan
       25        103       0   0.000  0.000      0       nan           nan         nan         nan       nan       nan
       25        104       0   0.000  0.000      0       nan           nan         nan         nan       nan       nan
       25        105       0   0.000  0.000      0       nan           nan         nan         nan       nan       nan
       25        106       0   0.000  0.000      0       nan           nan         nan         nan       nan       nan
       25        107       0   0.000  0.000      0       nan           nan         nan         nan       nan       nan
       25        108       0   0.000  0.000      0       nan           nan         nan         nan       nan       nan
       25        109       0   0.000  0.000      0       nan           nan         nan         nan       nan       nan
       25        110       0   0.000  0.000      0       nan           nan         nan         nan       nan       nan
       25        111       0   0.000  0.000      0       nan           nan         nan         nan       nan       nan
       25        112       0   0.000  0.000      0       nan           nan         nan         nan       nan       nan
       25        113       0   0.000  0.000      0       nan           nan         nan         nan       nan       nan
       25        114       0   0.000  0.000      0       nan           nan         nan         nan       nan       nan
       25        115       0   0.000  0.000      0       nan           nan         nan         nan       nan       nan
       25        116       0   0.000  0.000      0       nan           nan         nan         nan       nan       nan
       25        117       0   0.000  0.000      0       nan           nan         nan         nan       nan       nan
       25        118       0   0.000  0.000      0       nan           nan         nan         nan       nan       nan
       25        119       0   0.000  0.000      0       nan           nan         nan         nan       nan       nan
       25        120       0   0.000  0.000      0       nan           nan         nan         nan       nan       nan
       25        121       0   0.000  0.000      0       nan           nan         nan         nan       nan       nan
       25        122       0   0.000  0.000      0       nan           nan         nan         nan       nan       nan
       25        123       0   0.000  0.000      0       nan           nan         nan         nan       nan       nan
       25        124       0   0.000  0.000      0       nan           nan         nan         nan       nan       nan
       25        125       0   0.000  0.000      0       nan           nan         nan         nan       nan       nan
       25        126       0   0.000  0.000      0       nan           nan         nan         nan       nan       nan
       25        127       0   0.000  0.000      0       nan           nan         nan         nan       nan       nan
       25        128       0   0.000  0.000      0       nan           nan         nan         nan       nan       nan
       25        129       0   0.000  0.000      0       nan           nan         nan         nan       nan       nan
       25        130       0   0.000  0.000      0       nan           nan         nan         nan       nan       nan
       25        131       0   0.000  0.000      0       nan           nan         nan         nan       nan       nan
       25        132       0   0.000  0.000      0       nan           nan         nan         nan       nan       nan
       25        133       0   0.000  0.000      0       nan           nan         nan         nan       nan       nan
       25        134       0   0.000  0.000      0       nan           nan         nan         nan       nan       nan
       25        135       0   0.000  0.000      0       nan           nan         nan         nan       nan       nan
       25        136       0   0.000  0.000      0       nan           nan         nan         nan       nan       nan
       25        137       0   0.000  0.000      0       nan           nan         nan         nan       nan       nan
       25        138       0   0.000  0.000      0       nan           nan         nan         nan       nan       nan
       25        139       0   0.000  0.000      0       nan           nan         nan         nan       nan       nan
       26         95       1   0.241  0.241    904     1.000           0.0       130.0       130.0      24.0      24.0
       26        113       0   0.020  0.034    160     1.682           0.0       130.0       130.0      24.0      40.4
       26         89       1   0.017  0.241    996     1.189          10.9       130.9       120.0      24.0      28.5
       26         54       1   0.011  0.136   1136     1.091          10.3       130.3       120.0      24.0      26.2
       26         35       0   0.009  0.013    524     1.542           0.0       130.0       130.0      24.0      37.0
       26        128       0   0.007  0.125    784     1.682          10.0       140.0       130.0      28.5      48.0
       26         39       1   0.006  0.061   1132     1.000          10.1       130.1       120.0      24.0      24.0
       26        139       1   0.005  0.059    316     1.000          10.0       140.0       130.0      28.5      28.5
       26         81       0   0.004  0.061    676     1.542          10.0       140.0       130.0      28.5      44.0
       26         91       0   0.001  0.021    176     1.297          10.0       130.0       120.0      24.0      31.1
       26         42       0   0.001  0.010    400     1.189           4.9       134.9       130.0      26.2      31.1
       26         45       0   0.001  0.010    724     7.336           0.0       140.0       140.0      28.5     209.4
       26         98       0   0.001  0.023    188     1.414          13.0       140.0       127.0      28.5      40.4
       26         31       0   0.001  0.026   3528     7.336           2.6       132.6       130.0      24.0     176.1
       26         26       0   0.001  0.011   1160     1.297          11.0       131.0       120.0      24.0      31.1
       26         84       0   0.001  0.012    184     2.181          10.0       130.0       120.0      24.0      52.3
       26         65       0   0.000  0.015    144     1.475          20.0       130.0       110.0      25.1      37.0
       26         34       0   0.000  0.006     96     1.000          20.0       130.0       110.0      24.0      24.0
       26         87       0   0.000  0.010    268     4.000          10.0       140.0       150.0      28.5     114.2
       26         32       0   0.000  0.004    616     1.834          10.0       137.6       127.6      28.5      52.3
       26         25       0   0.000  0.020   3528     7.336          12.6       132.6       120.0      24.0     176.1
       26         47       0   0.000  0.001     36     3.668           0.0       140.0       140.0      28.5     104.7
       26        125       0   0.000  0.003     20     1.091          20.0       140.0       120.0      28.5      31.1
       26         57       0   0.000  0.002     76     2.181          10.0       140.0       130.0      28.5      62.2
       26         29       0   0.000  0.008    752     4.362          19.7       139.7       120.0      28.5     124.5
       26         27       0   0.000  0.001    156     2.594          20.0       140.0       120.0      28.5      74.0
       26         28       0   0.000  0.000      0       nan           nan         nan         nan       nan       nan
       26         30       0   0.000  0.000      0       nan           nan         nan         nan       nan       nan
       26         33       0   0.000  0.000      0       nan           nan         nan         nan       nan       nan
       26         36       0   0.000  0.000      0       nan           nan         nan         nan       nan       nan
       26         37       0   0.000  0.000      0       nan           nan         nan         nan       nan       nan
       26         38       0   0.000  0.000      0       nan           nan         nan         nan       nan       nan
       26         40       0   0.000  0.000      0       nan           nan         nan         nan       nan       nan
       26         41       0   0.000  0.000      0       nan           nan         nan         nan       nan       nan
       26         43       0   0.000  0.000      0       nan           nan         nan         nan       nan       nan
       26         44       0   0.000  0.000      0       nan           nan         nan         nan       nan       nan
       26         46       0   0.000  0.000      0       nan           nan         nan         nan       nan       nan
       26         48       0   0.000  0.000      0       nan           nan         nan         nan       nan       nan
       26         49       0   0.000  0.000      0       nan           nan         nan         nan       nan       nan
       26         50       0   0.000  0.000      0       nan           nan         nan         nan       nan       nan
       26         51       0   0.000  0.000      0       nan           nan         nan         nan       nan       nan
       26         52       0   0.000  0.000      0       nan           nan         nan         nan       nan       nan
       26         53       0   0.000  0.000      0       nan           nan         nan         nan       nan       nan
       26         55       0   0.000  0.000      0       nan           nan         nan         nan       nan       nan
       26         56       0   0.000  0.000      0       nan           nan         nan         nan       nan       nan
       26         58       0   0.000  0.000      0       nan           nan         nan         nan       nan       nan
       26         59       0   0.000  0.000      0       nan           nan         nan         nan       nan       nan
       26         60       0   0.000  0.000      0       nan           nan         nan         nan       nan       nan
       26         61       0   0.000  0.000      0       nan           nan         nan         nan       nan       nan
       26         62       0   0.000  0.000      0       nan           nan         nan         nan       nan       nan
       26         63       0   0.000  0.000      0       nan           nan         nan         nan       nan       nan
       26         64       0   0.000  0.000      0       nan           nan         nan         nan       nan       nan
       26         66       0   0.000  0.000      0       nan           nan         nan         nan       nan       nan
       26         67       0   0.000  0.000      0       nan           nan         nan         nan       nan       nan
       26         68       0   0.000  0.000      0       nan           nan         nan         nan       nan       nan
       26         69       0   0.000  0.000      0       nan           nan         nan         nan       nan       nan
       26         70       0   0.000  0.000      0       nan           nan         nan         nan       nan       nan
       26         71       0   0.000  0.000      0       nan           nan         nan         nan       nan       nan
       26         72       0   0.000  0.000      0       nan           nan         nan         nan       nan       nan
       26         73       0   0.000  0.000      0       nan           nan         nan         nan       nan       nan
       26         74       0   0.000  0.000      0       nan           nan         nan         nan       nan       nan
       26         75       0   0.000  0.000      0       nan           nan         nan         nan       nan       nan
       26         76       0   0.000  0.000      0       nan           nan         nan         nan       nan       nan
       26         77       0   0.000  0.000      0       nan           nan         nan         nan       nan       nan
       26         78       0   0.000  0.000      0       nan           nan         nan         nan       nan       nan
       26         79       0   0.000  0.000      0       nan           nan         nan         nan       nan       nan
       26         80       0   0.000  0.000      0       nan           nan         nan         nan       nan       nan
       26         82       0   0.000  0.000      0       nan           nan         nan         nan       nan       nan
       26         83       0   0.000  0.000      0       nan           nan         nan         nan       nan       nan
       26         85       0   0.000  0.000      0       nan           nan         nan         nan       nan       nan
       26         86       0   0.000  0.000      0       nan           nan         nan         nan       nan       nan
       26         88       0   0.000  0.000      0       nan           nan         nan         nan       nan       nan
       26         90       0   0.000  0.000      0       nan           nan         nan         nan       nan       nan
       26         92       0   0.000  0.000      0       nan           nan         nan         nan       nan       nan
       26         93       0   0.000  0.000      0       nan           nan         nan         nan       nan       nan
       26         94       0   0.000  0.000      0       nan           nan         nan         nan       nan       nan
       26         96       0   0.000  0.000      0       nan           nan         nan         nan       nan       nan
       26         97       0   0.000  0.000      0       nan           nan         nan         nan       nan       nan
       26         99       0   0.000  0.000      0       nan           nan         nan         nan       nan       nan
       26        100       0   0.000  0.000      0       nan           nan         nan         nan       nan       nan
       26        101       0   0.000  0.000      0       nan           nan         nan         nan       nan       nan
       26        102       0   0.000  0.000      0       nan           nan         nan         nan       nan       nan
       26        103       0   0.000  0.000      0       nan           nan         nan         nan       nan       nan
       26        104       0   0.000  0.000      0       nan           nan         nan         nan       nan       nan
       26        105       0   0.000  0.000      0       nan           nan         nan         nan       nan       nan
       26        106       0   0.000  0.000      0       nan           nan         nan         nan       nan       nan
       26        107       0   0.000  0.000      0       nan           nan         nan         nan       nan       nan
       26        108       0   0.000  0.000      0       nan           nan         nan         nan       nan       nan
       26        109       0   0.000  0.000      0       nan           nan         nan         nan       nan       nan
       26        110       0   0.000  0.000      0       nan           nan         nan         nan       nan       nan
       26        111       0   0.000  0.000      0       nan           nan         nan         nan       nan       nan
       26        112       0   0.000  0.000      0       nan           nan         nan         nan       nan       nan
       26        114       0   0.000  0.000      0       nan           nan         nan         nan       nan       nan
       26        115       0   0.000  0.000      0       nan           nan         nan         nan       nan       nan
       26        116       0   0.000  0.000      0       nan           nan         nan         nan       nan       nan
       26        117       0   0.000  0.000      0       nan           nan         nan         nan       nan       nan
       26        118       0   0.000  0.000      0       nan           nan         nan         nan       nan       nan
       26        119       0   0.000  0.000      0       nan           nan         nan         nan       nan       nan
       26        120       0   0.000  0.000      0       nan           nan         nan         nan       nan       nan
       26        121       0   0.000  0.000      0       nan           nan         nan         nan       nan       nan
       26        122       0   0.000  0.000      0       nan           nan         nan         nan       nan       nan
       26        123       0   0.000  0.000      0       nan           nan         nan         nan       nan       nan
       26        124       0   0.000  0.000      0       nan           nan         nan         nan       nan       nan
       26        126       0   0.000  0.000      0       nan           nan         nan         nan       nan       nan
       26        127       0   0.000  0.000      0       nan           nan         nan         nan       nan       nan
       26        129       0   0.000  0.000      0       nan           nan         nan         nan       nan       nan
       26        130       0   0.000  0.000      0       nan           nan         nan         nan       nan       nan
       26        131       0   0.000  0.000      0       nan           nan         nan         nan       nan       nan
       26        132       0   0.000  0.000      0       nan           nan         nan         nan       nan       nan
       26        133       0   0.000  0.000      0       nan           nan         nan         nan       nan       nan
       26        134       0   0.000  0.000      0       nan           nan         nan         nan       nan       nan
       26        135       0   0.000  0.000      0       nan           nan         nan         nan       nan       nan
       26        136       0   0.000  0.000      0       nan           nan         nan         nan       nan       nan
       26        137       0   0.000  0.000      0       nan           nan         nan         nan       nan       nan
       26        138       0   0.000  0.000      0       nan           nan         nan         nan       nan       nan
       27         43       1   0.181  0.420   8584     1.091           1.1       120.2       119.0      26.2      28.5
       27         71       1   0.030  0.307   4464     1.000           9.3       120.7       130.0      26.2      26.2
       27        111       0   0.029  0.046    504     1.189           0.3       119.7       120.0      26.2      31.1
       27         27       0   0.026  0.077  10920     2.594           0.2       120.2       120.0      28.5      74.0
       27         29       0   0.021  0.108  10080     4.362           0.2       120.2       120.0      28.5     124.5
       27        109       1   0.017  0.184   2024     1.000           9.7       119.7       110.0      24.0      24.0
       27        102       0   0.014  0.178   1992     1.542           7.3       122.7       130.1      24.0      37.0
       27         26       0   0.010  0.081   8352     1.542           4.5       119.6       115.1      26.2      40.4
       27         42       0   0.009  0.161   6444     1.414          11.4       121.0       132.4      28.5      40.4
       27         76       0   0.009  0.152   2264     1.414          11.0       118.3       107.2      28.5      40.4
       27         32       0   0.008  0.080  10688     1.682           4.9       120.2       125.1      28.5      48.0
       27         55       0   0.007  0.007    108     1.000           0.0       120.0       120.0      24.0      24.0
       27         57       0   0.007  0.164   5392     2.181           9.3       120.7       130.1      28.5      62.2
       27         25       0   0.006  0.061  10920     6.727           0.6       120.2       119.5      28.5     192.0
       27         63       0   0.005  0.039   1040     3.364           1.2       118.8       120.0      26.2      88.0
       27         64       0   0.004  0.132   2724     3.084           9.5       119.5       110.0      26.2      80.7
       27        104       0   0.004  0.275   4064     2.378          28.1       121.9       150.0      31.1      74.0
       27         86       0   0.003  0.050    584     1.297          11.2       120.0       131.2      31.1      24.0
       27         30       0   0.002  0.115   6220     4.362           9.6       119.6       110.0      26.2     114.2
       27         46       0   0.002  0.120   5368     5.187          10.9       119.1       130.0      26.2     135.8
       27         87       0   0.002  0.130   4012     2.594          28.1       121.9       150.0      31.1      80.7
       27         72       0   0.001  0.059   1024     2.000          20.0       120.0       140.0      33.9      67.9
       27         80       0   0.001  0.025    356     1.189          20.0       120.0       140.0      33.9      28.5
       27         31       0   0.001  0.075  10304     6.169          11.0       120.2       131.2      28.5     176.1
       27         47       0   0.001  0.023   1392     2.181          18.2       120.1       138.3      33.9      74.0
       27         49       0   0.001  0.044   2632     6.727          11.5       121.5       110.0      33.9     228.3
       27         81       0   0.000  0.006    112     1.297          10.0       120.0       130.0      33.9      44.0
       27         45       0   0.000  0.050   3996     6.727          18.2       121.8       140.0      31.1     209.4
       27         28       0   0.000  0.013    864     3.668           8.8       118.8       110.0      26.2      96.0
       27         38       0   0.000  0.004    104     1.091          10.0       120.0       110.0      28.5      31.1
       27        108       0   0.000  0.003     36     1.189          10.0       120.0       110.0      28.5      24.0
       27         73       0   0.000  0.018    796     5.187          20.1       120.1       100.0      31.1     161.5
       27         75       0   0.000  0.003     68     2.000          10.0       120.0       110.0      33.9      67.9
       27         69       0   0.000  0.004     88     3.364          20.0       120.0       100.0      28.5      96.0
       27         33       0   0.000  0.000      0       nan           nan         nan         nan       nan       nan
       27         34       0   0.000  0.000      0       nan           nan         nan         nan       nan       nan
       27         35       0   0.000  0.000      0       nan           nan         nan         nan       nan       nan
       27         36       0   0.000  0.000      0       nan           nan         nan         nan       nan       nan
       27         37       0   0.000  0.000      0       nan           nan         nan         nan       nan       nan
       27         39       0   0.000  0.000      0       nan           nan         nan         nan       nan       nan
       27         40       0   0.000  0.000      0       nan           nan         nan         nan       nan       nan
       27         41       0   0.000  0.000      0       nan           nan         nan         nan       nan       nan
       27         44       0   0.000  0.000      0       nan           nan         nan         nan       nan       nan
       27         48       0   0.000  0.000      0       nan           nan         nan         nan       nan       nan
       27         50       0   0.000  0.000      0       nan           nan         nan         nan       nan       nan
       27         51       0   0.000  0.000      0       nan           nan         nan         nan       nan       nan
       27         52       0   0.000  0.000      0       nan           nan         nan         nan       nan       nan
       27         53       0   0.000  0.000      0       nan           nan         nan         nan       nan       nan
       27         54       0   0.000  0.000      0       nan           nan         nan         nan       nan       nan
       27         56       0   0.000  0.000      0       nan           nan         nan         nan       nan       nan
       27         58       0   0.000  0.000      0       nan           nan         nan         nan       nan       nan
       27         59       0   0.000  0.000      0       nan           nan         nan         nan       nan       nan
       27         60       0   0.000  0.000      0       nan           nan         nan         nan       nan       nan
       27         61       0   0.000  0.000      0       nan           nan         nan         nan       nan       nan
       27         62       0   0.000  0.000      0       nan           nan         nan         nan       nan       nan
       27         65       0   0.000  0.000      0       nan           nan         nan         nan       nan       nan
       27         66       0   0.000  0.000      0       nan           nan         nan         nan       nan       nan
       27         67       0   0.000  0.000      0       nan           nan         nan         nan       nan       nan
       27         68       0   0.000  0.000      0       nan           nan         nan         nan       nan       nan
       27         70       0   0.000  0.000      0       nan           nan         nan         nan       nan       nan
       27         74       0   0.000  0.000      0       nan           nan         nan         nan       nan       nan
       27         77       0   0.000  0.000      0       nan           nan         nan         nan       nan       nan
       27         78       0   0.000  0.000      0       nan           nan         nan         nan       nan       nan
       27         79       0   0.000  0.000      0       nan           nan         nan         nan       nan       nan
       27         82       0   0.000  0.000      0       nan           nan         nan         nan       nan       nan
       27         83       0   0.000  0.000      0       nan           nan         nan         nan       nan       nan
       27         84       0   0.000  0.000      0       nan           nan         nan         nan       nan       nan
       27         85       0   0.000  0.000      0       nan           nan         nan         nan       nan       nan
       27         88       0   0.000  0.000      0       nan           nan         nan         nan       nan       nan
       27         89       0   0.000  0.000      0       nan           nan         nan         nan       nan       nan
       27         90       0   0.000  0.000      0       nan           nan         nan         nan       nan       nan
       27         91       0   0.000  0.000      0       nan           nan         nan         nan       nan       nan
       27         92       0   0.000  0.000      0       nan           nan         nan         nan       nan       nan
       27         93       0   0.000  0.000      0       nan           nan         nan         nan       nan       nan
       27         94       0   0.000  0.000      0       nan           nan         nan         nan       nan       nan
       27         95       0   0.000  0.000      0       nan           nan         nan         nan       nan       nan
       27         96       0   0.000  0.000      0       nan           nan         nan         nan       nan       nan
       27         97       0   0.000  0.000      0       nan           nan         nan         nan       nan       nan
       27         98       0   0.000  0.000      0       nan           nan         nan         nan       nan       nan
       27         99       0   0.000  0.000      0       nan           nan         nan         nan       nan       nan
       27        100       0   0.000  0.000      0       nan           nan         nan         nan       nan       nan
       27        101       0   0.000  0.000      0       nan           nan         nan         nan       nan       nan
       27        103       0   0.000  0.000      0       nan           nan         nan         nan       nan       nan
       27        105       0   0.000  0.000      0       nan           nan         nan         nan       nan       nan
       27        106       0   0.000  0.000      0       nan           nan         nan         nan       nan       nan
       27        107       0   0.000  0.000      0       nan           nan         nan         nan       nan       nan
       27        110       0   0.000  0.000      0       nan           nan         nan         nan       nan       nan
       27        112       0   0.000  0.000      0       nan           nan         nan         nan       nan       nan
       27        113       0   0.000  0.000      0       nan           nan         nan         nan       nan       nan
       27        114       0   0.000  0.000      0       nan           nan         nan         nan       nan       nan
       27        115       0   0.000  0.000      0       nan           nan         nan         nan       nan       nan
       27        116       0   0.000  0.000      0       nan           nan         nan         nan       nan       nan
       27        117       0   0.000  0.000      0       nan           nan         nan         nan       nan       nan
       27        118       0   0.000  0.000      0       nan           nan         nan         nan       nan       nan
       27        119       0   0.000  0.000      0       nan           nan         nan         nan       nan       nan
       27        120       0   0.000  0.000      0       nan           nan         nan         nan       nan       nan
       27        121       0   0.000  0.000      0       nan           nan         nan         nan       nan       nan
       27        122       0   0.000  0.000      0       nan           nan         nan         nan       nan       nan
       27        123       0   0.000  0.000      0       nan           nan         nan         nan       nan       nan
       27        124       0   0.000  0.000      0       nan           nan         nan         nan       nan       nan
       27        125       0   0.000  0.000      0       nan           nan         nan         nan       nan       nan
       27        126       0   0.000  0.000      0       nan           nan         nan         nan       nan       nan
       27        127       0   0.000  0.000      0       nan           nan         nan         nan       nan       nan
       27        128       0   0.000  0.000      0       nan           nan         nan         nan       nan       nan
       27        129       0   0.000  0.000      0       nan           nan         nan         nan       nan       nan
       27        130       0   0.000  0.000      0       nan           nan         nan         nan       nan       nan
       27        131       0   0.000  0.000      0       nan           nan         nan         nan       nan       nan
       27        132       0   0.000  0.000      0       nan           nan         nan         nan       nan       nan
       27        133       0   0.000  0.000      0       nan           nan         nan         nan       nan       nan
       27        134       0   0.000  0.000      0       nan           nan         nan         nan       nan       nan
       27        135       0   0.000  0.000      0       nan           nan         nan         nan       nan       nan
       27        136       0   0.000  0.000      0       nan           nan         nan         nan       nan       nan
       27        137       0   0.000  0.000      0       nan           nan         nan         nan       nan       nan
       27        138       0   0.000  0.000      0       nan           nan         nan         nan       nan       nan
       27        139       0   0.000  0.000      0       nan           nan         nan         nan       nan       nan
       28         82       1   0.267  0.302   1812     1.000           0.1        90.0        89.9      28.5      28.5
       28         99       0   0.072  0.120    724     1.682           0.0        90.0        90.0      28.5      48.0
       28         61       0   0.034  0.040    240     1.189           0.0        90.0        90.0      28.5      24.0
       28         50       0   0.030  0.156   2648     5.187           0.0        90.0        90.0      28.5     148.1
       28        116       0   0.025  0.099    664     4.000           0.0        90.0        90.0      28.5     114.2
       28         41       0   0.008  0.212   1660     1.189          20.0        90.0       110.0      28.5      33.9
       28         37       0   0.006  0.208   1572     1.091          32.1        90.0       122.1      28.5      26.2
       28         56       0   0.005  0.215   1336     1.091          40.0        90.0       130.0      28.5      31.1
       28        120       0   0.003  0.139    920     1.297          40.0        90.0       130.0      28.5      37.0
       28         48       0   0.002  0.112   1552     1.542          30.0        90.0       120.0      28.5      44.0
       28         62       0   0.002  0.081    768     1.682          20.0        90.0       110.0      28.5      48.0
       28         26       0   0.002  0.059   5884     1.091          22.7        90.0       112.7      28.5      31.1
       28         35       0   0.002  0.093   3556     1.542          30.9        90.0       120.9      28.5      44.0
       28         60       0   0.002  0.103    984     2.000          30.0        90.0       120.0      28.5      57.1
       28         51       0   0.001  0.298   4936     5.187          40.0        90.0       130.0      28.5     148.1
       28         28       0   0.001  0.071   4220     3.364          20.0        90.0       110.0      28.5      96.0
       28        130       0   0.001  0.052    324     1.091          50.0        90.0       140.0      28.5      31.1
       28         67       0   0.001  0.042    436     1.189          40.0        90.0       130.0      28.5      24.0
       28        115       0   0.001  0.031    192     1.091          40.0        90.0       130.0      28.5      26.2
       28         32       0   0.001  0.034   4592     1.682          30.0        90.0       120.0      28.5      48.0
       28        126       0   0.001  0.058    352     2.181          40.0        90.0       130.0      28.5      62.2
       28         27       0   0.000  0.039   5600     4.000          22.6        90.0       112.6      28.5     114.2
       28         25       0   0.000  0.033   5884     5.657          20.0        90.0       110.0      28.5     161.5
       28        105       0   0.000  0.007     44     1.189          40.0        90.0       130.0      28.5      24.0
       28         29       0   0.000  0.000      0       nan           nan         nan         nan       nan       nan
       28         30       0   0.000  0.000      0       nan           nan         nan         nan       nan       nan
       28         31       0   0.000  0.000      0       nan           nan         nan         nan       nan       nan
       28         33       0   0.000  0.000      0       nan           nan         nan         nan       nan       nan
       28         34       0   0.000  0.000      0       nan           nan         nan         nan       nan       nan
       28         36       0   0.000  0.000      0       nan           nan         nan         nan       nan       nan
       28         38       0   0.000  0.000      0       nan           nan         nan         nan       nan       nan
       28         39       0   0.000  0.000      0       nan           nan         nan         nan       nan       nan
       28         40       0   0.000  0.000      0       nan           nan         nan         nan       nan       nan
       28         42       0   0.000  0.000      0       nan           nan         nan         nan       nan       nan
       28         43       0   0.000  0.000      0       nan           nan         nan         nan       nan       nan
       28         44       0   0.000  0.000      0       nan           nan         nan         nan       nan       nan
       28         45       0   0.000  0.000      0       nan           nan         nan         nan       nan       nan
       28         46       0   0.000  0.000      0       nan           nan         nan         nan       nan       nan
       28         47       0   0.000  0.000      0       nan           nan         nan         nan       nan       nan
       28         49       0   0.000  0.000      0       nan           nan         nan         nan       nan       nan
       28         52       0   0.000  0.000      0       nan           nan         nan         nan       nan       nan
       28         53       0   0.000  0.000      0       nan           nan         nan         nan       nan       nan
       28         54       0   0.000  0.000      0       nan           nan         nan         nan       nan       nan
       28         55       0   0.000  0.000      0       nan           nan         nan         nan       nan       nan
       28         57       0   0.000  0.000      0       nan           nan         nan         nan       nan       nan
       28         58       0   0.000  0.000      0       nan           nan         nan         nan       nan       nan
       28         59       0   0.000  0.000      0       nan           nan         nan         nan       nan       nan
       28         63       0   0.000  0.000      0       nan           nan         nan         nan       nan       nan
       28         64       0   0.000  0.000      0       nan           nan         nan         nan       nan       nan
       28         65       0   0.000  0.000      0       nan           nan         nan         nan       nan       nan
       28         66       0   0.000  0.000      0       nan           nan         nan         nan       nan       nan
       28         68       0   0.000  0.000      0       nan           nan         nan         nan       nan       nan
       28         69       0   0.000  0.000      0       nan           nan         nan         nan       nan       nan
       28         70       0   0.000  0.000      0       nan           nan         nan         nan       nan       nan
       28         71       0   0.000  0.000      0       nan           nan         nan         nan       nan       nan
       28         72       0   0.000  0.000      0       nan           nan         nan         nan       nan       nan
       28         73       0   0.000  0.000      0       nan           nan         nan         nan       nan       nan
       28         74       0   0.000  0.000      0       nan           nan         nan         nan       nan       nan
       28         75       0   0.000  0.000      0       nan           nan         nan         nan       nan       nan
       28         76       0   0.000  0.000      0       nan           nan         nan         nan       nan       nan
       28         77       0   0.000  0.000      0       nan           nan         nan         nan       nan       nan
       28         78       0   0.000  0.000      0       nan           nan         nan         nan       nan       nan
       28         79       0   0.000  0.000      0       nan           nan         nan         nan       nan       nan
       28         80       0   0.000  0.000      0       nan           nan         nan         nan       nan       nan
       28         81       0   0.000  0.000      0       nan           nan         nan         nan       nan       nan
       28         83       0   0.000  0.000      0       nan           nan         nan         nan       nan       nan
       28         84       0   0.000  0.000      0       nan           nan         nan         nan       nan       nan
       28         85       0   0.000  0.000      0       nan           nan         nan         nan       nan       nan
       28         86       0   0.000  0.000      0       nan           nan         nan         nan       nan       nan
       28         87       0   0.000  0.000      0       nan           nan         nan         nan       nan       nan
       28         88       0   0.000  0.000      0       nan           nan         nan         nan       nan       nan
       28         89       0   0.000  0.000      0       nan           nan         nan         nan       nan       nan
       28         90       0   0.000  0.000      0       nan           nan         nan         nan       nan       nan
       28         91       0   0.000  0.000      0       nan           nan         nan         nan       nan       nan
       28         92       0   0.000  0.000      0       nan           nan         nan         nan       nan       nan
       28         93       0   0.000  0.000      0       nan           nan         nan         nan       nan       nan
       28         94       0   0.000  0.000      0       nan           nan         nan         nan       nan       nan
       28         95       0   0.000  0.000      0       nan           nan         nan         nan       nan       nan
       28         96       0   0.000  0.000      0       nan           nan         nan         nan       nan       nan
       28         97       0   0.000  0.000      0       nan           nan         nan         nan       nan       nan
       28         98       0   0.000  0.000      0       nan           nan         nan         nan       nan       nan
       28        100       0   0.000  0.000      0       nan           nan         nan         nan       nan       nan
       28        101       0   0.000  0.000      0       nan           nan         nan         nan       nan       nan
       28        102       0   0.000  0.000      0       nan           nan         nan         nan       nan       nan
       28        103       0   0.000  0.000      0       nan           nan         nan         nan       nan       nan
       28        104       0   0.000  0.000      0       nan           nan         nan         nan       nan       nan
       28        106       0   0.000  0.000      0       nan           nan         nan         nan       nan       nan
       28        107       0   0.000  0.000      0       nan           nan         nan         nan       nan       nan
       28        108       0   0.000  0.000      0       nan           nan         nan         nan       nan       nan
       28        109       0   0.000  0.000      0       nan           nan         nan         nan       nan       nan
       28        110       0   0.000  0.000      0       nan           nan         nan         nan       nan       nan
       28        111       0   0.000  0.000      0       nan           nan         nan         nan       nan       nan
       28        112       0   0.000  0.000      0       nan           nan         nan         nan       nan       nan
       28        113       0   0.000  0.000      0       nan           nan         nan         nan       nan       nan
       28        114       0   0.000  0.000      0       nan           nan         nan         nan       nan       nan
       28        117       0   0.000  0.000      0       nan           nan         nan         nan       nan       nan
       28        118       0   0.000  0.000      0       nan           nan         nan         nan       nan       nan
       28        119       0   0.000  0.000      0       nan           nan         nan         nan       nan       nan
       28        121       0   0.000  0.000      0       nan           nan         nan         nan       nan       nan
       28        122       0   0.000  0.000      0       nan           nan         nan         nan       nan       nan
       28        123       0   0.000  0.000      0       nan           nan         nan         nan       nan       nan
       28        124       0   0.000  0.000      0       nan           nan         nan         nan       nan       nan
       28        125       0   0.000  0.000      0       nan           nan         nan         nan       nan       nan
       28        127       0   0.000  0.000      0       nan           nan         nan         nan       nan       nan
       28        128       0   0.000  0.000      0       nan           nan         nan         nan       nan       nan
       28        129       0   0.000  0.000      0       nan           nan         nan         nan       nan       nan
       28        131       0   0.000  0.000      0       nan           nan         nan         nan       nan       nan
       28        132       0   0.000  0.000      0       nan           nan         nan         nan       nan       nan
       28        133       0   0.000  0.000      0       nan           nan         nan         nan       nan       nan
       28        134       0   0.000  0.000      0       nan           nan         nan         nan       nan       nan
       28        135       0   0.000  0.000      0       nan           nan         nan         nan       nan       nan
       28        136       0   0.000  0.000      0       nan           nan         nan         nan       nan       nan
       28        137       0   0.000  0.000      0       nan           nan         nan         nan       nan       nan
       28        138       0   0.000  0.000      0       nan           nan         nan         nan       nan       nan
       28        139       0   0.000  0.000      0       nan           nan         nan         nan       nan       nan
       29         39       0   0.013  0.014    248     1.091           0.0       110.0       110.0      24.0      26.2
       29        119       0   0.011  0.264   1212     2.181          10.0       110.0       100.0      24.0      52.3
       29         48       0   0.008  0.162   1552     1.834          10.0       110.0       120.0      24.0      44.0
       29         28       0   0.007  0.027   1584     4.000           0.0       110.0       110.0      24.0      96.0
       29         77       0   0.007  0.095    684     1.297          10.0       110.0       120.0      24.0      31.1
       29         33       0   0.004  0.050    992     1.091          10.8       110.0       120.8      24.0      26.2
       29         27       0   0.003  0.011   1584     3.084           0.1       110.0       110.1      24.0      74.0
       29         30       0   0.003  0.015    740     4.757           0.0       110.0       110.0      24.0     114.2
       29         84       0   0.003  0.118   1372     2.000          20.0       110.0       130.0      24.0      48.0
       29         26       0   0.002  0.016   1584     1.682           4.9       110.0       114.9      24.0      40.4
       29         25       0   0.001  0.009   1584     6.727           0.0       110.0       110.0      24.0     161.5
       29         35       0   0.001  0.039   1392     1.682          20.0       110.0       130.0      24.0      40.4
       29        124       0   0.001  0.111    976     5.187          20.0       110.0        90.0      24.0     124.5
       29         32       0   0.000  0.012   1584     2.594          10.0       110.0       120.0      24.0      62.2
       29         29       0   0.000  0.011   1000     5.187          10.0       110.0       120.0      24.0     124.5
       29         67       0   0.000  0.004     24     1.000          20.0       110.0       130.0      24.0      24.0
       29         69       0   0.000  0.006     80     4.000          10.0       110.0       100.0      24.0      96.0
       29         46       0   0.000  0.016    644     5.657          20.0       110.0       130.0      24.0     135.8
       29         31       0   0.000  0.012   1584     7.336          20.0       110.0       130.0      24.0     176.1
       29         34       0   0.000  0.000      0       nan           nan         nan         nan       nan       nan
       29         36       0   0.000  0.000      0       nan           nan         nan         nan       nan       nan
       29         37       0   0.000  0.000      0       nan           nan         nan         nan       nan       nan
       29         38       0   0.000  0.000      0       nan           nan         nan         nan       nan       nan
       29         40       0   0.000  0.000      0       nan           nan         nan         nan       nan       nan
       29         41       0   0.000  0.000      0       nan           nan         nan         nan       nan       nan
       29         42       0   0.000  0.000      0       nan           nan         nan         nan       nan       nan
       29         43       0   0.000  0.000      0       nan           nan         nan         nan       nan       nan
       29         44       0   0.000  0.000      0       nan           nan         nan         nan       nan       nan
       29         45       0   0.000  0.000      0       nan           nan         nan         nan       nan       nan
       29         47       0   0.000  0.000      0       nan           nan         nan         nan       nan       nan
       29         49       0   0.000  0.000      0       nan           nan         nan         nan       nan       nan
       29         50       0   0.000  0.000      0       nan           nan         nan         nan       nan       nan
       29         51       0   0.000  0.000      0       nan           nan         nan         nan       nan       nan
       29         52       0   0.000  0.000      0       nan           nan         nan         nan       nan       nan
       29         53       0   0.000  0.000      0       nan           nan         nan         nan       nan       nan
       29         54       0   0.000  0.000      0       nan           nan         nan         nan       nan       nan
       29         55       0   0.000  0.000      0       nan           nan         nan         nan       nan       nan
       29         56       0   0.000  0.000      0       nan           nan         nan         nan       nan       nan
       29         57       0   0.000  0.000      0       nan           nan         nan         nan       nan       nan
       29         58       0   0.000  0.000      0       nan           nan         nan         nan       nan       nan
       29         59       0   0.000  0.000      0       nan           nan         nan         nan       nan       nan
       29         60       0   0.000  0.000      0       nan           nan         nan         nan       nan       nan
       29         61       0   0.000  0.000      0       nan           nan         nan         nan       nan       nan
       29         62       0   0.000  0.000      0       nan           nan         nan         nan       nan       nan
       29         63       0   0.000  0.000      0       nan           nan         nan         nan       nan       nan
       29         64       0   0.000  0.000      0       nan           nan         nan         nan       nan       nan
       29         65       0   0.000  0.000      0       nan           nan         nan         nan       nan       nan
       29         66       0   0.000  0.000      0       nan           nan         nan         nan       nan       nan
       29         68       0   0.000  0.000      0       nan           nan         nan         nan       nan       nan
       29         70       0   0.000  0.000      0       nan           nan         nan         nan       nan       nan
       29         71       0   0.000  0.000      0       nan           nan         nan         nan       nan       nan
       29         72       0   0.000  0.000      0       nan           nan         nan         nan       nan       nan
       29         73       0   0.000  0.000      0       nan           nan         nan         nan       nan       nan
       29         74       0   0.000  0.000      0       nan           nan         nan         nan       nan       nan
       29         75       0   0.000  0.000      0       nan           nan         nan         nan       nan       nan
       29         76       0   0.000  0.000      0       nan           nan         nan         nan       nan       nan
       29         78       0   0.000  0.000      0       nan           nan         nan         nan       nan       nan
       29         79       0   0.000  0.000      0       nan           nan         nan         nan       nan       nan
       29         80       0   0.000  0.000      0       nan           nan         nan         nan       nan       nan
       29         81       0   0.000  0.000      0       nan           nan         nan         nan       nan       nan
       29         82       0   0.000  0.000      0       nan           nan         nan         nan       nan       nan
       29         83       0   0.000  0.000      0       nan           nan         nan         nan       nan       nan
       29         85       0   0.000  0.000      0       nan           nan         nan         nan       nan       nan
       29         86       0   0.000  0.000      0       nan           nan         nan         nan       nan       nan
       29         87       0   0.000  0.000      0       nan           nan         nan         nan       nan       nan
       29         88       0   0.000  0.000      0       nan           nan         nan         nan       nan       nan
       29         89       0   0.000  0.000      0       nan           nan         nan         nan       nan       nan
       29         90       0   0.000  0.000      0       nan           nan         nan         nan       nan       nan
       29         91       0   0.000  0.000      0       nan           nan         nan         nan       nan       nan
       29         92       0   0.000  0.000      0       nan           nan         nan         nan       nan       nan
       29         93       0   0.000  0.000      0       nan           nan         nan         nan       nan       nan
       29         94       0   0.000  0.000      0       nan           nan         nan         nan       nan       nan
       29         95       0   0.000  0.000      0       nan           nan         nan         nan       nan       nan
       29         96       0   0.000  0.000      0       nan           nan         nan         nan       nan       nan
       29         97       0   0.000  0.000      0       nan           nan         nan         nan       nan       nan
       29         98       0   0.000  0.000      0       nan           nan         nan         nan       nan       nan
       29         99       0   0.000  0.000      0       nan           nan         nan         nan       nan       nan
       29        100       0   0.000  0.000      0       nan           nan         nan         nan       nan       nan
       29        101       0   0.000  0.000      0       nan           nan         nan         nan       nan       nan
       29        102       0   0.000  0.000      0       nan           nan         nan         nan       nan       nan
       29        103       0   0.000  0.000      0       nan           nan         nan         nan       nan       nan
       29        104       0   0.000  0.000      0       nan           nan         nan         nan       nan       nan
       29        105       0   0.000  0.000      0       nan           nan         nan         nan       nan       nan
       29        106       0   0.000  0.000      0       nan           nan         nan         nan       nan       nan
       29        107       0   0.000  0.000      0       nan           nan         nan         nan       nan       nan
       29        108       0   0.000  0.000      0       nan           nan         nan         nan       nan       nan
       29        109       0   0.000  0.000      0       nan           nan         nan         nan       nan       nan
       29        110       0   0.000  0.000      0       nan           nan         nan         nan       nan       nan
       29        111       0   0.000  0.000      0       nan           nan         nan         nan       nan       nan
       29        112       0   0.000  0.000      0       nan           nan         nan         nan       nan       nan
       29        113       0   0.000  0.000      0       nan           nan         nan         nan       nan       nan
       29        114       0   0.000  0.000      0       nan           nan         nan         nan       nan       nan
       29        115       0   0.000  0.000      0       nan           nan         nan         nan       nan       nan
       29        116       0   0.000  0.000      0       nan           nan         nan         nan       nan       nan
       29        117       0   0.000  0.000      0       nan           nan         nan         nan       nan       nan
       29        118       0   0.000  0.000      0       nan           nan         nan         nan       nan       nan
       29        120       0   0.000  0.000      0       nan           nan         nan         nan       nan       nan
       29        121       0   0.000  0.000      0       nan           nan         nan         nan       nan       nan
       29        122       0   0.000  0.000      0       nan           nan         nan         nan       nan       nan
       29        123       0   0.000  0.000      0       nan           nan         nan         nan       nan       nan
       29        125       0   0.000  0.000      0       nan           nan         nan         nan       nan       nan
       29        126       0   0.000  0.000      0       nan           nan         nan         nan       nan       nan
       29        127       0   0.000  0.000      0       nan           nan         nan         nan       nan       nan
       29        128       0   0.000  0.000      0       nan           nan         nan         nan       nan       nan
       29        129       0   0.000  0.000      0       nan           nan         nan         nan       nan       nan
       29        130       0   0.000  0.000      0       nan           nan         nan         nan       nan       nan
       29        131       0   0.000  0.000      0       nan           nan         nan         nan       nan       nan
       29        132       0   0.000  0.000      0       nan           nan         nan         nan       nan       nan
       29        133       0   0.000  0.000      0       nan           nan         nan         nan       nan       nan
       29        134       0   0.000  0.000      0       nan           nan         nan         nan       nan       nan
       29        135       0   0.000  0.000      0       nan           nan         nan         nan       nan       nan
       29        136       0   0.000  0.000      0       nan           nan         nan         nan       nan       nan
       29        137       0   0.000  0.000      0       nan           nan         nan         nan       nan       nan
       29        138       0   0.000  0.000      0       nan           nan         nan         nan       nan       nan
       29        139       0   0.000  0.000      0       nan           nan         nan         nan       nan       nan
       30         35       1   0.107  0.121   6424     1.091           0.0       130.0       130.0      40.4      37.0
       30         91       0   0.068  0.089   2336     1.297           0.0       130.0       130.0      40.4      31.1
       30        138       1   0.066  0.066   1580     1.000           0.0       120.0       120.0      37.0      37.0
       30         70       1   0.050  0.059   1544     1.189           0.0       130.0       130.0      40.4      33.9
       30         46       0   0.033  0.257  12872     3.364           1.3       128.7       130.0      40.4     135.8
       30         58       0   0.023  0.038    924     1.682           0.0       130.0       130.0      40.4      24.0
       30         63       0   0.023  0.321   9848     2.378           5.0       125.0       120.0      37.0      88.0
       30         42       1   0.021  0.173   8720     1.091           6.5       124.9       131.4      37.0      33.9
       30         32       0   0.020  0.172  23212     1.414           5.1       127.1       122.0      40.4      57.1
       30         86       0   0.019  0.047   1132     1.414           0.8       130.0       130.8      37.0      26.2
       30         81       0   0.016  0.030    920     1.189           0.6       129.4       130.0      37.0      44.0
       30         26       1   0.015  0.183  19156     1.091          10.3       128.1       117.9      40.4      37.0
       30         57       0   0.014  0.156   6888     1.682           5.5       124.6       130.2      37.0      62.2
       30         80       0   0.013  0.070   1780     1.297           3.1       126.8       129.9      37.0      28.5
       30         71       0   0.012  0.122   3464     1.297           6.5       123.5       130.0      37.0      28.5
       30        106       0   0.012  0.021    488     1.682           0.0       130.0       130.0      40.4      24.0
       30         31       0   0.010  0.166  22964     4.362           2.9       127.1       130.0      40.4     176.1
       30         43       0   0.009  0.108   4088     1.542           6.7       126.7       120.0      40.4      26.2
       30         39       0   0.009  0.153   5284     1.682           9.1       129.0       119.9      40.4      24.0
       30         29       0   0.009  0.214  20508     3.084           6.9       126.9       120.0      40.4     124.5
       30         27       0   0.008  0.149  21568     1.682           9.8       126.9       117.0      40.4      67.9
       30         84       1   0.007  0.089   2888     1.189           9.8       130.0       120.2      40.4      48.0
       30        123       0   0.007  0.010    240     1.414           0.0       130.0       130.0      40.4      28.5
       30        102       1   0.006  0.064   1560     1.000           8.9       121.2       130.1      37.0      37.0
       30         65       0   0.006  0.138   3668     1.091          20.0       130.0       110.0      40.4      37.0
       30         72       0   0.005  0.106   2984     1.834          10.6       129.4       140.0      37.0      67.9
       30         54       0   0.005  0.104   2796     1.542          12.7       126.6       113.9      40.4      26.2
       30         64       0   0.005  0.184   5628     2.000          17.8       127.8       110.0      40.4      80.7
       30         66       0   0.004  0.064   1944     1.414          10.0       130.0       120.0      40.4      28.5
       30         34       0   0.004  0.143   4520     1.682          19.7       129.7       110.0      40.4      24.0
       30        104       0   0.004  0.199   5280     2.000          24.2       125.8       150.0      37.0      74.0
       30         33       0   0.003  0.058   2384     1.542          10.0       130.0       120.0      40.4      26.2
       30         25       0   0.003  0.132  23804     4.000           8.8       127.2       118.4      40.4     161.5
       30         59       0   0.003  0.045   1116     1.682           7.3       130.0       122.7      40.4      24.0
       30         92       0   0.003  0.071   1808     1.091          20.0       130.0       110.0      40.4      44.0
       30         30       0   0.003  0.145   9304     2.828          17.5       127.5       110.0      40.4     114.2
       30         87       0   0.003  0.183   7376     2.594          25.1       124.9       150.0      37.0      96.0
       30         28       0   0.003  0.115   8440     2.378          18.2       128.2       110.0      40.4      96.0
       30         69       0   0.002  0.169   5112     2.378          30.0       130.0       100.0      40.4      96.0
       30         38       0   0.002  0.058   2124     1.297          20.0       130.0       110.0      40.4      31.1
       30         47       0   0.002  0.043   3136     2.000           9.3       129.5       138.8      37.0      74.0
       30        128       0   0.002  0.027    712     1.297           9.5       120.5       130.0      37.0      48.0
       30        111       0   0.002  0.023    548     1.297          10.0       130.0       120.0      40.4      31.1
       30        127       0   0.002  0.002     40     1.000           0.0       130.0       130.0      40.4      40.4
       30        113       0   0.001  0.001     32     1.000           0.0       130.0       130.0      40.4      40.4
       30         88       0   0.001  0.028    784     1.091          20.0       130.0       110.0      40.4      37.0
       30         45       0   0.001  0.083   7484     5.657          15.1       124.9       140.0      37.0     209.4
       30        124       0   0.001  0.103   2988     2.828          40.0       130.0        90.0      40.4     114.2
       30        119       0   0.001  0.034    916     1.297          30.0       130.0       100.0      40.4      52.3
       30         96       0   0.001  0.030    728     1.297          30.0       130.0       100.0      40.4      31.1
       30        109       0   0.001  0.022    552     1.682          20.0       130.0       110.0      40.4      24.0
       30         49       0   0.001  0.063   4444     6.169          17.8       127.8       110.0      37.0     228.3
       30        117       0   0.000  0.007    176     1.542          10.0       120.0       130.0      37.0      24.0
       30         98       0   0.000  0.000     12     1.091           0.0       130.0       130.0      37.0      40.4
       30        122       0   0.000  0.018    448     1.682          30.0       130.0       100.0      40.4      24.0
       30         76       0   0.000  0.011    320     1.000          30.0       130.0       100.0      40.4      40.4
       30         75       0   0.000  0.004    132     1.834          10.0       120.0       110.0      37.0      67.9
       30         73       0   0.000  0.022   1236     4.757          26.2       126.2       100.0      37.0     176.1
       30        108       0   0.000  0.004    108     1.682          20.0       130.0       110.0      40.4      24.0
       30        139       0   0.000  0.002     40     1.297          10.0       120.0       130.0      37.0      28.5
       30        103       0   0.000  0.000      4     1.682           0.0       130.0       130.0      40.4      24.0
       30         36       0   0.000  0.000      0       nan           nan         nan         nan       nan       nan
       30         37       0   0.000  0.000      0       nan           nan         nan         nan       nan       nan
       30         40       0   0.000  0.000      0       nan           nan         nan         nan       nan       nan
       30         41       0   0.000  0.000      0       nan           nan         nan         nan       nan       nan
       30         44       0   0.000  0.000      0       nan           nan         nan         nan       nan       nan
       30         48       0   0.000  0.000      0       nan           nan         nan         nan       nan       nan
       30         50       0   0.000  0.000      0       nan           nan         nan         nan       nan       nan
       30         51       0   0.000  0.000      0       nan           nan         nan         nan       nan       nan
       30         52       0   0.000  0.000      0       nan           nan         nan         nan       nan       nan
       30         53       0   0.000  0.000      0       nan           nan         nan         nan       nan       nan
       30         55       0   0.000  0.000      0       nan           nan         nan         nan       nan       nan
       30         56       0   0.000  0.000      0       nan           nan         nan         nan       nan       nan
       30         60       0   0.000  0.000      0       nan           nan         nan         nan       nan       nan
       30         61       0   0.000  0.000      0       nan           nan         nan         nan       nan       nan
       30         62       0   0.000  0.000      0       nan           nan         nan         nan       nan       nan
       30         67       0   0.000  0.000      0       nan           nan         nan         nan       nan       nan
       30         68       0   0.000  0.000      0       nan           nan         nan         nan       nan       nan
       30         74       0   0.000  0.000      0       nan           nan         nan         nan       nan       nan
       30         77       0   0.000  0.000      0       nan           nan         nan         nan       nan       nan
       30         78       0   0.000  0.000      0       nan           nan         nan         nan       nan       nan
       30         79       0   0.000  0.000      0       nan           nan         nan         nan       nan       nan
       30         82       0   0.000  0.000      0       nan           nan         nan         nan       nan       nan
       30         83       0   0.000  0.000      0       nan           nan         nan         nan       nan       nan
       30         85       0   0.000  0.000      0       nan           nan         nan         nan       nan       nan
       30         89       0   0.000  0.000      0       nan           nan         nan         nan       nan       nan
       30         90       0   0.000  0.000      0       nan           nan         nan         nan       nan       nan
       30         93       0   0.000  0.000      0       nan           nan         nan         nan       nan       nan
       30         94       0   0.000  0.000      0       nan           nan         nan         nan       nan       nan
       30         95       0   0.000  0.000      0       nan           nan         nan         nan       nan       nan
       30         97       0   0.000  0.000      0       nan           nan         nan         nan       nan       nan
       30         99       0   0.000  0.000      0       nan           nan         nan         nan       nan       nan
       30        100       0   0.000  0.000      0       nan           nan         nan         nan       nan       nan
       30        101       0   0.000  0.000      0       nan           nan         nan         nan       nan       nan
       30        105       0   0.000  0.000      0       nan           nan         nan         nan       nan       nan
       30        107       0   0.000  0.000      0       nan           nan         nan         nan       nan       nan
       30        110       0   0.000  0.000      0       nan           nan         nan         nan       nan       nan
       30        112       0   0.000  0.000      0       nan           nan         nan         nan       nan       nan
       30        114       0   0.000  0.000      0       nan           nan         nan         nan       nan       nan
       30        115       0   0.000  0.000      0       nan           nan         nan         nan       nan       nan
       30        116       0   0.000  0.000      0       nan           nan         nan         nan       nan       nan
       30        118       0   0.000  0.000      0       nan           nan         nan         nan       nan       nan
       30        120       0   0.000  0.000      0       nan           nan         nan         nan       nan       nan
       30        121       0   0.000  0.000      0       nan           nan         nan         nan       nan       nan
       30        125       0   0.000  0.000      0       nan           nan         nan         nan       nan       nan
       30        126       0   0.000  0.000      0       nan           nan         nan         nan       nan       nan
       30        129       0   0.000  0.000      0       nan           nan         nan         nan       nan       nan
       30        130       0   0.000  0.000      0       nan           nan         nan         nan       nan       nan
       30        131       0   0.000  0.000      0       nan           nan         nan         nan       nan       nan
       30        132       0   0.000  0.000      0       nan           nan         nan         nan       nan       nan
       30        133       0   0.000  0.000      0       nan           nan         nan         nan       nan       nan
       30        134       0   0.000  0.000      0       nan           nan         nan         nan       nan       nan
       30        135       0   0.000  0.000      0       nan           nan         nan         nan       nan       nan
       30        136       0   0.000  0.000      0       nan           nan         nan         nan       nan       nan
       30        137       0   0.000  0.000      0       nan           nan         nan         nan       nan       nan
       31         82       1   0.516  0.599   1460     1.000           0.2        90.0        89.8      24.0      24.0
       31         41       0   0.011  0.336   1400     1.414          20.0        90.0       110.0      24.0      33.9
       31         37       0   0.008  0.289   1168     1.091          32.1        90.0       122.1      24.0      26.2
       31         56       0   0.007  0.372    984     1.297          40.0        90.0       130.0      24.0      31.1
       31         62       0   0.002  0.097    560     2.000          20.0        90.0       110.0      24.0      48.0
       31         35       0   0.001  0.055   1960     1.834          30.0        90.0       120.0      24.0      44.0
       31         26       0   0.000  0.020   1960     1.682          26.9        90.0       116.9      24.0      40.4
       31         51       0   0.000  0.075   1232     6.169          40.0        90.0       130.0      24.0     148.1
       31         32       0   0.000  0.013   1784     2.000          30.0        90.0       120.0      24.0      48.0
       31         67       0   0.000  0.005     36     1.000          40.0        90.0       130.0      24.0      24.0
       31         27       0   0.000  0.012   1760     4.757          20.4        90.0       110.4      24.0     114.2
       31         28       0   0.000  0.009    516     4.000          20.0        90.0       110.0      24.0      96.0
       31         25       0   0.000  0.011   1960     6.727          20.0        90.0       110.0      24.0     161.5
       31        115       0   0.000  0.003      8     1.091          40.0        90.0       130.0      24.0      26.2
       31         29       0   0.000  0.000      0       nan           nan         nan         nan       nan       nan
       31         30       0   0.000  0.000      0       nan           nan         nan         nan       nan       nan
       31         31       0   0.000  0.000      0       nan           nan         nan         nan       nan       nan
       31         33       0   0.000  0.000      0       nan           nan         nan         nan       nan       nan
       31         34       0   0.000  0.000      0       nan           nan         nan         nan       nan       nan
       31         36       0   0.000  0.000      0       nan           nan         nan         nan       nan       nan
       31         38       0   0.000  0.000      0       nan           nan         nan         nan       nan       nan
       31         39       0   0.000  0.000      0       nan           nan         nan         nan       nan       nan
       31         40       0   0.000  0.000      0       nan           nan         nan         nan       nan       nan
       31         42       0   0.000  0.000      0       nan           nan         nan         nan       nan       nan
       31         43       0   0.000  0.000      0       nan           nan         nan         nan       nan       nan
       31         44       0   0.000  0.000      0       nan           nan         nan         nan       nan       nan
       31         45       0   0.000  0.000      0       nan           nan         nan         nan       nan       nan
       31         46       0   0.000  0.000      0       nan           nan         nan         nan       nan       nan
       31         47       0   0.000  0.000      0       nan           nan         nan         nan       nan       nan
       31         48       0   0.000  0.000      0       nan           nan         nan         nan       nan       nan
       31         49       0   0.000  0.000      0       nan           nan         nan         nan       nan       nan
       31         50       0   0.000  0.000      0       nan           nan         nan         nan       nan       nan
       31         52       0   0.000  0.000      0       nan           nan         nan         nan       nan       nan
       31         53       0   0.000  0.000      0       nan           nan         nan         nan       nan       nan
       31         54       0   0.000  0.000      0       nan           nan         nan         nan       nan       nan
       31         55       0   0.000  0.000      0       nan           nan         nan         nan       nan       nan
       31         57       0   0.000  0.000      0       nan           nan         nan         nan       nan       nan
       31         58       0   0.000  0.000      0       nan           nan         nan         nan       nan       nan
       31         59       0   0.000  0.000      0       nan           nan         nan         nan       nan       nan
       31         60       0   0.000  0.000      0       nan           nan         nan         nan       nan       nan
       31         61       0   0.000  0.000      0       nan           nan         nan         nan       nan       nan
       31         63       0   0.000  0.000      0       nan           nan         nan         nan       nan       nan
       31         64       0   0.000  0.000      0       nan           nan         nan         nan       nan       nan
       31         65       0   0.000  0.000      0       nan           nan         nan         nan       nan       nan
       31         66       0   0.000  0.000      0       nan           nan         nan         nan       nan       nan
       31         68       0   0.000  0.000      0       nan           nan         nan         nan       nan       nan
       31         69       0   0.000  0.000      0       nan           nan         nan         nan       nan       nan
       31         70       0   0.000  0.000      0       nan           nan         nan         nan       nan       nan
       31         71       0   0.000  0.000      0       nan           nan         nan         nan       nan       nan
       31         72       0   0.000  0.000      0       nan           nan         nan         nan       nan       nan
       31         73       0   0.000  0.000      0       nan           nan         nan         nan       nan       nan
       31         74       0   0.000  0.000      0       nan           nan         nan         nan       nan       nan
       31         75       0   0.000  0.000      0       nan           nan         nan         nan       nan       nan
       31         76       0   0.000  0.000      0       nan           nan         nan         nan       nan       nan
       31         77       0   0.000  0.000      0       nan           nan         nan         nan       nan       nan
       31         78       0   0.000  0.000      0       nan           nan         nan         nan       nan       nan
       31         79       0   0.000  0.000      0       nan           nan         nan         nan       nan       nan
       31         80       0   0.000  0.000      0       nan           nan         nan         nan       nan       nan
       31         81       0   0.000  0.000      0       nan           nan         nan         nan       nan       nan
       31         83       0   0.000  0.000      0       nan           nan         nan         nan       nan       nan
       31         84       0   0.000  0.000      0       nan           nan         nan         nan       nan       nan
       31         85       0   0.000  0.000      0       nan           nan         nan         nan       nan       nan
       31         86       0   0.000  0.000      0       nan           nan         nan         nan       nan       nan
       31         87       0   0.000  0.000      0       nan           nan         nan         nan       nan       nan
       31         88       0   0.000  0.000      0       nan           nan         nan         nan       nan       nan
       31         89       0   0.000  0.000      0       nan           nan         nan         nan       nan       nan
       31         90       0   0.000  0.000      0       nan           nan         nan         nan       nan       nan
       31         91       0   0.000  0.000      0       nan           nan         nan         nan       nan       nan
       31         92       0   0.000  0.000      0       nan           nan         nan         nan       nan       nan
       31         93       0   0.000  0.000      0       nan           nan         nan         nan       nan       nan
       31         94       0   0.000  0.000      0       nan           nan         nan         nan       nan       nan
       31         95       0   0.000  0.000      0       nan           nan         nan         nan       nan       nan
       31         96       0   0.000  0.000      0       nan           nan         nan         nan       nan       nan
       31         97       0   0.000  0.000      0       nan           nan         nan         nan       nan       nan
       31         98       0   0.000  0.000      0       nan           nan         nan         nan       nan       nan
       31         99       0   0.000  0.000      0       nan           nan         nan         nan       nan       nan
       31        100       0   0.000  0.000      0       nan           nan         nan         nan       nan       nan
       31        101       0   0.000  0.000      0       nan           nan         nan         nan       nan       nan
       31        102       0   0.000  0.000      0       nan           nan         nan         nan       nan       nan
       31        103       0   0.000  0.000      0       nan           nan         nan         nan       nan       nan
       31        104       0   0.000  0.000      0       nan           nan         nan         nan       nan       nan
       31        105       0   0.000  0.000      0       nan           nan         nan         nan       nan       nan
       31        106       0   0.000  0.000      0       nan           nan         nan         nan       nan       nan
       31        107       0   0.000  0.000      0       nan           nan         nan         nan       nan       nan
       31        108       0   0.000  0.000      0       nan           nan         nan         nan       nan       nan
       31        109       0   0.000  0.000      0       nan           nan         nan         nan       nan       nan
       31        110       0   0.000  0.000      0       nan           nan         nan         nan       nan       nan
       31        111       0   0.000  0.000      0       nan           nan         nan         nan       nan       nan
       31        112       0   0.000  0.000      0       nan           nan         nan         nan       nan       nan
       31        113       0   0.000  0.000      0       nan           nan         nan         nan       nan       nan
       31        114       0   0.000  0.000      0       nan           nan         nan         nan       nan       nan
       31        116       0   0.000  0.000      0       nan           nan         nan         nan       nan       nan
       31        117       0   0.000  0.000      0       nan           nan         nan         nan       nan       nan
       31        118       0   0.000  0.000      0       nan           nan         nan         nan       nan       nan
       31        119       0   0.000  0.000      0       nan           nan         nan         nan       nan       nan
       31        120       0   0.000  0.000      0       nan           nan         nan         nan       nan       nan
       31        121       0   0.000  0.000      0       nan           nan         nan         nan       nan       nan
       31        122       0   0.000  0.000      0       nan           nan         nan         nan       nan       nan
       31        123       0   0.000  0.000      0       nan           nan         nan         nan       nan       nan
       31        124       0   0.000  0.000      0       nan           nan         nan         nan       nan       nan
       31        125       0   0.000  0.000      0       nan           nan         nan         nan       nan       nan
       31        126       0   0.000  0.000      0       nan           nan         nan         nan       nan       nan
       31        127       0   0.000  0.000      0       nan           nan         nan         nan       nan       nan
       31        128       0   0.000  0.000      0       nan           nan         nan         nan       nan       nan
       31        129       0   0.000  0.000      0       nan           nan         nan         nan       nan       nan
       31        130       0   0.000  0.000      0       nan           nan         nan         nan       nan       nan
       31        131       0   0.000  0.000      0       nan           nan         nan         nan       nan       nan
       31        132       0   0.000  0.000      0       nan           nan         nan         nan       nan       nan
       31        133       0   0.000  0.000      0       nan           nan         nan         nan       nan       nan
       31        134       0   0.000  0.000      0       nan           nan         nan         nan       nan       nan
       31        135       0   0.000  0.000      0       nan           nan         nan         nan       nan       nan
       31        136       0   0.000  0.000      0       nan           nan         nan         nan       nan       nan
       31        137       0   0.000  0.000      0       nan           nan         nan         nan       nan       nan
       31        138       0   0.000  0.000      0       nan           nan         nan         nan       nan       nan
       31        139       0   0.000  0.000      0       nan           nan         nan         nan       nan       nan
       32         48       1   0.075  0.165   1888     1.189           0.9       120.9       120.0      37.0      44.0
       32        120       1   0.026  0.312   1296     1.091          10.0       120.0       130.0      33.9      37.0
       32         60       0   0.019  0.115    864     1.542           3.0       123.0       120.0      37.0      57.1
       32        126       0   0.012  0.075    300     2.378           1.6       128.4       130.0      26.2      62.2
       32         67       0   0.012  0.167   1256     1.297          10.0       120.0       130.0      31.1      24.0
       32        105       0   0.008  0.113    428     1.297          10.0       120.0       130.0      31.1      24.0
       32         51       0   0.006  0.242   3776     4.173           9.3       120.7       130.0      35.5     148.1
       32        115       1   0.005  0.066    268     1.189          10.0       120.0       130.0      31.1      26.2
       32         32       0   0.005  0.027   3580     1.834           2.2       120.7       122.9      33.9      62.2
       32        130       0   0.004  0.085    344     1.091          20.0       120.0       140.0      31.1      33.9
       32         35       0   0.003  0.046   1744     1.297          10.5       120.0       130.5      31.1      40.4
       32        116       0   0.003  0.333   1312     3.668          32.0       122.0        90.0      31.1     114.2
       32         26       0   0.003  0.038   3784     1.189          10.7       120.7       110.0      37.0      31.1
       32         28       0   0.002  0.065   3784     2.594          10.7       120.7       110.0      37.0      96.0
       32         50       0   0.002  0.217   3132     4.000          30.8       120.8        90.0      37.0     148.1
       32         27       0   0.001  0.027   3784     2.828           5.9       120.7       114.8      37.0     104.7
       32         99       0   0.001  0.052    228     1.414          34.6       120.0        85.4      33.9      48.0
       32         62       0   0.001  0.012     96     1.542          10.0       120.0       110.0      31.1      48.0
       32         61       0   0.001  0.024     96     1.297          30.0       120.0        90.0      31.1      24.0
       32         25       0   0.000  0.021   3784     4.362          10.7       120.7       110.0      37.0     161.5
       32         33       0   0.000  0.002     44     1.414           2.7       120.0       122.7      37.0      26.2
       32         29       0   0.000  0.000      0       nan           nan         nan         nan       nan       nan
       32         30       0   0.000  0.000      0       nan           nan         nan         nan       nan       nan
       32         31       0   0.000  0.000      0       nan           nan         nan         nan       nan       nan
       32         34       0   0.000  0.000      0       nan           nan         nan         nan       nan       nan
       32         36       0   0.000  0.000      0       nan           nan         nan         nan       nan       nan
       32         37       0   0.000  0.000      0       nan           nan         nan         nan       nan       nan
       32         38       0   0.000  0.000      0       nan           nan         nan         nan       nan       nan
       32         39       0   0.000  0.000      0       nan           nan         nan         nan       nan       nan
       32         40       0   0.000  0.000      0       nan           nan         nan         nan       nan       nan
       32         41       0   0.000  0.000      0       nan           nan         nan         nan       nan       nan
       32         42       0   0.000  0.000      0       nan           nan         nan         nan       nan       nan
       32         43       0   0.000  0.000      0       nan           nan         nan         nan       nan       nan
       32         44       0   0.000  0.000      0       nan           nan         nan         nan       nan       nan
       32         45       0   0.000  0.000      0       nan           nan         nan         nan       nan       nan
       32         46       0   0.000  0.000      0       nan           nan         nan         nan       nan       nan
       32         47       0   0.000  0.000      0       nan           nan         nan         nan       nan       nan
       32         49       0   0.000  0.000      0       nan           nan         nan         nan       nan       nan
       32         52       0   0.000  0.000      0       nan           nan         nan         nan       nan       nan
       32         53       0   0.000  0.000      0       nan           nan         nan         nan       nan       nan
       32         54       0   0.000  0.000      0       nan           nan         nan         nan       nan       nan
       32         55       0   0.000  0.000      0       nan           nan         nan         nan       nan       nan
       32         56       0   0.000  0.000      0       nan           nan         nan         nan       nan       nan
       32         57       0   0.000  0.000      0       nan           nan         nan         nan       nan       nan
       32         58       0   0.000  0.000      0       nan           nan         nan         nan       nan       nan
       32         59       0   0.000  0.000      0       nan           nan         nan         nan       nan       nan
       32         63       0   0.000  0.000      0       nan           nan         nan         nan       nan       nan
       32         64       0   0.000  0.000      0       nan           nan         nan         nan       nan       nan
       32         65       0   0.000  0.000      0       nan           nan         nan         nan       nan       nan
       32         66       0   0.000  0.000      0       nan           nan         nan         nan       nan       nan
       32         68       0   0.000  0.000      0       nan           nan         nan         nan       nan       nan
       32         69       0   0.000  0.000      0       nan           nan         nan         nan       nan       nan
       32         70       0   0.000  0.000      0       nan           nan         nan         nan       nan       nan
       32         71       0   0.000  0.000      0       nan           nan         nan         nan       nan       nan
       32         72       0   0.000  0.000      0       nan           nan         nan         nan       nan       nan
       32         73       0   0.000  0.000      0       nan           nan         nan         nan       nan       nan
       32         74       0   0.000  0.000      0       nan           nan         nan         nan       nan       nan
       32         75       0   0.000  0.000      0       nan           nan         nan         nan       nan       nan
       32         76       0   0.000  0.000      0       nan           nan         nan         nan       nan       nan
       32         77       0   0.000  0.000      0       nan           nan         nan         nan       nan       nan
       32         78       0   0.000  0.000      0       nan           nan         nan         nan       nan       nan
       32         79       0   0.000  0.000      0       nan           nan         nan         nan       nan       nan
       32         80       0   0.000  0.000      0       nan           nan         nan         nan       nan       nan
       32         81       0   0.000  0.000      0       nan           nan         nan         nan       nan       nan
       32         82       0   0.000  0.000      0       nan           nan         nan         nan       nan       nan
       32         83       0   0.000  0.000      0       nan           nan         nan         nan       nan       nan
       32         84       0   0.000  0.000      0       nan           nan         nan         nan       nan       nan
       32         85       0   0.000  0.000      0       nan           nan         nan         nan       nan       nan
       32         86       0   0.000  0.000      0       nan           nan         nan         nan       nan       nan
       32         87       0   0.000  0.000      0       nan           nan         nan         nan       nan       nan
       32         88       0   0.000  0.000      0       nan           nan         nan         nan       nan       nan
       32         89       0   0.000  0.000      0       nan           nan         nan         nan       nan       nan
       32         90       0   0.000  0.000      0       nan           nan         nan         nan       nan       nan
       32         91       0   0.000  0.000      0       nan           nan         nan         nan       nan       nan
       32         92       0   0.000  0.000      0       nan           nan         nan         nan       nan       nan
       32         93       0   0.000  0.000      0       nan           nan         nan         nan       nan       nan
       32         94       0   0.000  0.000      0       nan           nan         nan         nan       nan       nan
       32         95       0   0.000  0.000      0       nan           nan         nan         nan       nan       nan
       32         96       0   0.000  0.000      0       nan           nan         nan         nan       nan       nan
       32         97       0   0.000  0.000      0       nan           nan         nan         nan       nan       nan
       32         98       0   0.000  0.000      0       nan           nan         nan         nan       nan       nan
       32        100       0   0.000  0.000      0       nan           nan         nan         nan       nan       nan
       32        101       0   0.000  0.000      0       nan           nan         nan         nan       nan       nan
       32        102       0   0.000  0.000      0       nan           nan         nan         nan       nan       nan
       32        103       0   0.000  0.000      0       nan           nan         nan         nan       nan       nan
       32        104       0   0.000  0.000      0       nan           nan         nan         nan       nan       nan
       32        106       0   0.000  0.000      0       nan           nan         nan         nan       nan       nan
       32        107       0   0.000  0.000      0       nan           nan         nan         nan       nan       nan
       32        108       0   0.000  0.000      0       nan           nan         nan         nan       nan       nan
       32        109       0   0.000  0.000      0       nan           nan         nan         nan       nan       nan
       32        110       0   0.000  0.000      0       nan           nan         nan         nan       nan       nan
       32        111       0   0.000  0.000      0       nan           nan         nan         nan       nan       nan
       32        112       0   0.000  0.000      0       nan           nan         nan         nan       nan       nan
       32        113       0   0.000  0.000      0       nan           nan         nan         nan       nan       nan
       32        114       0   0.000  0.000      0       nan           nan         nan         nan       nan       nan
       32        117       0   0.000  0.000      0       nan           nan         nan         nan       nan       nan
       32        118       0   0.000  0.000      0       nan           nan         nan         nan       nan       nan
       32        119       0   0.000  0.000      0       nan           nan         nan         nan       nan       nan
       32        121       0   0.000  0.000      0       nan           nan         nan         nan       nan       nan
       32        122       0   0.000  0.000      0       nan           nan         nan         nan       nan       nan
       32        123       0   0.000  0.000      0       nan           nan         nan         nan       nan       nan
       32        124       0   0.000  0.000      0       nan           nan         nan         nan       nan       nan
       32        125       0   0.000  0.000      0       nan           nan         nan         nan       nan       nan
       32        127       0   0.000  0.000      0       nan           nan         nan         nan       nan       nan
       32        128       0   0.000  0.000      0       nan           nan         nan         nan       nan       nan
       32        129       0   0.000  0.000      0       nan           nan         nan         nan       nan       nan
       32        131       0   0.000  0.000      0       nan           nan         nan         nan       nan       nan
       32        132       0   0.000  0.000      0       nan           nan         nan         nan       nan       nan
       32        133       0   0.000  0.000      0       nan           nan         nan         nan       nan       nan
       32        134       0   0.000  0.000      0       nan           nan         nan         nan       nan       nan
       32        135       0   0.000  0.000      0       nan           nan         nan         nan       nan       nan
       32        136       0   0.000  0.000      0       nan           nan         nan         nan       nan       nan
       32        137       0   0.000  0.000      0       nan           nan         nan         nan       nan       nan
       32        138       0   0.000  0.000      0       nan           nan         nan         nan       nan       nan
       32        139       0   0.000  0.000      0       nan           nan         nan         nan       nan       nan
       33        128       0   0.201  0.319   3032     1.542           0.0       130.0       130.0      31.1      48.0
       33         81       0   0.120  0.198   2848     1.414           0.2       130.2       130.0      31.1      44.0
       33        139       1   0.114  0.192   1796     1.091           0.5       130.0       129.5      31.1      28.5
       33         42       1   0.052  0.104   4172     1.091           0.8       130.1       129.3      31.1      33.9
       33         98       1   0.052  0.182   2112     1.189           2.0       130.2       128.3      33.9      40.4
       33         57       0   0.031  0.063   2164     2.000           0.0       130.0       130.0      31.1      62.2
       33         35       0   0.018  0.028   1216     1.414           0.1       129.9       130.0      48.0      33.9
       33         95       0   0.014  0.124   1120     1.834           3.9       126.1       130.0      44.0      24.0
       33         89       0   0.012  0.165   1500     1.542           7.7       127.7       120.0      44.0      28.5
       33        125       1   0.012  0.146   1528     1.091          10.2       130.2       120.0      33.9      37.0
       33         54       0   0.010  0.135   1780     1.682           7.2       127.2       120.0      44.0      26.2
       33        117       0   0.009  0.012    116     1.297           0.0       130.0       130.0      31.1      24.0
       33         39       0   0.006  0.095   2164     1.834           7.6       127.6       120.0      44.0      24.0
       33         31       0   0.005  0.066   9008     5.657           1.5       128.5       130.0      31.1     176.1
       33         32       0   0.003  0.025   3472     1.834           3.2       130.2       126.9      31.1      57.1
       33         63       0   0.003  0.087   2052     2.828          10.0       130.0       120.0      31.1      88.0
       33        138       0   0.002  0.032    328     1.189          10.0       130.0       120.0      31.1      37.0
       33         26       0   0.001  0.020   2092     1.297           9.2       129.2       120.0      40.4      31.1
       33         29       0   0.001  0.059   5620     4.000          10.1       130.1       120.0      31.1     124.5
       33         87       0   0.001  0.084   2556     3.668          19.8       130.2       150.0      31.1     114.2
       33         25       0   0.001  0.050   9008     5.657           8.3       128.5       120.3      31.1     176.1
       33         27       0   0.001  0.025   3648     2.378          10.2       130.2       120.0      31.1      74.0
       33         45       0   0.001  0.057   4420     6.727           9.9       130.1       140.0      31.1     209.4
       33         34       0   0.001  0.025    524     2.000          19.9       129.9       110.0      48.0      24.0
       33         47       0   0.001  0.017   1052     3.084           9.5       130.5       140.0      33.9     104.7
       33         71       0   0.000  0.000      8     1.091           0.0       130.0       130.0      31.1      28.5
       33         28       0   0.000  0.000      0       nan           nan         nan         nan       nan       nan
       33         30       0   0.000  0.000      0       nan           nan         nan         nan       nan       nan
       33         33       0   0.000  0.000      0       nan           nan         nan         nan       nan       nan
       33         36       0   0.000  0.000      0       nan           nan         nan         nan       nan       nan
       33         37       0   0.000  0.000      0       nan           nan         nan         nan       nan       nan
       33         38       0   0.000  0.000      0       nan           nan         nan         nan       nan       nan
       33         40       0   0.000  0.000      0       nan           nan         nan         nan       nan       nan
       33         41       0   0.000  0.000      0       nan           nan         nan         nan       nan       nan
       33         43       0   0.000  0.000      0       nan           nan         nan         nan       nan       nan
       33         44       0   0.000  0.000      0       nan           nan         nan         nan       nan       nan
       33         46       0   0.000  0.000      0       nan           nan         nan         nan       nan       nan
       33         48       0   0.000  0.000      0       nan           nan         nan         nan       nan       nan
       33         49       0   0.000  0.000      0       nan           nan         nan         nan       nan       nan
       33         50       0   0.000  0.000      0       nan           nan         nan         nan       nan       nan
       33         51       0   0.000  0.000      0       nan           nan         nan         nan       nan       nan
       33         52       0   0.000  0.000      0       nan           nan         nan         nan       nan       nan
       33         53       0   0.000  0.000      0       nan           nan         nan         nan       nan       nan
       33         55       0   0.000  0.000      0       nan           nan         nan         nan       nan       nan
       33         56       0   0.000  0.000      0       nan           nan         nan         nan       nan       nan
       33         58       0   0.000  0.000      0       nan           nan         nan         nan       nan       nan
       33         59       0   0.000  0.000      0       nan           nan         nan         nan       nan       nan
       33         60       0   0.000  0.000      0       nan           nan         nan         nan       nan       nan
       33         61       0   0.000  0.000      0       nan           nan         nan         nan       nan       nan
       33         62       0   0.000  0.000      0       nan           nan         nan         nan       nan       nan
       33         64       0   0.000  0.000      0       nan           nan         nan         nan       nan       nan
       33         65       0   0.000  0.000      0       nan           nan         nan         nan       nan       nan
       33         66       0   0.000  0.000      0       nan           nan         nan         nan       nan       nan
       33         67       0   0.000  0.000      0       nan           nan         nan         nan       nan       nan
       33         68       0   0.000  0.000      0       nan           nan         nan         nan       nan       nan
       33         69       0   0.000  0.000      0       nan           nan         nan         nan       nan       nan
       33         70       0   0.000  0.000      0       nan           nan         nan         nan       nan       nan
       33         72       0   0.000  0.000      0       nan           nan         nan         nan       nan       nan
       33         73       0   0.000  0.000      0       nan           nan         nan         nan       nan       nan
       33         74       0   0.000  0.000      0       nan           nan         nan         nan       nan       nan
       33         75       0   0.000  0.000      0       nan           nan         nan         nan       nan       nan
       33         76       0   0.000  0.000      0       nan           nan         nan         nan       nan       nan
       33         77       0   0.000  0.000      0       nan           nan         nan         nan       nan       nan
       33         78       0   0.000  0.000      0       nan           nan         nan         nan       nan       nan
       33         79       0   0.000  0.000      0       nan           nan         nan         nan       nan       nan
       33         80       0   0.000  0.000      0       nan           nan         nan         nan       nan       nan
       33         82       0   0.000  0.000      0       nan           nan         nan         nan       nan       nan
       33         83       0   0.000  0.000      0       nan           nan         nan         nan       nan       nan
       33         84       0   0.000  0.000      0       nan           nan         nan         nan       nan       nan
       33         85       0   0.000  0.000      0       nan           nan         nan         nan       nan       nan
       33         86       0   0.000  0.000      0       nan           nan         nan         nan       nan       nan
       33         88       0   0.000  0.000      0       nan           nan         nan         nan       nan       nan
       33         90       0   0.000  0.000      0       nan           nan         nan         nan       nan       nan
       33         91       0   0.000  0.000      0       nan           nan         nan         nan       nan       nan
       33         92       0   0.000  0.000      0       nan           nan         nan         nan       nan       nan
       33         93       0   0.000  0.000      0       nan           nan         nan         nan       nan       nan
       33         94       0   0.000  0.000      0       nan           nan         nan         nan       nan       nan
       33         96       0   0.000  0.000      0       nan           nan         nan         nan       nan       nan
       33         97       0   0.000  0.000      0       nan           nan         nan         nan       nan       nan
       33         99       0   0.000  0.000      0       nan           nan         nan         nan       nan       nan
       33        100       0   0.000  0.000      0       nan           nan         nan         nan       nan       nan
       33        101       0   0.000  0.000      0       nan           nan         nan         nan       nan       nan
       33        102       0   0.000  0.000      0       nan           nan         nan         nan       nan       nan
       33        103       0   0.000  0.000      0       nan           nan         nan         nan       nan       nan
       33        104       0   0.000  0.000      0       nan           nan         nan         nan       nan       nan
       33        105       0   0.000  0.000      0       nan           nan         nan         nan       nan       nan
       33        106       0   0.000  0.000      0       nan           nan         nan         nan       nan       nan
       33        107       0   0.000  0.000      0       nan           nan         nan         nan       nan       nan
       33        108       0   0.000  0.000      0       nan           nan         nan         nan       nan       nan
       33        109       0   0.000  0.000      0       nan           nan         nan         nan       nan       nan
       33        110       0   0.000  0.000      0       nan           nan         nan         nan       nan       nan
       33        111       0   0.000  0.000      0       nan           nan         nan         nan       nan       nan
       33        112       0   0.000  0.000      0       nan           nan         nan         nan       nan       nan
       33        113       0   0.000  0.000      0       nan           nan         nan         nan       nan       nan
       33        114       0   0.000  0.000      0       nan           nan         nan         nan       nan       nan
       33        115       0   0.000  0.000      0       nan           nan         nan         nan       nan       nan
       33        116       0   0.000  0.000      0       nan           nan         nan         nan       nan       nan
       33        118       0   0.000  0.000      0       nan           nan         nan         nan       nan       nan
       33        119       0   0.000  0.000      0       nan           nan         nan         nan       nan       nan
       33        120       0   0.000  0.000      0       nan           nan         nan         nan       nan       nan
       33        121       0   0.000  0.000      0       nan           nan         nan         nan       nan       nan
       33        122       0   0.000  0.000      0       nan           nan         nan         nan       nan       nan
       33        123       0   0.000  0.000      0       nan           nan         nan         nan       nan       nan
       33        124       0   0.000  0.000      0       nan           nan         nan         nan       nan       nan
       33        126       0   0.000  0.000      0       nan           nan         nan         nan       nan       nan
       33        127       0   0.000  0.000      0       nan           nan         nan         nan       nan       nan
       33        129       0   0.000  0.000      0       nan           nan         nan         nan       nan       nan
       33        130       0   0.000  0.000      0       nan           nan         nan         nan       nan       nan
       33        131       0   0.000  0.000      0       nan           nan         nan         nan       nan       nan
       33        132       0   0.000  0.000      0       nan           nan         nan         nan       nan       nan
       33        133       0   0.000  0.000      0       nan           nan         nan         nan       nan       nan
       33        134       0   0.000  0.000      0       nan           nan         nan         nan       nan       nan
       33        135       0   0.000  0.000      0       nan           nan         nan         nan       nan       nan
       33        136       0   0.000  0.000      0       nan           nan         nan         nan       nan       nan
       33        137       0   0.000  0.000      0       nan           nan         nan         nan       nan       nan
       34         67       1   0.259  0.283   2308     1.091           0.0       130.0       130.0      26.2      24.0
       34        103       1   0.095  0.113    660     1.189           0.0       130.0       130.0      28.5      24.0
       34         35       0   0.075  0.144   5208     1.414           0.4       130.0       129.6      28.5      40.4
       34        120       0   0.055  0.078    516     1.414           0.0       130.0       130.0      26.2      37.0
       34         33       1   0.023  0.205   4236     1.091           7.1       130.0       122.9      28.5      26.2
       34         51       0   0.011  0.065   1284     5.657           0.0       130.0       130.0      26.2     148.1
       34         84       0   0.008  0.013    216     1.542           0.0       130.0       130.0      31.1      48.0
       34         88       0   0.005  0.119   1084     1.189          20.0       130.0       110.0      31.1      37.0
       34         48       0   0.005  0.087   1212     1.682          10.0       130.0       120.0      26.2      44.0
       34         39       0   0.004  0.085   1688     1.297          14.0       130.0       116.0      31.1      24.0
       34         32       0   0.003  0.037   5036     2.828           3.7       130.0       126.3      26.2      74.0
       34         26       0   0.003  0.053   5324     1.091          18.1       130.0       111.9      26.2      28.5
       34         62       0   0.002  0.081    740     1.834          20.0       130.0       110.0      26.2      48.0
       34         31       0   0.001  0.006    800     5.657           0.0       130.0       130.0      31.1     176.1
       34         27       0   0.001  0.039   5500     3.668          11.5       130.0       118.5      28.5     104.7
       34         28       0   0.001  0.065   3860     3.668          20.0       130.0       110.0      26.2      96.0
       34         25       0   0.000  0.031   5500     5.657          20.0       130.0       110.0      28.5     161.5
       34         50       0   0.000  0.029    540     5.657          40.0       130.0        90.0      26.2     148.1
       34        136       0   0.000  0.001      8     1.414          20.0       130.0       110.0      28.5      40.4
       34        124       0   0.000  0.003     36     4.000          40.0       130.0        90.0      31.1     124.5
       34        116       0   0.000  0.001      4     3.364          40.0       130.0        90.0      26.2      88.0
       34         29       0   0.000  0.000      0       nan           nan         nan         nan       nan       nan
       34         30       0   0.000  0.000      0       nan           nan         nan         nan       nan       nan
       34         34       0   0.000  0.000      0       nan           nan         nan         nan       nan       nan
       34         36       0   0.000  0.000      0       nan           nan         nan         nan       nan       nan
       34         37       0   0.000  0.000      0       nan           nan         nan         nan       nan       nan
       34         38       0   0.000  0.000      0       nan           nan         nan         nan       nan       nan
       34         40       0   0.000  0.000      0       nan           nan         nan         nan       nan       nan
       34         41       0   0.000  0.000      0       nan           nan         nan         nan       nan       nan
       34         42       0   0.000  0.000      0       nan           nan         nan         nan       nan       nan
       34         43       0   0.000  0.000      0       nan           nan         nan         nan       nan       nan
       34         44       0   0.000  0.000      0       nan           nan         nan         nan       nan       nan
       34         45       0   0.000  0.000      0       nan           nan         nan         nan       nan       nan
       34         46       0   0.000  0.000      0       nan           nan         nan         nan       nan       nan
       34         47       0   0.000  0.000      0       nan           nan         nan         nan       nan       nan
       34         49       0   0.000  0.000      0       nan           nan         nan         nan       nan       nan
       34         52       0   0.000  0.000      0       nan           nan         nan         nan       nan       nan
       34         53       0   0.000  0.000      0       nan           nan         nan         nan       nan       nan
       34         54       0   0.000  0.000      0       nan           nan         nan         nan       nan       nan
       34         55       0   0.000  0.000      0       nan           nan         nan         nan       nan       nan
       34         56       0   0.000  0.000      0       nan           nan         nan         nan       nan       nan
       34         57       0   0.000  0.000      0       nan           nan         nan         nan       nan       nan
       34         58       0   0.000  0.000      0       nan           nan         nan         nan       nan       nan
       34         59       0   0.000  0.000      0       nan           nan         nan         nan       nan       nan
       34         60       0   0.000  0.000      0       nan           nan         nan         nan       nan       nan
       34         61       0   0.000  0.000      0       nan           nan         nan         nan       nan       nan
       34         63       0   0.000  0.000      0       nan           nan         nan         nan       nan       nan
       34         64       0   0.000  0.000      0       nan           nan         nan         nan       nan       nan
       34         65       0   0.000  0.000      0       nan           nan         nan         nan       nan       nan
       34         66       0   0.000  0.000      0       nan           nan         nan         nan       nan       nan
       34         68       0   0.000  0.000      0       nan           nan         nan         nan       nan       nan
       34         69       0   0.000  0.000      0       nan           nan         nan         nan       nan       nan
       34         70       0   0.000  0.000      0       nan           nan         nan         nan       nan       nan
       34         71       0   0.000  0.000      0       nan           nan         nan         nan       nan       nan
       34         72       0   0.000  0.000      0       nan           nan         nan         nan       nan       nan
       34         73       0   0.000  0.000      0       nan           nan         nan         nan       nan       nan
       34         74       0   0.000  0.000      0       nan           nan         nan         nan       nan       nan
       34         75       0   0.000  0.000      0       nan           nan         nan         nan       nan       nan
       34         76       0   0.000  0.000      0       nan           nan         nan         nan       nan       nan
       34         77       0   0.000  0.000      0       nan           nan         nan         nan       nan       nan
       34         78       0   0.000  0.000      0       nan           nan         nan         nan       nan       nan
       34         79       0   0.000  0.000      0       nan           nan         nan         nan       nan       nan
       34         80       0   0.000  0.000      0       nan           nan         nan         nan       nan       nan
       34         81       0   0.000  0.000      0       nan           nan         nan         nan       nan       nan
       34         82       0   0.000  0.000      0       nan           nan         nan         nan       nan       nan
       34         83       0   0.000  0.000      0       nan           nan         nan         nan       nan       nan
       34         85       0   0.000  0.000      0       nan           nan         nan         nan       nan       nan
       34         86       0   0.000  0.000      0       nan           nan         nan         nan       nan       nan
       34         87       0   0.000  0.000      0       nan           nan         nan         nan       nan       nan
       34         89       0   0.000  0.000      0       nan           nan         nan         nan       nan       nan
       34         90       0   0.000  0.000      0       nan           nan         nan         nan       nan       nan
       34         91       0   0.000  0.000      0       nan           nan         nan         nan       nan       nan
       34         92       0   0.000  0.000      0       nan           nan         nan         nan       nan       nan
       34         93       0   0.000  0.000      0       nan           nan         nan         nan       nan       nan
       34         94       0   0.000  0.000      0       nan           nan         nan         nan       nan       nan
       34         95       0   0.000  0.000      0       nan           nan         nan         nan       nan       nan
       34         96       0   0.000  0.000      0       nan           nan         nan         nan       nan       nan
       34         97       0   0.000  0.000      0       nan           nan         nan         nan       nan       nan
       34         98       0   0.000  0.000      0       nan           nan         nan         nan       nan       nan
       34         99       0   0.000  0.000      0       nan           nan         nan         nan       nan       nan
       34        100       0   0.000  0.000      0       nan           nan         nan         nan       nan       nan
       34        101       0   0.000  0.000      0       nan           nan         nan         nan       nan       nan
       34        102       0   0.000  0.000      0       nan           nan         nan         nan       nan       nan
       34        104       0   0.000  0.000      0       nan           nan         nan         nan       nan       nan
       34        105       0   0.000  0.000      0       nan           nan         nan         nan       nan       nan
       34        106       0   0.000  0.000      0       nan           nan         nan         nan       nan       nan
       34        107       0   0.000  0.000      0       nan           nan         nan         nan       nan       nan
       34        108       0   0.000  0.000      0       nan           nan         nan         nan       nan       nan
       34        109       0   0.000  0.000      0       nan           nan         nan         nan       nan       nan
       34        110       0   0.000  0.000      0       nan           nan         nan         nan       nan       nan
       34        111       0   0.000  0.000      0       nan           nan         nan         nan       nan       nan
       34        112       0   0.000  0.000      0       nan           nan         nan         nan       nan       nan
       34        113       0   0.000  0.000      0       nan           nan         nan         nan       nan       nan
       34        114       0   0.000  0.000      0       nan           nan         nan         nan       nan       nan
       34        115       0   0.000  0.000      0       nan           nan         nan         nan       nan       nan
       34        117       0   0.000  0.000      0       nan           nan         nan         nan       nan       nan
       34        118       0   0.000  0.000      0       nan           nan         nan         nan       nan       nan
       34        119       0   0.000  0.000      0       nan           nan         nan         nan       nan       nan
       34        121       0   0.000  0.000      0       nan           nan         nan         nan       nan       nan
       34        122       0   0.000  0.000      0       nan           nan         nan         nan       nan       nan
       34        123       0   0.000  0.000      0       nan           nan         nan         nan       nan       nan
       34        125       0   0.000  0.000      0       nan           nan         nan         nan       nan       nan
       34        126       0   0.000  0.000      0       nan           nan         nan         nan       nan       nan
       34        127       0   0.000  0.000      0       nan           nan         nan         nan       nan       nan
       34        128       0   0.000  0.000      0       nan           nan         nan         nan       nan       nan
       34        129       0   0.000  0.000      0       nan           nan         nan         nan       nan       nan
       34        130       0   0.000  0.000      0       nan           nan         nan         nan       nan       nan
       34        131       0   0.000  0.000      0       nan           nan         nan         nan       nan       nan
       34        132       0   0.000  0.000      0       nan           nan         nan         nan       nan       nan
       34        133       0   0.000  0.000      0       nan           nan         nan         nan       nan       nan
       34        134       0   0.000  0.000      0       nan           nan         nan         nan       nan       nan
       34        135       0   0.000  0.000      0       nan           nan         nan         nan       nan       nan
       34        137       0   0.000  0.000      0       nan           nan         nan         nan       nan       nan
       34        138       0   0.000  0.000      0       nan           nan         nan         nan       nan       nan
       34        139       0   0.000  0.000      0       nan           nan         nan         nan       nan       nan
       35         89       1   0.361  0.361   1040     1.000           0.0       120.0       120.0      28.5      28.5
       35         54       1   0.144  0.157   1124     1.091           0.0       120.0       120.0      28.5      26.2
       35         39       1   0.051  0.061   1056     1.189           0.0       120.0       120.0      28.5      24.0
       35         95       1   0.027  0.350    892     1.189          10.0       120.0       130.0      28.5      24.0
       35        125       0   0.014  0.015     80     1.091           0.0       120.0       120.0      28.5      31.1
       35         26       0   0.007  0.007    752     1.091           0.0       120.0       120.0      28.5      31.1
       35        139       1   0.006  0.065    272     1.000          10.0       120.0       130.0      28.5      28.5
       35        128       0   0.005  0.097    516     1.682          10.0       120.0       130.0      28.5      48.0
       35         81       0   0.002  0.042    428     1.542          10.0       120.0       130.0      28.5      44.0
       35         25       0   0.002  0.013   2320     6.169           0.0       120.0       120.0      28.5     176.1
       35         98       0   0.002  0.029    200     1.414           9.2       120.0       129.2      28.5      40.4
       35         29       0   0.001  0.005    508     4.362           0.0       120.0       120.0      28.5     124.5
       35         42       0   0.001  0.013    480     1.091          10.0       120.0       130.0      28.5      31.1
       35         34       0   0.001  0.008    120     1.189          10.0       120.0       110.0      28.5      24.0
       35         35       0   0.000  0.007    248     1.189          10.0       120.0       130.0      28.5      33.9
       35         27       0   0.000  0.001    156     2.594           0.0       120.0       120.0      28.5      74.0
       35         31       0   0.000  0.017   2320     6.169          10.0       120.0       130.0      28.5     176.1
       35         63       0   0.000  0.001     12     3.084           0.0       120.0       120.0      28.5      88.0
       35         32       0   0.000  0.003    360     1.834          10.0       120.0       130.0      28.5      52.3
       35         57       0   0.000  0.002     60     2.181          10.0       120.0       130.0      28.5      62.2
       35         87       0   0.000  0.010    252     4.000          30.0       120.0       150.0      28.5     114.2
       35         45       0   0.000  0.006    444     7.336          20.0       120.0       140.0      28.5     209.4
       35         47       0   0.000  0.002    104     3.668          20.0       120.0       140.0      28.5     104.7
       35         28       0   0.000  0.000      0       nan           nan         nan         nan       nan       nan
       35         30       0   0.000  0.000      0       nan           nan         nan         nan       nan       nan
       35         33       0   0.000  0.000      0       nan           nan         nan         nan       nan       nan
       35         36       0   0.000  0.000      0       nan           nan         nan         nan       nan       nan
       35         37       0   0.000  0.000      0       nan           nan         nan         nan       nan       nan
       35         38       0   0.000  0.000      0       nan           nan         nan         nan       nan       nan
       35         40       0   0.000  0.000      0       nan           nan         nan         nan       nan       nan
       35         41       0   0.000  0.000      0       nan           nan         nan         nan       nan       nan
       35         43       0   0.000  0.000      0       nan           nan         nan         nan       nan       nan
       35         44       0   0.000  0.000      0       nan           nan         nan         nan       nan       nan
       35         46       0   0.000  0.000      0       nan           nan         nan         nan       nan       nan
       35         48       0   0.000  0.000      0       nan           nan         nan         nan       nan       nan
       35         49       0   0.000  0.000      0       nan           nan         nan         nan       nan       nan
       35         50       0   0.000  0.000      0       nan           nan         nan         nan       nan       nan
       35         51       0   0.000  0.000      0       nan           nan         nan         nan       nan       nan
       35         52       0   0.000  0.000      0       nan           nan         nan         nan       nan       nan
       35         53       0   0.000  0.000      0       nan           nan         nan         nan       nan       nan
       35         55       0   0.000  0.000      0       nan           nan         nan         nan       nan       nan
       35         56       0   0.000  0.000      0       nan           nan         nan         nan       nan       nan
       35         58       0   0.000  0.000      0       nan           nan         nan         nan       nan       nan
       35         59       0   0.000  0.000      0       nan           nan         nan         nan       nan       nan
       35         60       0   0.000  0.000      0       nan           nan         nan         nan       nan       nan
       35         61       0   0.000  0.000      0       nan           nan         nan         nan       nan       nan
       35         62       0   0.000  0.000      0       nan           nan         nan         nan       nan       nan
       35         64       0   0.000  0.000      0       nan           nan         nan         nan       nan       nan
       35         65       0   0.000  0.000      0       nan           nan         nan         nan       nan       nan
       35         66       0   0.000  0.000      0       nan           nan         nan         nan       nan       nan
       35         67       0   0.000  0.000      0       nan           nan         nan         nan       nan       nan
       35         68       0   0.000  0.000      0       nan           nan         nan         nan       nan       nan
       35         69       0   0.000  0.000      0       nan           nan         nan         nan       nan       nan
       35         70       0   0.000  0.000      0       nan           nan         nan         nan       nan       nan
       35         71       0   0.000  0.000      0       nan           nan         nan         nan       nan       nan
       35         72       0   0.000  0.000      0       nan           nan         nan         nan       nan       nan
       35         73       0   0.000  0.000      0       nan           nan         nan         nan       nan       nan
       35         74       0   0.000  0.000      0       nan           nan         nan         nan       nan       nan
       35         75       0   0.000  0.000      0       nan           nan         nan         nan       nan       nan
       35         76       0   0.000  0.000      0       nan           nan         nan         nan       nan       nan
       35         77       0   0.000  0.000      0       nan           nan         nan         nan       nan       nan
       35         78       0   0.000  0.000      0       nan           nan         nan         nan       nan       nan
       35         79       0   0.000  0.000      0       nan           nan         nan         nan       nan       nan
       35         80       0   0.000  0.000      0       nan           nan         nan         nan       nan       nan
       35         82       0   0.000  0.000      0       nan           nan         nan         nan       nan       nan
       35         83       0   0.000  0.000      0       nan           nan         nan         nan       nan       nan
       35         84       0   0.000  0.000      0       nan           nan         nan         nan       nan       nan
       35         85       0   0.000  0.000      0       nan           nan         nan         nan       nan       nan
       35         86       0   0.000  0.000      0       nan           nan         nan         nan       nan       nan
       35         88       0   0.000  0.000      0       nan           nan         nan         nan       nan       nan
       35         90       0   0.000  0.000      0       nan           nan         nan         nan       nan       nan
       35         91       0   0.000  0.000      0       nan           nan         nan         nan       nan       nan
       35         92       0   0.000  0.000      0       nan           nan         nan         nan       nan       nan
       35         93       0   0.000  0.000      0       nan           nan         nan         nan       nan       nan
       35         94       0   0.000  0.000      0       nan           nan         nan         nan       nan       nan
       35         96       0   0.000  0.000      0       nan           nan         nan         nan       nan       nan
       35         97       0   0.000  0.000      0       nan           nan         nan         nan       nan       nan
       35         99       0   0.000  0.000      0       nan           nan         nan         nan       nan       nan
       35        100       0   0.000  0.000      0       nan           nan         nan         nan       nan       nan
       35        101       0   0.000  0.000      0       nan           nan         nan         nan       nan       nan
       35        102       0   0.000  0.000      0       nan           nan         nan         nan       nan       nan
       35        103       0   0.000  0.000      0       nan           nan         nan         nan       nan       nan
       35        104       0   0.000  0.000      0       nan           nan         nan         nan       nan       nan
       35        105       0   0.000  0.000      0       nan           nan         nan         nan       nan       nan
       35        106       0   0.000  0.000      0       nan           nan         nan         nan       nan       nan
       35        107       0   0.000  0.000      0       nan           nan         nan         nan       nan       nan
       35        108       0   0.000  0.000      0       nan           nan         nan         nan       nan       nan
       35        109       0   0.000  0.000      0       nan           nan         nan         nan       nan       nan
       35        110       0   0.000  0.000      0       nan           nan         nan         nan       nan       nan
       35        111       0   0.000  0.000      0       nan           nan         nan         nan       nan       nan
       35        112       0   0.000  0.000      0       nan           nan         nan         nan       nan       nan
       35        113       0   0.000  0.000      0       nan           nan         nan         nan       nan       nan
       35        114       0   0.000  0.000      0       nan           nan         nan         nan       nan       nan
       35        115       0   0.000  0.000      0       nan           nan         nan         nan       nan       nan
       35        116       0   0.000  0.000      0       nan           nan         nan         nan       nan       nan
       35        117       0   0.000  0.000      0       nan           nan         nan         nan       nan       nan
       35        118       0   0.000  0.000      0       nan           nan         nan         nan       nan       nan
       35        119       0   0.000  0.000      0       nan           nan         nan         nan       nan       nan
       35        120       0   0.000  0.000      0       nan           nan         nan         nan       nan       nan
       35        121       0   0.000  0.000      0       nan           nan         nan         nan       nan       nan
       35        122       0   0.000  0.000      0       nan           nan         nan         nan       nan       nan
       35        123       0   0.000  0.000      0       nan           nan         nan         nan       nan       nan
       35        124       0   0.000  0.000      0       nan           nan         nan         nan       nan       nan
       35        126       0   0.000  0.000      0       nan           nan         nan         nan       nan       nan
       35        127       0   0.000  0.000      0       nan           nan         nan         nan       nan       nan
       35        129       0   0.000  0.000      0       nan           nan         nan         nan       nan       nan
       35        130       0   0.000  0.000      0       nan           nan         nan         nan       nan       nan
       35        131       0   0.000  0.000      0       nan           nan         nan         nan       nan       nan
       35        132       0   0.000  0.000      0       nan           nan         nan         nan       nan       nan
       35        133       0   0.000  0.000      0       nan           nan         nan         nan       nan       nan
       35        134       0   0.000  0.000      0       nan           nan         nan         nan       nan       nan
       35        135       0   0.000  0.000      0       nan           nan         nan         nan       nan       nan
       35        136       0   0.000  0.000      0       nan           nan         nan         nan       nan       nan
       35        137       0   0.000  0.000      0       nan           nan         nan         nan       nan       nan
       35        138       0   0.000  0.000      0       nan           nan         nan         nan       nan       nan
       36         80       1   0.197  0.261   2456     1.091           0.2       130.0       130.2      31.1      28.5
       36         71       1   0.134  0.134   1960     1.000           0.0       130.0       130.0      26.2      26.2
       36        102       0   0.119  0.180   1632     1.414           0.1       130.0       130.1      26.2      37.0
       36         57       0   0.113  0.238   6876     1.834           0.2       130.0       130.2      33.9      62.2
       36         42       1   0.067  0.222   7960     1.189           1.8       130.0       131.8      31.1      37.0
       36         86       1   0.057  0.125   1072     1.189           0.8       130.0       130.8      31.1      26.2
       36         81       0   0.053  0.075   1168     1.414           0.0       130.0       130.0      31.1      44.0
       36        128       0   0.040  0.056    636     1.414           0.0       130.0       130.0      33.9      48.0
       36         72       0   0.011  0.237   3040     2.000          10.0       130.0       140.0      33.9      67.9
       36         31       0   0.009  0.062   8440     5.187           0.3       130.0       130.3      33.9     176.1
       36        104       0   0.008  0.424   4876     2.378          20.0       130.0       150.0      31.1      74.0
       36         32       0   0.008  0.063   8440     1.834           3.2       130.0       126.8      33.9      62.2
       36        138       1   0.008  0.092    840     1.091          10.0       130.0       120.0      33.9      37.0
       36         43       1   0.005  0.065   1628     1.091          10.0       130.0       120.0      26.2      24.0
       36        117       0   0.005  0.007     60     1.414           0.0       130.0       130.0      33.9      24.0
       36         87       0   0.005  0.301   7508     3.084          20.0       130.0       150.0      31.1      96.0
       36         26       1   0.005  0.051   5248     1.000          10.0       130.0       120.0      31.1      31.1
       36         63       0   0.003  0.095   2180     2.594          10.0       130.0       120.0      33.9      88.0
       36        139       0   0.003  0.003     36     1.189           0.0       130.0       130.0      33.9      28.5
       36         47       0   0.003  0.069   3908     2.378           9.3       130.0       139.3      31.1      74.0
       36         27       0   0.003  0.059   8440     2.000          10.0       130.0       120.0      33.9      67.9
       36         29       0   0.002  0.078   7288     3.668          10.0       130.0       120.0      33.9     124.5
       36         45       0   0.001  0.104   7692     6.727          10.0       130.0       140.0      31.1     209.4
       36         25       0   0.001  0.047   8440     5.657          10.0       130.0       120.0      33.9     192.0
       36         49       0   0.001  0.095   5144     7.336          20.0       130.0       110.0      31.1     228.3
       36         39       0   0.001  0.009    216     1.414          10.0       130.0       120.0      33.9      24.0
       36         98       0   0.001  0.001      8     1.189           0.0       130.0       130.0      33.9      40.4
       36        109       0   0.000  0.011    112     1.091          20.0       130.0       110.0      26.2      24.0
       36         54       0   0.000  0.005     76     1.297          10.0       130.0       120.0      33.9      26.2
       36        110       0   0.000  0.000      4     1.297           0.0       130.0       130.0      33.9      26.2
       36         73       0   0.000  0.027   1112     5.657          30.0       130.0       100.0      31.1     176.1
       36         75       0   0.000  0.004     84     2.181          20.0       130.0       110.0      31.1      67.9
       36         30       0   0.000  0.002    132     4.362          20.0       130.0       110.0      26.2     114.2
       36         28       0   0.000  0.000      0       nan           nan         nan         nan       nan       nan
       36         33       0   0.000  0.000      0       nan           nan         nan         nan       nan       nan
       36         34       0   0.000  0.000      0       nan           nan         nan         nan       nan       nan
       36         35       0   0.000  0.000      0       nan           nan         nan         nan       nan       nan
       36         36       0   0.000  0.000      0       nan           nan         nan         nan       nan       nan
       36         37       0   0.000  0.000      0       nan           nan         nan         nan       nan       nan
       36         38       0   0.000  0.000      0       nan           nan         nan         nan       nan       nan
       36         40       0   0.000  0.000      0       nan           nan         nan         nan       nan       nan
       36         41       0   0.000  0.000      0       nan           nan         nan         nan       nan       nan
       36         44       0   0.000  0.000      0       nan           nan         nan         nan       nan       nan
       36         46       0   0.000  0.000      0       nan           nan         nan         nan       nan       nan
       36         48       0   0.000  0.000      0       nan           nan         nan         nan       nan       nan
       36         50       0   0.000  0.000      0       nan           nan         nan         nan       nan       nan
       36         51       0   0.000  0.000      0       nan           nan         nan         nan       nan       nan
       36         52       0   0.000  0.000      0       nan           nan         nan         nan       nan       nan
       36         53       0   0.000  0.000      0       nan           nan         nan         nan       nan       nan
       36         55       0   0.000  0.000      0       nan           nan         nan         nan       nan       nan
       36         56       0   0.000  0.000      0       nan           nan         nan         nan       nan       nan
       36         58       0   0.000  0.000      0       nan           nan         nan         nan       nan       nan
       36         59       0   0.000  0.000      0       nan           nan         nan         nan       nan       nan
       36         60       0   0.000  0.000      0       nan           nan         nan         nan       nan       nan
       36         61       0   0.000  0.000      0       nan           nan         nan         nan       nan       nan
       36         62       0   0.000  0.000      0       nan           nan         nan         nan       nan       nan
       36         64       0   0.000  0.000      0       nan           nan         nan         nan       nan       nan
       36         65       0   0.000  0.000      0       nan           nan         nan         nan       nan       nan
       36         66       0   0.000  0.000      0       nan           nan         nan         nan       nan       nan
       36         67       0   0.000  0.000      0       nan           nan         nan         nan       nan       nan
       36         68       0   0.000  0.000      0       nan           nan         nan         nan       nan       nan
       36         69       0   0.000  0.000      0       nan           nan         nan         nan       nan       nan
       36         70       0   0.000  0.000      0       nan           nan         nan         nan       nan       nan
       36         74       0   0.000  0.000      0       nan           nan         nan         nan       nan       nan
       36         76       0   0.000  0.000      0       nan           nan         nan         nan       nan       nan
       36         77       0   0.000  0.000      0       nan           nan         nan         nan       nan       nan
       36         78       0   0.000  0.000      0       nan           nan         nan         nan       nan       nan
       36         79       0   0.000  0.000      0       nan           nan         nan         nan       nan       nan
       36         82       0   0.000  0.000      0       nan           nan         nan         nan       nan       nan
       36         83       0   0.000  0.000      0       nan           nan         nan         nan       nan       nan
       36         84       0   0.000  0.000      0       nan           nan         nan         nan       nan       nan
       36         85       0   0.000  0.000      0       nan           nan         nan         nan       nan       nan
       36         88       0   0.000  0.000      0       nan           nan         nan         nan       nan       nan
       36         89       0   0.000  0.000      0       nan           nan         nan         nan       nan       nan
       36         90       0   0.000  0.000      0       nan           nan         nan         nan       nan       nan
       36         91       0   0.000  0.000      0       nan           nan         nan         nan       nan       nan
       36         92       0   0.000  0.000      0       nan           nan         nan         nan       nan       nan
       36         93       0   0.000  0.000      0       nan           nan         nan         nan       nan       nan
       36         94       0   0.000  0.000      0       nan           nan         nan         nan       nan       nan
       36         95       0   0.000  0.000      0       nan           nan         nan         nan       nan       nan
       36         96       0   0.000  0.000      0       nan           nan         nan         nan       nan       nan
       36         97       0   0.000  0.000      0       nan           nan         nan         nan       nan       nan
       36         99       0   0.000  0.000      0       nan           nan         nan         nan       nan       nan
       36        100       0   0.000  0.000      0       nan           nan         nan         nan       nan       nan
       36        101       0   0.000  0.000      0       nan           nan         nan         nan       nan       nan
       36        103       0   0.000  0.000      0       nan           nan         nan         nan       nan       nan
       36        105       0   0.000  0.000      0       nan           nan         nan         nan       nan       nan
       36        106       0   0.000  0.000      0       nan           nan         nan         nan       nan       nan
       36        107       0   0.000  0.000      0       nan           nan         nan         nan       nan       nan
       36        108       0   0.000  0.000      0       nan           nan         nan         nan       nan       nan
       36        111       0   0.000  0.000      0       nan           nan         nan         nan       nan       nan
       36        112       0   0.000  0.000      0       nan           nan         nan         nan       nan       nan
       36        113       0   0.000  0.000      0       nan           nan         nan         nan       nan       nan
       36        114       0   0.000  0.000      0       nan           nan         nan         nan       nan       nan
       36        115       0   0.000  0.000      0       nan           nan         nan         nan       nan       nan
       36        116       0   0.000  0.000      0       nan           nan         nan         nan       nan       nan
       36        118       0   0.000  0.000      0       nan           nan         nan         nan       nan       nan
       36        119       0   0.000  0.000      0       nan           nan         nan         nan       nan       nan
       36        120       0   0.000  0.000      0       nan           nan         nan         nan       nan       nan
       36        121       0   0.000  0.000      0       nan           nan         nan         nan       nan       nan
       36        122       0   0.000  0.000      0       nan           nan         nan         nan       nan       nan
       36        123       0   0.000  0.000      0       nan           nan         nan         nan       nan       nan
       36        124       0   0.000  0.000      0       nan           nan         nan         nan       nan       nan
       36        125       0   0.000  0.000      0       nan           nan         nan         nan       nan       nan
       36        126       0   0.000  0.000      0       nan           nan         nan         nan       nan       nan
       36        127       0   0.000  0.000      0       nan           nan         nan         nan       nan       nan
       36        129       0   0.000  0.000      0       nan           nan         nan         nan       nan       nan
       36        130       0   0.000  0.000      0       nan           nan         nan         nan       nan       nan
       36        131       0   0.000  0.000      0       nan           nan         nan         nan       nan       nan
       36        132       0   0.000  0.000      0       nan           nan         nan         nan       nan       nan
       36        133       0   0.000  0.000      0       nan           nan         nan         nan       nan       nan
       36        134       0   0.000  0.000      0       nan           nan         nan         nan       nan       nan
       36        135       0   0.000  0.000      0       nan           nan         nan         nan       nan       nan
       36        136       0   0.000  0.000      0       nan           nan         nan         nan       nan       nan
       36        137       0   0.000  0.000      0       nan           nan         nan         nan       nan       nan
       37        119       0   0.116  0.179   1404     1.542           0.0       100.0       100.0      33.9      52.3
       37         88       1   0.051  0.120   1040     1.091           1.1       108.9       110.0      33.9      37.0
       37         69       0   0.015  0.041    656     2.828           0.0       100.0       100.0      33.9      96.0
       37         39       0   0.011  0.148   2724     1.297           9.1       105.1       114.2      33.9      26.2
       37         33       0   0.007  0.192   3940     1.297          19.3       103.9       123.2      33.9      26.2
       37         26       0   0.006  0.049   4880     1.091           6.9       103.1       110.1      33.9      31.1
       37         48       0   0.005  0.136   1752     1.414          19.8       100.2       120.0      31.1      44.0
       37        124       0   0.004  0.182   2028     3.668          10.2       100.2        90.0      33.9     124.5
       37        103       0   0.004  0.127    676     1.414          20.0       110.0       130.0      33.9      24.0
       37         35       0   0.004  0.103   3832     1.091          25.9       104.1       130.0      33.9      37.0
       37         84       0   0.003  0.120   1756     1.414          28.9       101.1       130.0      33.9      48.0
       37         28       0   0.002  0.064   3800     2.828           8.4       101.6       110.0      33.9      96.0
       37         67       0   0.002  0.081    748     1.297          29.8       100.2       130.0      31.1      24.0
       37         77       0   0.002  0.037    404     1.091          20.0       100.0       120.0      33.9      31.1
       37         27       0   0.001  0.035   5028     2.181           9.9       103.3       113.2      33.9      74.0
       37         32       0   0.001  0.033   4456     1.834          19.4       102.5       121.8      33.9      62.2
       37         30       0   0.001  0.029   1520     3.364          10.0       100.0       110.0      33.9     114.2
       37         25       0   0.001  0.028   5028     4.757           6.7       103.3       110.0      33.9     161.5
       37         46       0   0.000  0.040   1684     4.000          30.0       100.0       130.0      33.9     135.8
       37         29       0   0.000  0.019   1844     3.668          20.0       100.0       120.0      33.9     124.5
       37         31       0   0.000  0.028   3856     5.187          27.9       102.1       130.0      33.9     176.1
       37         34       0   0.000  0.000      0       nan           nan         nan         nan       nan       nan
       37         36       0   0.000  0.000      0       nan           nan         nan         nan       nan       nan
       37         37       0   0.000  0.000      0       nan           nan         nan         nan       nan       nan
       37         38       0   0.000  0.000      0       nan           nan         nan         nan       nan       nan
       37         40       0   0.000  0.000      0       nan           nan         nan         nan       nan       nan
       37         41       0   0.000  0.000      0       nan           nan         nan         nan       nan       nan
       37         42       0   0.000  0.000      0       nan           nan         nan         nan       nan       nan
       37         43       0   0.000  0.000      0       nan           nan         nan         nan       nan       nan
       37         44       0   0.000  0.000      0       nan           nan         nan         nan       nan       nan
       37         45       0   0.000  0.000      0       nan           nan         nan         nan       nan       nan
       37         47       0   0.000  0.000      0       nan           nan         nan         nan       nan       nan
       37         49       0   0.000  0.000      0       nan           nan         nan         nan       nan       nan
       37         50       0   0.000  0.000      0       nan           nan         nan         nan       nan       nan
       37         51       0   0.000  0.000      0       nan           nan         nan         nan       nan       nan
       37         52       0   0.000  0.000      0       nan           nan         nan         nan       nan       nan
       37         53       0   0.000  0.000      0       nan           nan         nan         nan       nan       nan
       37         54       0   0.000  0.000      0       nan           nan         nan         nan       nan       nan
       37         55       0   0.000  0.000      0       nan           nan         nan         nan       nan       nan
       37         56       0   0.000  0.000      0       nan           nan         nan         nan       nan       nan
       37         57       0   0.000  0.000      0       nan           nan         nan         nan       nan       nan
       37         58       0   0.000  0.000      0       nan           nan         nan         nan       nan       nan
       37         59       0   0.000  0.000      0       nan           nan         nan         nan       nan       nan
       37         60       0   0.000  0.000      0       nan           nan         nan         nan       nan       nan
       37         61       0   0.000  0.000      0       nan           nan         nan         nan       nan       nan
       37         62       0   0.000  0.000      0       nan           nan         nan         nan       nan       nan
       37         63       0   0.000  0.000      0       nan           nan         nan         nan       nan       nan
       37         64       0   0.000  0.000      0       nan           nan         nan         nan       nan       nan
       37         65       0   0.000  0.000      0       nan           nan         nan         nan       nan       nan
       37         66       0   0.000  0.000      0       nan           nan         nan         nan       nan       nan
       37         68       0   0.000  0.000      0       nan           nan         nan         nan       nan       nan
       37         70       0   0.000  0.000      0       nan           nan         nan         nan       nan       nan
       37         71       0   0.000  0.000      0       nan           nan         nan         nan       nan       nan
       37         72       0   0.000  0.000      0       nan           nan         nan         nan       nan       nan
       37         73       0   0.000  0.000      0       nan           nan         nan         nan       nan       nan
       37         74       0   0.000  0.000      0       nan           nan         nan         nan       nan       nan
       37         75       0   0.000  0.000      0       nan           nan         nan         nan       nan       nan
       37         76       0   0.000  0.000      0       nan           nan         nan         nan       nan       nan
       37         78       0   0.000  0.000      0       nan           nan         nan         nan       nan       nan
       37         79       0   0.000  0.000      0       nan           nan         nan         nan       nan       nan
       37         80       0   0.000  0.000      0       nan           nan         nan         nan       nan       nan
       37         81       0   0.000  0.000      0       nan           nan         nan         nan       nan       nan
       37         82       0   0.000  0.000      0       nan           nan         nan         nan       nan       nan
       37         83       0   0.000  0.000      0       nan           nan         nan         nan       nan       nan
       37         85       0   0.000  0.000      0       nan           nan         nan         nan       nan       nan
       37         86       0   0.000  0.000      0       nan           nan         nan         nan       nan       nan
       37         87       0   0.000  0.000      0       nan           nan         nan         nan       nan       nan
       37         89       0   0.000  0.000      0       nan           nan         nan         nan       nan       nan
       37         90       0   0.000  0.000      0       nan           nan         nan         nan       nan       nan
       37         91       0   0.000  0.000      0       nan           nan         nan         nan       nan       nan
       37         92       0   0.000  0.000      0       nan           nan         nan         nan       nan       nan
       37         93       0   0.000  0.000      0       nan           nan         nan         nan       nan       nan
       37         94       0   0.000  0.000      0       nan           nan         nan         nan       nan       nan
       37         95       0   0.000  0.000      0       nan           nan         nan         nan       nan       nan
       37         96       0   0.000  0.000      0       nan           nan         nan         nan       nan       nan
       37         97       0   0.000  0.000      0       nan           nan         nan         nan       nan       nan
       37         98       0   0.000  0.000      0       nan           nan         nan         nan       nan       nan
       37         99       0   0.000  0.000      0       nan           nan         nan         nan       nan       nan
       37        100       0   0.000  0.000      0       nan           nan         nan         nan       nan       nan
       37        101       0   0.000  0.000      0       nan           nan         nan         nan       nan       nan
       37        102       0   0.000  0.000      0       nan           nan         nan         nan       nan       nan
       37        104       0   0.000  0.000      0       nan           nan         nan         nan       nan       nan
       37        105       0   0.000  0.000      0       nan           nan         nan         nan       nan       nan
       37        106       0   0.000  0.000      0       nan           nan         nan         nan       nan       nan
       37        107       0   0.000  0.000      0       nan           nan         nan         nan       nan       nan
       37        108       0   0.000  0.000      0       nan           nan         nan         nan       nan       nan
       37        109       0   0.000  0.000      0       nan           nan         nan         nan       nan       nan
       37        110       0   0.000  0.000      0       nan           nan         nan         nan       nan       nan
       37        111       0   0.000  0.000      0       nan           nan         nan         nan       nan       nan
       37        112       0   0.000  0.000      0       nan           nan         nan         nan       nan       nan
       37        113       0   0.000  0.000      0       nan           nan         nan         nan       nan       nan
       37        114       0   0.000  0.000      0       nan           nan         nan         nan       nan       nan
       37        115       0   0.000  0.000      0       nan           nan         nan         nan       nan       nan
       37        116       0   0.000  0.000      0       nan           nan         nan         nan       nan       nan
       37        117       0   0.000  0.000      0       nan           nan         nan         nan       nan       nan
       37        118       0   0.000  0.000      0       nan           nan         nan         nan       nan       nan
       37        120       0   0.000  0.000      0       nan           nan         nan         nan       nan       nan
       37        121       0   0.000  0.000      0       nan           nan         nan         nan       nan       nan
       37        122       0   0.000  0.000      0       nan           nan         nan         nan       nan       nan
       37        123       0   0.000  0.000      0       nan           nan         nan         nan       nan       nan
       37        125       0   0.000  0.000      0       nan           nan         nan         nan       nan       nan
       37        126       0   0.000  0.000      0       nan           nan         nan         nan       nan       nan
       37        127       0   0.000  0.000      0       nan           nan         nan         nan       nan       nan
       37        128       0   0.000  0.000      0       nan           nan         nan         nan       nan       nan
       37        129       0   0.000  0.000      0       nan           nan         nan         nan       nan       nan
       37        130       0   0.000  0.000      0       nan           nan         nan         nan       nan       nan
       37        131       0   0.000  0.000      0       nan           nan         nan         nan       nan       nan
       37        132       0   0.000  0.000      0       nan           nan         nan         nan       nan       nan
       37        133       0   0.000  0.000      0       nan           nan         nan         nan       nan       nan
       37        134       0   0.000  0.000      0       nan           nan         nan         nan       nan       nan
       37        135       0   0.000  0.000      0       nan           nan         nan         nan       nan       nan
       37        136       0   0.000  0.000      0       nan           nan         nan         nan       nan       nan
       37        137       0   0.000  0.000      0       nan           nan         nan         nan       nan       nan
       37        138       0   0.000  0.000      0       nan           nan         nan         nan       nan       nan
       37        139       0   0.000  0.000      0       nan           nan         nan         nan       nan       nan
       38         56       1   0.013  0.195    460     1.189          12.1       142.1       130.0      24.0      28.5
       38         37       0   0.008  0.162    616     1.091          17.7       140.5       122.8      24.0      26.2
       38         82       0   0.008  0.403    888     1.000          52.5       142.2        89.7      24.0      24.0
       38         41       0   0.005  0.243    932     1.414          30.7       140.7       110.0      24.0      33.9
       38         35       0   0.001  0.032   1156     1.834          21.7       141.7       120.0      24.0      44.0
       38         62       0   0.001  0.036    192     2.000          30.6       140.6       110.0      24.0      48.0
       38         51       0   0.001  0.044    704     6.169          12.8       142.8       130.0      24.0     148.1
       38         26       0   0.000  0.012   1156     1.682          23.8       141.7       117.9      24.0      40.4
       38         32       0   0.000  0.009   1152     2.000          21.7       141.7       120.0      24.0      48.0
       38         27       0   0.000  0.008   1156     4.757          31.7       141.7       110.0      24.0     114.2
       38         28       0   0.000  0.004    252     4.000          35.6       145.6       110.0      24.0      96.0
       38         25       0   0.000  0.006   1156     6.727          31.7       141.7       110.0      24.0     161.5
       38         29       0   0.000  0.000      0       nan           nan         nan         nan       nan       nan
       38         30       0   0.000  0.000      0       nan           nan         nan         nan       nan       nan
       38         31       0   0.000  0.000      0       nan           nan         nan         nan       nan       nan
       38         33       0   0.000  0.000      0       nan           nan         nan         nan       nan       nan
       38         34       0   0.000  0.000      0       nan           nan         nan         nan       nan       nan
       38         36       0   0.000  0.000      0       nan           nan         nan         nan       nan       nan
       38         38       0   0.000  0.000      0       nan           nan         nan         nan       nan       nan
       38         39       0   0.000  0.000      0       nan           nan         nan         nan       nan       nan
       38         40       0   0.000  0.000      0       nan           nan         nan         nan       nan       nan
       38         42       0   0.000  0.000      0       nan           nan         nan         nan       nan       nan
       38         43       0   0.000  0.000      0       nan           nan         nan         nan       nan       nan
       38         44       0   0.000  0.000      0       nan           nan         nan         nan       nan       nan
       38         45       0   0.000  0.000      0       nan           nan         nan         nan       nan       nan
       38         46       0   0.000  0.000      0       nan           nan         nan         nan       nan       nan
       38         47       0   0.000  0.000      0       nan           nan         nan         nan       nan       nan
       38         48       0   0.000  0.000      0       nan           nan         nan         nan       nan       nan
       38         49       0   0.000  0.000      0       nan           nan         nan         nan       nan       nan
       38         50       0   0.000  0.000      0       nan           nan         nan         nan       nan       nan
       38         52       0   0.000  0.000      0       nan           nan         nan         nan       nan       nan
       38         53       0   0.000  0.000      0       nan           nan         nan         nan       nan       nan
       38         54       0   0.000  0.000      0       nan           nan         nan         nan       nan       nan
       38         55       0   0.000  0.000      0       nan           nan         nan         nan       nan       nan
       38         57       0   0.000  0.000      0       nan           nan         nan         nan       nan       nan
       38         58       0   0.000  0.000      0       nan           nan         nan         nan       nan       nan
       38         59       0   0.000  0.000      0       nan           nan         nan         nan       nan       nan
       38         60       0   0.000  0.000      0       nan           nan         nan         nan       nan       nan
       38         61       0   0.000  0.000      0       nan           nan         nan         nan       nan       nan
       38         63       0   0.000  0.000      0       nan           nan         nan         nan       nan       nan
       38         64       0   0.000  0.000      0       nan           nan         nan         nan       nan       nan
       38         65       0   0.000  0.000      0       nan           nan         nan         nan       nan       nan
       38         66       0   0.000  0.000      0       nan           nan         nan         nan       nan       nan
       38         67       0   0.000  0.000      0       nan           nan         nan         nan       nan       nan
       38         68       0   0.000  0.000      0       nan           nan         nan         nan       nan       nan
       38         69       0   0.000  0.000      0       nan           nan         nan         nan       nan       nan
       38         70       0   0.000  0.000      0       nan           nan         nan         nan       nan       nan
       38         71       0   0.000  0.000      0       nan           nan         nan         nan       nan       nan
       38         72       0   0.000  0.000      0       nan           nan         nan         nan       nan       nan
       38         73       0   0.000  0.000      0       nan           nan         nan         nan       nan       nan
       38         74       0   0.000  0.000      0       nan           nan         nan         nan       nan       nan
       38         75       0   0.000  0.000      0       nan           nan         nan         nan       nan       nan
       38         76       0   0.000  0.000      0       nan           nan         nan         nan       nan       nan
       38         77       0   0.000  0.000      0       nan           nan         nan         nan       nan       nan
       38         78       0   0.000  0.000      0       nan           nan         nan         nan       nan       nan
       38         79       0   0.000  0.000      0       nan           nan         nan         nan       nan       nan
       38         80       0   0.000  0.000      0       nan           nan         nan         nan       nan       nan
       38         81       0   0.000  0.000      0       nan           nan         nan         nan       nan       nan
       38         83       0   0.000  0.000      0       nan           nan         nan         nan       nan       nan
       38         84       0   0.000  0.000      0       nan           nan         nan         nan       nan       nan
       38         85       0   0.000  0.000      0       nan           nan         nan         nan       nan       nan
       38         86       0   0.000  0.000      0       nan           nan         nan         nan       nan       nan
       38         87       0   0.000  0.000      0       nan           nan         nan         nan       nan       nan
       38         88       0   0.000  0.000      0       nan           nan         nan         nan       nan       nan
       38         89       0   0.000  0.000      0       nan           nan         nan         nan       nan       nan
       38         90       0   0.000  0.000      0       nan           nan         nan         nan       nan       nan
       38         91       0   0.000  0.000      0       nan           nan         nan         nan       nan       nan
       38         92       0   0.000  0.000      0       nan           nan         nan         nan       nan       nan
       38         93       0   0.000  0.000      0       nan           nan         nan         nan       nan       nan
       38         94       0   0.000  0.000      0       nan           nan         nan         nan       nan       nan
       38         95       0   0.000  0.000      0       nan           nan         nan         nan       nan       nan
       38         96       0   0.000  0.000      0       nan           nan         nan         nan       nan       nan
       38         97       0   0.000  0.000      0       nan           nan         nan         nan       nan       nan
       38         98       0   0.000  0.000      0       nan           nan         nan         nan       nan       nan
       38         99       0   0.000  0.000      0       nan           nan         nan         nan       nan       nan
       38        100       0   0.000  0.000      0       nan           nan         nan         nan       nan       nan
       38        101       0   0.000  0.000      0       nan           nan         nan         nan       nan       nan
       38        102       0   0.000  0.000      0       nan           nan         nan         nan       nan       nan
       38        103       0   0.000  0.000      0       nan           nan         nan         nan       nan       nan
       38        104       0   0.000  0.000      0       nan           nan         nan         nan       nan       nan
       38        105       0   0.000  0.000      0       nan           nan         nan         nan       nan       nan
       38        106       0   0.000  0.000      0       nan           nan         nan         nan       nan       nan
       38        107       0   0.000  0.000      0       nan           nan         nan         nan       nan       nan
       38        108       0   0.000  0.000      0       nan           nan         nan         nan       nan       nan
       38        109       0   0.000  0.000      0       nan           nan         nan         nan       nan       nan
       38        110       0   0.000  0.000      0       nan           nan         nan         nan       nan       nan
       38        111       0   0.000  0.000      0       nan           nan         nan         nan       nan       nan
       38        112       0   0.000  0.000      0       nan           nan         nan         nan       nan       nan
       38        113       0   0.000  0.000      0       nan           nan         nan         nan       nan       nan
       38        114       0   0.000  0.000      0       nan           nan         nan         nan       nan       nan
       38        115       0   0.000  0.000      0       nan           nan         nan         nan       nan       nan
       38        116       0   0.000  0.000      0       nan           nan         nan         nan       nan       nan
       38        117       0   0.000  0.000      0       nan           nan         nan         nan       nan       nan
       38        118       0   0.000  0.000      0       nan           nan         nan         nan       nan       nan
       38        119       0   0.000  0.000      0       nan           nan         nan         nan       nan       nan
       38        120       0   0.000  0.000      0       nan           nan         nan         nan       nan       nan
       38        121       0   0.000  0.000      0       nan           nan         nan         nan       nan       nan
       38        122       0   0.000  0.000      0       nan           nan         nan         nan       nan       nan
       38        123       0   0.000  0.000      0       nan           nan         nan         nan       nan       nan
       38        124       0   0.000  0.000      0       nan           nan         nan         nan       nan       nan
       38        125       0   0.000  0.000      0       nan           nan         nan         nan       nan       nan
       38        126       0   0.000  0.000      0       nan           nan         nan         nan       nan       nan
       38        127       0   0.000  0.000      0       nan           nan         nan         nan       nan       nan
       38        128       0   0.000  0.000      0       nan           nan         nan         nan       nan       nan
       38        129       0   0.000  0.000      0       nan           nan         nan         nan       nan       nan
       38        130       0   0.000  0.000      0       nan           nan         nan         nan       nan       nan
       38        131       0   0.000  0.000      0       nan           nan         nan         nan       nan       nan
       38        132       0   0.000  0.000      0       nan           nan         nan         nan       nan       nan
       38        133       0   0.000  0.000      0       nan           nan         nan         nan       nan       nan
       38        134       0   0.000  0.000      0       nan           nan         nan         nan       nan       nan
       38        135       0   0.000  0.000      0       nan           nan         nan         nan       nan       nan
       38        136       0   0.000  0.000      0       nan           nan         nan         nan       nan       nan
       38        137       0   0.000  0.000      0       nan           nan         nan         nan       nan       nan
       38        138       0   0.000  0.000      0       nan           nan         nan         nan       nan       nan
       38        139       0   0.000  0.000      0       nan           nan         nan         nan       nan       nan
       39         82       0   0.006  0.451    896     1.000          78.5       168.3        89.7      24.0      24.0
       39         56       0   0.003  0.103    244     1.000          35.6       165.6       130.0      28.5      28.5
       39         37       0   0.003  0.135    500     1.091          43.9       168.7       124.8      24.0      26.2
       39         41       0   0.002  0.167    652     1.414          58.4       168.4       110.0      24.0      33.9
       39         62       0   0.001  0.074    368     2.000          60.0       170.0       110.0      24.0      48.0
       39         35       0   0.000  0.026    948     1.834          48.4       168.4       120.0      24.0      44.0
       39         51       0   0.000  0.051    808     6.169          38.1       168.1       130.0      24.0     148.1
       39         26       0   0.000  0.009    948     1.682          49.1       168.4       119.3      24.0      40.4
       39         32       0   0.000  0.007    948     2.000          48.4       168.4       120.0      24.0      48.0
       39         28       0   0.000  0.005    292     3.364          58.0       168.0       110.0      28.5      96.0
       39         27       0   0.000  0.007    948     4.757          58.3       168.4       110.0      24.0     114.2
       39         25       0   0.000  0.005    948     6.727          58.4       168.4       110.0      24.0     161.5
       39         29       0   0.000  0.000      0       nan           nan         nan         nan       nan       nan
       39         30       0   0.000  0.000      0       nan           nan         nan         nan       nan       nan
       39         31       0   0.000  0.000      0       nan           nan         nan         nan       nan       nan
       39         33       0   0.000  0.000      0       nan           nan         nan         nan       nan       nan
       39         34       0   0.000  0.000      0       nan           nan         nan         nan       nan       nan
       39         36       0   0.000  0.000      0       nan           nan         nan         nan       nan       nan
       39         38       0   0.000  0.000      0       nan           nan         nan         nan       nan       nan
       39         39       0   0.000  0.000      0       nan           nan         nan         nan       nan       nan
       39         40       0   0.000  0.000      0       nan           nan         nan         nan       nan       nan
       39         42       0   0.000  0.000      0       nan           nan         nan         nan       nan       nan
       39         43       0   0.000  0.000      0       nan           nan         nan         nan       nan       nan
       39         44       0   0.000  0.000      0       nan           nan         nan         nan       nan       nan
       39         45       0   0.000  0.000      0       nan           nan         nan         nan       nan       nan
       39         46       0   0.000  0.000      0       nan           nan         nan         nan       nan       nan
       39         47       0   0.000  0.000      0       nan           nan         nan         nan       nan       nan
       39         48       0   0.000  0.000      0       nan           nan         nan         nan       nan       nan
       39         49       0   0.000  0.000      0       nan           nan         nan         nan       nan       nan
       39         50       0   0.000  0.000      0       nan           nan         nan         nan       nan       nan
       39         52       0   0.000  0.000      0       nan           nan         nan         nan       nan       nan
       39         53       0   0.000  0.000      0       nan           nan         nan         nan       nan       nan
       39         54       0   0.000  0.000      0       nan           nan         nan         nan       nan       nan
       39         55       0   0.000  0.000      0       nan           nan         nan         nan       nan       nan
       39         57       0   0.000  0.000      0       nan           nan         nan         nan       nan       nan
       39         58       0   0.000  0.000      0       nan           nan         nan         nan       nan       nan
       39         59       0   0.000  0.000      0       nan           nan         nan         nan       nan       nan
       39         60       0   0.000  0.000      0       nan           nan         nan         nan       nan       nan
       39         61       0   0.000  0.000      0       nan           nan         nan         nan       nan       nan
       39         63       0   0.000  0.000      0       nan           nan         nan         nan       nan       nan
       39         64       0   0.000  0.000      0       nan           nan         nan         nan       nan       nan
       39         65       0   0.000  0.000      0       nan           nan         nan         nan       nan       nan
       39         66       0   0.000  0.000      0       nan           nan         nan         nan       nan       nan
       39         67       0   0.000  0.000      0       nan           nan         nan         nan       nan       nan
       39         68       0   0.000  0.000      0       nan           nan         nan         nan       nan       nan
       39         69       0   0.000  0.000      0       nan           nan         nan         nan       nan       nan
       39         70       0   0.000  0.000      0       nan           nan         nan         nan       nan       nan
       39         71       0   0.000  0.000      0       nan           nan         nan         nan       nan       nan
       39         72       0   0.000  0.000      0       nan           nan         nan         nan       nan       nan
       39         73       0   0.000  0.000      0       nan           nan         nan         nan       nan       nan
       39         74       0   0.000  0.000      0       nan           nan         nan         nan       nan       nan
       39         75       0   0.000  0.000      0       nan           nan         nan         nan       nan       nan
       39         76       0   0.000  0.000      0       nan           nan         nan         nan       nan       nan
       39         77       0   0.000  0.000      0       nan           nan         nan         nan       nan       nan
       39         78       0   0.000  0.000      0       nan           nan         nan         nan       nan       nan
       39         79       0   0.000  0.000      0       nan           nan         nan         nan       nan       nan
       39         80       0   0.000  0.000      0       nan           nan         nan         nan       nan       nan
       39         81       0   0.000  0.000      0       nan           nan         nan         nan       nan       nan
       39         83       0   0.000  0.000      0       nan           nan         nan         nan       nan       nan
       39         84       0   0.000  0.000      0       nan           nan         nan         nan       nan       nan
       39         85       0   0.000  0.000      0       nan           nan         nan         nan       nan       nan
       39         86       0   0.000  0.000      0       nan           nan         nan         nan       nan       nan
       39         87       0   0.000  0.000      0       nan           nan         nan         nan       nan       nan
       39         88       0   0.000  0.000      0       nan           nan         nan         nan       nan       nan
       39         89       0   0.000  0.000      0       nan           nan         nan         nan       nan       nan
       39         90       0   0.000  0.000      0       nan           nan         nan         nan       nan       nan
       39         91       0   0.000  0.000      0       nan           nan         nan         nan       nan       nan
       39         92       0   0.000  0.000      0       nan           nan         nan         nan       nan       nan
       39         93       0   0.000  0.000      0       nan           nan         nan         nan       nan       nan
       39         94       0   0.000  0.000      0       nan           nan         nan         nan       nan       nan
       39         95       0   0.000  0.000      0       nan           nan         nan         nan       nan       nan
       39         96       0   0.000  0.000      0       nan           nan         nan         nan       nan       nan
       39         97       0   0.000  0.000      0       nan           nan         nan         nan       nan       nan
       39         98       0   0.000  0.000      0       nan           nan         nan         nan       nan       nan
       39         99       0   0.000  0.000      0       nan           nan         nan         nan       nan       nan
       39        100       0   0.000  0.000      0       nan           nan         nan         nan       nan       nan
       39        101       0   0.000  0.000      0       nan           nan         nan         nan       nan       nan
       39        102       0   0.000  0.000      0       nan           nan         nan         nan       nan       nan
       39        103       0   0.000  0.000      0       nan           nan         nan         nan       nan       nan
       39        104       0   0.000  0.000      0       nan           nan         nan         nan       nan       nan
       39        105       0   0.000  0.000      0       nan           nan         nan         nan       nan       nan
       39        106       0   0.000  0.000      0       nan           nan         nan         nan       nan       nan
       39        107       0   0.000  0.000      0       nan           nan         nan         nan       nan       nan
       39        108       0   0.000  0.000      0       nan           nan         nan         nan       nan       nan
       39        109       0   0.000  0.000      0       nan           nan         nan         nan       nan       nan
       39        110       0   0.000  0.000      0       nan           nan         nan         nan       nan       nan
       39        111       0   0.000  0.000      0       nan           nan         nan         nan       nan       nan
       39        112       0   0.000  0.000      0       nan           nan         nan         nan       nan       nan
       39        113       0   0.000  0.000      0       nan           nan         nan         nan       nan       nan
       39        114       0   0.000  0.000      0       nan           nan         nan         nan       nan       nan
       39        115       0   0.000  0.000      0       nan           nan         nan         nan       nan       nan
       39        116       0   0.000  0.000      0       nan           nan         nan         nan       nan       nan
       39        117       0   0.000  0.000      0       nan           nan         nan         nan       nan       nan
       39        118       0   0.000  0.000      0       nan           nan         nan         nan       nan       nan
       39        119       0   0.000  0.000      0       nan           nan         nan         nan       nan       nan
       39        120       0   0.000  0.000      0       nan           nan         nan         nan       nan       nan
       39        121       0   0.000  0.000      0       nan           nan         nan         nan       nan       nan
       39        122       0   0.000  0.000      0       nan           nan         nan         nan       nan       nan
       39        123       0   0.000  0.000      0       nan           nan         nan         nan       nan       nan
       39        124       0   0.000  0.000      0       nan           nan         nan         nan       nan       nan
       39        125       0   0.000  0.000      0       nan           nan         nan         nan       nan       nan
       39        126       0   0.000  0.000      0       nan           nan         nan         nan       nan       nan
       39        127       0   0.000  0.000      0       nan           nan         nan         nan       nan       nan
       39        128       0   0.000  0.000      0       nan           nan         nan         nan       nan       nan
       39        129       0   0.000  0.000      0       nan           nan         nan         nan       nan       nan
       39        130       0   0.000  0.000      0       nan           nan         nan         nan       nan       nan
       39        131       0   0.000  0.000      0       nan           nan         nan         nan       nan       nan
       39        132       0   0.000  0.000      0       nan           nan         nan         nan       nan       nan
       39        133       0   0.000  0.000      0       nan           nan         nan         nan       nan       nan
       39        134       0   0.000  0.000      0       nan           nan         nan         nan       nan       nan
       39        135       0   0.000  0.000      0       nan           nan         nan         nan       nan       nan
       39        136       0   0.000  0.000      0       nan           nan         nan         nan       nan       nan
       39        137       0   0.000  0.000      0       nan           nan         nan         nan       nan       nan
       39        138       0   0.000  0.000      0       nan           nan         nan         nan       nan       nan
       39        139       0   0.000  0.000      0       nan           nan         nan         nan       nan       nan
       40         29       0   0.234  0.468  56184     2.000           0.0       120.0       120.0     249.0     124.5
       40         25       0   0.126  0.465  83668     1.414           1.6       120.0       118.4     249.0     176.1
       40         63       0   0.057  0.160  13852     2.828           0.0       120.0       120.0     249.0      88.0
       40         47       0   0.044  0.345  34820     2.378           2.3       120.0       122.3     249.0     104.7
       40         27       0   0.043  0.490  74384     3.364           2.4       120.0       117.6     249.0      74.0
       40         31       0   0.035  0.551  78452     1.414          10.1       120.0       130.1     249.0     176.1
       40         49       1   0.034  0.409  39080     1.091          10.0       120.0       110.0     249.0     228.3
       40         85       0   0.030  0.131  11208     4.362           0.0       120.0       120.0     249.0      57.1
       40         32       0   0.026  0.505  73120     4.000           3.8       120.0       123.8     249.0      62.2
       40         45       0   0.016  0.366  42052     1.091          20.0       120.0       140.0     249.0     228.3
       40         46       0   0.015  0.303  28564     1.834          10.0       120.0       130.0     249.0     135.8
       40         43       0   0.010  0.100   9216     9.514           0.0       120.0       120.0     249.0      26.2
       40         48       0   0.010  0.058   5120     5.657           0.0       120.0       120.0     249.0      44.0
       40         73       0   0.010  0.288  26152     1.414          20.0       120.0       100.0     249.0     176.1
       40         30       0   0.010  0.229  24776     2.181          10.0       120.0       110.0     249.0     114.2
       40         28       0   0.009  0.245  27868     2.594          10.0       120.0       110.0     249.0      96.0
       40         26       0   0.008  0.321  44604     6.727           4.8       120.0       115.2     249.0      37.0
       40         74       0   0.008  0.152  12976     1.834          10.0       120.0       110.0     249.0     135.8
       40        101       0   0.007  0.088   7336     6.169           1.1       120.0       121.1     249.0      40.4
       40         33       0   0.006  0.140  12624     9.514           1.3       120.0       121.3     249.0      26.2
       40         66       0   0.006  0.057   4936     8.724           0.0       120.0       120.0     249.0      28.5
       40        132       0   0.006  0.034   2868     5.187           0.1       120.0       120.1     249.0      48.0
       40        129       0   0.006  0.145  12208     2.378          10.0       120.0       110.0     249.0     104.7
       40         93       0   0.004  0.160  13796     2.000          20.0       120.0       100.0     249.0     124.5
       40         97       0   0.004  0.036   3000     9.514           0.0       120.0       120.0     249.0      26.2
       40         39       0   0.004  0.125  11072    10.375           2.3       120.0       117.7     249.0      24.0
       40         64       0   0.004  0.120  10332     3.084          10.0       120.0       110.0     249.0      80.7
       40         77       0   0.003  0.028   2432     8.000           0.0       120.0       120.0     249.0      31.1
       40         57       0   0.003  0.142  13828     4.000          10.1       120.0       130.1     249.0      62.2
       40        138       0   0.003  0.019   1580     6.727           0.0       120.0       120.0     249.0      37.0
       40        135       0   0.003  0.018   1512     6.727           0.0       120.0       120.0     249.0      37.0
       40         75       0   0.003  0.095   8204     3.364          10.0       120.0       110.0     249.0      74.0
       40         69       0   0.003  0.138  11520     2.594          20.0       120.0       100.0     249.0      96.0
       40         35       0   0.002  0.170  17344     6.727           9.8       120.0       129.8     249.0      37.0
       40        112       0   0.002  0.057   4756     1.189          20.0       120.0       100.0     249.0     209.4
       40         87       0   0.002  0.131  12468     2.181          25.9       120.0       145.9     249.0     114.2
       40         84       0   0.002  0.093   8084     5.187           7.3       120.0       127.3     249.0      48.0
       40         42       0   0.002  0.159  16308     7.336          11.1       120.0       131.1     249.0      33.9
       40        124       0   0.002  0.098   8164     2.000          30.0       120.0        90.0     249.0     124.5
       40         80       0   0.001  0.009    796     8.724           0.0       120.0       120.0     249.0      28.5
       40         54       0   0.001  0.051   4356     9.514           4.8       120.0       115.2     249.0      26.2
       40         34       0   0.001  0.103   8960    10.375           9.8       120.0       110.2     249.0      24.0
       40         71       0   0.001  0.079   6724     8.724          10.0       120.0       130.0     249.0      28.5
       40        111       0   0.001  0.007    548     8.000           0.0       120.0       120.0     249.0      31.1
       40         65       0   0.001  0.056   4756     6.727          10.0       120.0       110.0     249.0      37.0
       40         38       0   0.001  0.065   6048     8.000          10.3       120.0       109.7     249.0      31.1
       40        104       0   0.001  0.075   6368     3.364          30.0       120.0       150.0     249.0      74.0
       40         72       0   0.001  0.050   4336     3.668          20.0       120.0       140.0     249.0      67.9
       40         59       0   0.001  0.023   1916    10.375           3.0       120.0       123.0     249.0      24.0
       40        119       0   0.001  0.050   4216     4.757          20.0       120.0       100.0     249.0      52.3
       40         91       0   0.000  0.042   3600     8.000          10.0       120.0       130.0     249.0      31.1
       40         70       0   0.000  0.035   2972     7.336          10.0       120.0       130.0     249.0      33.9
       40        102       0   0.000  0.027   2252     6.727          10.1       120.0       130.1     249.0      37.0
       40         92       0   0.000  0.022   1904     5.657          10.0       120.0       110.0     249.0      44.0
       40         67       0   0.000  0.034   2944    10.375          10.0       120.0       130.0     249.0      24.0
       40         83       0   0.000  0.004    368    10.375           0.9       120.0       120.9     249.0      24.0
       40        109       0   0.000  0.025   2112    10.375          10.0       120.0       110.0     249.0      24.0
       40        127       0   0.000  0.015   1224     6.169          10.0       120.0       130.0     249.0      40.4
       40         88       0   0.000  0.015   1280     6.727          10.0       120.0       110.0     249.0      37.0
       40         89       0   0.000  0.001    116     8.724           0.0       120.0       120.0     249.0      28.5
       40        133       0   0.000  0.017   1432    10.375          10.0       120.0       130.0     249.0      24.0
       40        108       0   0.000  0.016   1336    10.375          10.0       120.0       110.0     249.0      24.0
       40         76       0   0.000  0.018   1600     6.169          20.0       120.0       100.0     249.0      40.4
       40         96       0   0.000  0.019   1564     8.000          20.0       120.0       100.0     249.0      31.1
       40         62       0   0.000  0.006    512     5.187          10.0       120.0       110.0     249.0      48.0
       40         51       0   0.000  0.002    180     1.682          10.0       120.0       130.0     249.0     148.1
       40        123       0   0.000  0.009    748     8.724          10.0       120.0       130.0     249.0      28.5
       40        121       0   0.000  0.011    916     6.169          20.0       120.0       100.0     249.0      40.4
       40        110       0   0.000  0.008    644     9.514          10.0       120.0       130.0     249.0      26.2
       40         81       0   0.000  0.005    412     5.657          10.0       120.0       130.0     249.0      44.0
       40        117       0   0.000  0.007    624    10.375          10.0       120.0       130.0     249.0      24.0
       40        103       0   0.000  0.007    556    10.375          10.0       120.0       130.0     249.0      24.0
       40        128       0   0.000  0.003    280     5.187          10.0       120.0       130.0     249.0      48.0
       40         86       0   0.000  0.006    540    10.375          10.0       120.0       130.0     249.0      24.0
       40         94       0   0.000  0.006    496     9.514          10.0       120.0       130.0     249.0      26.2
       40        106       0   0.000  0.006    488    10.375          10.0       120.0       130.0     249.0      24.0
       40         78       0   0.000  0.008    700     8.000          20.0       120.0       140.0     249.0      31.1
       40        122       0   0.000  0.010    876    10.375          20.0       120.0       100.0     249.0      24.0
       40         55       0   0.000  0.001    112    10.375           4.6       120.0       115.4     249.0      24.0
       40        113       0   0.000  0.000     12     6.169          10.0       120.0       130.0     249.0      40.4
       40         36       0   0.000  0.000      0       nan           nan         nan         nan       nan       nan
       40         37       0   0.000  0.000      0       nan           nan         nan         nan       nan       nan
       40         40       0   0.000  0.000      0       nan           nan         nan         nan       nan       nan
       40         41       0   0.000  0.000      0       nan           nan         nan         nan       nan       nan
       40         44       0   0.000  0.000      0       nan           nan         nan         nan       nan       nan
       40         50       0   0.000  0.000      0       nan           nan         nan         nan       nan       nan
       40         52       0   0.000  0.000      0       nan           nan         nan         nan       nan       nan
       40         53       0   0.000  0.000      0       nan           nan         nan         nan       nan       nan
       40         56       0   0.000  0.000      0       nan           nan         nan         nan       nan       nan
       40         58       0   0.000  0.000      0       nan           nan         nan         nan       nan       nan
       40         60       0   0.000  0.000      0       nan           nan         nan         nan       nan       nan
       40         61       0   0.000  0.000      0       nan           nan         nan         nan       nan       nan
       40         68       0   0.000  0.000      0       nan           nan         nan         nan       nan       nan
       40         79       0   0.000  0.000      0       nan           nan         nan         nan       nan       nan
       40         82       0   0.000  0.000      0       nan           nan         nan         nan       nan       nan
       40         90       0   0.000  0.000      0       nan           nan         nan         nan       nan       nan
       40         95       0   0.000  0.000      0       nan           nan         nan         nan       nan       nan
       40         98       0   0.000  0.000      0       nan           nan         nan         nan       nan       nan
       40         99       0   0.000  0.000      0       nan           nan         nan         nan       nan       nan
       40        100       0   0.000  0.000      0       nan           nan         nan         nan       nan       nan
       40        105       0   0.000  0.000      0       nan           nan         nan         nan       nan       nan
       40        107       0   0.000  0.000      0       nan           nan         nan         nan       nan       nan
       40        114       0   0.000  0.000      0       nan           nan         nan         nan       nan       nan
       40        115       0   0.000  0.000      0       nan           nan         nan         nan       nan       nan
       40        116       0   0.000  0.000      0       nan           nan         nan         nan       nan       nan
       40        118       0   0.000  0.000      0       nan           nan         nan         nan       nan       nan
       40        120       0   0.000  0.000      0       nan           nan         nan         nan       nan       nan
       40        125       0   0.000  0.000      0       nan           nan         nan         nan       nan       nan
       40        126       0   0.000  0.000      0       nan           nan         nan         nan       nan       nan
       40        130       0   0.000  0.000      0       nan           nan         nan         nan       nan       nan
       40        131       0   0.000  0.000      0       nan           nan         nan         nan       nan       nan
       40        134       0   0.000  0.000      0       nan           nan         nan         nan       nan       nan
       40        136       0   0.000  0.000      0       nan           nan         nan         nan       nan       nan
       40        137       0   0.000  0.000      0       nan           nan         nan         nan       nan       nan
       40        139       0   0.000  0.000      0       nan           nan         nan         nan       nan       nan
       41         82       0   0.064  0.144    396     1.414           0.6        90.0        89.4      33.9      24.0
       41         41       0   0.016  0.333   1204     1.000          20.0        90.0       110.0      33.9      33.9
       41         37       0   0.007  0.291   1008     1.297          30.4        90.0       120.4      33.9      26.2
       41         56       0   0.007  0.316    692     1.091          40.0        90.0       130.0      33.9      31.1
       41         35       0   0.001  0.033   1196     1.297          30.0        90.0       120.0      33.9      44.0
       41         26       0   0.000  0.012   1216     1.000          25.8        90.0       115.8      33.9      33.9
       41         32       0   0.000  0.006    768     1.414          30.0        90.0       120.0      33.9      48.0
       41         27       0   0.000  0.006    896     3.364          20.0        90.0       110.0      33.9     114.2
       41         51       0   0.000  0.011    188     4.000          40.0        90.0       130.0      37.0     148.1
       41         25       0   0.000  0.007   1216     4.757          20.0        90.0       110.0      33.9     161.5
       41         28       0   0.000  0.000      0       nan           nan         nan         nan       nan       nan
       41         29       0   0.000  0.000      0       nan           nan         nan         nan       nan       nan
       41         30       0   0.000  0.000      0       nan           nan         nan         nan       nan       nan
       41         31       0   0.000  0.000      0       nan           nan         nan         nan       nan       nan
       41         33       0   0.000  0.000      0       nan           nan         nan         nan       nan       nan
       41         34       0   0.000  0.000      0       nan           nan         nan         nan       nan       nan
       41         36       0   0.000  0.000      0       nan           nan         nan         nan       nan       nan
       41         38       0   0.000  0.000      0       nan           nan         nan         nan       nan       nan
       41         39       0   0.000  0.000      0       nan           nan         nan         nan       nan       nan
       41         40       0   0.000  0.000      0       nan           nan         nan         nan       nan       nan
       41         42       0   0.000  0.000      0       nan           nan         nan         nan       nan       nan
       41         43       0   0.000  0.000      0       nan           nan         nan         nan       nan       nan
       41         44       0   0.000  0.000      0       nan           nan         nan         nan       nan       nan
       41         45       0   0.000  0.000      0       nan           nan         nan         nan       nan       nan
       41         46       0   0.000  0.000      0       nan           nan         nan         nan       nan       nan
       41         47       0   0.000  0.000      0       nan           nan         nan         nan       nan       nan
       41         48       0   0.000  0.000      0       nan           nan         nan         nan       nan       nan
       41         49       0   0.000  0.000      0       nan           nan         nan         nan       nan       nan
       41         50       0   0.000  0.000      0       nan           nan         nan         nan       nan       nan
       41         52       0   0.000  0.000      0       nan           nan         nan         nan       nan       nan
       41         53       0   0.000  0.000      0       nan           nan         nan         nan       nan       nan
       41         54       0   0.000  0.000      0       nan           nan         nan         nan       nan       nan
       41         55       0   0.000  0.000      0       nan           nan         nan         nan       nan       nan
       41         57       0   0.000  0.000      0       nan           nan         nan         nan       nan       nan
       41         58       0   0.000  0.000      0       nan           nan         nan         nan       nan       nan
       41         59       0   0.000  0.000      0       nan           nan         nan         nan       nan       nan
       41         60       0   0.000  0.000      0       nan           nan         nan         nan       nan       nan
       41         61       0   0.000  0.000      0       nan           nan         nan         nan       nan       nan
       41         62       0   0.000  0.000      0       nan           nan         nan         nan       nan       nan
       41         63       0   0.000  0.000      0       nan           nan         nan         nan       nan       nan
       41         64       0   0.000  0.000      0       nan           nan         nan         nan       nan       nan
       41         65       0   0.000  0.000      0       nan           nan         nan         nan       nan       nan
       41         66       0   0.000  0.000      0       nan           nan         nan         nan       nan       nan
       41         67       0   0.000  0.000      0       nan           nan         nan         nan       nan       nan
       41         68       0   0.000  0.000      0       nan           nan         nan         nan       nan       nan
       41         69       0   0.000  0.000      0       nan           nan         nan         nan       nan       nan
       41         70       0   0.000  0.000      0       nan           nan         nan         nan       nan       nan
       41         71       0   0.000  0.000      0       nan           nan         nan         nan       nan       nan
       41         72       0   0.000  0.000      0       nan           nan         nan         nan       nan       nan
       41         73       0   0.000  0.000      0       nan           nan         nan         nan       nan       nan
       41         74       0   0.000  0.000      0       nan           nan         nan         nan       nan       nan
       41         75       0   0.000  0.000      0       nan           nan         nan         nan       nan       nan
       41         76       0   0.000  0.000      0       nan           nan         nan         nan       nan       nan
       41         77       0   0.000  0.000      0       nan           nan         nan         nan       nan       nan
       41         78       0   0.000  0.000      0       nan           nan         nan         nan       nan       nan
       41         79       0   0.000  0.000      0       nan           nan         nan         nan       nan       nan
       41         80       0   0.000  0.000      0       nan           nan         nan         nan       nan       nan
       41         81       0   0.000  0.000      0       nan           nan         nan         nan       nan       nan
       41         83       0   0.000  0.000      0       nan           nan         nan         nan       nan       nan
       41         84       0   0.000  0.000      0       nan           nan         nan         nan       nan       nan
       41         85       0   0.000  0.000      0       nan           nan         nan         nan       nan       nan
       41         86       0   0.000  0.000      0       nan           nan         nan         nan       nan       nan
       41         87       0   0.000  0.000      0       nan           nan         nan         nan       nan       nan
       41         88       0   0.000  0.000      0       nan           nan         nan         nan       nan       nan
       41         89       0   0.000  0.000      0       nan           nan         nan         nan       nan       nan
       41         90       0   0.000  0.000      0       nan           nan         nan         nan       nan       nan
       41         91       0   0.000  0.000      0       nan           nan         nan         nan       nan       nan
       41         92       0   0.000  0.000      0       nan           nan         nan         nan       nan       nan
       41         93       0   0.000  0.000      0       nan           nan         nan         nan       nan       nan
       41         94       0   0.000  0.000      0       nan           nan         nan         nan       nan       nan
       41         95       0   0.000  0.000      0       nan           nan         nan         nan       nan       nan
       41         96       0   0.000  0.000      0       nan           nan         nan         nan       nan       nan
       41         97       0   0.000  0.000      0       nan           nan         nan         nan       nan       nan
       41         98       0   0.000  0.000      0       nan           nan         nan         nan       nan       nan
       41         99       0   0.000  0.000      0       nan           nan         nan         nan       nan       nan
       41        100       0   0.000  0.000      0       nan           nan         nan         nan       nan       nan
       41        101       0   0.000  0.000      0       nan           nan         nan         nan       nan       nan
       41        102       0   0.000  0.000      0       nan           nan         nan         nan       nan       nan
       41        103       0   0.000  0.000      0       nan           nan         nan         nan       nan       nan
       41        104       0   0.000  0.000      0       nan           nan         nan         nan       nan       nan
       41        105       0   0.000  0.000      0       nan           nan         nan         nan       nan       nan
       41        106       0   0.000  0.000      0       nan           nan         nan         nan       nan       nan
       41        107       0   0.000  0.000      0       nan           nan         nan         nan       nan       nan
       41        108       0   0.000  0.000      0       nan           nan         nan         nan       nan       nan
       41        109       0   0.000  0.000      0       nan           nan         nan         nan       nan       nan
       41        110       0   0.000  0.000      0       nan           nan         nan         nan       nan       nan
       41        111       0   0.000  0.000      0       nan           nan         nan         nan       nan       nan
       41        112       0   0.000  0.000      0       nan           nan         nan         nan       nan       nan
       41        113       0   0.000  0.000      0       nan           nan         nan         nan       nan       nan
       41        114       0   0.000  0.000      0       nan           nan         nan         nan       nan       nan
       41        115       0   0.000  0.000      0       nan           nan         nan         nan       nan       nan
       41        116       0   0.000  0.000      0       nan           nan         nan         nan       nan       nan
       41        117       0   0.000  0.000      0       nan           nan         nan         nan       nan       nan
       41        118       0   0.000  0.000      0       nan           nan         nan         nan       nan       nan
       41        119       0   0.000  0.000      0       nan           nan         nan         nan       nan       nan
       41        120       0   0.000  0.000      0       nan           nan         nan         nan       nan       nan
       41        121       0   0.000  0.000      0       nan           nan         nan         nan       nan       nan
       41        122       0   0.000  0.000      0       nan           nan         nan         nan       nan       nan
       41        123       0   0.000  0.000      0       nan           nan         nan         nan       nan       nan
       41        124       0   0.000  0.000      0       nan           nan         nan         nan       nan       nan
       41        125       0   0.000  0.000      0       nan           nan         nan         nan       nan       nan
       41        126       0   0.000  0.000      0       nan           nan         nan         nan       nan       nan
       41        127       0   0.000  0.000      0       nan           nan         nan         nan       nan       nan
       41        128       0   0.000  0.000      0       nan           nan         nan         nan       nan       nan
       41        129       0   0.000  0.000      0       nan           nan         nan         nan       nan       nan
       41        130       0   0.000  0.000      0       nan           nan         nan         nan       nan       nan
       41        131       0   0.000  0.000      0       nan           nan         nan         nan       nan       nan
       41        132       0   0.000  0.000      0       nan           nan         nan         nan       nan       nan
       41        133       0   0.000  0.000      0       nan           nan         nan         nan       nan       nan
       41        134       0   0.000  0.000      0       nan           nan         nan         nan       nan       nan
       41        135       0   0.000  0.000      0       nan           nan         nan         nan       nan       nan
       41        136       0   0.000  0.000      0       nan           nan         nan         nan       nan       nan
       41        137       0   0.000  0.000      0       nan           nan         nan         nan       nan       nan
       41        138       0   0.000  0.000      0       nan           nan         nan         nan       nan       nan
       41        139       0   0.000  0.000      0       nan           nan         nan         nan       nan       nan
       42        113       1   0.233  0.254   1240     1.091           0.0       130.0       130.0      37.0      40.4
       42         35       1   0.127  0.127   4584     1.000           0.0       130.0       130.0      37.0      37.0
       42         91       1   0.124  0.494   3184     1.189           2.4       130.0       127.6      37.0      31.1
       42         65       0   0.025  0.535   3908     1.000          20.0       130.0       110.0      37.0      37.0
       42         46       0   0.023  0.085   3448     3.668           0.0       130.0       130.0      37.0     135.8
       42         92       0   0.017  0.420   2480     1.189          20.0       130.0       110.0      37.0      44.0
       42         84       0   0.015  0.230   3016     1.297          10.8       130.0       119.2      37.0      48.0
       42         31       0   0.007  0.035   4736     4.757           0.0       130.0       130.0      37.0     176.1
       42         39       0   0.006  0.089   1692     1.542           9.4       130.0       120.6      37.0      24.0
       42         26       0   0.004  0.047   4736     1.000          10.0       130.0       120.0      37.0      37.0
       42        106       0   0.003  0.005     24     1.542           0.0       130.0       130.0      37.0      24.0
       42         32       0   0.003  0.034   4552     1.189          10.0       130.0       120.0      37.0      44.0
       42         33       0   0.003  0.039    904     1.414          10.0       130.0       120.0      37.0      26.2
       42         34       0   0.002  0.072   1156     1.542          20.0       130.0       110.0      37.0      24.0
       42         54       0   0.002  0.035    360     1.414          14.8       130.0       115.2      37.0      26.2
       42         29       0   0.001  0.043   3968     3.364          10.0       130.0       120.0      37.0     124.5
       42         27       0   0.001  0.021   3060     1.542          20.0       130.0       110.0      37.0      57.1
       42         25       0   0.001  0.026   4736     4.362          10.0       130.0       120.0      37.0     161.5
       42         28       0   0.000  0.000      0       nan           nan         nan         nan       nan       nan
       42         30       0   0.000  0.000      0       nan           nan         nan         nan       nan       nan
       42         36       0   0.000  0.000      0       nan           nan         nan         nan       nan       nan
       42         37       0   0.000  0.000      0       nan           nan         nan         nan       nan       nan
       42         38       0   0.000  0.000      0       nan           nan         nan         nan       nan       nan
       42         40       0   0.000  0.000      0       nan           nan         nan         nan       nan       nan
       42         41       0   0.000  0.000      0       nan           nan         nan         nan       nan       nan
       42         42       0   0.000  0.000      0       nan           nan         nan         nan       nan       nan
       42         43       0   0.000  0.000      0       nan           nan         nan         nan       nan       nan
       42         44       0   0.000  0.000      0       nan           nan         nan         nan       nan       nan
       42         45       0   0.000  0.000      0       nan           nan         nan         nan       nan       nan
       42         47       0   0.000  0.000      0       nan           nan         nan         nan       nan       nan
       42         48       0   0.000  0.000      0       nan           nan         nan         nan       nan       nan
       42         49       0   0.000  0.000      0       nan           nan         nan         nan       nan       nan
       42         50       0   0.000  0.000      0       nan           nan         nan         nan       nan       nan
       42         51       0   0.000  0.000      0       nan           nan         nan         nan       nan       nan
       42         52       0   0.000  0.000      0       nan           nan         nan         nan       nan       nan
       42         53       0   0.000  0.000      0       nan           nan         nan         nan       nan       nan
       42         55       0   0.000  0.000      0       nan           nan         nan         nan       nan       nan
       42         56       0   0.000  0.000      0       nan           nan         nan         nan       nan       nan
       42         57       0   0.000  0.000      0       nan           nan         nan         nan       nan       nan
       42         58       0   0.000  0.000      0       nan           nan         nan         nan       nan       nan
       42         59       0   0.000  0.000      0       nan           nan         nan         nan       nan       nan
       42         60       0   0.000  0.000      0       nan           nan         nan         nan       nan       nan
       42         61       0   0.000  0.000      0       nan           nan         nan         nan       nan       nan
       42         62       0   0.000  0.000      0       nan           nan         nan         nan       nan       nan
       42         63       0   0.000  0.000      0       nan           nan         nan         nan       nan       nan
       42         64       0   0.000  0.000      0       nan           nan         nan         nan       nan       nan
       42         66       0   0.000  0.000      0       nan           nan         nan         nan       nan       nan
       42         67       0   0.000  0.000      0       nan           nan         nan         nan       nan       nan
       42         68       0   0.000  0.000      0       nan           nan         nan         nan       nan       nan
       42         69       0   0.000  0.000      0       nan           nan         nan         nan       nan       nan
       42         70       0   0.000  0.000      0       nan           nan         nan         nan       nan       nan
       42         71       0   0.000  0.000      0       nan           nan         nan         nan       nan       nan
       42         72       0   0.000  0.000      0       nan           nan         nan         nan       nan       nan
       42         73       0   0.000  0.000      0       nan           nan         nan         nan       nan       nan
       42         74       0   0.000  0.000      0       nan           nan         nan         nan       nan       nan
       42         75       0   0.000  0.000      0       nan           nan         nan         nan       nan       nan
       42         76       0   0.000  0.000      0       nan           nan         nan         nan       nan       nan
       42         77       0   0.000  0.000      0       nan           nan         nan         nan       nan       nan
       42         78       0   0.000  0.000      0       nan           nan         nan         nan       nan       nan
       42         79       0   0.000  0.000      0       nan           nan         nan         nan       nan       nan
       42         80       0   0.000  0.000      0       nan           nan         nan         nan       nan       nan
       42         81       0   0.000  0.000      0       nan           nan         nan         nan       nan       nan
       42         82       0   0.000  0.000      0       nan           nan         nan         nan       nan       nan
       42         83       0   0.000  0.000      0       nan           nan         nan         nan       nan       nan
       42         85       0   0.000  0.000      0       nan           nan         nan         nan       nan       nan
       42         86       0   0.000  0.000      0       nan           nan         nan         nan       nan       nan
       42         87       0   0.000  0.000      0       nan           nan         nan         nan       nan       nan
       42         88       0   0.000  0.000      0       nan           nan         nan         nan       nan       nan
       42         89       0   0.000  0.000      0       nan           nan         nan         nan       nan       nan
       42         90       0   0.000  0.000      0       nan           nan         nan         nan       nan       nan
       42         93       0   0.000  0.000      0       nan           nan         nan         nan       nan       nan
       42         94       0   0.000  0.000      0       nan           nan         nan         nan       nan       nan
       42         95       0   0.000  0.000      0       nan           nan         nan         nan       nan       nan
       42         96       0   0.000  0.000      0       nan           nan         nan         nan       nan       nan
       42         97       0   0.000  0.000      0       nan           nan         nan         nan       nan       nan
       42         98       0   0.000  0.000      0       nan           nan         nan         nan       nan       nan
       42         99       0   0.000  0.000      0       nan           nan         nan         nan       nan       nan
       42        100       0   0.000  0.000      0       nan           nan         nan         nan       nan       nan
       42        101       0   0.000  0.000      0       nan           nan         nan         nan       nan       nan
       42        102       0   0.000  0.000      0       nan           nan         nan         nan       nan       nan
       42        103       0   0.000  0.000      0       nan           nan         nan         nan       nan       nan
       42        104       0   0.000  0.000      0       nan           nan         nan         nan       nan       nan
       42        105       0   0.000  0.000      0       nan           nan         nan         nan       nan       nan
       42        107       0   0.000  0.000      0       nan           nan         nan         nan       nan       nan
       42        108       0   0.000  0.000      0       nan           nan         nan         nan       nan       nan
       42        109       0   0.000  0.000      0       nan           nan         nan         nan       nan       nan
       42        110       0   0.000  0.000      0       nan           nan         nan         nan       nan       nan
       42        111       0   0.000  0.000      0       nan           nan         nan         nan       nan       nan
       42        112       0   0.000  0.000      0       nan           nan         nan         nan       nan       nan
       42        114       0   0.000  0.000      0       nan           nan         nan         nan       nan       nan
       42        115       0   0.000  0.000      0       nan           nan         nan         nan       nan       nan
       42        116       0   0.000  0.000      0       nan           nan         nan         nan       nan       nan
       42        117       0   0.000  0.000      0       nan           nan         nan         nan       nan       nan
       42        118       0   0.000  0.000      0       nan           nan         nan         nan       nan       nan
       42        119       0   0.000  0.000      0       nan           nan         nan         nan       nan       nan
       42        120       0   0.000  0.000      0       nan           nan         nan         nan       nan       nan
       42        121       0   0.000  0.000      0       nan           nan         nan         nan       nan       nan
       42        122       0   0.000  0.000      0       nan           nan         nan         nan       nan       nan
       42        123       0   0.000  0.000      0       nan           nan         nan         nan       nan       nan
       42        124       0   0.000  0.000      0       nan           nan         nan         nan       nan       nan
       42        125       0   0.000  0.000      0       nan           nan         nan         nan       nan       nan
       42        126       0   0.000  0.000      0       nan           nan         nan         nan       nan       nan
       42        127       0   0.000  0.000      0       nan           nan         nan         nan       nan       nan
       42        128       0   0.000  0.000      0       nan           nan         nan         nan       nan       nan
       42        129       0   0.000  0.000      0       nan           nan         nan         nan       nan       nan
       42        130       0   0.000  0.000      0       nan           nan         nan         nan       nan       nan
       42        131       0   0.000  0.000      0       nan           nan         nan         nan       nan       nan
       42        132       0   0.000  0.000      0       nan           nan         nan         nan       nan       nan
       42        133       0   0.000  0.000      0       nan           nan         nan         nan       nan       nan
       42        134       0   0.000  0.000      0       nan           nan         nan         nan       nan       nan
       42        135       0   0.000  0.000      0       nan           nan         nan         nan       nan       nan
       42        136       0   0.000  0.000      0       nan           nan         nan         nan       nan       nan
       42        137       0   0.000  0.000      0       nan           nan         nan         nan       nan       nan
       42        138       0   0.000  0.000      0       nan           nan         nan         nan       nan       nan
       42        139       0   0.000  0.000      0       nan           nan         nan         nan       nan       nan
       43         88       0   0.047  0.456   2768     1.414           5.9       104.1       110.0      26.2      37.0
       43        136       0   0.012  0.284   1176     1.542          13.7        96.3       110.0      26.2      40.4
       43         39       1   0.011  0.129   2300     1.091          10.0       108.2       118.3      26.2      24.0
       43         58       0   0.010  0.232   1036     1.091          20.0       110.0       130.0      26.2      24.0
       43         33       0   0.008  0.130   2716     1.000          15.3       105.8       121.1      26.2      26.2
       43        103       0   0.004  0.099    460     1.091          20.0       110.0       130.0      26.2      24.0
       43         35       0   0.003  0.111   3988     1.542          26.9       103.1       130.0      26.2      40.4
       43         26       0   0.002  0.038   3780     1.189          16.6       103.4       120.0      26.2      31.1
       43         37       0   0.001  0.044    312     1.000          34.9        95.1       130.0      24.0      24.0
       43         32       0   0.001  0.026   3512     1.682          21.2       101.8       123.0      26.2      44.0
       43         25       0   0.000  0.023   4140     6.169           7.6       103.1       110.6      26.2     161.5
       43         27       0   0.000  0.021   3008     3.084          19.6       100.4       120.0      26.2      80.7
       43         31       0   0.000  0.000     68     6.727          20.0       110.0       130.0      26.2     176.1
       43         28       0   0.000  0.000      0       nan           nan         nan         nan       nan       nan
       43         29       0   0.000  0.000      0       nan           nan         nan         nan       nan       nan
       43         30       0   0.000  0.000      0       nan           nan         nan         nan       nan       nan
       43         34       0   0.000  0.000      0       nan           nan         nan         nan       nan       nan
       43         36       0   0.000  0.000      0       nan           nan         nan         nan       nan       nan
       43         38       0   0.000  0.000      0       nan           nan         nan         nan       nan       nan
       43         40       0   0.000  0.000      0       nan           nan         nan         nan       nan       nan
       43         41       0   0.000  0.000      0       nan           nan         nan         nan       nan       nan
       43         42       0   0.000  0.000      0       nan           nan         nan         nan       nan       nan
       43         43       0   0.000  0.000      0       nan           nan         nan         nan       nan       nan
       43         44       0   0.000  0.000      0       nan           nan         nan         nan       nan       nan
       43         45       0   0.000  0.000      0       nan           nan         nan         nan       nan       nan
       43         46       0   0.000  0.000      0       nan           nan         nan         nan       nan       nan
       43         47       0   0.000  0.000      0       nan           nan         nan         nan       nan       nan
       43         48       0   0.000  0.000      0       nan           nan         nan         nan       nan       nan
       43         49       0   0.000  0.000      0       nan           nan         nan         nan       nan       nan
       43         50       0   0.000  0.000      0       nan           nan         nan         nan       nan       nan
       43         51       0   0.000  0.000      0       nan           nan         nan         nan       nan       nan
       43         52       0   0.000  0.000      0       nan           nan         nan         nan       nan       nan
       43         53       0   0.000  0.000      0       nan           nan         nan         nan       nan       nan
       43         54       0   0.000  0.000      0       nan           nan         nan         nan       nan       nan
       43         55       0   0.000  0.000      0       nan           nan         nan         nan       nan       nan
       43         56       0   0.000  0.000      0       nan           nan         nan         nan       nan       nan
       43         57       0   0.000  0.000      0       nan           nan         nan         nan       nan       nan
       43         59       0   0.000  0.000      0       nan           nan         nan         nan       nan       nan
       43         60       0   0.000  0.000      0       nan           nan         nan         nan       nan       nan
       43         61       0   0.000  0.000      0       nan           nan         nan         nan       nan       nan
       43         62       0   0.000  0.000      0       nan           nan         nan         nan       nan       nan
       43         63       0   0.000  0.000      0       nan           nan         nan         nan       nan       nan
       43         64       0   0.000  0.000      0       nan           nan         nan         nan       nan       nan
       43         65       0   0.000  0.000      0       nan           nan         nan         nan       nan       nan
       43         66       0   0.000  0.000      0       nan           nan         nan         nan       nan       nan
       43         67       0   0.000  0.000      0       nan           nan         nan         nan       nan       nan
       43         68       0   0.000  0.000      0       nan           nan         nan         nan       nan       nan
       43         69       0   0.000  0.000      0       nan           nan         nan         nan       nan       nan
       43         70       0   0.000  0.000      0       nan           nan         nan         nan       nan       nan
       43         71       0   0.000  0.000      0       nan           nan         nan         nan       nan       nan
       43         72       0   0.000  0.000      0       nan           nan         nan         nan       nan       nan
       43         73       0   0.000  0.000      0       nan           nan         nan         nan       nan       nan
       43         74       0   0.000  0.000      0       nan           nan         nan         nan       nan       nan
       43         75       0   0.000  0.000      0       nan           nan         nan         nan       nan       nan
       43         76       0   0.000  0.000      0       nan           nan         nan         nan       nan       nan
       43         77       0   0.000  0.000      0       nan           nan         nan         nan       nan       nan
       43         78       0   0.000  0.000      0       nan           nan         nan         nan       nan       nan
       43         79       0   0.000  0.000      0       nan           nan         nan         nan       nan       nan
       43         80       0   0.000  0.000      0       nan           nan         nan         nan       nan       nan
       43         81       0   0.000  0.000      0       nan           nan         nan         nan       nan       nan
       43         82       0   0.000  0.000      0       nan           nan         nan         nan       nan       nan
       43         83       0   0.000  0.000      0       nan           nan         nan         nan       nan       nan
       43         84       0   0.000  0.000      0       nan           nan         nan         nan       nan       nan
       43         85       0   0.000  0.000      0       nan           nan         nan         nan       nan       nan
       43         86       0   0.000  0.000      0       nan           nan         nan         nan       nan       nan
       43         87       0   0.000  0.000      0       nan           nan         nan         nan       nan       nan
       43         89       0   0.000  0.000      0       nan           nan         nan         nan       nan       nan
       43         90       0   0.000  0.000      0       nan           nan         nan         nan       nan       nan
       43         91       0   0.000  0.000      0       nan           nan         nan         nan       nan       nan
       43         92       0   0.000  0.000      0       nan           nan         nan         nan       nan       nan
       43         93       0   0.000  0.000      0       nan           nan         nan         nan       nan       nan
       43         94       0   0.000  0.000      0       nan           nan         nan         nan       nan       nan
       43         95       0   0.000  0.000      0       nan           nan         nan         nan       nan       nan
       43         96       0   0.000  0.000      0       nan           nan         nan         nan       nan       nan
       43         97       0   0.000  0.000      0       nan           nan         nan         nan       nan       nan
       43         98       0   0.000  0.000      0       nan           nan         nan         nan       nan       nan
       43         99       0   0.000  0.000      0       nan           nan         nan         nan       nan       nan
       43        100       0   0.000  0.000      0       nan           nan         nan         nan       nan       nan
       43        101       0   0.000  0.000      0       nan           nan         nan         nan       nan       nan
       43        102       0   0.000  0.000      0       nan           nan         nan         nan       nan       nan
       43        104       0   0.000  0.000      0       nan           nan         nan         nan       nan       nan
       43        105       0   0.000  0.000      0       nan           nan         nan         nan       nan       nan
       43        106       0   0.000  0.000      0       nan           nan         nan         nan       nan       nan
       43        107       0   0.000  0.000      0       nan           nan         nan         nan       nan       nan
       43        108       0   0.000  0.000      0       nan           nan         nan         nan       nan       nan
       43        109       0   0.000  0.000      0       nan           nan         nan         nan       nan       nan
       43        110       0   0.000  0.000      0       nan           nan         nan         nan       nan       nan
       43        111       0   0.000  0.000      0       nan           nan         nan         nan       nan       nan
       43        112       0   0.000  0.000      0       nan           nan         nan         nan       nan       nan
       43        113       0   0.000  0.000      0       nan           nan         nan         nan       nan       nan
       43        114       0   0.000  0.000      0       nan           nan         nan         nan       nan       nan
       43        115       0   0.000  0.000      0       nan           nan         nan         nan       nan       nan
       43        116       0   0.000  0.000      0       nan           nan         nan         nan       nan       nan
       43        117       0   0.000  0.000      0       nan           nan         nan         nan       nan       nan
       43        118       0   0.000  0.000      0       nan           nan         nan         nan       nan       nan
       43        119       0   0.000  0.000      0       nan           nan         nan         nan       nan       nan
       43        120       0   0.000  0.000      0       nan           nan         nan         nan       nan       nan
       43        121       0   0.000  0.000      0       nan           nan         nan         nan       nan       nan
       43        122       0   0.000  0.000      0       nan           nan         nan         nan       nan       nan
       43        123       0   0.000  0.000      0       nan           nan         nan         nan       nan       nan
       43        124       0   0.000  0.000      0       nan           nan         nan         nan       nan       nan
       43        125       0   0.000  0.000      0       nan           nan         nan         nan       nan       nan
       43        126       0   0.000  0.000      0       nan           nan         nan         nan       nan       nan
       43        127       0   0.000  0.000      0       nan           nan         nan         nan       nan       nan
       43        128       0   0.000  0.000      0       nan           nan         nan         nan       nan       nan
       43        129       0   0.000  0.000      0       nan           nan         nan         nan       nan       nan
       43        130       0   0.000  0.000      0       nan           nan         nan         nan       nan       nan
       43        131       0   0.000  0.000      0       nan           nan         nan         nan       nan       nan
       43        132       0   0.000  0.000      0       nan           nan         nan         nan       nan       nan
       43        133       0   0.000  0.000      0       nan           nan         nan         nan       nan       nan
       43        134       0   0.000  0.000      0       nan           nan         nan         nan       nan       nan
       43        135       0   0.000  0.000      0       nan           nan         nan         nan       nan       nan
       43        137       0   0.000  0.000      0       nan           nan         nan         nan       nan       nan
       43        138       0   0.000  0.000      0       nan           nan         nan         nan       nan       nan
       43        139       0   0.000  0.000      0       nan           nan         nan         nan       nan       nan
       44         69       0   0.290  0.376   7752     1.297           0.0       100.0       100.0      74.0      96.0
       44        119       0   0.061  0.086   1660     1.414           0.0       100.0       100.0      74.0      52.3
       44         76       0   0.054  0.221   4176     1.834           1.2       100.0       101.2      74.0      40.4
       44         96       0   0.039  0.093   1564     2.378           0.0       100.0       100.0      74.0      31.1
       44         52       0   0.037  0.041   1044     1.091           0.0       100.0       100.0      74.0      80.7
       44         64       1   0.034  0.411   8528     1.091          10.0       100.0       110.0      74.0      80.7
       44         30       0   0.020  0.341  16844     1.542          10.0       100.0       110.0      74.0     114.2
       44        122       0   0.017  0.052    872     3.084           0.0       100.0       100.0      74.0      24.0
       44         28       0   0.015  0.211  12992     1.297          10.0       100.0       110.0      74.0      96.0
       44        121       0   0.014  0.026    456     1.834           0.0       100.0       100.0      74.0      40.4
       44         38       0   0.012  0.299   7352     2.378           9.5       100.0       109.5      74.0      31.1
       44        124       0   0.012  0.201   4192     1.542          10.0       100.0        90.0      74.0     114.2
       44         63       0   0.009  0.232   6324     1.189          20.0       100.0       120.0      74.0      88.0
       44         46       0   0.006  0.364  14952     1.834          30.0       100.0       130.0      74.0     135.8
       44         66       0   0.006  0.323   6224     2.594          20.0       100.0       120.0      74.0      28.5
       44         27       0   0.006  0.118  16844     1.414          13.5       100.0       113.5      74.0     104.7
       44         26       0   0.005  0.141  14396     2.000          12.2       100.0       112.2      74.0      37.0
       44         43       0   0.005  0.303   8120     2.828          19.7       100.0       119.7      74.0      26.2
       44         29       0   0.005  0.174  16212     1.682          20.0       100.0       120.0      74.0     124.5
       44         55       0   0.004  0.144   2604     2.828          12.3       100.0       112.3      74.0      26.2
       44         32       0   0.004  0.108  14708     1.414          20.1       100.0       120.1      74.0      52.3
       44         34       0   0.003  0.109   2864     3.084          10.0       100.0       110.0      74.0      24.0
       44         70       0   0.003  0.215   3640     2.181          30.0       100.0       130.0      74.0      33.9
       44         25       0   0.003  0.094  16844     2.181          13.0       100.0       113.0      74.0     161.5
       44        108       0   0.002  0.079   1336     3.084          10.0       100.0       110.0      74.0      24.0
       44         31       0   0.002  0.116  16032     2.000          30.0       100.0       130.0      74.0     148.1
       44         59       0   0.001  0.086   1484     2.828          21.0       100.0       121.0      67.9      24.0
       44        134       0   0.001  0.011    244     1.000          10.0       100.0        90.0      74.0      74.0
       44        109       0   0.001  0.032    584     3.084          10.0       100.0       110.0      74.0      24.0
       44         57       0   0.000  0.017    728     1.189          30.0       100.0       130.0      74.0      62.2
       44        111       0   0.000  0.020    336     2.378          20.0       100.0       120.0      74.0      31.1
       44        127       0   0.000  0.016    280     1.542          30.0       100.0       130.0      62.2      40.4
       44         71       0   0.000  0.025    608     2.594          30.0       100.0       130.0      74.0      28.5
       44         36       0   0.000  0.001     12     2.378           0.0       100.0       100.0      74.0      31.1
       44         91       0   0.000  0.012    252     2.000          30.0       100.0       130.0      62.2      31.1
       44        123       0   0.000  0.009    164     2.181          30.0       100.0       130.0      62.2      28.5
       44         35       0   0.000  0.007    384     1.755          30.0       100.0       130.0      62.2      35.5
       44         42       0   0.000  0.005    264     2.378          30.0       100.0       130.0      74.0      31.1
       44         33       0   0.000  0.001     28     2.828          20.0       100.0       120.0      74.0      26.2
       44         37       0   0.000  0.000      0       nan           nan         nan         nan       nan       nan
       44         39       0   0.000  0.000      0       nan           nan         nan         nan       nan       nan
       44         40       0   0.000  0.000      0       nan           nan         nan         nan       nan       nan
       44         41       0   0.000  0.000      0       nan           nan         nan         nan       nan       nan
       44         44       0   0.000  0.000      0       nan           nan         nan         nan       nan       nan
       44         45       0   0.000  0.000      0       nan           nan         nan         nan       nan       nan
       44         47       0   0.000  0.000      0       nan           nan         nan         nan       nan       nan
       44         48       0   0.000  0.000      0       nan           nan         nan         nan       nan       nan
       44         49       0   0.000  0.000      0       nan           nan         nan         nan       nan       nan
       44         50       0   0.000  0.000      0       nan           nan         nan         nan       nan       nan
       44         51       0   0.000  0.000      0       nan           nan         nan         nan       nan       nan
       44         53       0   0.000  0.000      0       nan           nan         nan         nan       nan       nan
       44         54       0   0.000  0.000      0       nan           nan         nan         nan       nan       nan
       44         56       0   0.000  0.000      0       nan           nan         nan         nan       nan       nan
       44         58       0   0.000  0.000      0       nan           nan         nan         nan       nan       nan
       44         60       0   0.000  0.000      0       nan           nan         nan         nan       nan       nan
       44         61       0   0.000  0.000      0       nan           nan         nan         nan       nan       nan
       44         62       0   0.000  0.000      0       nan           nan         nan         nan       nan       nan
       44         65       0   0.000  0.000      0       nan           nan         nan         nan       nan       nan
       44         67       0   0.000  0.000      0       nan           nan         nan         nan       nan       nan
       44         68       0   0.000  0.000      0       nan           nan         nan         nan       nan       nan
       44         72       0   0.000  0.000      0       nan           nan         nan         nan       nan       nan
       44         73       0   0.000  0.000      0       nan           nan         nan         nan       nan       nan
       44         74       0   0.000  0.000      0       nan           nan         nan         nan       nan       nan
       44         75       0   0.000  0.000      0       nan           nan         nan         nan       nan       nan
       44         77       0   0.000  0.000      0       nan           nan         nan         nan       nan       nan
       44         78       0   0.000  0.000      0       nan           nan         nan         nan       nan       nan
       44         79       0   0.000  0.000      0       nan           nan         nan         nan       nan       nan
       44         80       0   0.000  0.000      0       nan           nan         nan         nan       nan       nan
       44         81       0   0.000  0.000      0       nan           nan         nan         nan       nan       nan
       44         82       0   0.000  0.000      0       nan           nan         nan         nan       nan       nan
       44         83       0   0.000  0.000      0       nan           nan         nan         nan       nan       nan
       44         84       0   0.000  0.000      0       nan           nan         nan         nan       nan       nan
       44         85       0   0.000  0.000      0       nan           nan         nan         nan       nan       nan
       44         86       0   0.000  0.000      0       nan           nan         nan         nan       nan       nan
       44         87       0   0.000  0.000      0       nan           nan         nan         nan       nan       nan
       44         88       0   0.000  0.000      0       nan           nan         nan         nan       nan       nan
       44         89       0   0.000  0.000      0       nan           nan         nan         nan       nan       nan
       44         90       0   0.000  0.000      0       nan           nan         nan         nan       nan       nan
       44         92       0   0.000  0.000      0       nan           nan         nan         nan       nan       nan
       44         93       0   0.000  0.000      0       nan           nan         nan         nan       nan       nan
       44         94       0   0.000  0.000      0       nan           nan         nan         nan       nan       nan
       44         95       0   0.000  0.000      0       nan           nan         nan         nan       nan       nan
       44         97       0   0.000  0.000      0       nan           nan         nan         nan       nan       nan
       44         98       0   0.000  0.000      0       nan           nan         nan         nan       nan       nan
       44         99       0   0.000  0.000      0       nan           nan         nan         nan       nan       nan
       44        100       0   0.000  0.000      0       nan           nan         nan         nan       nan       nan
       44        101       0   0.000  0.000      0       nan           nan         nan         nan       nan       nan
       44        102       0   0.000  0.000      0       nan           nan         nan         nan       nan       nan
       44        103       0   0.000  0.000      0       nan           nan         nan         nan       nan       nan
       44        104       0   0.000  0.000      0       nan           nan         nan         nan       nan       nan
       44        105       0   0.000  0.000      0       nan           nan         nan         nan       nan       nan
       44        106       0   0.000  0.000      0       nan           nan         nan         nan       nan       nan
       44        107       0   0.000  0.000      0       nan           nan         nan         nan       nan       nan
       44        110       0   0.000  0.000      0       nan           nan         nan         nan       nan       nan
       44        112       0   0.000  0.000      0       nan           nan         nan         nan       nan       nan
       44        113       0   0.000  0.000      0       nan           nan         nan         nan       nan       nan
       44        114       0   0.000  0.000      0       nan           nan         nan         nan       nan       nan
       44        115       0   0.000  0.000      0       nan           nan         nan         nan       nan       nan
       44        116       0   0.000  0.000      0       nan           nan         nan         nan       nan       nan
       44        117       0   0.000  0.000      0       nan           nan         nan         nan       nan       nan
       44        118       0   0.000  0.000      0       nan           nan         nan         nan       nan       nan
       44        120       0   0.000  0.000      0       nan           nan         nan         nan       nan       nan
       44        125       0   0.000  0.000      0       nan           nan         nan         nan       nan       nan
       44        126       0   0.000  0.000      0       nan           nan         nan         nan       nan       nan
       44        128       0   0.000  0.000      0       nan           nan         nan         nan       nan       nan
       44        129       0   0.000  0.000      0       nan           nan         nan         nan       nan       nan
       44        130       0   0.000  0.000      0       nan           nan         nan         nan       nan       nan
       44        131       0   0.000  0.000      0       nan           nan         nan         nan       nan       nan
       44        132       0   0.000  0.000      0       nan           nan         nan         nan       nan       nan
       44        133       0   0.000  0.000      0       nan           nan         nan         nan       nan       nan
       44        135       0   0.000  0.000      0       nan           nan         nan         nan       nan       nan
       44        136       0   0.000  0.000      0       nan           nan         nan         nan       nan       nan
       44        137       0   0.000  0.000      0       nan           nan         nan         nan       nan       nan
       44        138       0   0.000  0.000      0       nan           nan         nan         nan       nan       nan
       44        139       0   0.000  0.000      0       nan           nan         nan         nan       nan       nan
       45         62       1   0.375  0.446   2332     1.189           0.0       110.0       110.0      40.4      48.0
       45         41       1   0.159  0.189   1080     1.189           0.0       110.0       110.0      40.4      33.9
       45         28       0   0.005  0.014    836     2.594           0.0       110.0       110.0      37.0      96.0
       45         35       1   0.005  0.081   2940     1.091          13.5       110.0       123.5      40.4      44.0
       45         37       0   0.005  0.168    928     1.682          20.0       110.0       130.0      40.4      24.0
       45         25       0   0.004  0.018   3192     4.000           0.0       110.0       110.0      40.4     161.5
       45         26       0   0.003  0.029   2924     1.000           9.9       110.0       119.9      40.4      40.4
       45         33       0   0.002  0.043    940     1.542          11.5       110.0       121.5      40.4      26.2
       45         82       0   0.001  0.042    208     1.414          20.0       110.0        90.0      37.0      26.2
       45         32       0   0.001  0.022   2972     1.189          13.8       110.0       123.8      40.4      48.0
       45         27       0   0.001  0.022   3176     2.594           8.4       110.0       118.4      40.4     104.7
       45         51       0   0.000  0.039    708     4.000          20.0       110.0       130.0      37.0     148.1
       45         67       0   0.000  0.003     24     1.542          20.0       110.0       130.0      37.0      24.0
       45         29       0   0.000  0.000      0       nan           nan         nan         nan       nan       nan
       45         30       0   0.000  0.000      0       nan           nan         nan         nan       nan       nan
       45         31       0   0.000  0.000      0       nan           nan         nan         nan       nan       nan
       45         34       0   0.000  0.000      0       nan           nan         nan         nan       nan       nan
       45         36       0   0.000  0.000      0       nan           nan         nan         nan       nan       nan
       45         38       0   0.000  0.000      0       nan           nan         nan         nan       nan       nan
       45         39       0   0.000  0.000      0       nan           nan         nan         nan       nan       nan
       45         40       0   0.000  0.000      0       nan           nan         nan         nan       nan       nan
       45         42       0   0.000  0.000      0       nan           nan         nan         nan       nan       nan
       45         43       0   0.000  0.000      0       nan           nan         nan         nan       nan       nan
       45         44       0   0.000  0.000      0       nan           nan         nan         nan       nan       nan
       45         45       0   0.000  0.000      0       nan           nan         nan         nan       nan       nan
       45         46       0   0.000  0.000      0       nan           nan         nan         nan       nan       nan
       45         47       0   0.000  0.000      0       nan           nan         nan         nan       nan       nan
       45         48       0   0.000  0.000      0       nan           nan         nan         nan       nan       nan
       45         49       0   0.000  0.000      0       nan           nan         nan         nan       nan       nan
       45         50       0   0.000  0.000      0       nan           nan         nan         nan       nan       nan
       45         52       0   0.000  0.000      0       nan           nan         nan         nan       nan       nan
       45         53       0   0.000  0.000      0       nan           nan         nan         nan       nan       nan
       45         54       0   0.000  0.000      0       nan           nan         nan         nan       nan       nan
       45         55       0   0.000  0.000      0       nan           nan         nan         nan       nan       nan
       45         56       0   0.000  0.000      0       nan           nan         nan         nan       nan       nan
       45         57       0   0.000  0.000      0       nan           nan         nan         nan       nan       nan
       45         58       0   0.000  0.000      0       nan           nan         nan         nan       nan       nan
       45         59       0   0.000  0.000      0       nan           nan         nan         nan       nan       nan
       45         60       0   0.000  0.000      0       nan           nan         nan         nan       nan       nan
       45         61       0   0.000  0.000      0       nan           nan         nan         nan       nan       nan
       45         63       0   0.000  0.000      0       nan           nan         nan         nan       nan       nan
       45         64       0   0.000  0.000      0       nan           nan         nan         nan       nan       nan
       45         65       0   0.000  0.000      0       nan           nan         nan         nan       nan       nan
       45         66       0   0.000  0.000      0       nan           nan         nan         nan       nan       nan
       45         68       0   0.000  0.000      0       nan           nan         nan         nan       nan       nan
       45         69       0   0.000  0.000      0       nan           nan         nan         nan       nan       nan
       45         70       0   0.000  0.000      0       nan           nan         nan         nan       nan       nan
       45         71       0   0.000  0.000      0       nan           nan         nan         nan       nan       nan
       45         72       0   0.000  0.000      0       nan           nan         nan         nan       nan       nan
       45         73       0   0.000  0.000      0       nan           nan         nan         nan       nan       nan
       45         74       0   0.000  0.000      0       nan           nan         nan         nan       nan       nan
       45         75       0   0.000  0.000      0       nan           nan         nan         nan       nan       nan
       45         76       0   0.000  0.000      0       nan           nan         nan         nan       nan       nan
       45         77       0   0.000  0.000      0       nan           nan         nan         nan       nan       nan
       45         78       0   0.000  0.000      0       nan           nan         nan         nan       nan       nan
       45         79       0   0.000  0.000      0       nan           nan         nan         nan       nan       nan
       45         80       0   0.000  0.000      0       nan           nan         nan         nan       nan       nan
       45         81       0   0.000  0.000      0       nan           nan         nan         nan       nan       nan
       45         83       0   0.000  0.000      0       nan           nan         nan         nan       nan       nan
       45         84       0   0.000  0.000      0       nan           nan         nan         nan       nan       nan
       45         85       0   0.000  0.000      0       nan           nan         nan         nan       nan       nan
       45         86       0   0.000  0.000      0       nan           nan         nan         nan       nan       nan
       45         87       0   0.000  0.000      0       nan           nan         nan         nan       nan       nan
       45         88       0   0.000  0.000      0       nan           nan         nan         nan       nan       nan
       45         89       0   0.000  0.000      0       nan           nan         nan         nan       nan       nan
       45         90       0   0.000  0.000      0       nan           nan         nan         nan       nan       nan
       45         91       0   0.000  0.000      0       nan           nan         nan         nan       nan       nan
       45         92       0   0.000  0.000      0       nan           nan         nan         nan       nan       nan
       45         93       0   0.000  0.000      0       nan           nan         nan         nan       nan       nan
       45         94       0   0.000  0.000      0       nan           nan         nan         nan       nan       nan
       45         95       0   0.000  0.000      0       nan           nan         nan         nan       nan       nan
       45         96       0   0.000  0.000      0       nan           nan         nan         nan       nan       nan
       45         97       0   0.000  0.000      0       nan           nan         nan         nan       nan       nan
       45         98       0   0.000  0.000      0       nan           nan         nan         nan       nan       nan
       45         99       0   0.000  0.000      0       nan           nan         nan         nan       nan       nan
       45        100       0   0.000  0.000      0       nan           nan         nan         nan       nan       nan
       45        101       0   0.000  0.000      0       nan           nan         nan         nan       nan       nan
       45        102       0   0.000  0.000      0       nan           nan         nan         nan       nan       nan
       45        103       0   0.000  0.000      0       nan           nan         nan         nan       nan       nan
       45        104       0   0.000  0.000      0       nan           nan         nan         nan       nan       nan
       45        105       0   0.000  0.000      0       nan           nan         nan         nan       nan       nan
       45        106       0   0.000  0.000      0       nan           nan         nan         nan       nan       nan
       45        107       0   0.000  0.000      0       nan           nan         nan         nan       nan       nan
       45        108       0   0.000  0.000      0       nan           nan         nan         nan       nan       nan
       45        109       0   0.000  0.000      0       nan           nan         nan         nan       nan       nan
       45        110       0   0.000  0.000      0       nan           nan         nan         nan       nan       nan
       45        111       0   0.000  0.000      0       nan           nan         nan         nan       nan       nan
       45        112       0   0.000  0.000      0       nan           nan         nan         nan       nan       nan
       45        113       0   0.000  0.000      0       nan           nan         nan         nan       nan       nan
       45        114       0   0.000  0.000      0       nan           nan         nan         nan       nan       nan
       45        115       0   0.000  0.000      0       nan           nan         nan         nan       nan       nan
       45        116       0   0.000  0.000      0       nan           nan         nan         nan       nan       nan
       45        117       0   0.000  0.000      0       nan           nan         nan         nan       nan       nan
       45        118       0   0.000  0.000      0       nan           nan         nan         nan       nan       nan
       45        119       0   0.000  0.000      0       nan           nan         nan         nan       nan       nan
       45        120       0   0.000  0.000      0       nan           nan         nan         nan       nan       nan
       45        121       0   0.000  0.000      0       nan           nan         nan         nan       nan       nan
       45        122       0   0.000  0.000      0       nan           nan         nan         nan       nan       nan
       45        123       0   0.000  0.000      0       nan           nan         nan         nan       nan       nan
       45        124       0   0.000  0.000      0       nan           nan         nan         nan       nan       nan
       45        125       0   0.000  0.000      0       nan           nan         nan         nan       nan       nan
       45        126       0   0.000  0.000      0       nan           nan         nan         nan       nan       nan
       45        127       0   0.000  0.000      0       nan           nan         nan         nan       nan       nan
       45        128       0   0.000  0.000      0       nan           nan         nan         nan       nan       nan
       45        129       0   0.000  0.000      0       nan           nan         nan         nan       nan       nan
       45        130       0   0.000  0.000      0       nan           nan         nan         nan       nan       nan
       45        131       0   0.000  0.000      0       nan           nan         nan         nan       nan       nan
       45        132       0   0.000  0.000      0       nan           nan         nan         nan       nan       nan
       45        133       0   0.000  0.000      0       nan           nan         nan         nan       nan       nan
       45        134       0   0.000  0.000      0       nan           nan         nan         nan       nan       nan
       45        135       0   0.000  0.000      0       nan           nan         nan         nan       nan       nan
       45        136       0   0.000  0.000      0       nan           nan         nan         nan       nan       nan
       45        137       0   0.000  0.000      0       nan           nan         nan         nan       nan       nan
       45        138       0   0.000  0.000      0       nan           nan         nan         nan       nan       nan
       45        139       0   0.000  0.000      0       nan           nan         nan         nan       nan       nan
       46         41       1   0.126  0.137    588     1.091           0.0       110.0       110.0      31.1      33.9
       46         62       0   0.075  0.115    584     1.542           0.0       110.0       110.0      31.1      48.0
       46         35       0   0.001  0.030   1084     1.297          15.5       110.0       125.5      31.1      40.4
       46         25       0   0.001  0.007   1280     5.187           0.0       110.0       110.0      31.1     161.5
       46         37       0   0.001  0.031    136     1.414          20.0       110.0       130.0      33.9      24.0
       46         26       0   0.001  0.011   1052     1.297          10.0       110.0       120.0      31.1      40.4
       46         27       0   0.000  0.009   1280     3.364           9.6       110.0       119.6      31.1     104.7
       46         33       0   0.000  0.004     88     1.189          17.3       110.0       127.3      33.9      28.5
       46         32       0   0.000  0.009   1164     2.378          18.0       110.0       128.0      31.1      74.0
       46         28       0   0.000  0.000      0       nan           nan         nan         nan       nan       nan
       46         29       0   0.000  0.000      0       nan           nan         nan         nan       nan       nan
       46         30       0   0.000  0.000      0       nan           nan         nan         nan       nan       nan
       46         31       0   0.000  0.000      0       nan           nan         nan         nan       nan       nan
       46         34       0   0.000  0.000      0       nan           nan         nan         nan       nan       nan
       46         36       0   0.000  0.000      0       nan           nan         nan         nan       nan       nan
       46         38       0   0.000  0.000      0       nan           nan         nan         nan       nan       nan
       46         39       0   0.000  0.000      0       nan           nan         nan         nan       nan       nan
       46         40       0   0.000  0.000      0       nan           nan         nan         nan       nan       nan
       46         42       0   0.000  0.000      0       nan           nan         nan         nan       nan       nan
       46         43       0   0.000  0.000      0       nan           nan         nan         nan       nan       nan
       46         44       0   0.000  0.000      0       nan           nan         nan         nan       nan       nan
       46         45       0   0.000  0.000      0       nan           nan         nan         nan       nan       nan
       46         46       0   0.000  0.000      0       nan           nan         nan         nan       nan       nan
       46         47       0   0.000  0.000      0       nan           nan         nan         nan       nan       nan
       46         48       0   0.000  0.000      0       nan           nan         nan         nan       nan       nan
       46         49       0   0.000  0.000      0       nan           nan         nan         nan       nan       nan
       46         50       0   0.000  0.000      0       nan           nan         nan         nan       nan       nan
       46         51       0   0.000  0.000      0       nan           nan         nan         nan       nan       nan
       46         52       0   0.000  0.000      0       nan           nan         nan         nan       nan       nan
       46         53       0   0.000  0.000      0       nan           nan         nan         nan       nan       nan
       46         54       0   0.000  0.000      0       nan           nan         nan         nan       nan       nan
       46         55       0   0.000  0.000      0       nan           nan         nan         nan       nan       nan
       46         56       0   0.000  0.000      0       nan           nan         nan         nan       nan       nan
       46         57       0   0.000  0.000      0       nan           nan         nan         nan       nan       nan
       46         58       0   0.000  0.000      0       nan           nan         nan         nan       nan       nan
       46         59       0   0.000  0.000      0       nan           nan         nan         nan       nan       nan
       46         60       0   0.000  0.000      0       nan           nan         nan         nan       nan       nan
       46         61       0   0.000  0.000      0       nan           nan         nan         nan       nan       nan
       46         63       0   0.000  0.000      0       nan           nan         nan         nan       nan       nan
       46         64       0   0.000  0.000      0       nan           nan         nan         nan       nan       nan
       46         65       0   0.000  0.000      0       nan           nan         nan         nan       nan       nan
       46         66       0   0.000  0.000      0       nan           nan         nan         nan       nan       nan
       46         67       0   0.000  0.000      0       nan           nan         nan         nan       nan       nan
       46         68       0   0.000  0.000      0       nan           nan         nan         nan       nan       nan
       46         69       0   0.000  0.000      0       nan           nan         nan         nan       nan       nan
       46         70       0   0.000  0.000      0       nan           nan         nan         nan       nan       nan
       46         71       0   0.000  0.000      0       nan           nan         nan         nan       nan       nan
       46         72       0   0.000  0.000      0       nan           nan         nan         nan       nan       nan
       46         73       0   0.000  0.000      0       nan           nan         nan         nan       nan       nan
       46         74       0   0.000  0.000      0       nan           nan         nan         nan       nan       nan
       46         75       0   0.000  0.000      0       nan           nan         nan         nan       nan       nan
       46         76       0   0.000  0.000      0       nan           nan         nan         nan       nan       nan
       46         77       0   0.000  0.000      0       nan           nan         nan         nan       nan       nan
       46         78       0   0.000  0.000      0       nan           nan         nan         nan       nan       nan
       46         79       0   0.000  0.000      0       nan           nan         nan         nan       nan       nan
       46         80       0   0.000  0.000      0       nan           nan         nan         nan       nan       nan
       46         81       0   0.000  0.000      0       nan           nan         nan         nan       nan       nan
       46         82       0   0.000  0.000      0       nan           nan         nan         nan       nan       nan
       46         83       0   0.000  0.000      0       nan           nan         nan         nan       nan       nan
       46         84       0   0.000  0.000      0       nan           nan         nan         nan       nan       nan
       46         85       0   0.000  0.000      0       nan           nan         nan         nan       nan       nan
       46         86       0   0.000  0.000      0       nan           nan         nan         nan       nan       nan
       46         87       0   0.000  0.000      0       nan           nan         nan         nan       nan       nan
       46         88       0   0.000  0.000      0       nan           nan         nan         nan       nan       nan
       46         89       0   0.000  0.000      0       nan           nan         nan         nan       nan       nan
       46         90       0   0.000  0.000      0       nan           nan         nan         nan       nan       nan
       46         91       0   0.000  0.000      0       nan           nan         nan         nan       nan       nan
       46         92       0   0.000  0.000      0       nan           nan         nan         nan       nan       nan
       46         93       0   0.000  0.000      0       nan           nan         nan         nan       nan       nan
       46         94       0   0.000  0.000      0       nan           nan         nan         nan       nan       nan
       46         95       0   0.000  0.000      0       nan           nan         nan         nan       nan       nan
       46         96       0   0.000  0.000      0       nan           nan         nan         nan       nan       nan
       46         97       0   0.000  0.000      0       nan           nan         nan         nan       nan       nan
       46         98       0   0.000  0.000      0       nan           nan         nan         nan       nan       nan
       46         99       0   0.000  0.000      0       nan           nan         nan         nan       nan       nan
       46        100       0   0.000  0.000      0       nan           nan         nan         nan       nan       nan
       46        101       0   0.000  0.000      0       nan           nan         nan         nan       nan       nan
       46        102       0   0.000  0.000      0       nan           nan         nan         nan       nan       nan
       46        103       0   0.000  0.000      0       nan           nan         nan         nan       nan       nan
       46        104       0   0.000  0.000      0       nan           nan         nan         nan       nan       nan
       46        105       0   0.000  0.000      0       nan           nan         nan         nan       nan       nan
       46        106       0   0.000  0.000      0       nan           nan         nan         nan       nan       nan
       46        107       0   0.000  0.000      0       nan           nan         nan         nan       nan       nan
       46        108       0   0.000  0.000      0       nan           nan         nan         nan       nan       nan
       46        109       0   0.000  0.000      0       nan           nan         nan         nan       nan       nan
       46        110       0   0.000  0.000      0       nan           nan         nan         nan       nan       nan
       46        111       0   0.000  0.000      0       nan           nan         nan         nan       nan       nan
       46        112       0   0.000  0.000      0       nan           nan         nan         nan       nan       nan
       46        113       0   0.000  0.000      0       nan           nan         nan         nan       nan       nan
       46        114       0   0.000  0.000      0       nan           nan         nan         nan       nan       nan
       46        115       0   0.000  0.000      0       nan           nan         nan         nan       nan       nan
       46        116       0   0.000  0.000      0       nan           nan         nan         nan       nan       nan
       46        117       0   0.000  0.000      0       nan           nan         nan         nan       nan       nan
       46        118       0   0.000  0.000      0       nan           nan         nan         nan       nan       nan
       46        119       0   0.000  0.000      0       nan           nan         nan         nan       nan       nan
       46        120       0   0.000  0.000      0       nan           nan         nan         nan       nan       nan
       46        121       0   0.000  0.000      0       nan           nan         nan         nan       nan       nan
       46        122       0   0.000  0.000      0       nan           nan         nan         nan       nan       nan
       46        123       0   0.000  0.000      0       nan           nan         nan         nan       nan       nan
       46        124       0   0.000  0.000      0       nan           nan         nan         nan       nan       nan
       46        125       0   0.000  0.000      0       nan           nan         nan         nan       nan       nan
       46        126       0   0.000  0.000      0       nan           nan         nan         nan       nan       nan
       46        127       0   0.000  0.000      0       nan           nan         nan         nan       nan       nan
       46        128       0   0.000  0.000      0       nan           nan         nan         nan       nan       nan
       46        129       0   0.000  0.000      0       nan           nan         nan         nan       nan       nan
       46        130       0   0.000  0.000      0       nan           nan         nan         nan       nan       nan
       46        131       0   0.000  0.000      0       nan           nan         nan         nan       nan       nan
       46        132       0   0.000  0.000      0       nan           nan         nan         nan       nan       nan
       46        133       0   0.000  0.000      0       nan           nan         nan         nan       nan       nan
       46        134       0   0.000  0.000      0       nan           nan         nan         nan       nan       nan
       46        135       0   0.000  0.000      0       nan           nan         nan         nan       nan       nan
       46        136       0   0.000  0.000      0       nan           nan         nan         nan       nan       nan
       46        137       0   0.000  0.000      0       nan           nan         nan         nan       nan       nan
       46        138       0   0.000  0.000      0       nan           nan         nan         nan       nan       nan
       46        139       0   0.000  0.000      0       nan           nan         nan         nan       nan       nan
       47        113       0   0.076  0.108    452     1.414           0.0       130.0       130.0      28.5      40.4
       47         91       1   0.061  0.296   1860     1.091           3.5       125.0       128.4      28.5      31.1
       47         33       0   0.035  0.039    844     1.000           0.1       119.9       120.0      26.2      26.2
       47         39       0   0.034  0.046    848     1.091           0.2       120.1       120.3      26.2      24.0
       47         92       0   0.026  0.668   2764     1.542          15.9       125.9       110.0      28.5      44.0
       47         65       0   0.019  0.439   2968     1.414          15.5       125.5       110.0      28.5      40.4
       47         84       0   0.018  0.243   2860     1.682           6.9       125.9       118.9      28.5      48.0
       47         35       0   0.010  0.075   2728     1.297           4.7       125.3       130.0      28.5      37.0
       47         26       0   0.004  0.032   3240     1.297           5.3       125.3       120.0      28.5      37.0
       47         32       0   0.002  0.024   3252     1.542           5.3       125.3       120.0      28.5      44.0
       47         34       0   0.002  0.028    432     1.091           9.8       119.8       110.0      26.2      24.0
       47         46       0   0.002  0.062   2476     4.757           5.0       125.0       130.0      28.5     135.8
       47         29       0   0.001  0.033   3076     4.362           5.2       125.2       120.0      28.5     124.5
       47         31       0   0.001  0.024   3252     6.169           4.7       125.3       130.0      28.5     176.1
       47         27       0   0.001  0.021   2972     2.181          14.9       124.9       110.0      26.2      57.1
       47         25       0   0.001  0.018   3252     5.657           5.3       125.3       120.0      28.5     161.5
       47         28       0   0.000  0.000      0       nan           nan         nan         nan       nan       nan
       47         30       0   0.000  0.000      0       nan           nan         nan         nan       nan       nan
       47         36       0   0.000  0.000      0       nan           nan         nan         nan       nan       nan
       47         37       0   0.000  0.000      0       nan           nan         nan         nan       nan       nan
       47         38       0   0.000  0.000      0       nan           nan         nan         nan       nan       nan
       47         40       0   0.000  0.000      0       nan           nan         nan         nan       nan       nan
       47         41       0   0.000  0.000      0       nan           nan         nan         nan       nan       nan
       47         42       0   0.000  0.000      0       nan           nan         nan         nan       nan       nan
       47         43       0   0.000  0.000      0       nan           nan         nan         nan       nan       nan
       47         44       0   0.000  0.000      0       nan           nan         nan         nan       nan       nan
       47         45       0   0.000  0.000      0       nan           nan         nan         nan       nan       nan
       47         47       0   0.000  0.000      0       nan           nan         nan         nan       nan       nan
       47         48       0   0.000  0.000      0       nan           nan         nan         nan       nan       nan
       47         49       0   0.000  0.000      0       nan           nan         nan         nan       nan       nan
       47         50       0   0.000  0.000      0       nan           nan         nan         nan       nan       nan
       47         51       0   0.000  0.000      0       nan           nan         nan         nan       nan       nan
       47         52       0   0.000  0.000      0       nan           nan         nan         nan       nan       nan
       47         53       0   0.000  0.000      0       nan           nan         nan         nan       nan       nan
       47         54       0   0.000  0.000      0       nan           nan         nan         nan       nan       nan
       47         55       0   0.000  0.000      0       nan           nan         nan         nan       nan       nan
       47         56       0   0.000  0.000      0       nan           nan         nan         nan       nan       nan
       47         57       0   0.000  0.000      0       nan           nan         nan         nan       nan       nan
       47         58       0   0.000  0.000      0       nan           nan         nan         nan       nan       nan
       47         59       0   0.000  0.000      0       nan           nan         nan         nan       nan       nan
       47         60       0   0.000  0.000      0       nan           nan         nan         nan       nan       nan
       47         61       0   0.000  0.000      0       nan           nan         nan         nan       nan       nan
       47         62       0   0.000  0.000      0       nan           nan         nan         nan       nan       nan
       47         63       0   0.000  0.000      0       nan           nan         nan         nan       nan       nan
       47         64       0   0.000  0.000      0       nan           nan         nan         nan       nan       nan
       47         66       0   0.000  0.000      0       nan           nan         nan         nan       nan       nan
       47         67       0   0.000  0.000      0       nan           nan         nan         nan       nan       nan
       47         68       0   0.000  0.000      0       nan           nan         nan         nan       nan       nan
       47         69       0   0.000  0.000      0       nan           nan         nan         nan       nan       nan
       47         70       0   0.000  0.000      0       nan           nan         nan         nan       nan       nan
       47         71       0   0.000  0.000      0       nan           nan         nan         nan       nan       nan
       47         72       0   0.000  0.000      0       nan           nan         nan         nan       nan       nan
       47         73       0   0.000  0.000      0       nan           nan         nan         nan       nan       nan
       47         74       0   0.000  0.000      0       nan           nan         nan         nan       nan       nan
       47         75       0   0.000  0.000      0       nan           nan         nan         nan       nan       nan
       47         76       0   0.000  0.000      0       nan           nan         nan         nan       nan       nan
       47         77       0   0.000  0.000      0       nan           nan         nan         nan       nan       nan
       47         78       0   0.000  0.000      0       nan           nan         nan         nan       nan       nan
       47         79       0   0.000  0.000      0       nan           nan         nan         nan       nan       nan
       47         80       0   0.000  0.000      0       nan           nan         nan         nan       nan       nan
       47         81       0   0.000  0.000      0       nan           nan         nan         nan       nan       nan
       47         82       0   0.000  0.000      0       nan           nan         nan         nan       nan       nan
       47         83       0   0.000  0.000      0       nan           nan         nan         nan       nan       nan
       47         85       0   0.000  0.000      0       nan           nan         nan         nan       nan       nan
       47         86       0   0.000  0.000      0       nan           nan         nan         nan       nan       nan
       47         87       0   0.000  0.000      0       nan           nan         nan         nan       nan       nan
       47         88       0   0.000  0.000      0       nan           nan         nan         nan       nan       nan
       47         89       0   0.000  0.000      0       nan           nan         nan         nan       nan       nan
       47         90       0   0.000  0.000      0       nan           nan         nan         nan       nan       nan
       47         93       0   0.000  0.000      0       nan           nan         nan         nan       nan       nan
       47         94       0   0.000  0.000      0       nan           nan         nan         nan       nan       nan
       47         95       0   0.000  0.000      0       nan           nan         nan         nan       nan       nan
       47         96       0   0.000  0.000      0       nan           nan         nan         nan       nan       nan
       47         97       0   0.000  0.000      0       nan           nan         nan         nan       nan       nan
       47         98       0   0.000  0.000      0       nan           nan         nan         nan       nan       nan
       47         99       0   0.000  0.000      0       nan           nan         nan         nan       nan       nan
       47        100       0   0.000  0.000      0       nan           nan         nan         nan       nan       nan
       47        101       0   0.000  0.000      0       nan           nan         nan         nan       nan       nan
       47        102       0   0.000  0.000      0       nan           nan         nan         nan       nan       nan
       47        103       0   0.000  0.000      0       nan           nan         nan         nan       nan       nan
       47        104       0   0.000  0.000      0       nan           nan         nan         nan       nan       nan
       47        105       0   0.000  0.000      0       nan           nan         nan         nan       nan       nan
       47        106       0   0.000  0.000      0       nan           nan         nan         nan       nan       nan
       47        107       0   0.000  0.000      0       nan           nan         nan         nan       nan       nan
       47        108       0   0.000  0.000      0       nan           nan         nan         nan       nan       nan
       47        109       0   0.000  0.000      0       nan           nan         nan         nan       nan       nan
       47        110       0   0.000  0.000      0       nan           nan         nan         nan       nan       nan
       47        111       0   0.000  0.000      0       nan           nan         nan         nan       nan       nan
       47        112       0   0.000  0.000      0       nan           nan         nan         nan       nan       nan
       47        114       0   0.000  0.000      0       nan           nan         nan         nan       nan       nan
       47        115       0   0.000  0.000      0       nan           nan         nan         nan       nan       nan
       47        116       0   0.000  0.000      0       nan           nan         nan         nan       nan       nan
       47        117       0   0.000  0.000      0       nan           nan         nan         nan       nan       nan
       47        118       0   0.000  0.000      0       nan           nan         nan         nan       nan       nan
       47        119       0   0.000  0.000      0       nan           nan         nan         nan       nan       nan
       47        120       0   0.000  0.000      0       nan           nan         nan         nan       nan       nan
       47        121       0   0.000  0.000      0       nan           nan         nan         nan       nan       nan
       47        122       0   0.000  0.000      0       nan           nan         nan         nan       nan       nan
       47        123       0   0.000  0.000      0       nan           nan         nan         nan       nan       nan
       47        124       0   0.000  0.000      0       nan           nan         nan         nan       nan       nan
       47        125       0   0.000  0.000      0       nan           nan         nan         nan       nan       nan
       47        126       0   0.000  0.000      0       nan           nan         nan         nan       nan       nan
       47        127       0   0.000  0.000      0       nan           nan         nan         nan       nan       nan
       47        128       0   0.000  0.000      0       nan           nan         nan         nan       nan       nan
       47        129       0   0.000  0.000      0       nan           nan         nan         nan       nan       nan
       47        130       0   0.000  0.000      0       nan           nan         nan         nan       nan       nan
       47        131       0   0.000  0.000      0       nan           nan         nan         nan       nan       nan
       47        132       0   0.000  0.000      0       nan           nan         nan         nan       nan       nan
       47        133       0   0.000  0.000      0       nan           nan         nan         nan       nan       nan
       47        134       0   0.000  0.000      0       nan           nan         nan         nan       nan       nan
       47        135       0   0.000  0.000      0       nan           nan         nan         nan       nan       nan
       47        136       0   0.000  0.000      0       nan           nan         nan         nan       nan       nan
       47        137       0   0.000  0.000      0       nan           nan         nan         nan       nan       nan
       47        138       0   0.000  0.000      0       nan           nan         nan         nan       nan       nan
       47        139       0   0.000  0.000      0       nan           nan         nan         nan       nan       nan
       48        116       0   0.010  0.298    864     4.362           6.1        83.9        90.0      26.2     114.2
       48         61       1   0.008  0.091    220     1.091          10.0        80.0        90.0      26.2      24.0
       48         99       0   0.007  0.132    368     1.834           9.0        80.0        89.0      26.2      48.0
       48         50       0   0.006  0.167   2296     5.657           4.0        86.0        90.0      26.2     148.1
       48        120       0   0.003  0.174    588     1.414          47.9        82.1       130.0      26.2      37.0
       48         60       0   0.002  0.161    956     2.181          31.7        88.3       120.0      26.2      57.1
       48        130       0   0.002  0.155    392     1.189          60.0        80.0       140.0      26.2      31.1
       48         48       0   0.002  0.115   1224     1.682          31.2        88.8       120.0      26.2      44.0
       48        105       0   0.002  0.089    224     1.091          50.0        80.0       130.0      26.2      24.0
       48        126       0   0.001  0.103    264     2.594          40.7        89.3       130.0      24.0      62.2
       48         26       0   0.001  0.023   2296     1.189          24.0        86.0       110.0      26.2      31.1
       48         51       0   0.001  0.147   2296     5.657          44.0        86.0       130.0      26.2     148.1
       48         28       0   0.000  0.040   2296     3.668          24.0        86.0       110.0      26.2      96.0
       48         32       0   0.000  0.015   2056     2.378          34.0        86.0       120.0      26.2      62.2
       48         27       0   0.000  0.016   2296     4.000          28.8        86.0       114.8      26.2     104.7
       48         35       0   0.000  0.006    216     1.414          46.9        83.1       130.0      28.5      40.4
       48         25       0   0.000  0.013   2296     6.169          24.0        86.0       110.0      26.2     161.5
       48         67       0   0.000  0.003     20     1.091          40.0        90.0       130.0      26.2      24.0
       48         29       0   0.000  0.000      0       nan           nan         nan         nan       nan       nan
       48         30       0   0.000  0.000      0       nan           nan         nan         nan       nan       nan
       48         31       0   0.000  0.000      0       nan           nan         nan         nan       nan       nan
       48         33       0   0.000  0.000      0       nan           nan         nan         nan       nan       nan
       48         34       0   0.000  0.000      0       nan           nan         nan         nan       nan       nan
       48         36       0   0.000  0.000      0       nan           nan         nan         nan       nan       nan
       48         37       0   0.000  0.000      0       nan           nan         nan         nan       nan       nan
       48         38       0   0.000  0.000      0       nan           nan         nan         nan       nan       nan
       48         39       0   0.000  0.000      0       nan           nan         nan         nan       nan       nan
       48         40       0   0.000  0.000      0       nan           nan         nan         nan       nan       nan
       48         41       0   0.000  0.000      0       nan           nan         nan         nan       nan       nan
       48         42       0   0.000  0.000      0       nan           nan         nan         nan       nan       nan
       48         43       0   0.000  0.000      0       nan           nan         nan         nan       nan       nan
       48         44       0   0.000  0.000      0       nan           nan         nan         nan       nan       nan
       48         45       0   0.000  0.000      0       nan           nan         nan         nan       nan       nan
       48         46       0   0.000  0.000      0       nan           nan         nan         nan       nan       nan
       48         47       0   0.000  0.000      0       nan           nan         nan         nan       nan       nan
       48         49       0   0.000  0.000      0       nan           nan         nan         nan       nan       nan
       48         52       0   0.000  0.000      0       nan           nan         nan         nan       nan       nan
       48         53       0   0.000  0.000      0       nan           nan         nan         nan       nan       nan
       48         54       0   0.000  0.000      0       nan           nan         nan         nan       nan       nan
       48         55       0   0.000  0.000      0       nan           nan         nan         nan       nan       nan
       48         56       0   0.000  0.000      0       nan           nan         nan         nan       nan       nan
       48         57       0   0.000  0.000      0       nan           nan         nan         nan       nan       nan
       48         58       0   0.000  0.000      0       nan           nan         nan         nan       nan       nan
       48         59       0   0.000  0.000      0       nan           nan         nan         nan       nan       nan
       48         62       0   0.000  0.000      0       nan           nan         nan         nan       nan       nan
       48         63       0   0.000  0.000      0       nan           nan         nan         nan       nan       nan
       48         64       0   0.000  0.000      0       nan           nan         nan         nan       nan       nan
       48         65       0   0.000  0.000      0       nan           nan         nan         nan       nan       nan
       48         66       0   0.000  0.000      0       nan           nan         nan         nan       nan       nan
       48         68       0   0.000  0.000      0       nan           nan         nan         nan       nan       nan
       48         69       0   0.000  0.000      0       nan           nan         nan         nan       nan       nan
       48         70       0   0.000  0.000      0       nan           nan         nan         nan       nan       nan
       48         71       0   0.000  0.000      0       nan           nan         nan         nan       nan       nan
       48         72       0   0.000  0.000      0       nan           nan         nan         nan       nan       nan
       48         73       0   0.000  0.000      0       nan           nan         nan         nan       nan       nan
       48         74       0   0.000  0.000      0       nan           nan         nan         nan       nan       nan
       48         75       0   0.000  0.000      0       nan           nan         nan         nan       nan       nan
       48         76       0   0.000  0.000      0       nan           nan         nan         nan       nan       nan
       48         77       0   0.000  0.000      0       nan           nan         nan         nan       nan       nan
       48         78       0   0.000  0.000      0       nan           nan         nan         nan       nan       nan
       48         79       0   0.000  0.000      0       nan           nan         nan         nan       nan       nan
       48         80       0   0.000  0.000      0       nan           nan         nan         nan       nan       nan
       48         81       0   0.000  0.000      0       nan           nan         nan         nan       nan       nan
       48         82       0   0.000  0.000      0       nan           nan         nan         nan       nan       nan
       48         83       0   0.000  0.000      0       nan           nan         nan         nan       nan       nan
       48         84       0   0.000  0.000      0       nan           nan         nan         nan       nan       nan
       48         85       0   0.000  0.000      0       nan           nan         nan         nan       nan       nan
       48         86       0   0.000  0.000      0       nan           nan         nan         nan       nan       nan
       48         87       0   0.000  0.000      0       nan           nan         nan         nan       nan       nan
       48         88       0   0.000  0.000      0       nan           nan         nan         nan       nan       nan
       48         89       0   0.000  0.000      0       nan           nan         nan         nan       nan       nan
       48         90       0   0.000  0.000      0       nan           nan         nan         nan       nan       nan
       48         91       0   0.000  0.000      0       nan           nan         nan         nan       nan       nan
       48         92       0   0.000  0.000      0       nan           nan         nan         nan       nan       nan
       48         93       0   0.000  0.000      0       nan           nan         nan         nan       nan       nan
       48         94       0   0.000  0.000      0       nan           nan         nan         nan       nan       nan
       48         95       0   0.000  0.000      0       nan           nan         nan         nan       nan       nan
       48         96       0   0.000  0.000      0       nan           nan         nan         nan       nan       nan
       48         97       0   0.000  0.000      0       nan           nan         nan         nan       nan       nan
       48         98       0   0.000  0.000      0       nan           nan         nan         nan       nan       nan
       48        100       0   0.000  0.000      0       nan           nan         nan         nan       nan       nan
       48        101       0   0.000  0.000      0       nan           nan         nan         nan       nan       nan
       48        102       0   0.000  0.000      0       nan           nan         nan         nan       nan       nan
       48        103       0   0.000  0.000      0       nan           nan         nan         nan       nan       nan
       48        104       0   0.000  0.000      0       nan           nan         nan         nan       nan       nan
       48        106       0   0.000  0.000      0       nan           nan         nan         nan       nan       nan
       48        107       0   0.000  0.000      0       nan           nan         nan         nan       nan       nan
       48        108       0   0.000  0.000      0       nan           nan         nan         nan       nan       nan
       48        109       0   0.000  0.000      0       nan           nan         nan         nan       nan       nan
       48        110       0   0.000  0.000      0       nan           nan         nan         nan       nan       nan
       48        111       0   0.000  0.000      0       nan           nan         nan         nan       nan       nan
       48        112       0   0.000  0.000      0       nan           nan         nan         nan       nan       nan
       48        113       0   0.000  0.000      0       nan           nan         nan         nan       nan       nan
       48        114       0   0.000  0.000      0       nan           nan         nan         nan       nan       nan
       48        115       0   0.000  0.000      0       nan           nan         nan         nan       nan       nan
       48        117       0   0.000  0.000      0       nan           nan         nan         nan       nan       nan
       48        118       0   0.000  0.000      0       nan           nan         nan         nan       nan       nan
       48        119       0   0.000  0.000      0       nan           nan         nan         nan       nan       nan
       48        121       0   0.000  0.000      0       nan           nan         nan         nan       nan       nan
       48        122       0   0.000  0.000      0       nan           nan         nan         nan       nan       nan
       48        123       0   0.000  0.000      0       nan           nan         nan         nan       nan       nan
       48        124       0   0.000  0.000      0       nan           nan         nan         nan       nan       nan
       48        125       0   0.000  0.000      0       nan           nan         nan         nan       nan       nan
       48        127       0   0.000  0.000      0       nan           nan         nan         nan       nan       nan
       48        128       0   0.000  0.000      0       nan           nan         nan         nan       nan       nan
       48        129       0   0.000  0.000      0       nan           nan         nan         nan       nan       nan
       48        131       0   0.000  0.000      0       nan           nan         nan         nan       nan       nan
       48        132       0   0.000  0.000      0       nan           nan         nan         nan       nan       nan
       48        133       0   0.000  0.000      0       nan           nan         nan         nan       nan       nan
       48        134       0   0.000  0.000      0       nan           nan         nan         nan       nan       nan
       48        135       0   0.000  0.000      0       nan           nan         nan         nan       nan       nan
       48        136       0   0.000  0.000      0       nan           nan         nan         nan       nan       nan
       48        137       0   0.000  0.000      0       nan           nan         nan         nan       nan       nan
       48        138       0   0.000  0.000      0       nan           nan         nan         nan       nan       nan
       48        139       0   0.000  0.000      0       nan           nan         nan         nan       nan       nan
       49         62       1   0.018  0.254   4364     1.189          10.6        99.4       110.0      57.1      48.0
       49         35       0   0.011  0.439  16184     1.297          31.1        95.4       126.5      57.1      44.0
       49         82       0   0.008  0.112   1936     2.181           5.4        95.3        89.9      57.1      26.2
       49         41       0   0.007  0.175   3100     1.414          15.9        94.1       110.0      48.0      33.9
       49         88       0   0.007  0.239   4224     1.834          18.2        91.8       110.0      67.9      37.0
       49         26       0   0.004  0.163  16456     1.834          20.8        95.5       116.3      57.1      31.1
       49         28       0   0.004  0.084   5836     1.682          11.6        98.4       110.0      57.1      96.0
       49         33       0   0.004  0.284   8104     2.594          27.8        94.7       122.5      67.9      26.2
       49         32       0   0.004  0.111  15132     1.091          27.6        96.0       123.6      57.1      52.3
       49         99       0   0.003  0.041    708     1.189          10.0       100.0        90.0      57.1      48.0
       49         27       0   0.003  0.110  15844     1.834          20.3        96.0       116.4      57.1     104.7
       49        136       0   0.002  0.069   1184     1.682          15.5        94.5       110.0      67.9      40.4
       49         37       0   0.002  0.174   3028     2.378          30.5        95.0       125.5      57.1      24.0
       49         39       0   0.002  0.152   4388     2.828          22.5        93.0       115.5      67.9      24.0
       49         25       0   0.002  0.096  17212     2.828          14.4        95.6       110.0      57.1     161.5
       49         51       0   0.002  0.169   4752     2.594          32.0        98.0       130.0      57.1     148.1
       49         56       0   0.002  0.086   1492     1.414          39.3        90.7       130.0      44.0      31.1
       49         67       0   0.001  0.110   2204     2.378          30.0       100.0       130.0      57.1      24.0
       49         50       0   0.001  0.031    932     2.594          10.0       100.0        90.0      57.1     148.1
       49        120       0   0.001  0.051    920     1.542          30.0       100.0       130.0      57.1      37.0
       49         84       0   0.001  0.042   1152     1.414          30.2        99.8       130.0      67.9      48.0
       49        115       0   0.000  0.032    556     2.181          30.0       100.0       130.0      57.1      26.2
       49         61       0   0.000  0.012    208     2.378          10.0       100.0        90.0      57.1      24.0
       49        103       0   0.000  0.057    980     3.084          40.0        90.0       130.0      74.0      24.0
       49         48       0   0.000  0.008    200     1.297          20.0       100.0       120.0      57.1      44.0
       49         58       0   0.000  0.029    528     2.828          40.0        90.0       130.0      67.9      24.0
       49        130       0   0.000  0.015    264     1.834          40.0       100.0       140.0      57.1      31.1
       49         31       0   0.000  0.014   2104     2.594          33.7        96.3       130.0      67.9     176.1
       49        124       0   0.000  0.002     52     1.834          10.0       100.0        90.0      67.9     124.5
       49        116       0   0.000  0.001     20     2.000          10.0       100.0        90.0      57.1     114.2
       49         29       0   0.000  0.001    164     1.834          20.5        99.5       120.0      67.9     124.5
       49         46       0   0.000  0.000     12     2.000          30.0       100.0       130.0      67.9     135.8
       49         30       0   0.000  0.000      0       nan           nan         nan         nan       nan       nan
       49         34       0   0.000  0.000      0       nan           nan         nan         nan       nan       nan
       49         36       0   0.000  0.000      0       nan           nan         nan         nan       nan       nan
       49         38       0   0.000  0.000      0       nan           nan         nan         nan       nan       nan
       49         40       0   0.000  0.000      0       nan           nan         nan         nan       nan       nan
       49         42       0   0.000  0.000      0       nan           nan         nan         nan       nan       nan
       49         43       0   0.000  0.000      0       nan           nan         nan         nan       nan       nan
       49         44       0   0.000  0.000      0       nan           nan         nan         nan       nan       nan
       49         45       0   0.000  0.000      0       nan           nan         nan         nan       nan       nan
       49         47       0   0.000  0.000      0       nan           nan         nan         nan       nan       nan
       49         49       0   0.000  0.000      0       nan           nan         nan         nan       nan       nan
       49         52       0   0.000  0.000      0       nan           nan         nan         nan       nan       nan
       49         53       0   0.000  0.000      0       nan           nan         nan         nan       nan       nan
       49         54       0   0.000  0.000      0       nan           nan         nan         nan       nan       nan
       49         55       0   0.000  0.000      0       nan           nan         nan         nan       nan       nan
       49         57       0   0.000  0.000      0       nan           nan         nan         nan       nan       nan
       49         59       0   0.000  0.000      0       nan           nan         nan         nan       nan       nan
       49         60       0   0.000  0.000      0       nan           nan         nan         nan       nan       nan
       49         63       0   0.000  0.000      0       nan           nan         nan         nan       nan       nan
       49         64       0   0.000  0.000      0       nan           nan         nan         nan       nan       nan
       49         65       0   0.000  0.000      0       nan           nan         nan         nan       nan       nan
       49         66       0   0.000  0.000      0       nan           nan         nan         nan       nan       nan
       49         68       0   0.000  0.000      0       nan           nan         nan         nan       nan       nan
       49         69       0   0.000  0.000      0       nan           nan         nan         nan       nan       nan
       49         70       0   0.000  0.000      0       nan           nan         nan         nan       nan       nan
       49         71       0   0.000  0.000      0       nan           nan         nan         nan       nan       nan
       49         72       0   0.000  0.000      0       nan           nan         nan         nan       nan       nan
       49         73       0   0.000  0.000      0       nan           nan         nan         nan       nan       nan
       49         74       0   0.000  0.000      0       nan           nan         nan         nan       nan       nan
       49         75       0   0.000  0.000      0       nan           nan         nan         nan       nan       nan
       49         76       0   0.000  0.000      0       nan           nan         nan         nan       nan       nan
       49         77       0   0.000  0.000      0       nan           nan         nan         nan       nan       nan
       49         78       0   0.000  0.000      0       nan           nan         nan         nan       nan       nan
       49         79       0   0.000  0.000      0       nan           nan         nan         nan       nan       nan
       49         80       0   0.000  0.000      0       nan           nan         nan         nan       nan       nan
       49         81       0   0.000  0.000      0       nan           nan         nan         nan       nan       nan
       49         83       0   0.000  0.000      0       nan           nan         nan         nan       nan       nan
       49         85       0   0.000  0.000      0       nan           nan         nan         nan       nan       nan
       49         86       0   0.000  0.000      0       nan           nan         nan         nan       nan       nan
       49         87       0   0.000  0.000      0       nan           nan         nan         nan       nan       nan
       49         89       0   0.000  0.000      0       nan           nan         nan         nan       nan       nan
       49         90       0   0.000  0.000      0       nan           nan         nan         nan       nan       nan
       49         91       0   0.000  0.000      0       nan           nan         nan         nan       nan       nan
       49         92       0   0.000  0.000      0       nan           nan         nan         nan       nan       nan
       49         93       0   0.000  0.000      0       nan           nan         nan         nan       nan       nan
       49         94       0   0.000  0.000      0       nan           nan         nan         nan       nan       nan
       49         95       0   0.000  0.000      0       nan           nan         nan         nan       nan       nan
       49         96       0   0.000  0.000      0       nan           nan         nan         nan       nan       nan
       49         97       0   0.000  0.000      0       nan           nan         nan         nan       nan       nan
       49         98       0   0.000  0.000      0       nan           nan         nan         nan       nan       nan
       49        100       0   0.000  0.000      0       nan           nan         nan         nan       nan       nan
       49        101       0   0.000  0.000      0       nan           nan         nan         nan       nan       nan
       49        102       0   0.000  0.000      0       nan           nan         nan         nan       nan       nan
       49        104       0   0.000  0.000      0       nan           nan         nan         nan       nan       nan
       49        105       0   0.000  0.000      0       nan           nan         nan         nan       nan       nan
       49        106       0   0.000  0.000      0       nan           nan         nan         nan       nan       nan
       49        107       0   0.000  0.000      0       nan           nan         nan         nan       nan       nan
       49        108       0   0.000  0.000      0       nan           nan         nan         nan       nan       nan
       49        109       0   0.000  0.000      0       nan           nan         nan         nan       nan       nan
       49        110       0   0.000  0.000      0       nan           nan         nan         nan       nan       nan
       49        111       0   0.000  0.000      0       nan           nan         nan         nan       nan       nan
       49        112       0   0.000  0.000      0       nan           nan         nan         nan       nan       nan
       49        113       0   0.000  0.000      0       nan           nan         nan         nan       nan       nan
       49        114       0   0.000  0.000      0       nan           nan         nan         nan       nan       nan
       49        117       0   0.000  0.000      0       nan           nan         nan         nan       nan       nan
       49        118       0   0.000  0.000      0       nan           nan         nan         nan       nan       nan
       49        119       0   0.000  0.000      0       nan           nan         nan         nan       nan       nan
       49        121       0   0.000  0.000      0       nan           nan         nan         nan       nan       nan
       49        122       0   0.000  0.000      0       nan           nan         nan         nan       nan       nan
       49        123       0   0.000  0.000      0       nan           nan         nan         nan       nan       nan
       49        125       0   0.000  0.000      0       nan           nan         nan         nan       nan       nan
       49        126       0   0.000  0.000      0       nan           nan         nan         nan       nan       nan
       49        127       0   0.000  0.000      0       nan           nan         nan         nan       nan       nan
       49        128       0   0.000  0.000      0       nan           nan         nan         nan       nan       nan
       49        129       0   0.000  0.000      0       nan           nan         nan         nan       nan       nan
       49        131       0   0.000  0.000      0       nan           nan         nan         nan       nan       nan
       49        132       0   0.000  0.000      0       nan           nan         nan         nan       nan       nan
       49        133       0   0.000  0.000      0       nan           nan         nan         nan       nan       nan
       49        134       0   0.000  0.000      0       nan           nan         nan         nan       nan       nan
       49        135       0   0.000  0.000      0       nan           nan         nan         nan       nan       nan
       49        137       0   0.000  0.000      0       nan           nan         nan         nan       nan       nan
       49        138       0   0.000  0.000      0       nan           nan         nan         nan       nan       nan
       49        139       0   0.000  0.000      0       nan           nan         nan         nan       nan       nan
       50         40       1   0.090  0.290   1004     1.189           1.7       106.6       104.9      37.0      44.0
       50        107       0   0.028  0.503    896     1.091          15.3       105.3        90.0      37.0      33.9
       50         36       1   0.025  0.185   1128     1.091           5.8       105.9       100.1      37.0      33.9
       50         44       0   0.018  0.189   1128     2.000           4.1       105.9       110.0      37.0      74.0
       50         68       0   0.016  0.441   1128     1.834          14.1       105.9       120.0      37.0      67.9
       50         79       0   0.009  0.306    824     2.594          12.9       107.7       120.6      37.0      96.0
       50         60       0   0.008  0.200    956     1.542          14.5       105.5       120.0      37.0      57.1
       50         52       0   0.008  0.115   1128     2.181           5.9       105.9       100.0      37.0      80.7
       50         53       0   0.007  0.106    480     1.297          11.2       101.2        90.0      37.0      28.5
       50        134       0   0.005  0.161    980     2.000          15.9       105.9        90.0      37.0      74.0
       50         26       0   0.002  0.011   1128     1.414           3.5       105.9       102.4      37.0      52.3
       50         28       0   0.001  0.019   1128     2.594           4.1       105.9       110.0      37.0      96.0
       50         30       0   0.001  0.023   1128     3.084           4.1       105.9       110.0      37.0     114.2
       50         50       0   0.001  0.082   1128     4.000          15.9       105.9        90.0      37.0     148.1
       50         51       0   0.001  0.072   1128     4.000          24.1       105.9       130.0      37.0     148.1
       50         27       0   0.001  0.008   1128     2.181           4.1       105.9       110.0      37.0      80.7
       50         32       0   0.000  0.008   1120     1.682          14.2       105.8       120.0      37.0      62.2
       50         77       0   0.000  0.008     60     1.189          20.0       100.0       120.0      37.0      31.1
       50         25       0   0.000  0.006   1128     4.362           4.1       105.9       110.0      37.0     161.5
       50        114       0   0.000  0.002      4     1.297          20.0       100.0       120.0      37.0      28.5
       50         29       0   0.000  0.000      0       nan           nan         nan         nan       nan       nan
       50         31       0   0.000  0.000      0       nan           nan         nan         nan       nan       nan
       50         33       0   0.000  0.000      0       nan           nan         nan         nan       nan       nan
       50         34       0   0.000  0.000      0       nan           nan         nan         nan       nan       nan
       50         35       0   0.000  0.000      0       nan           nan         nan         nan       nan       nan
       50         37       0   0.000  0.000      0       nan           nan         nan         nan       nan       nan
       50         38       0   0.000  0.000      0       nan           nan         nan         nan       nan       nan
       50         39       0   0.000  0.000      0       nan           nan         nan         nan       nan       nan
       50         41       0   0.000  0.000      0       nan           nan         nan         nan       nan       nan
       50         42       0   0.000  0.000      0       nan           nan         nan         nan       nan       nan
       50         43       0   0.000  0.000      0       nan           nan         nan         nan       nan       nan
       50         45       0   0.000  0.000      0       nan           nan         nan         nan       nan       nan
       50         46       0   0.000  0.000      0       nan           nan         nan         nan       nan       nan
       50         47       0   0.000  0.000      0       nan           nan         nan         nan       nan       nan
       50         48       0   0.000  0.000      0       nan           nan         nan         nan       nan       nan
       50         49       0   0.000  0.000      0       nan           nan         nan         nan       nan       nan
       50         54       0   0.000  0.000      0       nan           nan         nan         nan       nan       nan
       50         55       0   0.000  0.000      0       nan           nan         nan         nan       nan       nan
       50         56       0   0.000  0.000      0       nan           nan         nan         nan       nan       nan
       50         57       0   0.000  0.000      0       nan           nan         nan         nan       nan       nan
       50         58       0   0.000  0.000      0       nan           nan         nan         nan       nan       nan
       50         59       0   0.000  0.000      0       nan           nan         nan         nan       nan       nan
       50         61       0   0.000  0.000      0       nan           nan         nan         nan       nan       nan
       50         62       0   0.000  0.000      0       nan           nan         nan         nan       nan       nan
       50         63       0   0.000  0.000      0       nan           nan         nan         nan       nan       nan
       50         64       0   0.000  0.000      0       nan           nan         nan         nan       nan       nan
       50         65       0   0.000  0.000      0       nan           nan         nan         nan       nan       nan
       50         66       0   0.000  0.000      0       nan           nan         nan         nan       nan       nan
       50         67       0   0.000  0.000      0       nan           nan         nan         nan       nan       nan
       50         69       0   0.000  0.000      0       nan           nan         nan         nan       nan       nan
       50         70       0   0.000  0.000      0       nan           nan         nan         nan       nan       nan
       50         71       0   0.000  0.000      0       nan           nan         nan         nan       nan       nan
       50         72       0   0.000  0.000      0       nan           nan         nan         nan       nan       nan
       50         73       0   0.000  0.000      0       nan           nan         nan         nan       nan       nan
       50         74       0   0.000  0.000      0       nan           nan         nan         nan       nan       nan
       50         75       0   0.000  0.000      0       nan           nan         nan         nan       nan       nan
       50         76       0   0.000  0.000      0       nan           nan         nan         nan       nan       nan
       50         78       0   0.000  0.000      0       nan           nan         nan         nan       nan       nan
       50         80       0   0.000  0.000      0       nan           nan         nan         nan       nan       nan
       50         81       0   0.000  0.000      0       nan           nan         nan         nan       nan       nan
       50         82       0   0.000  0.000      0       nan           nan         nan         nan       nan       nan
       50         83       0   0.000  0.000      0       nan           nan         nan         nan       nan       nan
       50         84       0   0.000  0.000      0       nan           nan         nan         nan       nan       nan
       50         85       0   0.000  0.000      0       nan           nan         nan         nan       nan       nan
       50         86       0   0.000  0.000      0       nan           nan         nan         nan       nan       nan
       50         87       0   0.000  0.000      0       nan           nan         nan         nan       nan       nan
       50         88       0   0.000  0.000      0       nan           nan         nan         nan       nan       nan
       50         89       0   0.000  0.000      0       nan           nan         nan         nan       nan       nan
       50         90       0   0.000  0.000      0       nan           nan         nan         nan       nan       nan
       50         91       0   0.000  0.000      0       nan           nan         nan         nan       nan       nan
       50         92       0   0.000  0.000      0       nan           nan         nan         nan       nan       nan
       50         93       0   0.000  0.000      0       nan           nan         nan         nan       nan       nan
       50         94       0   0.000  0.000      0       nan           nan         nan         nan       nan       nan
       50         95       0   0.000  0.000      0       nan           nan         nan         nan       nan       nan
       50         96       0   0.000  0.000      0       nan           nan         nan         nan       nan       nan
       50         97       0   0.000  0.000      0       nan           nan         nan         nan       nan       nan
       50         98       0   0.000  0.000      0       nan           nan         nan         nan       nan       nan
       50         99       0   0.000  0.000      0       nan           nan         nan         nan       nan       nan
       50        100       0   0.000  0.000      0       nan           nan         nan         nan       nan       nan
       50        101       0   0.000  0.000      0       nan           nan         nan         nan       nan       nan
       50        102       0   0.000  0.000      0       nan           nan         nan         nan       nan       nan
       50        103       0   0.000  0.000      0       nan           nan         nan         nan       nan       nan
       50        104       0   0.000  0.000      0       nan           nan         nan         nan       nan       nan
       50        105       0   0.000  0.000      0       nan           nan         nan         nan       nan       nan
       50        106       0   0.000  0.000      0       nan           nan         nan         nan       nan       nan
       50        108       0   0.000  0.000      0       nan           nan         nan         nan       nan       nan
       50        109       0   0.000  0.000      0       nan           nan         nan         nan       nan       nan
       50        110       0   0.000  0.000      0       nan           nan         nan         nan       nan       nan
       50        111       0   0.000  0.000      0       nan           nan         nan         nan       nan       nan
       50        112       0   0.000  0.000      0       nan           nan         nan         nan       nan       nan
       50        113       0   0.000  0.000      0       nan           nan         nan         nan       nan       nan
       50        115       0   0.000  0.000      0       nan           nan         nan         nan       nan       nan
       50        116       0   0.000  0.000      0       nan           nan         nan         nan       nan       nan
       50        117       0   0.000  0.000      0       nan           nan         nan         nan       nan       nan
       50        118       0   0.000  0.000      0       nan           nan         nan         nan       nan       nan
       50        119       0   0.000  0.000      0       nan           nan         nan         nan       nan       nan
       50        120       0   0.000  0.000      0       nan           nan         nan         nan       nan       nan
       50        121       0   0.000  0.000      0       nan           nan         nan         nan       nan       nan
       50        122       0   0.000  0.000      0       nan           nan         nan         nan       nan       nan
       50        123       0   0.000  0.000      0       nan           nan         nan         nan       nan       nan
       50        124       0   0.000  0.000      0       nan           nan         nan         nan       nan       nan
       50        125       0   0.000  0.000      0       nan           nan         nan         nan       nan       nan
       50        126       0   0.000  0.000      0       nan           nan         nan         nan       nan       nan
       50        127       0   0.000  0.000      0       nan           nan         nan         nan       nan       nan
       50        128       0   0.000  0.000      0       nan           nan         nan         nan       nan       nan
       50        129       0   0.000  0.000      0       nan           nan         nan         nan       nan       nan
       50        130       0   0.000  0.000      0       nan           nan         nan         nan       nan       nan
       50        131       0   0.000  0.000      0       nan           nan         nan         nan       nan       nan
       50        132       0   0.000  0.000      0       nan           nan         nan         nan       nan       nan
       50        133       0   0.000  0.000      0       nan           nan         nan         nan       nan       nan
       50        135       0   0.000  0.000      0       nan           nan         nan         nan       nan       nan
       50        136       0   0.000  0.000      0       nan           nan         nan         nan       nan       nan
       50        137       0   0.000  0.000      0       nan           nan         nan         nan       nan       nan
       50        138       0   0.000  0.000      0       nan           nan         nan         nan       nan       nan
       50        139       0   0.000  0.000      0       nan           nan         nan         nan       nan       nan
       51         70       1   0.067  0.079    368     1.189           0.0       130.0       130.0      28.5      33.9
       51         46       0   0.007  0.034   1320     4.757           0.0       130.0       130.0      28.5     135.8
       51         66       1   0.007  0.072    668     1.000          10.0       130.0       120.0      28.5      28.5
       51        122       0   0.006  0.228    408     1.189          30.0       130.0       100.0      28.5      24.0
       51         34       0   0.003  0.085   1068     1.189          20.0       130.0       110.0      28.5      24.0
       51        119       0   0.003  0.158    756     1.834          30.0       130.0       100.0      28.5      52.3
       51         59       0   0.003  0.033    104     1.189          10.0       130.0       120.0      28.5      24.0
       51         38       0   0.002  0.051    792     1.091          20.0       130.0       110.0      28.5      31.1
       51         31       0   0.002  0.010   1320     5.187           0.0       130.0       130.0      28.5     148.1
       51         43       0   0.002  0.022    412     1.091          10.0       130.0       120.0      28.5      26.2
       51         69       0   0.001  0.115   1320     3.364          30.0       130.0       100.0      28.5      96.0
       51        124       0   0.001  0.155   1272     4.362          40.0       130.0        90.0      28.5     124.5
       51         26       0   0.001  0.013   1320     1.297          17.8       130.0       112.2      28.5      37.0
       51         32       0   0.000  0.010   1320     2.181           9.9       130.0       120.1      28.5      62.2
       51         28       0   0.000  0.023   1320     3.364          20.0       130.0       110.0      28.5      96.0
       51         30       0   0.000  0.027   1320     4.000          20.0       130.0       110.0      28.5     114.2
       51         29       0   0.000  0.014   1320     4.362          10.0       130.0       120.0      28.5     124.5
       51         96       0   0.000  0.007     20     1.091          30.0       130.0       100.0      28.5      31.1
       51         27       0   0.000  0.009   1320     3.668          18.8       130.0       111.2      28.5     104.7
       51         25       0   0.000  0.007   1320     5.657          20.0       130.0       110.0      28.5     161.5
       51         33       0   0.000  0.000      0       nan           nan         nan         nan       nan       nan
       51         35       0   0.000  0.000      0       nan           nan         nan         nan       nan       nan
       51         36       0   0.000  0.000      0       nan           nan         nan         nan       nan       nan
       51         37       0   0.000  0.000      0       nan           nan         nan         nan       nan       nan
       51         39       0   0.000  0.000      0       nan           nan         nan         nan       nan       nan
       51         40       0   0.000  0.000      0       nan           nan         nan         nan       nan       nan
       51         41       0   0.000  0.000      0       nan           nan         nan         nan       nan       nan
       51         42       0   0.000  0.000      0       nan           nan         nan         nan       nan       nan
       51         44       0   0.000  0.000      0       nan           nan         nan         nan       nan       nan
       51         45       0   0.000  0.000      0       nan           nan         nan         nan       nan       nan
       51         47       0   0.000  0.000      0       nan           nan         nan         nan       nan       nan
       51         48       0   0.000  0.000      0       nan           nan         nan         nan       nan       nan
       51         49       0   0.000  0.000      0       nan           nan         nan         nan       nan       nan
       51         50       0   0.000  0.000      0       nan           nan         nan         nan       nan       nan
       51         51       0   0.000  0.000      0       nan           nan         nan         nan       nan       nan
       51         52       0   0.000  0.000      0       nan           nan         nan         nan       nan       nan
       51         53       0   0.000  0.000      0       nan           nan         nan         nan       nan       nan
       51         54       0   0.000  0.000      0       nan           nan         nan         nan       nan       nan
       51         55       0   0.000  0.000      0       nan           nan         nan         nan       nan       nan
       51         56       0   0.000  0.000      0       nan           nan         nan         nan       nan       nan
       51         57       0   0.000  0.000      0       nan           nan         nan         nan       nan       nan
       51         58       0   0.000  0.000      0       nan           nan         nan         nan       nan       nan
       51         60       0   0.000  0.000      0       nan           nan         nan         nan       nan       nan
       51         61       0   0.000  0.000      0       nan           nan         nan         nan       nan       nan
       51         62       0   0.000  0.000      0       nan           nan         nan         nan       nan       nan
       51         63       0   0.000  0.000      0       nan           nan         nan         nan       nan       nan
       51         64       0   0.000  0.000      0       nan           nan         nan         nan       nan       nan
       51         65       0   0.000  0.000      0       nan           nan         nan         nan       nan       nan
       51         67       0   0.000  0.000      0       nan           nan         nan         nan       nan       nan
       51         68       0   0.000  0.000      0       nan           nan         nan         nan       nan       nan
       51         71       0   0.000  0.000      0       nan           nan         nan         nan       nan       nan
       51         72       0   0.000  0.000      0       nan           nan         nan         nan       nan       nan
       51         73       0   0.000  0.000      0       nan           nan         nan         nan       nan       nan
       51         74       0   0.000  0.000      0       nan           nan         nan         nan       nan       nan
       51         75       0   0.000  0.000      0       nan           nan         nan         nan       nan       nan
       51         76       0   0.000  0.000      0       nan           nan         nan         nan       nan       nan
       51         77       0   0.000  0.000      0       nan           nan         nan         nan       nan       nan
       51         78       0   0.000  0.000      0       nan           nan         nan         nan       nan       nan
       51         79       0   0.000  0.000      0       nan           nan         nan         nan       nan       nan
       51         80       0   0.000  0.000      0       nan           nan         nan         nan       nan       nan
       51         81       0   0.000  0.000      0       nan           nan         nan         nan       nan       nan
       51         82       0   0.000  0.000      0       nan           nan         nan         nan       nan       nan
       51         83       0   0.000  0.000      0       nan           nan         nan         nan       nan       nan
       51         84       0   0.000  0.000      0       nan           nan         nan         nan       nan       nan
       51         85       0   0.000  0.000      0       nan           nan         nan         nan       nan       nan
       51         86       0   0.000  0.000      0       nan           nan         nan         nan       nan       nan
       51         87       0   0.000  0.000      0       nan           nan         nan         nan       nan       nan
       51         88       0   0.000  0.000      0       nan           nan         nan         nan       nan       nan
       51         89       0   0.000  0.000      0       nan           nan         nan         nan       nan       nan
       51         90       0   0.000  0.000      0       nan           nan         nan         nan       nan       nan
       51         91       0   0.000  0.000      0       nan           nan         nan         nan       nan       nan
       51         92       0   0.000  0.000      0       nan           nan         nan         nan       nan       nan
       51         93       0   0.000  0.000      0       nan           nan         nan         nan       nan       nan
       51         94       0   0.000  0.000      0       nan           nan         nan         nan       nan       nan
       51         95       0   0.000  0.000      0       nan           nan         nan         nan       nan       nan
       51         97       0   0.000  0.000      0       nan           nan         nan         nan       nan       nan
       51         98       0   0.000  0.000      0       nan           nan         nan         nan       nan       nan
       51         99       0   0.000  0.000      0       nan           nan         nan         nan       nan       nan
       51        100       0   0.000  0.000      0       nan           nan         nan         nan       nan       nan
       51        101       0   0.000  0.000      0       nan           nan         nan         nan       nan       nan
       51        102       0   0.000  0.000      0       nan           nan         nan         nan       nan       nan
       51        103       0   0.000  0.000      0       nan           nan         nan         nan       nan       nan
       51        104       0   0.000  0.000      0       nan           nan         nan         nan       nan       nan
       51        105       0   0.000  0.000      0       nan           nan         nan         nan       nan       nan
       51        106       0   0.000  0.000      0       nan           nan         nan         nan       nan       nan
       51        107       0   0.000  0.000      0       nan           nan         nan         nan       nan       nan
       51        108       0   0.000  0.000      0       nan           nan         nan         nan       nan       nan
       51        109       0   0.000  0.000      0       nan           nan         nan         nan       nan       nan
       51        110       0   0.000  0.000      0       nan           nan         nan         nan       nan       nan
       51        111       0   0.000  0.000      0       nan           nan         nan         nan       nan       nan
       51        112       0   0.000  0.000      0       nan           nan         nan         nan       nan       nan
       51        113       0   0.000  0.000      0       nan           nan         nan         nan       nan       nan
       51        114       0   0.000  0.000      0       nan           nan         nan         nan       nan       nan
       51        115       0   0.000  0.000      0       nan           nan         nan         nan       nan       nan
       51        116       0   0.000  0.000      0       nan           nan         nan         nan       nan       nan
       51        117       0   0.000  0.000      0       nan           nan         nan         nan       nan       nan
       51        118       0   0.000  0.000      0       nan           nan         nan         nan       nan       nan
       51        120       0   0.000  0.000      0       nan           nan         nan         nan       nan       nan
       51        121       0   0.000  0.000      0       nan           nan         nan         nan       nan       nan
       51        123       0   0.000  0.000      0       nan           nan         nan         nan       nan       nan
       51        125       0   0.000  0.000      0       nan           nan         nan         nan       nan       nan
       51        126       0   0.000  0.000      0       nan           nan         nan         nan       nan       nan
       51        127       0   0.000  0.000      0       nan           nan         nan         nan       nan       nan
       51        128       0   0.000  0.000      0       nan           nan         nan         nan       nan       nan
       51        129       0   0.000  0.000      0       nan           nan         nan         nan       nan       nan
       51        130       0   0.000  0.000      0       nan           nan         nan         nan       nan       nan
       51        131       0   0.000  0.000      0       nan           nan         nan         nan       nan       nan
       51        132       0   0.000  0.000      0       nan           nan         nan         nan       nan       nan
       51        133       0   0.000  0.000      0       nan           nan         nan         nan       nan       nan
       51        134       0   0.000  0.000      0       nan           nan         nan         nan       nan       nan
       51        135       0   0.000  0.000      0       nan           nan         nan         nan       nan       nan
       51        136       0   0.000  0.000      0       nan           nan         nan         nan       nan       nan
       51        137       0   0.000  0.000      0       nan           nan         nan         nan       nan       nan
       51        138       0   0.000  0.000      0       nan           nan         nan         nan       nan       nan
       51        139       0   0.000  0.000      0       nan           nan         nan         nan       nan       nan
       52         88       0   0.207  0.268   2152     1.297           0.0       110.0       110.0      28.5      37.0
       52         92       0   0.096  0.149   1180     1.542           0.0       110.0       110.0      28.5      44.0
       52         65       0   0.075  0.097   1060     1.297           0.0       110.0       110.0      28.5      37.0
       52         39       1   0.021  0.235   4100     1.189           8.6       110.0       118.6      28.5      24.0
       52         34       0   0.016  0.019    340     1.189           0.0       110.0       110.0      28.5      24.0
       52         33       1   0.015  0.185   3876     1.091          10.0       110.0       120.0      28.5      26.2
       52         58       0   0.009  0.248   1356     1.297          20.0       110.0       130.0      31.1      24.0
       52         84       0   0.008  0.158   2300     1.682          11.3       110.0       121.3      28.5      48.0
       52         35       0   0.005  0.137   4984     1.414          20.0       110.0       130.0      28.5      40.4
       52         26       1   0.004  0.052   5176     1.091          10.0       110.0       120.0      28.5      31.1
       52         91       0   0.004  0.081    776     1.091          20.0       110.0       130.0      28.5      31.1
       52        136       0   0.003  0.004     24     1.414           0.0       110.0       110.0      28.5      40.4
       52        103       0   0.002  0.056    344     1.189          20.0       110.0       130.0      28.5      24.0
       52         32       0   0.002  0.032   4264     1.542          10.5       110.0       120.5      28.5      44.0
       52         27       0   0.001  0.020   2872     2.181           5.1       110.0       115.1      28.5      62.2
       52         25       0   0.001  0.030   5476     5.657           4.6       110.0       114.6      28.5     161.5
       52         29       0   0.000  0.015   1432     4.362          10.0       110.0       120.0      28.5     124.5
       52         46       0   0.000  0.027   1176     4.757          20.0       110.0       130.0      28.5     135.8
       52         31       0   0.000  0.022   3036     6.169          20.0       110.0       130.0      28.5     176.1
       52         28       0   0.000  0.000      0       nan           nan         nan         nan       nan       nan
       52         30       0   0.000  0.000      0       nan           nan         nan         nan       nan       nan
       52         36       0   0.000  0.000      0       nan           nan         nan         nan       nan       nan
       52         37       0   0.000  0.000      0       nan           nan         nan         nan       nan       nan
       52         38       0   0.000  0.000      0       nan           nan         nan         nan       nan       nan
       52         40       0   0.000  0.000      0       nan           nan         nan         nan       nan       nan
       52         41       0   0.000  0.000      0       nan           nan         nan         nan       nan       nan
       52         42       0   0.000  0.000      0       nan           nan         nan         nan       nan       nan
       52         43       0   0.000  0.000      0       nan           nan         nan         nan       nan       nan
       52         44       0   0.000  0.000      0       nan           nan         nan         nan       nan       nan
       52         45       0   0.000  0.000      0       nan           nan         nan         nan       nan       nan
       52         47       0   0.000  0.000      0       nan           nan         nan         nan       nan       nan
       52         48       0   0.000  0.000      0       nan           nan         nan         nan       nan       nan
       52         49       0   0.000  0.000      0       nan           nan         nan         nan       nan       nan
       52         50       0   0.000  0.000      0       nan           nan         nan         nan       nan       nan
       52         51       0   0.000  0.000      0       nan           nan         nan         nan       nan       nan
       52         52       0   0.000  0.000      0       nan           nan         nan         nan       nan       nan
       52         53       0   0.000  0.000      0       nan           nan         nan         nan       nan       nan
       52         54       0   0.000  0.000      0       nan           nan         nan         nan       nan       nan
       52         55       0   0.000  0.000      0       nan           nan         nan         nan       nan       nan
       52         56       0   0.000  0.000      0       nan           nan         nan         nan       nan       nan
       52         57       0   0.000  0.000      0       nan           nan         nan         nan       nan       nan
       52         59       0   0.000  0.000      0       nan           nan         nan         nan       nan       nan
       52         60       0   0.000  0.000      0       nan           nan         nan         nan       nan       nan
       52         61       0   0.000  0.000      0       nan           nan         nan         nan       nan       nan
       52         62       0   0.000  0.000      0       nan           nan         nan         nan       nan       nan
       52         63       0   0.000  0.000      0       nan           nan         nan         nan       nan       nan
       52         64       0   0.000  0.000      0       nan           nan         nan         nan       nan       nan
       52         66       0   0.000  0.000      0       nan           nan         nan         nan       nan       nan
       52         67       0   0.000  0.000      0       nan           nan         nan         nan       nan       nan
       52         68       0   0.000  0.000      0       nan           nan         nan         nan       nan       nan
       52         69       0   0.000  0.000      0       nan           nan         nan         nan       nan       nan
       52         70       0   0.000  0.000      0       nan           nan         nan         nan       nan       nan
       52         71       0   0.000  0.000      0       nan           nan         nan         nan       nan       nan
       52         72       0   0.000  0.000      0       nan           nan         nan         nan       nan       nan
       52         73       0   0.000  0.000      0       nan           nan         nan         nan       nan       nan
       52         74       0   0.000  0.000      0       nan           nan         nan         nan       nan       nan
       52         75       0   0.000  0.000      0       nan           nan         nan         nan       nan       nan
       52         76       0   0.000  0.000      0       nan           nan         nan         nan       nan       nan
       52         77       0   0.000  0.000      0       nan           nan         nan         nan       nan       nan
       52         78       0   0.000  0.000      0       nan           nan         nan         nan       nan       nan
       52         79       0   0.000  0.000      0       nan           nan         nan         nan       nan       nan
       52         80       0   0.000  0.000      0       nan           nan         nan         nan       nan       nan
       52         81       0   0.000  0.000      0       nan           nan         nan         nan       nan       nan
       52         82       0   0.000  0.000      0       nan           nan         nan         nan       nan       nan
       52         83       0   0.000  0.000      0       nan           nan         nan         nan       nan       nan
       52         85       0   0.000  0.000      0       nan           nan         nan         nan       nan       nan
       52         86       0   0.000  0.000      0       nan           nan         nan         nan       nan       nan
       52         87       0   0.000  0.000      0       nan           nan         nan         nan       nan       nan
       52         89       0   0.000  0.000      0       nan           nan         nan         nan       nan       nan
       52         90       0   0.000  0.000      0       nan           nan         nan         nan       nan       nan
       52         93       0   0.000  0.000      0       nan           nan         nan         nan       nan       nan
       52         94       0   0.000  0.000      0       nan           nan         nan         nan       nan       nan
       52         95       0   0.000  0.000      0       nan           nan         nan         nan       nan       nan
       52         96       0   0.000  0.000      0       nan           nan         nan         nan       nan       nan
       52         97       0   0.000  0.000      0       nan           nan         nan         nan       nan       nan
       52         98       0   0.000  0.000      0       nan           nan         nan         nan       nan       nan
       52         99       0   0.000  0.000      0       nan           nan         nan         nan       nan       nan
       52        100       0   0.000  0.000      0       nan           nan         nan         nan       nan       nan
       52        101       0   0.000  0.000      0       nan           nan         nan         nan       nan       nan
       52        102       0   0.000  0.000      0       nan           nan         nan         nan       nan       nan
       52        104       0   0.000  0.000      0       nan           nan         nan         nan       nan       nan
       52        105       0   0.000  0.000      0       nan           nan         nan         nan       nan       nan
       52        106       0   0.000  0.000      0       nan           nan         nan         nan       nan       nan
       52        107       0   0.000  0.000      0       nan           nan         nan         nan       nan       nan
       52        108       0   0.000  0.000      0       nan           nan         nan         nan       nan       nan
       52        109       0   0.000  0.000      0       nan           nan         nan         nan       nan       nan
       52        110       0   0.000  0.000      0       nan           nan         nan         nan       nan       nan
       52        111       0   0.000  0.000      0       nan           nan         nan         nan       nan       nan
       52        112       0   0.000  0.000      0       nan           nan         nan         nan       nan       nan
       52        113       0   0.000  0.000      0       nan           nan         nan         nan       nan       nan
       52        114       0   0.000  0.000      0       nan           nan         nan         nan       nan       nan
       52        115       0   0.000  0.000      0       nan           nan         nan         nan       nan       nan
       52        116       0   0.000  0.000      0       nan           nan         nan         nan       nan       nan
       52        117       0   0.000  0.000      0       nan           nan         nan         nan       nan       nan
       52        118       0   0.000  0.000      0       nan           nan         nan         nan       nan       nan
       52        119       0   0.000  0.000      0       nan           nan         nan         nan       nan       nan
       52        120       0   0.000  0.000      0       nan           nan         nan         nan       nan       nan
       52        121       0   0.000  0.000      0       nan           nan         nan         nan       nan       nan
       52        122       0   0.000  0.000      0       nan           nan         nan         nan       nan       nan
       52        123       0   0.000  0.000      0       nan           nan         nan         nan       nan       nan
       52        124       0   0.000  0.000      0       nan           nan         nan         nan       nan       nan
       52        125       0   0.000  0.000      0       nan           nan         nan         nan       nan       nan
       52        126       0   0.000  0.000      0       nan           nan         nan         nan       nan       nan
       52        127       0   0.000  0.000      0       nan           nan         nan         nan       nan       nan
       52        128       0   0.000  0.000      0       nan           nan         nan         nan       nan       nan
       52        129       0   0.000  0.000      0       nan           nan         nan         nan       nan       nan
       52        130       0   0.000  0.000      0       nan           nan         nan         nan       nan       nan
       52        131       0   0.000  0.000      0       nan           nan         nan         nan       nan       nan
       52        132       0   0.000  0.000      0       nan           nan         nan         nan       nan       nan
       52        133       0   0.000  0.000      0       nan           nan         nan         nan       nan       nan
       52        134       0   0.000  0.000      0       nan           nan         nan         nan       nan       nan
       52        135       0   0.000  0.000      0       nan           nan         nan         nan       nan       nan
       52        137       0   0.000  0.000      0       nan           nan         nan         nan       nan       nan
       52        138       0   0.000  0.000      0       nan           nan         nan         nan       nan       nan
       52        139       0   0.000  0.000      0       nan           nan         nan         nan       nan       nan
       53         60       0   0.036  0.085   1592     2.378           0.0       120.0       120.0     135.8      57.1
       53         51       1   0.029  0.353   8164     1.091          10.0       120.0       130.0     135.8     148.1
       53         48       0   0.029  0.089   2072     3.084           0.0       120.0       120.0     135.8      44.0
       53         35       0   0.017  0.300  11892     3.084           4.9       120.0       124.9     135.8      44.0
       53         27       0   0.015  0.103  14800     1.297           4.3       120.0       115.7     135.8     104.7
       53         32       0   0.010  0.098  13412     2.181           3.4       120.0       123.4     135.8      62.2
       53         62       0   0.009  0.279   4364     2.828          10.0       120.0       110.0     135.8      48.0
       53         28       0   0.008  0.132   8552     1.414          10.0       120.0       110.0     135.8      96.0
       53         25       1   0.007  0.087  15668     1.189          10.0       120.0       110.0     135.8     161.5
       53         37       0   0.007  0.208   3256     5.187           5.1       120.0       125.1     135.8      26.2
       53         26       0   0.006  0.149  14968     4.000           5.7       120.0       114.3     135.8      33.9
       53         41       0   0.005  0.230   3604     4.000          10.0       120.0       110.0     135.8      33.9
       53         50       0   0.005  0.165   4172     1.091          30.0       120.0        90.0     135.8     148.1
       53         33       0   0.004  0.111   3492     5.187           4.2       120.0       124.2     135.8      26.2
       53        120       0   0.003  0.107   1672     3.668          10.0       120.0       130.0     135.8      37.0
       53        116       0   0.003  0.094   1472     1.189          30.0       120.0        90.0     135.8     114.2
       53         67       0   0.002  0.151   2712     5.657          10.0       120.0       130.0     135.8      24.0
       53         56       0   0.002  0.106   1668     4.362          10.0       120.0       130.0     135.8      31.1
       53        126       0   0.001  0.033    524     2.181          10.0       120.0       130.0     135.8      62.2
       53        136       0   0.001  0.035    568     2.594          10.0       120.0       110.0     114.2      44.0
       53         82       0   0.001  0.124   1936     5.187          30.1       120.0        89.9     135.8      26.2
       53        115       0   0.001  0.035    556     5.187          10.0       120.0       130.0     135.8      26.2
       53         99       0   0.001  0.055    856     2.828          31.2       120.0        88.8     135.8      48.0
       53        130       0   0.000  0.040    624     4.000          20.0       120.0       140.0     135.8      33.9
       53         88       0   0.000  0.015    304     3.084          10.0       120.0       110.0     114.2      37.0
       53        105       0   0.000  0.028    432     5.657          10.0       120.0       130.0     135.8      24.0
       53         61       0   0.000  0.022    344     5.657          30.0       120.0        90.0     135.8      24.0
       53         36       0   0.000  0.002     44     5.187          10.0       120.0       110.0     135.8      26.2
       53         39       0   0.000  0.002     52     4.362          10.0       120.0       110.0     114.2      26.2
       53         29       0   0.000  0.000      0       nan           nan         nan         nan       nan       nan
       53         30       0   0.000  0.000      0       nan           nan         nan         nan       nan       nan
       53         31       0   0.000  0.000      0       nan           nan         nan         nan       nan       nan
       53         34       0   0.000  0.000      0       nan           nan         nan         nan       nan       nan
       53         38       0   0.000  0.000      0       nan           nan         nan         nan       nan       nan
       53         40       0   0.000  0.000      0       nan           nan         nan         nan       nan       nan
       53         42       0   0.000  0.000      0       nan           nan         nan         nan       nan       nan
       53         43       0   0.000  0.000      0       nan           nan         nan         nan       nan       nan
       53         44       0   0.000  0.000      0       nan           nan         nan         nan       nan       nan
       53         45       0   0.000  0.000      0       nan           nan         nan         nan       nan       nan
       53         46       0   0.000  0.000      0       nan           nan         nan         nan       nan       nan
       53         47       0   0.000  0.000      0       nan           nan         nan         nan       nan       nan
       53         49       0   0.000  0.000      0       nan           nan         nan         nan       nan       nan
       53         52       0   0.000  0.000      0       nan           nan         nan         nan       nan       nan
       53         53       0   0.000  0.000      0       nan           nan         nan         nan       nan       nan
       53         54       0   0.000  0.000      0       nan           nan         nan         nan       nan       nan
       53         55       0   0.000  0.000      0       nan           nan         nan         nan       nan       nan
       53         57       0   0.000  0.000      0       nan           nan         nan         nan       nan       nan
       53         58       0   0.000  0.000      0       nan           nan         nan         nan       nan       nan
       53         59       0   0.000  0.000      0       nan           nan         nan         nan       nan       nan
       53         63       0   0.000  0.000      0       nan           nan         nan         nan       nan       nan
       53         64       0   0.000  0.000      0       nan           nan         nan         nan       nan       nan
       53         65       0   0.000  0.000      0       nan           nan         nan         nan       nan       nan
       53         66       0   0.000  0.000      0       nan           nan         nan         nan       nan       nan
       53         68       0   0.000  0.000      0       nan           nan         nan         nan       nan       nan
       53         69       0   0.000  0.000      0       nan           nan         nan         nan       nan       nan
       53         70       0   0.000  0.000      0       nan           nan         nan         nan       nan       nan
       53         71       0   0.000  0.000      0       nan           nan         nan         nan       nan       nan
       53         72       0   0.000  0.000      0       nan           nan         nan         nan       nan       nan
       53         73       0   0.000  0.000      0       nan           nan         nan         nan       nan       nan
       53         74       0   0.000  0.000      0       nan           nan         nan         nan       nan       nan
       53         75       0   0.000  0.000      0       nan           nan         nan         nan       nan       nan
       53         76       0   0.000  0.000      0       nan           nan         nan         nan       nan       nan
       53         77       0   0.000  0.000      0       nan           nan         nan         nan       nan       nan
       53         78       0   0.000  0.000      0       nan           nan         nan         nan       nan       nan
       53         79       0   0.000  0.000      0       nan           nan         nan         nan       nan       nan
       53         80       0   0.000  0.000      0       nan           nan         nan         nan       nan       nan
       53         81       0   0.000  0.000      0       nan           nan         nan         nan       nan       nan
       53         83       0   0.000  0.000      0       nan           nan         nan         nan       nan       nan
       53         84       0   0.000  0.000      0       nan           nan         nan         nan       nan       nan
       53         85       0   0.000  0.000      0       nan           nan         nan         nan       nan       nan
       53         86       0   0.000  0.000      0       nan           nan         nan         nan       nan       nan
       53         87       0   0.000  0.000      0       nan           nan         nan         nan       nan       nan
       53         89       0   0.000  0.000      0       nan           nan         nan         nan       nan       nan
       53         90       0   0.000  0.000      0       nan           nan         nan         nan       nan       nan
       53         91       0   0.000  0.000      0       nan           nan         nan         nan       nan       nan
       53         92       0   0.000  0.000      0       nan           nan         nan         nan       nan       nan
       53         93       0   0.000  0.000      0       nan           nan         nan         nan       nan       nan
       53         94       0   0.000  0.000      0       nan           nan         nan         nan       nan       nan
       53         95       0   0.000  0.000      0       nan           nan         nan         nan       nan       nan
       53         96       0   0.000  0.000      0       nan           nan         nan         nan       nan       nan
       53         97       0   0.000  0.000      0       nan           nan         nan         nan       nan       nan
       53         98       0   0.000  0.000      0       nan           nan         nan         nan       nan       nan
       53        100       0   0.000  0.000      0       nan           nan         nan         nan       nan       nan
       53        101       0   0.000  0.000      0       nan           nan         nan         nan       nan       nan
       53        102       0   0.000  0.000      0       nan           nan         nan         nan       nan       nan
       53        103       0   0.000  0.000      0       nan           nan         nan         nan       nan       nan
       53        104       0   0.000  0.000      0       nan           nan         nan         nan       nan       nan
       53        106       0   0.000  0.000      0       nan           nan         nan         nan       nan       nan
       53        107       0   0.000  0.000      0       nan           nan         nan         nan       nan       nan
       53        108       0   0.000  0.000      0       nan           nan         nan         nan       nan       nan
       53        109       0   0.000  0.000      0       nan           nan         nan         nan       nan       nan
       53        110       0   0.000  0.000      0       nan           nan         nan         nan       nan       nan
       53        111       0   0.000  0.000      0       nan           nan         nan         nan       nan       nan
       53        112       0   0.000  0.000      0       nan           nan         nan         nan       nan       nan
       53        113       0   0.000  0.000      0       nan           nan         nan         nan       nan       nan
       53        114       0   0.000  0.000      0       nan           nan         nan         nan       nan       nan
       53        117       0   0.000  0.000      0       nan           nan         nan         nan       nan       nan
       53        118       0   0.000  0.000      0       nan           nan         nan         nan       nan       nan
       53        119       0   0.000  0.000      0       nan           nan         nan         nan       nan       nan
       53        121       0   0.000  0.000      0       nan           nan         nan         nan       nan       nan
       53        122       0   0.000  0.000      0       nan           nan         nan         nan       nan       nan
       53        123       0   0.000  0.000      0       nan           nan         nan         nan       nan       nan
       53        124       0   0.000  0.000      0       nan           nan         nan         nan       nan       nan
       53        125       0   0.000  0.000      0       nan           nan         nan         nan       nan       nan
       53        127       0   0.000  0.000      0       nan           nan         nan         nan       nan       nan
       53        128       0   0.000  0.000      0       nan           nan         nan         nan       nan       nan
       53        129       0   0.000  0.000      0       nan           nan         nan         nan       nan       nan
       53        131       0   0.000  0.000      0       nan           nan         nan         nan       nan       nan
       53        132       0   0.000  0.000      0       nan           nan         nan         nan       nan       nan
       53        133       0   0.000  0.000      0       nan           nan         nan         nan       nan       nan
       53        134       0   0.000  0.000      0       nan           nan         nan         nan       nan       nan
       53        135       0   0.000  0.000      0       nan           nan         nan         nan       nan       nan
       53        137       0   0.000  0.000      0       nan           nan         nan         nan       nan       nan
       53        138       0   0.000  0.000      0       nan           nan         nan         nan       nan       nan
       53        139       0   0.000  0.000      0       nan           nan         nan         nan       nan       nan
       54         94       0   0.002  0.087    596     1.091          40.8        90.0       130.8      28.5      31.1
       54         42       0   0.000  0.016    596     1.189          40.0        90.0       130.0      28.5      33.9
       54         47       0   0.000  0.044   2368     4.000          39.1        90.9       130.0      31.1     124.5
       54         29       0   0.000  0.020   1920     4.000          29.6        90.4       120.0      31.1     124.5
       54         45       0   0.000  0.048   3504     7.336          48.7        91.3       140.0      31.1     228.3
       54         31       0   0.000  0.026   3504     5.657          38.7        91.3       130.0      31.1     176.1
       54         25       0   0.000  0.019   3504     6.727          38.7        91.3       130.0      31.1     209.4
       54         32       0   0.000  0.007    904     2.594          40.0        90.0       130.0      28.5      74.0
       54         27       0   0.000  0.005    700     2.594          30.0        90.0       120.0      28.5      74.0
       54         26       0   0.000  0.000      0       nan           nan         nan         nan       nan       nan
       54         28       0   0.000  0.000      0       nan           nan         nan         nan       nan       nan
       54         30       0   0.000  0.000      0       nan           nan         nan         nan       nan       nan
       54         33       0   0.000  0.000      0       nan           nan         nan         nan       nan       nan
       54         34       0   0.000  0.000      0       nan           nan         nan         nan       nan       nan
       54         35       0   0.000  0.000      0       nan           nan         nan         nan       nan       nan
       54         36       0   0.000  0.000      0       nan           nan         nan         nan       nan       nan
       54         37       0   0.000  0.000      0       nan           nan         nan         nan       nan       nan
       54         38       0   0.000  0.000      0       nan           nan         nan         nan       nan       nan
       54         39       0   0.000  0.000      0       nan           nan         nan         nan       nan       nan
       54         40       0   0.000  0.000      0       nan           nan         nan         nan       nan       nan
       54         41       0   0.000  0.000      0       nan           nan         nan         nan       nan       nan
       54         43       0   0.000  0.000      0       nan           nan         nan         nan       nan       nan
       54         44       0   0.000  0.000      0       nan           nan         nan         nan       nan       nan
       54         46       0   0.000  0.000      0       nan           nan         nan         nan       nan       nan
       54         48       0   0.000  0.000      0       nan           nan         nan         nan       nan       nan
       54         49       0   0.000  0.000      0       nan           nan         nan         nan       nan       nan
       54         50       0   0.000  0.000      0       nan           nan         nan         nan       nan       nan
       54         51       0   0.000  0.000      0       nan           nan         nan         nan       nan       nan
       54         52       0   0.000  0.000      0       nan           nan         nan         nan       nan       nan
       54         53       0   0.000  0.000      0       nan           nan         nan         nan       nan       nan
       54         54       0   0.000  0.000      0       nan           nan         nan         nan       nan       nan
       54         55       0   0.000  0.000      0       nan           nan         nan         nan       nan       nan
       54         56       0   0.000  0.000      0       nan           nan         nan         nan       nan       nan
       54         57       0   0.000  0.000      0       nan           nan         nan         nan       nan       nan
       54         58       0   0.000  0.000      0       nan           nan         nan         nan       nan       nan
       54         59       0   0.000  0.000      0       nan           nan         nan         nan       nan       nan
       54         60       0   0.000  0.000      0       nan           nan         nan         nan       nan       nan
       54         61       0   0.000  0.000      0       nan           nan         nan         nan       nan       nan
       54         62       0   0.000  0.000      0       nan           nan         nan         nan       nan       nan
       54         63       0   0.000  0.000      0       nan           nan         nan         nan       nan       nan
       54         64       0   0.000  0.000      0       nan           nan         nan         nan       nan       nan
       54         65       0   0.000  0.000      0       nan           nan         nan         nan       nan       nan
       54         66       0   0.000  0.000      0       nan           nan         nan         nan       nan       nan
       54         67       0   0.000  0.000      0       nan           nan         nan         nan       nan       nan
       54         68       0   0.000  0.000      0       nan           nan         nan         nan       nan       nan
       54         69       0   0.000  0.000      0       nan           nan         nan         nan       nan       nan
       54         70       0   0.000  0.000      0       nan           nan         nan         nan       nan       nan
       54         71       0   0.000  0.000      0       nan           nan         nan         nan       nan       nan
       54         72       0   0.000  0.000      0       nan           nan         nan         nan       nan       nan
       54         73       0   0.000  0.000      0       nan           nan         nan         nan       nan       nan
       54         74       0   0.000  0.000      0       nan           nan         nan         nan       nan       nan
       54         75       0   0.000  0.000      0       nan           nan         nan         nan       nan       nan
       54         76       0   0.000  0.000      0       nan           nan         nan         nan       nan       nan
       54         77       0   0.000  0.000      0       nan           nan         nan         nan       nan       nan
       54         78       0   0.000  0.000      0       nan           nan         nan         nan       nan       nan
       54         79       0   0.000  0.000      0       nan           nan         nan         nan       nan       nan
       54         80       0   0.000  0.000      0       nan           nan         nan         nan       nan       nan
       54         81       0   0.000  0.000      0       nan           nan         nan         nan       nan       nan
       54         82       0   0.000  0.000      0       nan           nan         nan         nan       nan       nan
       54         83       0   0.000  0.000      0       nan           nan         nan         nan       nan       nan
       54         84       0   0.000  0.000      0       nan           nan         nan         nan       nan       nan
       54         85       0   0.000  0.000      0       nan           nan         nan         nan       nan       nan
       54         86       0   0.000  0.000      0       nan           nan         nan         nan       nan       nan
       54         87       0   0.000  0.000      0       nan           nan         nan         nan       nan       nan
       54         88       0   0.000  0.000      0       nan           nan         nan         nan       nan       nan
       54         89       0   0.000  0.000      0       nan           nan         nan         nan       nan       nan
       54         90       0   0.000  0.000      0       nan           nan         nan         nan       nan       nan
       54         91       0   0.000  0.000      0       nan           nan         nan         nan       nan       nan
       54         92       0   0.000  0.000      0       nan           nan         nan         nan       nan       nan
       54         93       0   0.000  0.000      0       nan           nan         nan         nan       nan       nan
       54         95       0   0.000  0.000      0       nan           nan         nan         nan       nan       nan
       54         96       0   0.000  0.000      0       nan           nan         nan         nan       nan       nan
       54         97       0   0.000  0.000      0       nan           nan         nan         nan       nan       nan
       54         98       0   0.000  0.000      0       nan           nan         nan         nan       nan       nan
       54         99       0   0.000  0.000      0       nan           nan         nan         nan       nan       nan
       54        100       0   0.000  0.000      0       nan           nan         nan         nan       nan       nan
       54        101       0   0.000  0.000      0       nan           nan         nan         nan       nan       nan
       54        102       0   0.000  0.000      0       nan           nan         nan         nan       nan       nan
       54        103       0   0.000  0.000      0       nan           nan         nan         nan       nan       nan
       54        104       0   0.000  0.000      0       nan           nan         nan         nan       nan       nan
       54        105       0   0.000  0.000      0       nan           nan         nan         nan       nan       nan
       54        106       0   0.000  0.000      0       nan           nan         nan         nan       nan       nan
       54        107       0   0.000  0.000      0       nan           nan         nan         nan       nan       nan
       54        108       0   0.000  0.000      0       nan           nan         nan         nan       nan       nan
       54        109       0   0.000  0.000      0       nan           nan         nan         nan       nan       nan
       54        110       0   0.000  0.000      0       nan           nan         nan         nan       nan       nan
       54        111       0   0.000  0.000      0       nan           nan         nan         nan       nan       nan
       54        112       0   0.000  0.000      0       nan           nan         nan         nan       nan       nan
       54        113       0   0.000  0.000      0       nan           nan         nan         nan       nan       nan
       54        114       0   0.000  0.000      0       nan           nan         nan         nan       nan       nan
       54        115       0   0.000  0.000      0       nan           nan         nan         nan       nan       nan
       54        116       0   0.000  0.000      0       nan           nan         nan         nan       nan       nan
       54        117       0   0.000  0.000      0       nan           nan         nan         nan       nan       nan
       54        118       0   0.000  0.000      0       nan           nan         nan         nan       nan       nan
       54        119       0   0.000  0.000      0       nan           nan         nan         nan       nan       nan
       54        120       0   0.000  0.000      0       nan           nan         nan         nan       nan       nan
       54        121       0   0.000  0.000      0       nan           nan         nan         nan       nan       nan
       54        122       0   0.000  0.000      0       nan           nan         nan         nan       nan       nan
       54        123       0   0.000  0.000      0       nan           nan         nan         nan       nan       nan
       54        124       0   0.000  0.000      0       nan           nan         nan         nan       nan       nan
       54        125       0   0.000  0.000      0       nan           nan         nan         nan       nan       nan
       54        126       0   0.000  0.000      0       nan           nan         nan         nan       nan       nan
       54        127       0   0.000  0.000      0       nan           nan         nan         nan       nan       nan
       54        128       0   0.000  0.000      0       nan           nan         nan         nan       nan       nan
       54        129       0   0.000  0.000      0       nan           nan         nan         nan       nan       nan
       54        130       0   0.000  0.000      0       nan           nan         nan         nan       nan       nan
       54        131       0   0.000  0.000      0       nan           nan         nan         nan       nan       nan
       54        132       0   0.000  0.000      0       nan           nan         nan         nan       nan       nan
       54        133       0   0.000  0.000      0       nan           nan         nan         nan       nan       nan
       54        134       0   0.000  0.000      0       nan           nan         nan         nan       nan       nan
       54        135       0   0.000  0.000      0       nan           nan         nan         nan       nan       nan
       54        136       0   0.000  0.000      0       nan           nan         nan         nan       nan       nan
       54        137       0   0.000  0.000      0       nan           nan         nan         nan       nan       nan
       54        138       0   0.000  0.000      0       nan           nan         nan         nan       nan       nan
       54        139       0   0.000  0.000      0       nan           nan         nan         nan       nan       nan
       55         82       0   0.004  0.340    704     1.000          89.7         0.0        89.7      24.0      24.0
       55         37       0   0.002  0.125    456     1.000          54.6         0.0       125.4      24.0      24.0
       55         41       0   0.002  0.163    624     1.414          70.0         0.0       110.0      24.0      33.9
       55         56       0   0.001  0.063    148     1.189          50.0         0.0       130.0      24.0      28.5
       55         62       0   0.001  0.081    388     1.542          70.0         0.0       110.0      31.1      48.0
       55         35       0   0.000  0.023    840     1.682          60.0         0.0       120.0      26.2      44.0
       55         51       0   0.000  0.042    660     6.169          50.0         0.0       130.0      24.0     148.1
       55         26       0   0.000  0.008    840     1.542          60.6         0.0       119.4      26.2      40.4
       55         32       0   0.000  0.006    840     1.834          60.0         0.0       120.0      26.2      48.0
       55         27       0   0.000  0.006    840     4.362          69.3         0.0       110.7      26.2     114.2
       55         28       0   0.000  0.003    184     3.084          70.0         0.0       110.0      31.1      96.0
       55         25       0   0.000  0.005    840     6.169          70.0         0.0       110.0      26.2     161.5
       55         29       0   0.000  0.000      0       nan           nan         nan         nan       nan       nan
       55         30       0   0.000  0.000      0       nan           nan         nan         nan       nan       nan
       55         31       0   0.000  0.000      0       nan           nan         nan         nan       nan       nan
       55         33       0   0.000  0.000      0       nan           nan         nan         nan       nan       nan
       55         34       0   0.000  0.000      0       nan           nan         nan         nan       nan       nan
       55         36       0   0.000  0.000      0       nan           nan         nan         nan       nan       nan
       55         38       0   0.000  0.000      0       nan           nan         nan         nan       nan       nan
       55         39       0   0.000  0.000      0       nan           nan         nan         nan       nan       nan
       55         40       0   0.000  0.000      0       nan           nan         nan         nan       nan       nan
       55         42       0   0.000  0.000      0       nan           nan         nan         nan       nan       nan
       55         43       0   0.000  0.000      0       nan           nan         nan         nan       nan       nan
       55         44       0   0.000  0.000      0       nan           nan         nan         nan       nan       nan
       55         45       0   0.000  0.000      0       nan           nan         nan         nan       nan       nan
       55         46       0   0.000  0.000      0       nan           nan         nan         nan       nan       nan
       55         47       0   0.000  0.000      0       nan           nan         nan         nan       nan       nan
       55         48       0   0.000  0.000      0       nan           nan         nan         nan       nan       nan
       55         49       0   0.000  0.000      0       nan           nan         nan         nan       nan       nan
       55         50       0   0.000  0.000      0       nan           nan         nan         nan       nan       nan
       55         52       0   0.000  0.000      0       nan           nan         nan         nan       nan       nan
       55         53       0   0.000  0.000      0       nan           nan         nan         nan       nan       nan
       55         54       0   0.000  0.000      0       nan           nan         nan         nan       nan       nan
       55         55       0   0.000  0.000      0       nan           nan         nan         nan       nan       nan
       55         57       0   0.000  0.000      0       nan           nan         nan         nan       nan       nan
       55         58       0   0.000  0.000      0       nan           nan         nan         nan       nan       nan
       55         59       0   0.000  0.000      0       nan           nan         nan         nan       nan       nan
       55         60       0   0.000  0.000      0       nan           nan         nan         nan       nan       nan
       55         61       0   0.000  0.000      0       nan           nan         nan         nan       nan       nan
       55         63       0   0.000  0.000      0       nan           nan         nan         nan       nan       nan
       55         64       0   0.000  0.000      0       nan           nan         nan         nan       nan       nan
       55         65       0   0.000  0.000      0       nan           nan         nan         nan       nan       nan
       55         66       0   0.000  0.000      0       nan           nan         nan         nan       nan       nan
       55         67       0   0.000  0.000      0       nan           nan         nan         nan       nan       nan
       55         68       0   0.000  0.000      0       nan           nan         nan         nan       nan       nan
       55         69       0   0.000  0.000      0       nan           nan         nan         nan       nan       nan
       55         70       0   0.000  0.000      0       nan           nan         nan         nan       nan       nan
       55         71       0   0.000  0.000      0       nan           nan         nan         nan       nan       nan
       55         72       0   0.000  0.000      0       nan           nan         nan         nan       nan       nan
       55         73       0   0.000  0.000      0       nan           nan         nan         nan       nan       nan
       55         74       0   0.000  0.000      0       nan           nan         nan         nan       nan       nan
       55         75       0   0.000  0.000      0       nan           nan         nan         nan       nan       nan
       55         76       0   0.000  0.000      0       nan           nan         nan         nan       nan       nan
       55         77       0   0.000  0.000      0       nan           nan         nan         nan       nan       nan
       55         78       0   0.000  0.000      0       nan           nan         nan         nan       nan       nan
       55         79       0   0.000  0.000      0       nan           nan         nan         nan       nan       nan
       55         80       0   0.000  0.000      0       nan           nan         nan         nan       nan       nan
       55         81       0   0.000  0.000      0       nan           nan         nan         nan       nan       nan
       55         83       0   0.000  0.000      0       nan           nan         nan         nan       nan       nan
       55         84       0   0.000  0.000      0       nan           nan         nan         nan       nan       nan
       55         85       0   0.000  0.000      0       nan           nan         nan         nan       nan       nan
       55         86       0   0.000  0.000      0       nan           nan         nan         nan       nan       nan
       55         87       0   0.000  0.000      0       nan           nan         nan         nan       nan       nan
       55         88       0   0.000  0.000      0       nan           nan         nan         nan       nan       nan
       55         89       0   0.000  0.000      0       nan           nan         nan         nan       nan       nan
       55         90       0   0.000  0.000      0       nan           nan         nan         nan       nan       nan
       55         91       0   0.000  0.000      0       nan           nan         nan         nan       nan       nan
       55         92       0   0.000  0.000      0       nan           nan         nan         nan       nan       nan
       55         93       0   0.000  0.000      0       nan           nan         nan         nan       nan       nan
       55         94       0   0.000  0.000      0       nan           nan         nan         nan       nan       nan
       55         95       0   0.000  0.000      0       nan           nan         nan         nan       nan       nan
       55         96       0   0.000  0.000      0       nan           nan         nan         nan       nan       nan
       55         97       0   0.000  0.000      0       nan           nan         nan         nan       nan       nan
       55         98       0   0.000  0.000      0       nan           nan         nan         nan       nan       nan
       55         99       0   0.000  0.000      0       nan           nan         nan         nan       nan       nan
       55        100       0   0.000  0.000      0       nan           nan         nan         nan       nan       nan
       55        101       0   0.000  0.000      0       nan           nan         nan         nan       nan       nan
       55        102       0   0.000  0.000      0       nan           nan         nan         nan       nan       nan
       55        103       0   0.000  0.000      0       nan           nan         nan         nan       nan       nan
       55        104       0   0.000  0.000      0       nan           nan         nan         nan       nan       nan
       55        105       0   0.000  0.000      0       nan           nan         nan         nan       nan       nan
       55        106       0   0.000  0.000      0       nan           nan         nan         nan       nan       nan
       55        107       0   0.000  0.000      0       nan           nan         nan         nan       nan       nan
       55        108       0   0.000  0.000      0       nan           nan         nan         nan       nan       nan
       55        109       0   0.000  0.000      0       nan           nan         nan         nan       nan       nan
       55        110       0   0.000  0.000      0       nan           nan         nan         nan       nan       nan
       55        111       0   0.000  0.000      0       nan           nan         nan         nan       nan       nan
       55        112       0   0.000  0.000      0       nan           nan         nan         nan       nan       nan
       55        113       0   0.000  0.000      0       nan           nan         nan         nan       nan       nan
       55        114       0   0.000  0.000      0       nan           nan         nan         nan       nan       nan
       55        115       0   0.000  0.000      0       nan           nan         nan         nan       nan       nan
       55        116       0   0.000  0.000      0       nan           nan         nan         nan       nan       nan
       55        117       0   0.000  0.000      0       nan           nan         nan         nan       nan       nan
       55        118       0   0.000  0.000      0       nan           nan         nan         nan       nan       nan
       55        119       0   0.000  0.000      0       nan           nan         nan         nan       nan       nan
       55        120       0   0.000  0.000      0       nan           nan         nan         nan       nan       nan
       55        121       0   0.000  0.000      0       nan           nan         nan         nan       nan       nan
       55        122       0   0.000  0.000      0       nan           nan         nan         nan       nan       nan
       55        123       0   0.000  0.000      0       nan           nan         nan         nan       nan       nan
       55        124       0   0.000  0.000      0       nan           nan         nan         nan       nan       nan
       55        125       0   0.000  0.000      0       nan           nan         nan         nan       nan       nan
       55        126       0   0.000  0.000      0       nan           nan         nan         nan       nan       nan
       55        127       0   0.000  0.000      0       nan           nan         nan         nan       nan       nan
       55        128       0   0.000  0.000      0       nan           nan         nan         nan       nan       nan
       55        129       0   0.000  0.000      0       nan           nan         nan         nan       nan       nan
       55        130       0   0.000  0.000      0       nan           nan         nan         nan       nan       nan
       55        131       0   0.000  0.000      0       nan           nan         nan         nan       nan       nan
       55        132       0   0.000  0.000      0       nan           nan         nan         nan       nan       nan
       55        133       0   0.000  0.000      0       nan           nan         nan         nan       nan       nan
       55        134       0   0.000  0.000      0       nan           nan         nan         nan       nan       nan
       55        135       0   0.000  0.000      0       nan           nan         nan         nan       nan       nan
       55        136       0   0.000  0.000      0       nan           nan         nan         nan       nan       nan
       55        137       0   0.000  0.000      0       nan           nan         nan         nan       nan       nan
       55        138       0   0.000  0.000      0       nan           nan         nan         nan       nan       nan
       55        139       0   0.000  0.000      0       nan           nan         nan         nan       nan       nan
       56         48       1   0.293  0.293   3168     1.000           0.0       120.0       120.0      44.0      44.0
       56         60       1   0.173  0.188   1428     1.091           0.0       120.0       120.0      52.3      57.1
       56        120       1   0.013  0.170    880     1.189          10.0       120.0       130.0      44.0      37.0
       56         32       0   0.013  0.031   4192     1.189           1.1       120.0       121.1      52.3      62.2
       56        126       1   0.009  0.114    504     1.189          10.0       120.0       130.0      52.3      62.2
       56         51       0   0.008  0.258   4104     2.828          10.0       120.0       130.0      52.3     148.1
       56         33       0   0.006  0.010    240     1.682           0.0       120.0       120.0      44.0      26.2
       56        116       0   0.005  0.318   1416     2.181          30.0       120.0        90.0      52.3     114.2
       56        105       0   0.004  0.098    432     2.181          10.0       120.0       130.0      52.3      24.0
       56         28       0   0.004  0.076   4396     1.834          10.0       120.0       110.0      52.3      96.0
       56         27       0   0.004  0.031   4396     2.000           3.2       120.0       116.8      52.3     104.7
       56         67       0   0.003  0.068    596     1.834          10.0       120.0       130.0      44.0      24.0
       56         50       0   0.003  0.280   3976     2.828          30.0       120.0        90.0      52.3     148.1
       56         26       0   0.003  0.044   4396     1.542          10.0       120.0       110.0      52.3      33.9
       56        130       0   0.002  0.066    312     1.542          20.0       120.0       140.0      52.3      33.9
       56         35       0   0.002  0.026   1036     1.091          12.6       120.0       132.6      44.0      40.4
       56         25       0   0.001  0.024   4396     3.084          10.0       120.0       110.0      52.3     161.5
       56         77       0   0.001  0.001     12     1.682           0.0       120.0       120.0      52.3      31.1
       56         99       0   0.001  0.024    124     1.091          38.4       120.0        81.6      52.3      48.0
       56         61       0   0.000  0.023    108     2.181          30.0       120.0        90.0      52.3      24.0
       56        100       0   0.000  0.004     28     1.542          20.0       120.0       100.0      52.3      33.9
       56         29       0   0.000  0.000      0       nan           nan         nan         nan       nan       nan
       56         30       0   0.000  0.000      0       nan           nan         nan         nan       nan       nan
       56         31       0   0.000  0.000      0       nan           nan         nan         nan       nan       nan
       56         34       0   0.000  0.000      0       nan           nan         nan         nan       nan       nan
       56         36       0   0.000  0.000      0       nan           nan         nan         nan       nan       nan
       56         37       0   0.000  0.000      0       nan           nan         nan         nan       nan       nan
       56         38       0   0.000  0.000      0       nan           nan         nan         nan       nan       nan
       56         39       0   0.000  0.000      0       nan           nan         nan         nan       nan       nan
       56         40       0   0.000  0.000      0       nan           nan         nan         nan       nan       nan
       56         41       0   0.000  0.000      0       nan           nan         nan         nan       nan       nan
       56         42       0   0.000  0.000      0       nan           nan         nan         nan       nan       nan
       56         43       0   0.000  0.000      0       nan           nan         nan         nan       nan       nan
       56         44       0   0.000  0.000      0       nan           nan         nan         nan       nan       nan
       56         45       0   0.000  0.000      0       nan           nan         nan         nan       nan       nan
       56         46       0   0.000  0.000      0       nan           nan         nan         nan       nan       nan
       56         47       0   0.000  0.000      0       nan           nan         nan         nan       nan       nan
       56         49       0   0.000  0.000      0       nan           nan         nan         nan       nan       nan
       56         52       0   0.000  0.000      0       nan           nan         nan         nan       nan       nan
       56         53       0   0.000  0.000      0       nan           nan         nan         nan       nan       nan
       56         54       0   0.000  0.000      0       nan           nan         nan         nan       nan       nan
       56         55       0   0.000  0.000      0       nan           nan         nan         nan       nan       nan
       56         56       0   0.000  0.000      0       nan           nan         nan         nan       nan       nan
       56         57       0   0.000  0.000      0       nan           nan         nan         nan       nan       nan
       56         58       0   0.000  0.000      0       nan           nan         nan         nan       nan       nan
       56         59       0   0.000  0.000      0       nan           nan         nan         nan       nan       nan
       56         62       0   0.000  0.000      0       nan           nan         nan         nan       nan       nan
       56         63       0   0.000  0.000      0       nan           nan         nan         nan       nan       nan
       56         64       0   0.000  0.000      0       nan           nan         nan         nan       nan       nan
       56         65       0   0.000  0.000      0       nan           nan         nan         nan       nan       nan
       56         66       0   0.000  0.000      0       nan           nan         nan         nan       nan       nan
       56         68       0   0.000  0.000      0       nan           nan         nan         nan       nan       nan
       56         69       0   0.000  0.000      0       nan           nan         nan         nan       nan       nan
       56         70       0   0.000  0.000      0       nan           nan         nan         nan       nan       nan
       56         71       0   0.000  0.000      0       nan           nan         nan         nan       nan       nan
       56         72       0   0.000  0.000      0       nan           nan         nan         nan       nan       nan
       56         73       0   0.000  0.000      0       nan           nan         nan         nan       nan       nan
       56         74       0   0.000  0.000      0       nan           nan         nan         nan       nan       nan
       56         75       0   0.000  0.000      0       nan           nan         nan         nan       nan       nan
       56         76       0   0.000  0.000      0       nan           nan         nan         nan       nan       nan
       56         78       0   0.000  0.000      0       nan           nan         nan         nan       nan       nan
       56         79       0   0.000  0.000      0       nan           nan         nan         nan       nan       nan
       56         80       0   0.000  0.000      0       nan           nan         nan         nan       nan       nan
       56         81       0   0.000  0.000      0       nan           nan         nan         nan       nan       nan
       56         82       0   0.000  0.000      0       nan           nan         nan         nan       nan       nan
       56         83       0   0.000  0.000      0       nan           nan         nan         nan       nan       nan
       56         84       0   0.000  0.000      0       nan           nan         nan         nan       nan       nan
       56         85       0   0.000  0.000      0       nan           nan         nan         nan       nan       nan
       56         86       0   0.000  0.000      0       nan           nan         nan         nan       nan       nan
       56         87       0   0.000  0.000      0       nan           nan         nan         nan       nan       nan
       56         88       0   0.000  0.000      0       nan           nan         nan         nan       nan       nan
       56         89       0   0.000  0.000      0       nan           nan         nan         nan       nan       nan
       56         90       0   0.000  0.000      0       nan           nan         nan         nan       nan       nan
       56         91       0   0.000  0.000      0       nan           nan         nan         nan       nan       nan
       56         92       0   0.000  0.000      0       nan           nan         nan         nan       nan       nan
       56         93       0   0.000  0.000      0       nan           nan         nan         nan       nan       nan
       56         94       0   0.000  0.000      0       nan           nan         nan         nan       nan       nan
       56         95       0   0.000  0.000      0       nan           nan         nan         nan       nan       nan
       56         96       0   0.000  0.000      0       nan           nan         nan         nan       nan       nan
       56         97       0   0.000  0.000      0       nan           nan         nan         nan       nan       nan
       56         98       0   0.000  0.000      0       nan           nan         nan         nan       nan       nan
       56        101       0   0.000  0.000      0       nan           nan         nan         nan       nan       nan
       56        102       0   0.000  0.000      0       nan           nan         nan         nan       nan       nan
       56        103       0   0.000  0.000      0       nan           nan         nan         nan       nan       nan
       56        104       0   0.000  0.000      0       nan           nan         nan         nan       nan       nan
       56        106       0   0.000  0.000      0       nan           nan         nan         nan       nan       nan
       56        107       0   0.000  0.000      0       nan           nan         nan         nan       nan       nan
       56        108       0   0.000  0.000      0       nan           nan         nan         nan       nan       nan
       56        109       0   0.000  0.000      0       nan           nan         nan         nan       nan       nan
       56        110       0   0.000  0.000      0       nan           nan         nan         nan       nan       nan
       56        111       0   0.000  0.000      0       nan           nan         nan         nan       nan       nan
       56        112       0   0.000  0.000      0       nan           nan         nan         nan       nan       nan
       56        113       0   0.000  0.000      0       nan           nan         nan         nan       nan       nan
       56        114       0   0.000  0.000      0       nan           nan         nan         nan       nan       nan
       56        115       0   0.000  0.000      0       nan           nan         nan         nan       nan       nan
       56        117       0   0.000  0.000      0       nan           nan         nan         nan       nan       nan
       56        118       0   0.000  0.000      0       nan           nan         nan         nan       nan       nan
       56        119       0   0.000  0.000      0       nan           nan         nan         nan       nan       nan
       56        121       0   0.000  0.000      0       nan           nan         nan         nan       nan       nan
       56        122       0   0.000  0.000      0       nan           nan         nan         nan       nan       nan
       56        123       0   0.000  0.000      0       nan           nan         nan         nan       nan       nan
       56        124       0   0.000  0.000      0       nan           nan         nan         nan       nan       nan
       56        125       0   0.000  0.000      0       nan           nan         nan         nan       nan       nan
       56        127       0   0.000  0.000      0       nan           nan         nan         nan       nan       nan
       56        128       0   0.000  0.000      0       nan           nan         nan         nan       nan       nan
       56        129       0   0.000  0.000      0       nan           nan         nan         nan       nan       nan
       56        131       0   0.000  0.000      0       nan           nan         nan         nan       nan       nan
       56        132       0   0.000  0.000      0       nan           nan         nan         nan       nan       nan
       56        133       0   0.000  0.000      0       nan           nan         nan         nan       nan       nan
       56        134       0   0.000  0.000      0       nan           nan         nan         nan       nan       nan
       56        135       0   0.000  0.000      0       nan           nan         nan         nan       nan       nan
       56        136       0   0.000  0.000      0       nan           nan         nan         nan       nan       nan
       56        137       0   0.000  0.000      0       nan           nan         nan         nan       nan       nan
       56        138       0   0.000  0.000      0       nan           nan         nan         nan       nan       nan
       56        139       0   0.000  0.000      0       nan           nan         nan         nan       nan       nan
       57         58       0   0.458  0.594   1356     1.297           0.0       130.0       130.0      31.1      24.0
       57         35       1   0.056  0.061   2196     1.091           0.0       130.0       130.0      33.9      37.0
       57        103       0   0.017  0.017     56     1.000           0.0       130.0       130.0      24.0      24.0
       57         39       0   0.009  0.118   1928     1.297           9.4       130.0       120.6      31.1      24.0
       57         88       0   0.009  0.214   1232     1.189          20.0       130.0       110.0      31.1      37.0
       57         33       1   0.007  0.094   1860     1.189          10.0       130.0       120.0      31.1      26.2
       57         26       0   0.002  0.022   2228     1.189          10.0       130.0       120.0      33.9      28.5
       57         84       0   0.001  0.029    380     1.414          15.5       130.0       114.5      37.0      52.3
       57         31       0   0.001  0.006    784     4.757           0.0       130.0       130.0      37.0     176.1
       57         32       0   0.001  0.012   1604     1.297          10.0       130.0       120.0      33.9      44.0
       57         25       0   0.000  0.013   2284     4.757          17.2       130.0       112.8      33.9     161.5
       57         27       0   0.000  0.003    464     2.378          12.6       130.0       117.4      33.9      80.7
       57         28       0   0.000  0.000      0       nan           nan         nan         nan       nan       nan
       57         29       0   0.000  0.000      0       nan           nan         nan         nan       nan       nan
       57         30       0   0.000  0.000      0       nan           nan         nan         nan       nan       nan
       57         34       0   0.000  0.000      0       nan           nan         nan         nan       nan       nan
       57         36       0   0.000  0.000      0       nan           nan         nan         nan       nan       nan
       57         37       0   0.000  0.000      0       nan           nan         nan         nan       nan       nan
       57         38       0   0.000  0.000      0       nan           nan         nan         nan       nan       nan
       57         40       0   0.000  0.000      0       nan           nan         nan         nan       nan       nan
       57         41       0   0.000  0.000      0       nan           nan         nan         nan       nan       nan
       57         42       0   0.000  0.000      0       nan           nan         nan         nan       nan       nan
       57         43       0   0.000  0.000      0       nan           nan         nan         nan       nan       nan
       57         44       0   0.000  0.000      0       nan           nan         nan         nan       nan       nan
       57         45       0   0.000  0.000      0       nan           nan         nan         nan       nan       nan
       57         46       0   0.000  0.000      0       nan           nan         nan         nan       nan       nan
       57         47       0   0.000  0.000      0       nan           nan         nan         nan       nan       nan
       57         48       0   0.000  0.000      0       nan           nan         nan         nan       nan       nan
       57         49       0   0.000  0.000      0       nan           nan         nan         nan       nan       nan
       57         50       0   0.000  0.000      0       nan           nan         nan         nan       nan       nan
       57         51       0   0.000  0.000      0       nan           nan         nan         nan       nan       nan
       57         52       0   0.000  0.000      0       nan           nan         nan         nan       nan       nan
       57         53       0   0.000  0.000      0       nan           nan         nan         nan       nan       nan
       57         54       0   0.000  0.000      0       nan           nan         nan         nan       nan       nan
       57         55       0   0.000  0.000      0       nan           nan         nan         nan       nan       nan
       57         56       0   0.000  0.000      0       nan           nan         nan         nan       nan       nan
       57         57       0   0.000  0.000      0       nan           nan         nan         nan       nan       nan
       57         59       0   0.000  0.000      0       nan           nan         nan         nan       nan       nan
       57         60       0   0.000  0.000      0       nan           nan         nan         nan       nan       nan
       57         61       0   0.000  0.000      0       nan           nan         nan         nan       nan       nan
       57         62       0   0.000  0.000      0       nan           nan         nan         nan       nan       nan
       57         63       0   0.000  0.000      0       nan           nan         nan         nan       nan       nan
       57         64       0   0.000  0.000      0       nan           nan         nan         nan       nan       nan
       57         65       0   0.000  0.000      0       nan           nan         nan         nan       nan       nan
       57         66       0   0.000  0.000      0       nan           nan         nan         nan       nan       nan
       57         67       0   0.000  0.000      0       nan           nan         nan         nan       nan       nan
       57         68       0   0.000  0.000      0       nan           nan         nan         nan       nan       nan
       57         69       0   0.000  0.000      0       nan           nan         nan         nan       nan       nan
       57         70       0   0.000  0.000      0       nan           nan         nan         nan       nan       nan
       57         71       0   0.000  0.000      0       nan           nan         nan         nan       nan       nan
       57         72       0   0.000  0.000      0       nan           nan         nan         nan       nan       nan
       57         73       0   0.000  0.000      0       nan           nan         nan         nan       nan       nan
       57         74       0   0.000  0.000      0       nan           nan         nan         nan       nan       nan
       57         75       0   0.000  0.000      0       nan           nan         nan         nan       nan       nan
       57         76       0   0.000  0.000      0       nan           nan         nan         nan       nan       nan
       57         77       0   0.000  0.000      0       nan           nan         nan         nan       nan       nan
       57         78       0   0.000  0.000      0       nan           nan         nan         nan       nan       nan
       57         79       0   0.000  0.000      0       nan           nan         nan         nan       nan       nan
       57         80       0   0.000  0.000      0       nan           nan         nan         nan       nan       nan
       57         81       0   0.000  0.000      0       nan           nan         nan         nan       nan       nan
       57         82       0   0.000  0.000      0       nan           nan         nan         nan       nan       nan
       57         83       0   0.000  0.000      0       nan           nan         nan         nan       nan       nan
       57         85       0   0.000  0.000      0       nan           nan         nan         nan       nan       nan
       57         86       0   0.000  0.000      0       nan           nan         nan         nan       nan       nan
       57         87       0   0.000  0.000      0       nan           nan         nan         nan       nan       nan
       57         89       0   0.000  0.000      0       nan           nan         nan         nan       nan       nan
       57         90       0   0.000  0.000      0       nan           nan         nan         nan       nan       nan
       57         91       0   0.000  0.000      0       nan           nan         nan         nan       nan       nan
       57         92       0   0.000  0.000      0       nan           nan         nan         nan       nan       nan
       57         93       0   0.000  0.000      0       nan           nan         nan         nan       nan       nan
       57         94       0   0.000  0.000      0       nan           nan         nan         nan       nan       nan
       57         95       0   0.000  0.000      0       nan           nan         nan         nan       nan       nan
       57         96       0   0.000  0.000      0       nan           nan         nan         nan       nan       nan
       57         97       0   0.000  0.000      0       nan           nan         nan         nan       nan       nan
       57         98       0   0.000  0.000      0       nan           nan         nan         nan       nan       nan
       57         99       0   0.000  0.000      0       nan           nan         nan         nan       nan       nan
       57        100       0   0.000  0.000      0       nan           nan         nan         nan       nan       nan
       57        101       0   0.000  0.000      0       nan           nan         nan         nan       nan       nan
       57        102       0   0.000  0.000      0       nan           nan         nan         nan       nan       nan
       57        104       0   0.000  0.000      0       nan           nan         nan         nan       nan       nan
       57        105       0   0.000  0.000      0       nan           nan         nan         nan       nan       nan
       57        106       0   0.000  0.000      0       nan           nan         nan         nan       nan       nan
       57        107       0   0.000  0.000      0       nan           nan         nan         nan       nan       nan
       57        108       0   0.000  0.000      0       nan           nan         nan         nan       nan       nan
       57        109       0   0.000  0.000      0       nan           nan         nan         nan       nan       nan
       57        110       0   0.000  0.000      0       nan           nan         nan         nan       nan       nan
       57        111       0   0.000  0.000      0       nan           nan         nan         nan       nan       nan
       57        112       0   0.000  0.000      0       nan           nan         nan         nan       nan       nan
       57        113       0   0.000  0.000      0       nan           nan         nan         nan       nan       nan
       57        114       0   0.000  0.000      0       nan           nan         nan         nan       nan       nan
       57        115       0   0.000  0.000      0       nan           nan         nan         nan       nan       nan
       57        116       0   0.000  0.000      0       nan           nan         nan         nan       nan       nan
       57        117       0   0.000  0.000      0       nan           nan         nan         nan       nan       nan
       57        118       0   0.000  0.000      0       nan           nan         nan         nan       nan       nan
       57        119       0   0.000  0.000      0       nan           nan         nan         nan       nan       nan
       57        120       0   0.000  0.000      0       nan           nan         nan         nan       nan       nan
       57        121       0   0.000  0.000      0       nan           nan         nan         nan       nan       nan
       57        122       0   0.000  0.000      0       nan           nan         nan         nan       nan       nan
       57        123       0   0.000  0.000      0       nan           nan         nan         nan       nan       nan
       57        124       0   0.000  0.000      0       nan           nan         nan         nan       nan       nan
       57        125       0   0.000  0.000      0       nan           nan         nan         nan       nan       nan
       57        126       0   0.000  0.000      0       nan           nan         nan         nan       nan       nan
       57        127       0   0.000  0.000      0       nan           nan         nan         nan       nan       nan
       57        128       0   0.000  0.000      0       nan           nan         nan         nan       nan       nan
       57        129       0   0.000  0.000      0       nan           nan         nan         nan       nan       nan
       57        130       0   0.000  0.000      0       nan           nan         nan         nan       nan       nan
       57        131       0   0.000  0.000      0       nan           nan         nan         nan       nan       nan
       57        132       0   0.000  0.000      0       nan           nan         nan         nan       nan       nan
       57        133       0   0.000  0.000      0       nan           nan         nan         nan       nan       nan
       57        134       0   0.000  0.000      0       nan           nan         nan         nan       nan       nan
       57        135       0   0.000  0.000      0       nan           nan         nan         nan       nan       nan
       57        136       0   0.000  0.000      0       nan           nan         nan         nan       nan       nan
       57        137       0   0.000  0.000      0       nan           nan         nan         nan       nan       nan
       57        138       0   0.000  0.000      0       nan           nan         nan         nan       nan       nan
       57        139       0   0.000  0.000      0       nan           nan         nan         nan       nan       nan
       58        119       0   0.044  0.359   1700     1.834           3.5        96.5       100.0      28.5      52.3
       58         69       0   0.016  0.058    752     3.364           0.1        99.9       100.0      28.5      96.0
       58        124       0   0.007  0.206   1776     4.362           6.2        96.2        90.0      28.5     124.5
       58         48       0   0.003  0.118   1248     1.297          27.5        92.5       120.0      33.9      44.0
       58         33       0   0.001  0.056   1140     1.297          29.3        93.2       122.6      33.9      26.2
       58         77       0   0.001  0.032    264     1.091          21.0        99.0       120.0      28.5      31.1
       58         84       0   0.001  0.074    940     1.414          38.5        91.5       130.0      33.9      48.0
       58         26       0   0.001  0.022   2216     1.414          14.0        95.0       108.9      33.9      48.0
       58         28       0   0.001  0.038   2216     2.828          15.0        95.0       110.0      33.9      96.0
       58         39       0   0.001  0.022    392     1.297          20.3        90.2       110.5      33.9      26.2
       58         35       0   0.001  0.032   1168     1.189          38.4        91.6       130.0      33.9      40.4
       58         30       0   0.001  0.029   1456     4.000          12.4        97.6       110.0      28.5     114.2
       58         67       0   0.001  0.029    204     1.414          40.0        90.0       130.0      33.9      24.0
       58         27       0   0.000  0.016   2216     2.000          17.9        95.0       112.9      33.9      67.9
       58         32       0   0.000  0.017   2216     1.834          25.0        95.0       120.0      33.9      62.2
       58         46       0   0.000  0.037   1472     4.757          32.5        97.5       130.0      28.5     135.8
       58         29       0   0.000  0.018   1656     4.362          23.3        96.7       120.0      28.5     124.5
       58         25       0   0.000  0.012   2216     4.757          15.0        95.0       110.0      33.9     161.5
       58         31       0   0.000  0.016   2160     5.913          34.9        95.1       130.0      28.5     168.8
       58         34       0   0.000  0.000      0       nan           nan         nan         nan       nan       nan
       58         36       0   0.000  0.000      0       nan           nan         nan         nan       nan       nan
       58         37       0   0.000  0.000      0       nan           nan         nan         nan       nan       nan
       58         38       0   0.000  0.000      0       nan           nan         nan         nan       nan       nan
       58         40       0   0.000  0.000      0       nan           nan         nan         nan       nan       nan
       58         41       0   0.000  0.000      0       nan           nan         nan         nan       nan       nan
       58         42       0   0.000  0.000      0       nan           nan         nan         nan       nan       nan
       58         43       0   0.000  0.000      0       nan           nan         nan         nan       nan       nan
       58         44       0   0.000  0.000      0       nan           nan         nan         nan       nan       nan
       58         45       0   0.000  0.000      0       nan           nan         nan         nan       nan       nan
       58         47       0   0.000  0.000      0       nan           nan         nan         nan       nan       nan
       58         49       0   0.000  0.000      0       nan           nan         nan         nan       nan       nan
       58         50       0   0.000  0.000      0       nan           nan         nan         nan       nan       nan
       58         51       0   0.000  0.000      0       nan           nan         nan         nan       nan       nan
       58         52       0   0.000  0.000      0       nan           nan         nan         nan       nan       nan
       58         53       0   0.000  0.000      0       nan           nan         nan         nan       nan       nan
       58         54       0   0.000  0.000      0       nan           nan         nan         nan       nan       nan
       58         55       0   0.000  0.000      0       nan           nan         nan         nan       nan       nan
       58         56       0   0.000  0.000      0       nan           nan         nan         nan       nan       nan
       58         57       0   0.000  0.000      0       nan           nan         nan         nan       nan       nan
       58         58       0   0.000  0.000      0       nan           nan         nan         nan       nan       nan
       58         59       0   0.000  0.000      0       nan           nan         nan         nan       nan       nan
       58         60       0   0.000  0.000      0       nan           nan         nan         nan       nan       nan
       58         61       0   0.000  0.000      0       nan           nan         nan         nan       nan       nan
       58         62       0   0.000  0.000      0       nan           nan         nan         nan       nan       nan
       58         63       0   0.000  0.000      0       nan           nan         nan         nan       nan       nan
       58         64       0   0.000  0.000      0       nan           nan         nan         nan       nan       nan
       58         65       0   0.000  0.000      0       nan           nan         nan         nan       nan       nan
       58         66       0   0.000  0.000      0       nan           nan         nan         nan       nan       nan
       58         68       0   0.000  0.000      0       nan           nan         nan         nan       nan       nan
       58         70       0   0.000  0.000      0       nan           nan         nan         nan       nan       nan
       58         71       0   0.000  0.000      0       nan           nan         nan         nan       nan       nan
       58         72       0   0.000  0.000      0       nan           nan         nan         nan       nan       nan
       58         73       0   0.000  0.000      0       nan           nan         nan         nan       nan       nan
       58         74       0   0.000  0.000      0       nan           nan         nan         nan       nan       nan
       58         75       0   0.000  0.000      0       nan           nan         nan         nan       nan       nan
       58         76       0   0.000  0.000      0       nan           nan         nan         nan       nan       nan
       58         78       0   0.000  0.000      0       nan           nan         nan         nan       nan       nan
       58         79       0   0.000  0.000      0       nan           nan         nan         nan       nan       nan
       58         80       0   0.000  0.000      0       nan           nan         nan         nan       nan       nan
       58         81       0   0.000  0.000      0       nan           nan         nan         nan       nan       nan
       58         82       0   0.000  0.000      0       nan           nan         nan         nan       nan       nan
       58         83       0   0.000  0.000      0       nan           nan         nan         nan       nan       nan
       58         85       0   0.000  0.000      0       nan           nan         nan         nan       nan       nan
       58         86       0   0.000  0.000      0       nan           nan         nan         nan       nan       nan
       58         87       0   0.000  0.000      0       nan           nan         nan         nan       nan       nan
       58         88       0   0.000  0.000      0       nan           nan         nan         nan       nan       nan
       58         89       0   0.000  0.000      0       nan           nan         nan         nan       nan       nan
       58         90       0   0.000  0.000      0       nan           nan         nan         nan       nan       nan
       58         91       0   0.000  0.000      0       nan           nan         nan         nan       nan       nan
       58         92       0   0.000  0.000      0       nan           nan         nan         nan       nan       nan
       58         93       0   0.000  0.000      0       nan           nan         nan         nan       nan       nan
       58         94       0   0.000  0.000      0       nan           nan         nan         nan       nan       nan
       58         95       0   0.000  0.000      0       nan           nan         nan         nan       nan       nan
       58         96       0   0.000  0.000      0       nan           nan         nan         nan       nan       nan
       58         97       0   0.000  0.000      0       nan           nan         nan         nan       nan       nan
       58         98       0   0.000  0.000      0       nan           nan         nan         nan       nan       nan
       58         99       0   0.000  0.000      0       nan           nan         nan         nan       nan       nan
       58        100       0   0.000  0.000      0       nan           nan         nan         nan       nan       nan
       58        101       0   0.000  0.000      0       nan           nan         nan         nan       nan       nan
       58        102       0   0.000  0.000      0       nan           nan         nan         nan       nan       nan
       58        103       0   0.000  0.000      0       nan           nan         nan         nan       nan       nan
       58        104       0   0.000  0.000      0       nan           nan         nan         nan       nan       nan
       58        105       0   0.000  0.000      0       nan           nan         nan         nan       nan       nan
       58        106       0   0.000  0.000      0       nan           nan         nan         nan       nan       nan
       58        107       0   0.000  0.000      0       nan           nan         nan         nan       nan       nan
       58        108       0   0.000  0.000      0       nan           nan         nan         nan       nan       nan
       58        109       0   0.000  0.000      0       nan           nan         nan         nan       nan       nan
       58        110       0   0.000  0.000      0       nan           nan         nan         nan       nan       nan
       58        111       0   0.000  0.000      0       nan           nan         nan         nan       nan       nan
       58        112       0   0.000  0.000      0       nan           nan         nan         nan       nan       nan
       58        113       0   0.000  0.000      0       nan           nan         nan         nan       nan       nan
       58        114       0   0.000  0.000      0       nan           nan         nan         nan       nan       nan
       58        115       0   0.000  0.000      0       nan           nan         nan         nan       nan       nan
       58        116       0   0.000  0.000      0       nan           nan         nan         nan       nan       nan
       58        117       0   0.000  0.000      0       nan           nan         nan         nan       nan       nan
       58        118       0   0.000  0.000      0       nan           nan         nan         nan       nan       nan
       58        120       0   0.000  0.000      0       nan           nan         nan         nan       nan       nan
       58        121       0   0.000  0.000      0       nan           nan         nan         nan       nan       nan
       58        122       0   0.000  0.000      0       nan           nan         nan         nan       nan       nan
       58        123       0   0.000  0.000      0       nan           nan         nan         nan       nan       nan
       58        125       0   0.000  0.000      0       nan           nan         nan         nan       nan       nan
       58        126       0   0.000  0.000      0       nan           nan         nan         nan       nan       nan
       58        127       0   0.000  0.000      0       nan           nan         nan         nan       nan       nan
       58        128       0   0.000  0.000      0       nan           nan         nan         nan       nan       nan
       58        129       0   0.000  0.000      0       nan           nan         nan         nan       nan       nan
       58        130       0   0.000  0.000      0       nan           nan         nan         nan       nan       nan
       58        131       0   0.000  0.000      0       nan           nan         nan         nan       nan       nan
       58        132       0   0.000  0.000      0       nan           nan         nan         nan       nan       nan
       58        133       0   0.000  0.000      0       nan           nan         nan         nan       nan       nan
       58        134       0   0.000  0.000      0       nan           nan         nan         nan       nan       nan
       58        135       0   0.000  0.000      0       nan           nan         nan         nan       nan       nan
       58        136       0   0.000  0.000      0       nan           nan         nan         nan       nan       nan
       58        137       0   0.000  0.000      0       nan           nan         nan         nan       nan       nan
       58        138       0   0.000  0.000      0       nan           nan         nan         nan       nan       nan
       58        139       0   0.000  0.000      0       nan           nan         nan         nan       nan       nan
       59         89       0   0.086  0.171   1604     2.000           0.0       120.0       120.0      57.1      28.5
       59        125       0   0.080  0.124   1356     1.542           0.0       120.0       120.0      57.1      37.0
       59         54       0   0.067  0.145   1944     2.181           0.0       120.0       120.0      57.1      26.2
       59         39       0   0.042  0.100   2312     2.378           0.0       120.0       120.0      57.1      24.0
       59         63       0   0.025  0.039    984     1.542           0.0       120.0       120.0      57.1      88.0
       59         84       0   0.023  0.027    552     1.189           0.0       120.0       120.0      57.1      48.0
       59         29       0   0.023  0.050   4812     2.181           0.0       120.0       120.0      57.1     124.5
       59        128       1   0.021  0.272   2760     1.189          10.0       120.0       130.0      57.1      48.0
       59         25       0   0.017  0.052   9364     3.084           0.0       120.0       120.0      57.1     176.1
       59         26       0   0.017  0.028   2988     1.682           0.0       120.0       120.0      57.1      33.9
       59         91       0   0.015  0.034    468     1.834           0.3       120.0       119.7      57.1      31.1
       59         81       0   0.014  0.196   2888     1.297          10.0       120.0       130.0      57.1      44.0
       59         98       0   0.013  0.171   2060     1.414           8.4       120.0       128.4      57.1      40.4
       59         27       0   0.012  0.017   2484     1.414           0.0       120.0       120.0      57.1      80.7
       59        139       0   0.009  0.189   1824     2.000           9.5       120.0       129.5      57.1      28.5
       59         95       0   0.005  0.120   1120     2.378          10.0       120.0       130.0      57.1      24.0
       59         42       0   0.004  0.078   3252     1.834          10.0       120.0       130.0      57.1      31.1
       59         35       0   0.003  0.052   2232     1.542          10.0       120.0       130.0      57.1      37.0
       59        113       0   0.003  0.046    476     1.414          10.0       120.0       130.0      57.1      40.4
       59         57       0   0.003  0.035   1232     1.091          10.0       120.0       130.0      57.1      62.2
       59         32       0   0.002  0.020   2860     1.091           7.5       120.0       127.5      57.1      52.3
       59         31       0   0.002  0.068   9364     3.084          10.0       120.0       130.0      57.1     176.1
       59         65       0   0.001  0.023    356     1.542          10.0       120.0       110.0      57.1      37.0
       59         34       0   0.001  0.030    636     2.378          10.0       120.0       110.0      57.1      24.0
       59         87       0   0.001  0.067   2080     2.000          30.0       120.0       150.0      57.1     114.2
       59         92       0   0.001  0.009    120     1.297          10.0       120.0       110.0      57.1      44.0
       59         45       0   0.001  0.044   3520     3.668          20.0       120.0       140.0      57.1     209.4
       59         47       0   0.000  0.018   1088     1.834          20.0       120.0       140.0      57.1     104.7
       59        117       0   0.000  0.003     32     2.378          10.0       120.0       130.0      57.1      24.0
       59         28       0   0.000  0.000      0       nan           nan         nan         nan       nan       nan
       59         30       0   0.000  0.000      0       nan           nan         nan         nan       nan       nan
       59         33       0   0.000  0.000      0       nan           nan         nan         nan       nan       nan
       59         36       0   0.000  0.000      0       nan           nan         nan         nan       nan       nan
       59         37       0   0.000  0.000      0       nan           nan         nan         nan       nan       nan
       59         38       0   0.000  0.000      0       nan           nan         nan         nan       nan       nan
       59         40       0   0.000  0.000      0       nan           nan         nan         nan       nan       nan
       59         41       0   0.000  0.000      0       nan           nan         nan         nan       nan       nan
       59         43       0   0.000  0.000      0       nan           nan         nan         nan       nan       nan
       59         44       0   0.000  0.000      0       nan           nan         nan         nan       nan       nan
       59         46       0   0.000  0.000      0       nan           nan         nan         nan       nan       nan
       59         48       0   0.000  0.000      0       nan           nan         nan         nan       nan       nan
       59         49       0   0.000  0.000      0       nan           nan         nan         nan       nan       nan
       59         50       0   0.000  0.000      0       nan           nan         nan         nan       nan       nan
       59         51       0   0.000  0.000      0       nan           nan         nan         nan       nan       nan
       59         52       0   0.000  0.000      0       nan           nan         nan         nan       nan       nan
       59         53       0   0.000  0.000      0       nan           nan         nan         nan       nan       nan
       59         55       0   0.000  0.000      0       nan           nan         nan         nan       nan       nan
       59         56       0   0.000  0.000      0       nan           nan         nan         nan       nan       nan
       59         58       0   0.000  0.000      0       nan           nan         nan         nan       nan       nan
       59         59       0   0.000  0.000      0       nan           nan         nan         nan       nan       nan
       59         60       0   0.000  0.000      0       nan           nan         nan         nan       nan       nan
       59         61       0   0.000  0.000      0       nan           nan         nan         nan       nan       nan
       59         62       0   0.000  0.000      0       nan           nan         nan         nan       nan       nan
       59         64       0   0.000  0.000      0       nan           nan         nan         nan       nan       nan
       59         66       0   0.000  0.000      0       nan           nan         nan         nan       nan       nan
       59         67       0   0.000  0.000      0       nan           nan         nan         nan       nan       nan
       59         68       0   0.000  0.000      0       nan           nan         nan         nan       nan       nan
       59         69       0   0.000  0.000      0       nan           nan         nan         nan       nan       nan
       59         70       0   0.000  0.000      0       nan           nan         nan         nan       nan       nan
       59         71       0   0.000  0.000      0       nan           nan         nan         nan       nan       nan
       59         72       0   0.000  0.000      0       nan           nan         nan         nan       nan       nan
       59         73       0   0.000  0.000      0       nan           nan         nan         nan       nan       nan
       59         74       0   0.000  0.000      0       nan           nan         nan         nan       nan       nan
       59         75       0   0.000  0.000      0       nan           nan         nan         nan       nan       nan
       59         76       0   0.000  0.000      0       nan           nan         nan         nan       nan       nan
       59         77       0   0.000  0.000      0       nan           nan         nan         nan       nan       nan
       59         78       0   0.000  0.000      0       nan           nan         nan         nan       nan       nan
       59         79       0   0.000  0.000      0       nan           nan         nan         nan       nan       nan
       59         80       0   0.000  0.000      0       nan           nan         nan         nan       nan       nan
       59         82       0   0.000  0.000      0       nan           nan         nan         nan       nan       nan
       59         83       0   0.000  0.000      0       nan           nan         nan         nan       nan       nan
       59         85       0   0.000  0.000      0       nan           nan         nan         nan       nan       nan
       59         86       0   0.000  0.000      0       nan           nan         nan         nan       nan       nan
       59         88       0   0.000  0.000      0       nan           nan         nan         nan       nan       nan
       59         90       0   0.000  0.000      0       nan           nan         nan         nan       nan       nan
       59         93       0   0.000  0.000      0       nan           nan         nan         nan       nan       nan
       59         94       0   0.000  0.000      0       nan           nan         nan         nan       nan       nan
       59         96       0   0.000  0.000      0       nan           nan         nan         nan       nan       nan
       59         97       0   0.000  0.000      0       nan           nan         nan         nan       nan       nan
       59         99       0   0.000  0.000      0       nan           nan         nan         nan       nan       nan
       59        100       0   0.000  0.000      0       nan           nan         nan         nan       nan       nan
       59        101       0   0.000  0.000      0       nan           nan         nan         nan       nan       nan
       59        102       0   0.000  0.000      0       nan           nan         nan         nan       nan       nan
       59        103       0   0.000  0.000      0       nan           nan         nan         nan       nan       nan
       59        104       0   0.000  0.000      0       nan           nan         nan         nan       nan       nan
       59        105       0   0.000  0.000      0       nan           nan         nan         nan       nan       nan
       59        106       0   0.000  0.000      0       nan           nan         nan         nan       nan       nan
       59        107       0   0.000  0.000      0       nan           nan         nan         nan       nan       nan
       59        108       0   0.000  0.000      0       nan           nan         nan         nan       nan       nan
       59        109       0   0.000  0.000      0       nan           nan         nan         nan       nan       nan
       59        110       0   0.000  0.000      0       nan           nan         nan         nan       nan       nan
       59        111       0   0.000  0.000      0       nan           nan         nan         nan       nan       nan
       59        112       0   0.000  0.000      0       nan           nan         nan         nan       nan       nan
       59        114       0   0.000  0.000      0       nan           nan         nan         nan       nan       nan
       59        115       0   0.000  0.000      0       nan           nan         nan         nan       nan       nan
       59        116       0   0.000  0.000      0       nan           nan         nan         nan       nan       nan
       59        118       0   0.000  0.000      0       nan           nan         nan         nan       nan       nan
       59        119       0   0.000  0.000      0       nan           nan         nan         nan       nan       nan
       59        120       0   0.000  0.000      0       nan           nan         nan         nan       nan       nan
       59        121       0   0.000  0.000      0       nan           nan         nan         nan       nan       nan
       59        122       0   0.000  0.000      0       nan           nan         nan         nan       nan       nan
       59        123       0   0.000  0.000      0       nan           nan         nan         nan       nan       nan
       59        124       0   0.000  0.000      0       nan           nan         nan         nan       nan       nan
       59        126       0   0.000  0.000      0       nan           nan         nan         nan       nan       nan
       59        127       0   0.000  0.000      0       nan           nan         nan         nan       nan       nan
       59        129       0   0.000  0.000      0       nan           nan         nan         nan       nan       nan
       59        130       0   0.000  0.000      0       nan           nan         nan         nan       nan       nan
       59        131       0   0.000  0.000      0       nan           nan         nan         nan       nan       nan
       59        132       0   0.000  0.000      0       nan           nan         nan         nan       nan       nan
       59        133       0   0.000  0.000      0       nan           nan         nan         nan       nan       nan
       59        134       0   0.000  0.000      0       nan           nan         nan         nan       nan       nan
       59        135       0   0.000  0.000      0       nan           nan         nan         nan       nan       nan
       59        136       0   0.000  0.000      0       nan           nan         nan         nan       nan       nan
       59        137       0   0.000  0.000      0       nan           nan         nan         nan       nan       nan
       59        138       0   0.000  0.000      0       nan           nan         nan         nan       nan       nan
       60         94       0   0.008  0.359   1892     1.189          35.5        99.4       135.0      26.2      31.1
       60         42       0   0.001  0.041   1536     1.297          30.1        99.9       130.0      26.2      33.9
       60         29       0   0.000  0.027   2488     4.757          21.0        99.0       120.0      26.2     124.5
       60         47       0   0.000  0.038   2048     4.757          30.8        98.8       129.6      26.2     124.5
       60         27       0   0.000  0.011   1636     2.828          21.4        98.6       120.0      26.2      74.0
       60         32       0   0.000  0.016   2120     2.828          31.1        98.9       130.0      26.2      74.0
       60         57       0   0.000  0.012    376     2.378          30.0       100.0       130.0      26.2      62.2
       60         45       0   0.000  0.044   3208     8.724          40.7        99.3       140.0      26.2     228.3
       60         31       0   0.000  0.023   3208     6.727          30.7        99.3       130.0      26.2     176.1
       60         25       0   0.000  0.018   3208     8.000          30.7        99.3       130.0      26.2     209.4
       60         49       0   0.000  0.003    168     7.336          10.0       100.0       110.0      31.1     228.3
       60         26       0   0.000  0.000      0       nan           nan         nan         nan       nan       nan
       60         28       0   0.000  0.000      0       nan           nan         nan         nan       nan       nan
       60         30       0   0.000  0.000      0       nan           nan         nan         nan       nan       nan
       60         33       0   0.000  0.000      0       nan           nan         nan         nan       nan       nan
       60         34       0   0.000  0.000      0       nan           nan         nan         nan       nan       nan
       60         35       0   0.000  0.000      0       nan           nan         nan         nan       nan       nan
       60         36       0   0.000  0.000      0       nan           nan         nan         nan       nan       nan
       60         37       0   0.000  0.000      0       nan           nan         nan         nan       nan       nan
       60         38       0   0.000  0.000      0       nan           nan         nan         nan       nan       nan
       60         39       0   0.000  0.000      0       nan           nan         nan         nan       nan       nan
       60         40       0   0.000  0.000      0       nan           nan         nan         nan       nan       nan
       60         41       0   0.000  0.000      0       nan           nan         nan         nan       nan       nan
       60         43       0   0.000  0.000      0       nan           nan         nan         nan       nan       nan
       60         44       0   0.000  0.000      0       nan           nan         nan         nan       nan       nan
       60         46       0   0.000  0.000      0       nan           nan         nan         nan       nan       nan
       60         48       0   0.000  0.000      0       nan           nan         nan         nan       nan       nan
       60         50       0   0.000  0.000      0       nan           nan         nan         nan       nan       nan
       60         51       0   0.000  0.000      0       nan           nan         nan         nan       nan       nan
       60         52       0   0.000  0.000      0       nan           nan         nan         nan       nan       nan
       60         53       0   0.000  0.000      0       nan           nan         nan         nan       nan       nan
       60         54       0   0.000  0.000      0       nan           nan         nan         nan       nan       nan
       60         55       0   0.000  0.000      0       nan           nan         nan         nan       nan       nan
       60         56       0   0.000  0.000      0       nan           nan         nan         nan       nan       nan
       60         58       0   0.000  0.000      0       nan           nan         nan         nan       nan       nan
       60         59       0   0.000  0.000      0       nan           nan         nan         nan       nan       nan
       60         60       0   0.000  0.000      0       nan           nan         nan         nan       nan       nan
       60         61       0   0.000  0.000      0       nan           nan         nan         nan       nan       nan
       60         62       0   0.000  0.000      0       nan           nan         nan         nan       nan       nan
       60         63       0   0.000  0.000      0       nan           nan         nan         nan       nan       nan
       60         64       0   0.000  0.000      0       nan           nan         nan         nan       nan       nan
       60         65       0   0.000  0.000      0       nan           nan         nan         nan       nan       nan
       60         66       0   0.000  0.000      0       nan           nan         nan         nan       nan       nan
       60         67       0   0.000  0.000      0       nan           nan         nan         nan       nan       nan
       60         68       0   0.000  0.000      0       nan           nan         nan         nan       nan       nan
       60         69       0   0.000  0.000      0       nan           nan         nan         nan       nan       nan
       60         70       0   0.000  0.000      0       nan           nan         nan         nan       nan       nan
       60         71       0   0.000  0.000      0       nan           nan         nan         nan       nan       nan
       60         72       0   0.000  0.000      0       nan           nan         nan         nan       nan       nan
       60         73       0   0.000  0.000      0       nan           nan         nan         nan       nan       nan
       60         74       0   0.000  0.000      0       nan           nan         nan         nan       nan       nan
       60         75       0   0.000  0.000      0       nan           nan         nan         nan       nan       nan
       60         76       0   0.000  0.000      0       nan           nan         nan         nan       nan       nan
       60         77       0   0.000  0.000      0       nan           nan         nan         nan       nan       nan
       60         78       0   0.000  0.000      0       nan           nan         nan         nan       nan       nan
       60         79       0   0.000  0.000      0       nan           nan         nan         nan       nan       nan
       60         80       0   0.000  0.000      0       nan           nan         nan         nan       nan       nan
       60         81       0   0.000  0.000      0       nan           nan         nan         nan       nan       nan
       60         82       0   0.000  0.000      0       nan           nan         nan         nan       nan       nan
       60         83       0   0.000  0.000      0       nan           nan         nan         nan       nan       nan
       60         84       0   0.000  0.000      0       nan           nan         nan         nan       nan       nan
       60         85       0   0.000  0.000      0       nan           nan         nan         nan       nan       nan
       60         86       0   0.000  0.000      0       nan           nan         nan         nan       nan       nan
       60         87       0   0.000  0.000      0       nan           nan         nan         nan       nan       nan
       60         88       0   0.000  0.000      0       nan           nan         nan         nan       nan       nan
       60         89       0   0.000  0.000      0       nan           nan         nan         nan       nan       nan
       60         90       0   0.000  0.000      0       nan           nan         nan         nan       nan       nan
       60         91       0   0.000  0.000      0       nan           nan         nan         nan       nan       nan
       60         92       0   0.000  0.000      0       nan           nan         nan         nan       nan       nan
       60         93       0   0.000  0.000      0       nan           nan         nan         nan       nan       nan
       60         95       0   0.000  0.000      0       nan           nan         nan         nan       nan       nan
       60         96       0   0.000  0.000      0       nan           nan         nan         nan       nan       nan
       60         97       0   0.000  0.000      0       nan           nan         nan         nan       nan       nan
       60         98       0   0.000  0.000      0       nan           nan         nan         nan       nan       nan
       60         99       0   0.000  0.000      0       nan           nan         nan         nan       nan       nan
       60        100       0   0.000  0.000      0       nan           nan         nan         nan       nan       nan
       60        101       0   0.000  0.000      0       nan           nan         nan         nan       nan       nan
       60        102       0   0.000  0.000      0       nan           nan         nan         nan       nan       nan
       60        103       0   0.000  0.000      0       nan           nan         nan         nan       nan       nan
       60        104       0   0.000  0.000      0       nan           nan         nan         nan       nan       nan
       60        105       0   0.000  0.000      0       nan           nan         nan         nan       nan       nan
       60        106       0   0.000  0.000      0       nan           nan         nan         nan       nan       nan
       60        107       0   0.000  0.000      0       nan           nan         nan         nan       nan       nan
       60        108       0   0.000  0.000      0       nan           nan         nan         nan       nan       nan
       60        109       0   0.000  0.000      0       nan           nan         nan         nan       nan       nan
       60        110       0   0.000  0.000      0       nan           nan         nan         nan       nan       nan
       60        111       0   0.000  0.000      0       nan           nan         nan         nan       nan       nan
       60        112       0   0.000  0.000      0       nan           nan         nan         nan       nan       nan
       60        113       0   0.000  0.000      0       nan           nan         nan         nan       nan       nan
       60        114       0   0.000  0.000      0       nan           nan         nan         nan       nan       nan
       60        115       0   0.000  0.000      0       nan           nan         nan         nan       nan       nan
       60        116       0   0.000  0.000      0       nan           nan         nan         nan       nan       nan
       60        117       0   0.000  0.000      0       nan           nan         nan         nan       nan       nan
       60        118       0   0.000  0.000      0       nan           nan         nan         nan       nan       nan
       60        119       0   0.000  0.000      0       nan           nan         nan         nan       nan       nan
       60        120       0   0.000  0.000      0       nan           nan         nan         nan       nan       nan
       60        121       0   0.000  0.000      0       nan           nan         nan         nan       nan       nan
       60        122       0   0.000  0.000      0       nan           nan         nan         nan       nan       nan
       60        123       0   0.000  0.000      0       nan           nan         nan         nan       nan       nan
       60        124       0   0.000  0.000      0       nan           nan         nan         nan       nan       nan
       60        125       0   0.000  0.000      0       nan           nan         nan         nan       nan       nan
       60        126       0   0.000  0.000      0       nan           nan         nan         nan       nan       nan
       60        127       0   0.000  0.000      0       nan           nan         nan         nan       nan       nan
       60        128       0   0.000  0.000      0       nan           nan         nan         nan       nan       nan
       60        129       0   0.000  0.000      0       nan           nan         nan         nan       nan       nan
       60        130       0   0.000  0.000      0       nan           nan         nan         nan       nan       nan
       60        131       0   0.000  0.000      0       nan           nan         nan         nan       nan       nan
       60        132       0   0.000  0.000      0       nan           nan         nan         nan       nan       nan
       60        133       0   0.000  0.000      0       nan           nan         nan         nan       nan       nan
       60        134       0   0.000  0.000      0       nan           nan         nan         nan       nan       nan
       60        135       0   0.000  0.000      0       nan           nan         nan         nan       nan       nan
       60        136       0   0.000  0.000      0       nan           nan         nan         nan       nan       nan
       60        137       0   0.000  0.000      0       nan           nan         nan         nan       nan       nan
       60        138       0   0.000  0.000      0       nan           nan         nan         nan       nan       nan
       60        139       0   0.000  0.000      0       nan           nan         nan         nan       nan       nan
       61         65       1   0.049  0.120    928     1.189           1.1       108.9       110.0      31.1      37.0
       61         92       0   0.042  0.144    732     1.414           1.4       108.6       110.0      31.1      44.0
       61        113       0   0.018  0.511   1204     1.297          21.4       108.6       130.0      31.1      40.4
       61         91       1   0.011  0.176   1056     1.091          13.4       108.4       121.7      31.1      28.5
       61         84       0   0.006  0.114   1392     1.542          11.2       108.8       120.0      31.1      48.0
       61         89       0   0.002  0.026     96     1.000          10.0       110.0       120.0      28.5      28.5
       61         95       0   0.002  0.055    172     1.189          20.0       110.0       130.0      28.5      24.0
       61         54       0   0.002  0.024    188     1.091          10.0       110.0       120.0      28.5      26.2
       61         35       0   0.001  0.039   1436     1.189          21.2       108.8       130.0      31.1      37.0
       61         26       0   0.001  0.018   1768     1.189          11.0       109.0       120.0      31.1      37.0
       61         39       0   0.001  0.015    264     1.189          10.0       110.0       120.0      28.5      24.0
       61         34       0   0.001  0.001     16     1.189           0.0       110.0       110.0      28.5      24.0
       61         32       0   0.001  0.010   1312     1.414          11.3       108.7       120.0      31.1      44.0
       61         25       0   0.000  0.012   2180     5.657          10.8       109.2       120.0      31.1     176.1
       61         31       0   0.000  0.016   2180     5.657          20.8       109.2       130.0      31.1     176.1
       61         29       0   0.000  0.004    384     4.346          14.6       105.4       120.0      28.6     124.5
       61         27       0   0.000  0.001     88     2.275           4.1       105.9       110.0      25.1      57.1
       61         46       0   0.000  0.001     36     5.657          30.0       100.0       130.0      24.0     135.8
       61         28       0   0.000  0.000      0       nan           nan         nan         nan       nan       nan
       61         30       0   0.000  0.000      0       nan           nan         nan         nan       nan       nan
       61         33       0   0.000  0.000      0       nan           nan         nan         nan       nan       nan
       61         36       0   0.000  0.000      0       nan           nan         nan         nan       nan       nan
       61         37       0   0.000  0.000      0       nan           nan         nan         nan       nan       nan
       61         38       0   0.000  0.000      0       nan           nan         nan         nan       nan       nan
       61         40       0   0.000  0.000      0       nan           nan         nan         nan       nan       nan
       61         41       0   0.000  0.000      0       nan           nan         nan         nan       nan       nan
       61         42       0   0.000  0.000      0       nan           nan         nan         nan       nan       nan
       61         43       0   0.000  0.000      0       nan           nan         nan         nan       nan       nan
       61         44       0   0.000  0.000      0       nan           nan         nan         nan       nan       nan
       61         45       0   0.000  0.000      0       nan           nan         nan         nan       nan       nan
       61         47       0   0.000  0.000      0       nan           nan         nan         nan       nan       nan
       61         48       0   0.000  0.000      0       nan           nan         nan         nan       nan       nan
       61         49       0   0.000  0.000      0       nan           nan         nan         nan       nan       nan
       61         50       0   0.000  0.000      0       nan           nan         nan         nan       nan       nan
       61         51       0   0.000  0.000      0       nan           nan         nan         nan       nan       nan
       61         52       0   0.000  0.000      0       nan           nan         nan         nan       nan       nan
       61         53       0   0.000  0.000      0       nan           nan         nan         nan       nan       nan
       61         55       0   0.000  0.000      0       nan           nan         nan         nan       nan       nan
       61         56       0   0.000  0.000      0       nan           nan         nan         nan       nan       nan
       61         57       0   0.000  0.000      0       nan           nan         nan         nan       nan       nan
       61         58       0   0.000  0.000      0       nan           nan         nan         nan       nan       nan
       61         59       0   0.000  0.000      0       nan           nan         nan         nan       nan       nan
       61         60       0   0.000  0.000      0       nan           nan         nan         nan       nan       nan
       61         61       0   0.000  0.000      0       nan           nan         nan         nan       nan       nan
       61         62       0   0.000  0.000      0       nan           nan         nan         nan       nan       nan
       61         63       0   0.000  0.000      0       nan           nan         nan         nan       nan       nan
       61         64       0   0.000  0.000      0       nan           nan         nan         nan       nan       nan
       61         66       0   0.000  0.000      0       nan           nan         nan         nan       nan       nan
       61         67       0   0.000  0.000      0       nan           nan         nan         nan       nan       nan
       61         68       0   0.000  0.000      0       nan           nan         nan         nan       nan       nan
       61         69       0   0.000  0.000      0       nan           nan         nan         nan       nan       nan
       61         70       0   0.000  0.000      0       nan           nan         nan         nan       nan       nan
       61         71       0   0.000  0.000      0       nan           nan         nan         nan       nan       nan
       61         72       0   0.000  0.000      0       nan           nan         nan         nan       nan       nan
       61         73       0   0.000  0.000      0       nan           nan         nan         nan       nan       nan
       61         74       0   0.000  0.000      0       nan           nan         nan         nan       nan       nan
       61         75       0   0.000  0.000      0       nan           nan         nan         nan       nan       nan
       61         76       0   0.000  0.000      0       nan           nan         nan         nan       nan       nan
       61         77       0   0.000  0.000      0       nan           nan         nan         nan       nan       nan
       61         78       0   0.000  0.000      0       nan           nan         nan         nan       nan       nan
       61         79       0   0.000  0.000      0       nan           nan         nan         nan       nan       nan
       61         80       0   0.000  0.000      0       nan           nan         nan         nan       nan       nan
       61         81       0   0.000  0.000      0       nan           nan         nan         nan       nan       nan
       61         82       0   0.000  0.000      0       nan           nan         nan         nan       nan       nan
       61         83       0   0.000  0.000      0       nan           nan         nan         nan       nan       nan
       61         85       0   0.000  0.000      0       nan           nan         nan         nan       nan       nan
       61         86       0   0.000  0.000      0       nan           nan         nan         nan       nan       nan
       61         87       0   0.000  0.000      0       nan           nan         nan         nan       nan       nan
       61         88       0   0.000  0.000      0       nan           nan         nan         nan       nan       nan
       61         90       0   0.000  0.000      0       nan           nan         nan         nan       nan       nan
       61         93       0   0.000  0.000      0       nan           nan         nan         nan       nan       nan
       61         94       0   0.000  0.000      0       nan           nan         nan         nan       nan       nan
       61         96       0   0.000  0.000      0       nan           nan         nan         nan       nan       nan
       61         97       0   0.000  0.000      0       nan           nan         nan         nan       nan       nan
       61         98       0   0.000  0.000      0       nan           nan         nan         nan       nan       nan
       61         99       0   0.000  0.000      0       nan           nan         nan         nan       nan       nan
       61        100       0   0.000  0.000      0       nan           nan         nan         nan       nan       nan
       61        101       0   0.000  0.000      0       nan           nan         nan         nan       nan       nan
       61        102       0   0.000  0.000      0       nan           nan         nan         nan       nan       nan
       61        103       0   0.000  0.000      0       nan           nan         nan         nan       nan       nan
       61        104       0   0.000  0.000      0       nan           nan         nan         nan       nan       nan
       61        105       0   0.000  0.000      0       nan           nan         nan         nan       nan       nan
       61        106       0   0.000  0.000      0       nan           nan         nan         nan       nan       nan
       61        107       0   0.000  0.000      0       nan           nan         nan         nan       nan       nan
       61        108       0   0.000  0.000      0       nan           nan         nan         nan       nan       nan
       61        109       0   0.000  0.000      0       nan           nan         nan         nan       nan       nan
       61        110       0   0.000  0.000      0       nan           nan         nan         nan       nan       nan
       61        111       0   0.000  0.000      0       nan           nan         nan         nan       nan       nan
       61        112       0   0.000  0.000      0       nan           nan         nan         nan       nan       nan
       61        114       0   0.000  0.000      0       nan           nan         nan         nan       nan       nan
       61        115       0   0.000  0.000      0       nan           nan         nan         nan       nan       nan
       61        116       0   0.000  0.000      0       nan           nan         nan         nan       nan       nan
       61        117       0   0.000  0.000      0       nan           nan         nan         nan       nan       nan
       61        118       0   0.000  0.000      0       nan           nan         nan         nan       nan       nan
       61        119       0   0.000  0.000      0       nan           nan         nan         nan       nan       nan
       61        120       0   0.000  0.000      0       nan           nan         nan         nan       nan       nan
       61        121       0   0.000  0.000      0       nan           nan         nan         nan       nan       nan
       61        122       0   0.000  0.000      0       nan           nan         nan         nan       nan       nan
       61        123       0   0.000  0.000      0       nan           nan         nan         nan       nan       nan
       61        124       0   0.000  0.000      0       nan           nan         nan         nan       nan       nan
       61        125       0   0.000  0.000      0       nan           nan         nan         nan       nan       nan
       61        126       0   0.000  0.000      0       nan           nan         nan         nan       nan       nan
       61        127       0   0.000  0.000      0       nan           nan         nan         nan       nan       nan
       61        128       0   0.000  0.000      0       nan           nan         nan         nan       nan       nan
       61        129       0   0.000  0.000      0       nan           nan         nan         nan       nan       nan
       61        130       0   0.000  0.000      0       nan           nan         nan         nan       nan       nan
       61        131       0   0.000  0.000      0       nan           nan         nan         nan       nan       nan
       61        132       0   0.000  0.000      0       nan           nan         nan         nan       nan       nan
       61        133       0   0.000  0.000      0       nan           nan         nan         nan       nan       nan
       61        134       0   0.000  0.000      0       nan           nan         nan         nan       nan       nan
       61        135       0   0.000  0.000      0       nan           nan         nan         nan       nan       nan
       61        136       0   0.000  0.000      0       nan           nan         nan         nan       nan       nan
       61        137       0   0.000  0.000      0       nan           nan         nan         nan       nan       nan
       61        138       0   0.000  0.000      0       nan           nan         nan         nan       nan       nan
       61        139       0   0.000  0.000      0       nan           nan         nan         nan       nan       nan
