cluster_a  cluster_c  passes  score    iou    inter  lam_ratio  ang_diff_deg  thetaA_deg  thetaC_deg  lamA_med  lamC_med
       47        631       0   0.105  0.592  24008     2.000           1.8        12.0        10.1     117.4      58.7
       47        616       1   0.057  0.554  28424     1.000           8.8         9.8         1.0     117.4     117.4
       47        617       0   0.037  0.626  26852     2.828           4.9         8.7         3.8     117.4      41.5
       47        646       1   0.028  0.363  11100     1.091          10.8         9.2        20.0     117.4     107.6
       47        620       0   0.027  0.453  18460     4.362           2.8         9.0         6.2     117.4      26.9
       47        710       0   0.025  0.032    968     1.297           0.0        20.0        20.0     117.4      90.5
       47        674       0   0.019  0.079   2380     1.682           1.5         1.5         0.0     117.4      69.8
       47        622       1   0.018  0.331  10732     1.189          14.7        14.7         0.0     117.4      98.7
       47        621       0   0.018  0.023    852     1.297           0.0         0.0         0.0      41.5      32.0
       47        690       0   0.018  0.063   1904     1.542           1.3        18.7        20.0     117.4      76.1
       47        640       0   0.017  0.390  12700     1.682          12.3        16.7         4.4     107.6      64.0
       47        618       0   0.017  0.526  28888     1.297          22.9        10.9       168.0     117.4      90.5
       47        651       0   0.015  0.351  11176     1.542          14.3        15.9         1.6     107.6      69.8
       47        657       0   0.014  0.046   1400     3.364           0.0         0.0         0.0     117.4      34.9
       47        783       0   0.013  0.064   1920     4.362           0.1        19.9        20.0     117.4      26.9
       47        619       0   0.012  0.572  23164     2.378          18.4         7.5       169.2     117.4      49.4
       47        728       0   0.011  0.016    488     1.414           0.0         0.0         0.0      45.3      64.0
       47        627       0   0.010  0.396  12824     2.000          19.5         9.5       170.0     117.4      58.7
       47        641       0   0.009  0.260   9928     1.834          14.8         4.8       170.0      69.8      38.1
       47        626       0   0.009  0.498  20200     2.828          19.3         5.3        24.5     117.4      41.5
       47        700       0   0.009  0.034   1028     4.000           0.0         0.0         0.0     117.4      29.3
       47        652       0   0.008  0.084   2668     1.542           5.8         4.2        10.0      45.3      69.8
       47        635       0   0.008  0.376  11332     4.757           8.9        12.4         3.5     117.4      24.7
       47        723       0   0.007  0.010    316     1.414           0.0        20.0        20.0     117.4      83.0
       47        639       0   0.007  0.120   3928     1.542          10.6         0.6       170.0      45.3      69.8
       47        623       0   0.006  0.554  21928     3.364          24.5         6.3       161.8     117.4      34.9
       47        823       0   0.006  0.021    648     2.828           0.2        20.2        20.0     117.4      41.5
       47        668       0   0.005  0.023    744     2.181           1.1         1.1         0.0      45.3      20.7
       47        625       0   0.004  0.127   4876     2.378          11.2         1.2       170.0      45.3     107.6
       47        666       0   0.004  0.198   6180     1.542          29.5         9.5       160.0      69.8      45.3
       47        633       0   0.004  0.177   5392     3.084          12.8        16.2         3.4     117.4      38.1
       47        812       0   0.003  0.008    252     2.378           0.0         0.0         0.0      41.5      17.4
       47        656       0   0.003  0.196   5928     2.181          25.3         5.3       160.0     117.4      53.8
       47        813       0   0.003  0.015    448     4.362           0.0         0.0         0.0     117.4      26.9
       47        707       0   0.003  0.071   2144     1.682          14.1        15.9        30.0     117.4      69.8
       47        678       0   0.003  0.192   5796     2.000          34.5         4.5       150.0     117.4      58.7
       47        665       0   0.002  0.151   5068     1.834          32.6         2.6       150.0      45.3      83.0
       47        672       0   0.002  0.187   5644     4.757          15.7         7.0        22.7     117.4      24.7
       47        733       0   0.002  0.045   1364     5.187           2.8        26.7        23.9     117.4      22.6
       47        675       0   0.002  0.123   3700     5.657           9.1        20.0        10.9     117.4      20.7
       47        660       0   0.002  0.120   3620     1.542          35.6         5.6       150.0     117.4      76.1
       47        837       0   0.002  0.021    620     1.682           4.8        15.2        20.0      69.8      41.5
       47        655       0   0.002  0.158   4944     2.000          37.8         2.2        40.0      45.3      90.5
       47        901       0   0.002  0.022    656     5.187           1.2         1.2         0.0     107.6      20.7
       47        911       0   0.002  0.007    224     4.000           0.0        20.0        20.0     117.4      29.3
       47        679       0   0.002  0.118   3556     2.000          34.2         4.2       150.0      45.3      90.5
       47        624       0   0.002  0.111   3372     3.084          20.8        10.0       169.2     117.4      38.1
       47        694       0   0.002  0.194   6020     4.362          26.3         5.3        31.6     117.4      26.9
       47        659       0   0.002  0.077   2532     1.834          24.9         2.3        27.2      45.3      24.7
       47        684       0   0.002  0.110   3384     2.828          24.2        12.5       168.4      69.8      24.7
       47        680       0   0.002  0.052   1580     3.084          10.0         0.0       170.0     117.4      38.1
       47        885       0   0.001  0.018    536     1.682           5.9         3.8         9.7      41.5      24.7
       47        658       0   0.001  0.077   2436     2.828          20.0         0.0       160.0     117.4      41.5
       47        896       0   0.001  0.012    368     1.834           4.1         4.8         0.6      41.5      22.6
       47        685       0   0.001  0.079   2384     5.187          11.5        13.9         2.4     117.4      22.6
       47        767       0   0.001  0.035   1068     1.297          21.8         1.8       160.0      45.3      34.9
       47        654       0   0.001  0.027    900     2.378           8.6         1.4        10.0      45.3      19.0
       47        705       0   0.001  0.149   4496     5.187          24.5        14.1       169.7     117.4      22.6
       47        703       0   0.001  0.078   2392     4.000          16.5        24.1         7.5     117.4      29.3
       47        740       0   0.001  0.091   2780     2.378          34.9         5.1        40.0     117.4      49.4
       47        687       0   0.001  0.072   2160     2.594          27.0         7.0       160.0     117.4      45.3
       47        677       0   0.001  0.036   1088     4.000           8.6        10.0         1.4      69.8      17.4
       47        645       0   0.001  0.060   1824     3.084          20.0         0.0        20.0     117.4      38.1
       47        721       0   0.001  0.042   1284     2.181          20.0         0.0        20.0     117.4      53.8
       47        696       0   0.001  0.129   3876     2.828          52.6        15.0       142.4     117.4      41.5
       47        706       0   0.001  0.042   1288     2.378          20.0         0.0       160.0     117.4      49.4
       47        638       0   0.001  0.087   2724     3.084          32.6         0.0       147.4     117.4      38.1
       47        695       0   0.001  0.028    864     1.189          29.2         0.0        29.2     117.4      98.7
       47        784       0   0.001  0.037   1108     2.594          17.3        12.7        30.0     117.4      45.3
       47        636       0   0.001  0.014    468     1.682          10.0         0.0       170.0      41.5      24.7
       47        683       0   0.001  0.022    708     1.414          22.3         2.0       159.7      45.3      32.0
       47        681       0   0.001  0.054   1636     4.000          19.3         0.7        20.0     117.4      29.3
       47        699       0   0.001  0.029    912     4.000          10.1         0.0        10.1     117.4      29.3
       47        673       0   0.001  0.022    724     1.091          29.8         0.2        30.0      41.5      38.1
       47        711       0   0.001  0.037   1172     2.181          25.1         0.0        25.1      45.3      20.7
       47        749       0   0.001  0.044   1324     2.000          34.6        14.6       160.0      69.8      34.9
       47        663       0   0.001  0.078   2348     5.187          23.5        12.3       168.8     117.4      22.6
       47        756       0   0.001  0.040   1220     4.757          13.2         0.0        13.2     117.4      24.7
       47        751       0   0.001  0.097   2932     4.000          39.6         0.4        40.0     117.4      29.3
       47        859       0   0.001  0.021    640     3.668           9.0        29.0        20.0     117.4      32.0
       47        688       0   0.001  0.030    896     2.378          21.0         1.0       160.0      45.3     107.6
       47        858       0   0.001  0.020    608     6.727           4.9        14.6         9.7     117.4      17.4
       47        803       0   0.000  0.029    868     4.757          12.1         0.0       167.9     117.4      24.7
       47        864       0   0.000  0.009    284     1.834          10.0         0.0       170.0      41.5      22.6
       47        697       0   0.000  0.012    380     2.000          12.8         2.8       170.0      45.3      22.6
       47        778       0   0.000  0.032    960     6.169          11.4        21.4        10.0     117.4      19.0
       47        761       0   0.000  0.010    300     2.181          10.0         0.0       170.0     117.4      53.8
       47        708       0   0.000  0.030    928     2.000          35.7        25.7       170.0     117.4      58.7
       47        637       0   0.000  0.029   1264     2.181          31.9        21.9       170.0     117.4      53.8
       47        725       0   0.000  0.027    828     1.682          40.0         0.0        40.0      41.5      69.8
       47        693       0   0.000  0.052   1564     6.169          21.5        21.5         0.0     117.4      19.0
       47        878       0   0.000  0.010    296     1.542          17.7         2.3        20.0      45.3      29.3
       47        647       0   0.000  0.013    412     2.000          20.0         0.0        20.0      45.3      22.6
       47        874       0   0.000  0.018    556     1.297          46.5         3.0       136.6      45.3      34.9
       47        824       0   0.000  0.032    972     3.668          28.7        30.0         1.3     117.4      32.0
       47        904       0   0.000  0.010    312     1.682          20.0         0.0        20.0      45.3      26.9
       47        811       0   0.000  0.033   1008     4.362          25.4         0.0       154.6     117.4      26.9
       47        776       0   0.000  0.035   1056     2.594          50.0         0.0        50.0     117.4      45.3
       47        772       0   0.000  0.019    568     2.181          31.7         8.3        40.0     117.4      53.8
       47        632       0   0.000  0.010    376     1.000          40.0         0.0        40.0      41.5      41.5
       47        889       0   0.000  0.018    528     4.757          15.3        24.7        40.0     117.4      24.7
       47        709       0   0.000  0.019    584     4.757          17.2         0.0        17.2     117.4      24.7
       47        907       0   0.000  0.017    520     3.668          20.2         6.7       166.5      69.8      19.0
       47        790       0   0.000  0.030    924     4.757          29.4         0.0        29.4     117.4      24.7
       47        742       0   0.000  0.019    572     6.169          15.7        26.2        10.6     117.4      19.0
       47        800       0   0.000  0.045   1360     5.187          52.0        10.9       138.9     117.4      22.6
       47        842       0   0.000  0.028    836     3.364          50.0        20.0       150.0     117.4      34.9
       47        768       0   0.000  0.005    164     1.189          30.0        10.0       160.0      69.8      58.7
       47        856       0   0.000  0.013    380     4.757          20.2         0.2       160.0     107.6      22.6
       47        718       0   0.000  0.005    148     1.834          20.0         0.0        20.0      41.5      22.6
       47        815       0   0.000  0.008    248     2.594          30.0         0.0       150.0     117.4      45.3
       47        830       0   0.000  0.018    540     4.362          40.0         0.0       140.0     117.4      26.9
       47        917       0   0.000  0.018    540     3.364          60.0         0.0       120.0     117.4      34.9
       47        880       0   0.000  0.006    192     6.727          10.0        30.0        20.0     117.4      17.4
       47        821       0   0.000  0.002     68     1.682          20.0         0.0       160.0      41.5      24.7
       47        884       0   0.000  0.007    208     3.084          40.0         0.0       140.0     117.4      38.1
       47        780       0   0.000  0.010    312     2.181          86.9        26.9       120.0     117.4      53.8
       47        867       0   0.000  0.005    160     4.757          20.0         0.0        20.0     117.4      24.7
       47        849       0   0.000  0.010    288     3.084          68.2         8.2       120.0     117.4      38.1
       47        758       0   0.000  0.005    144     3.668          30.0         0.0        30.0     117.4      32.0
       47        753       0   0.000  0.002     68     1.834          30.0         0.0       150.0     117.4      64.0
       47        839       0   0.000  0.007    200     4.000          50.0         0.0       130.0     117.4      29.3
       47        868       0   0.000  0.004    112     2.828          40.0         0.0       140.0     117.4      41.5
       47        816       0   0.000  0.007    196     2.378          90.0        30.0       120.0     117.4      49.4
       47        875       0   0.000  0.002     72     1.297          64.4         0.0        64.4      45.3      34.9
       47        701       0   0.000  0.001     52     1.834          30.0        30.0         0.0     117.4      64.0
       47        894       0   0.000  0.004    128     4.000          40.0         0.0       140.0     117.4      29.3
       47        732       0   0.000  0.002     72     2.181          50.0         0.0        50.0      41.5      90.5
       47        773       0   0.000  0.001     44     2.181          30.0        30.0         0.0     117.4      53.8
       47        895       0   0.000  0.001     36     2.000          30.0         0.0        30.0      41.5      20.7
       47        704       0   0.000  0.001     40     2.594          50.0         0.0       130.0     117.4      45.3
       47        797       0   0.000  0.001     20     2.181          40.0         0.0        40.0     117.4      53.8
       47        851       0   0.000  0.000      4     1.091          30.0         0.0       150.0      41.5      45.3
       47        918       0   0.000  0.000      8     3.668          50.0         0.0       130.0     117.4      32.0
       47        628       0   0.000  0.000      0       nan           nan         nan         nan       nan       nan
       47        629       0   0.000  0.000      0       nan           nan         nan         nan       nan       nan
       47        630       0   0.000  0.000      0       nan           nan         nan         nan       nan       nan
       47        634       0   0.000  0.000      0       nan           nan         nan         nan       nan       nan
       47        642       0   0.000  0.000      0       nan           nan         nan         nan       nan       nan
       47        643       0   0.000  0.000      0       nan           nan         nan         nan       nan       nan
       47        644       0   0.000  0.000      0       nan           nan         nan         nan       nan       nan
       47        648       0   0.000  0.000      0       nan           nan         nan         nan       nan       nan
       47        649       0   0.000  0.000      0       nan           nan         nan         nan       nan       nan
       47        650       0   0.000  0.000      0       nan           nan         nan         nan       nan       nan
       47        653       0   0.000  0.000      0       nan           nan         nan         nan       nan       nan
       47        661       0   0.000  0.000      0       nan           nan         nan         nan       nan       nan
       47        662       0   0.000  0.000      0       nan           nan         nan         nan       nan       nan
       47        664       0   0.000  0.000      0       nan           nan         nan         nan       nan       nan
       47        667       0   0.000  0.000      0       nan           nan         nan         nan       nan       nan
       47        669       0   0.000  0.000      0       nan           nan         nan         nan       nan       nan
       47        670       0   0.000  0.000      0       nan           nan         nan         nan       nan       nan
       47        671       0   0.000  0.000      0       nan           nan         nan         nan       nan       nan
       47        676       0   0.000  0.000      0       nan           nan         nan         nan       nan       nan
       47        682       0   0.000  0.000      0       nan           nan         nan         nan       nan       nan
       47        686       0   0.000  0.000      0       nan           nan         nan         nan       nan       nan
       47        689       0   0.000  0.000      0       nan           nan         nan         nan       nan       nan
       47        691       0   0.000  0.000      0       nan           nan         nan         nan       nan       nan
       47        692       0   0.000  0.000      0       nan           nan         nan         nan       nan       nan
       47        698       0   0.000  0.000      0       nan           nan         nan         nan       nan       nan
       47        702       0   0.000  0.000      0       nan           nan         nan         nan       nan       nan
       47        712       0   0.000  0.000      0       nan           nan         nan         nan       nan       nan
       47        713       0   0.000  0.000      0       nan           nan         nan         nan       nan       nan
       47        714       0   0.000  0.000      0       nan           nan         nan         nan       nan       nan
       47        715       0   0.000  0.000      0       nan           nan         nan         nan       nan       nan
       47        716       0   0.000  0.000      0       nan           nan         nan         nan       nan       nan
       47        717       0   0.000  0.000      0       nan           nan         nan         nan       nan       nan
       47        719       0   0.000  0.000      0       nan           nan         nan         nan       nan       nan
       47        720       0   0.000  0.000      0       nan           nan         nan         nan       nan       nan
       47        722       0   0.000  0.000      0       nan           nan         nan         nan       nan       nan
       47        724       0   0.000  0.000      0       nan           nan         nan         nan       nan       nan
       47        726       0   0.000  0.000      0       nan           nan         nan         nan       nan       nan
       47        727       0   0.000  0.000      0       nan           nan         nan         nan       nan       nan
       47        729       0   0.000  0.000      0       nan           nan         nan         nan       nan       nan
       47        730       0   0.000  0.000      0       nan           nan         nan         nan       nan       nan
       47        731       0   0.000  0.000      0       nan           nan         nan         nan       nan       nan
       47        734       0   0.000  0.000      0       nan           nan         nan         nan       nan       nan
       47        735       0   0.000  0.000      0       nan           nan         nan         nan       nan       nan
       47        736       0   0.000  0.000      0       nan           nan         nan         nan       nan       nan
       47        737       0   0.000  0.000      0       nan           nan         nan         nan       nan       nan
       47        738       0   0.000  0.000      0       nan           nan         nan         nan       nan       nan
       47        739       0   0.000  0.000      0       nan           nan         nan         nan       nan       nan
       47        741       0   0.000  0.000      0       nan           nan         nan         nan       nan       nan
       47        743       0   0.000  0.000      0       nan           nan         nan         nan       nan       nan
       47        744       0   0.000  0.000      0       nan           nan         nan         nan       nan       nan
       47        745       0   0.000  0.000      0       nan           nan         nan         nan       nan       nan
       47        746       0   0.000  0.000      0       nan           nan         nan         nan       nan       nan
       47        747       0   0.000  0.000      0       nan           nan         nan         nan       nan       nan
       47        748       0   0.000  0.000      0       nan           nan         nan         nan       nan       nan
       47        750       0   0.000  0.000      0       nan           nan         nan         nan       nan       nan
       47        752       0   0.000  0.000      0       nan           nan         nan         nan       nan       nan
       47        754       0   0.000  0.000      0       nan           nan         nan         nan       nan       nan
       47        755       0   0.000  0.000      0       nan           nan         nan         nan       nan       nan
       47        757       0   0.000  0.000      0       nan           nan         nan         nan       nan       nan
       47        759       0   0.000  0.000      0       nan           nan         nan         nan       nan       nan
       47        760       0   0.000  0.000      0       nan           nan         nan         nan       nan       nan
       47        762       0   0.000  0.000      0       nan           nan         nan         nan       nan       nan
       47        763       0   0.000  0.000      0       nan           nan         nan         nan       nan       nan
       47        764       0   0.000  0.000      0       nan           nan         nan         nan       nan       nan
       47        765       0   0.000  0.000      0       nan           nan         nan         nan       nan       nan
       47        766       0   0.000  0.000      0       nan           nan         nan         nan       nan       nan
       47        769       0   0.000  0.000      0       nan           nan         nan         nan       nan       nan
       47        770       0   0.000  0.000      0       nan           nan         nan         nan       nan       nan
       47        771       0   0.000  0.000      0       nan           nan         nan         nan       nan       nan
       47        774       0   0.000  0.000      0       nan           nan         nan         nan       nan       nan
       47        775       0   0.000  0.000      0       nan           nan         nan         nan       nan       nan
       47        777       0   0.000  0.000      0       nan           nan         nan         nan       nan       nan
       47        779       0   0.000  0.000      0       nan           nan         nan         nan       nan       nan
       47        781       0   0.000  0.000      0       nan           nan         nan         nan       nan       nan
       47        782       0   0.000  0.000      0       nan           nan         nan         nan       nan       nan
       47        785       0   0.000  0.000      0       nan           nan         nan         nan       nan       nan
       47        786       0   0.000  0.000      0       nan           nan         nan         nan       nan       nan
       47        787       0   0.000  0.000      0       nan           nan         nan         nan       nan       nan
       47        788       0   0.000  0.000      0       nan           nan         nan         nan       nan       nan
       47        789       0   0.000  0.000      0       nan           nan         nan         nan       nan       nan
       47        791       0   0.000  0.000      0       nan           nan         nan         nan       nan       nan
       47        792       0   0.000  0.000      0       nan           nan         nan         nan       nan       nan
       47        793       0   0.000  0.000      0       nan           nan         nan         nan       nan       nan
       47        794       0   0.000  0.000      0       nan           nan         nan         nan       nan       nan
       47        795       0   0.000  0.000      0       nan           nan         nan         nan       nan       nan
       47        796       0   0.000  0.000      0       nan           nan         nan         nan       nan       nan
       47        798       0   0.000  0.000      0       nan           nan         nan         nan       nan       nan
       47        799       0   0.000  0.000      0       nan           nan         nan         nan       nan       nan
       47        801       0   0.000  0.000      0       nan           nan         nan         nan       nan       nan
       47        802       0   0.000  0.000      0       nan           nan         nan         nan       nan       nan
       47        804       0   0.000  0.000      0       nan           nan         nan         nan       nan       nan
       47        805       0   0.000  0.000      0       nan           nan         nan         nan       nan       nan
       47        806       0   0.000  0.000      0       nan           nan         nan         nan       nan       nan
       47        807       0   0.000  0.000      0       nan           nan         nan         nan       nan       nan
       47        808       0   0.000  0.000      0       nan           nan         nan         nan       nan       nan
       47        809       0   0.000  0.000      0       nan           nan         nan         nan       nan       nan
       47        810       0   0.000  0.000      0       nan           nan         nan         nan       nan       nan
       47        814       0   0.000  0.000      0       nan           nan         nan         nan       nan       nan
       47        817       0   0.000  0.000      0       nan           nan         nan         nan       nan       nan
       47        818       0   0.000  0.000      0       nan           nan         nan         nan       nan       nan
       47        819       0   0.000  0.000      0       nan           nan         nan         nan       nan       nan
       47        820       0   0.000  0.000      0       nan           nan         nan         nan       nan       nan
       47        822       0   0.000  0.000      0       nan           nan         nan         nan       nan       nan
       47        825       0   0.000  0.000      0       nan           nan         nan         nan       nan       nan
       47        826       0   0.000  0.000      0       nan           nan         nan         nan       nan       nan
       47        827       0   0.000  0.000      0       nan           nan         nan         nan       nan       nan
       47        828       0   0.000  0.000      0       nan           nan         nan         nan       nan       nan
       47        829       0   0.000  0.000      0       nan           nan         nan         nan       nan       nan
       47        831       0   0.000  0.000      0       nan           nan         nan         nan       nan       nan
       47        832       0   0.000  0.000      0       nan           nan         nan         nan       nan       nan
       47        833       0   0.000  0.000      0       nan           nan         nan         nan       nan       nan
       47        834       0   0.000  0.000      0       nan           nan         nan         nan       nan       nan
       47        835       0   0.000  0.000      0       nan           nan         nan         nan       nan       nan
       47        836       0   0.000  0.000      0       nan           nan         nan         nan       nan       nan
       47        838       0   0.000  0.000      0       nan           nan         nan         nan       nan       nan
       47        840       0   0.000  0.000      0       nan           nan         nan         nan       nan       nan
       47        841       0   0.000  0.000      0       nan           nan         nan         nan       nan       nan
       47        843       0   0.000  0.000      0       nan           nan         nan         nan       nan       nan
       47        844       0   0.000  0.000      0       nan           nan         nan         nan       nan       nan
       47        845       0   0.000  0.000      0       nan           nan         nan         nan       nan       nan
       47        846       0   0.000  0.000      0       nan           nan         nan         nan       nan       nan
       47        847       0   0.000  0.000      0       nan           nan         nan         nan       nan       nan
       47        848       0   0.000  0.000      0       nan           nan         nan         nan       nan       nan
       47        850       0   0.000  0.000      0       nan           nan         nan         nan       nan       nan
       47        852       0   0.000  0.000      0       nan           nan         nan         nan       nan       nan
       47        853       0   0.000  0.000      0       nan           nan         nan         nan       nan       nan
       47        854       0   0.000  0.000      0       nan           nan         nan         nan       nan       nan
       47        855       0   0.000  0.000      0       nan           nan         nan         nan       nan       nan
       47        857       0   0.000  0.000      0       nan           nan         nan         nan       nan       nan
       47        860       0   0.000  0.000      0       nan           nan         nan         nan       nan       nan
       47        861       0   0.000  0.000      0       nan           nan         nan         nan       nan       nan
       47        862       0   0.000  0.000      0       nan           nan         nan         nan       nan       nan
       47        863       0   0.000  0.000      0       nan           nan         nan         nan       nan       nan
       47        865       0   0.000  0.000      0       nan           nan         nan         nan       nan       nan
       47        866       0   0.000  0.000      0       nan           nan         nan         nan       nan       nan
       47        869       0   0.000  0.000      0       nan           nan         nan         nan       nan       nan
       47        870       0   0.000  0.000      0       nan           nan         nan         nan       nan       nan
       47        871       0   0.000  0.000      0       nan           nan         nan         nan       nan       nan
       47        872       0   0.000  0.000      0       nan           nan         nan         nan       nan       nan
       47        873       0   0.000  0.000      0       nan           nan         nan         nan       nan       nan
       47        876       0   0.000  0.000      0       nan           nan         nan         nan       nan       nan
       47        877       0   0.000  0.000      0       nan           nan         nan         nan       nan       nan
       47        879       0   0.000  0.000      0       nan           nan         nan         nan       nan       nan
       47        881       0   0.000  0.000      0       nan           nan         nan         nan       nan       nan
       47        882       0   0.000  0.000      0       nan           nan         nan         nan       nan       nan
       47        883       0   0.000  0.000      0       nan           nan         nan         nan       nan       nan
       47        886       0   0.000  0.000      0       nan           nan         nan         nan       nan       nan
       47        887       0   0.000  0.000      0       nan           nan         nan         nan       nan       nan
       47        888       0   0.000  0.000      0       nan           nan         nan         nan       nan       nan
       47        890       0   0.000  0.000      0       nan           nan         nan         nan       nan       nan
       47        891       0   0.000  0.000      0       nan           nan         nan         nan       nan       nan
       47        892       0   0.000  0.000      0       nan           nan         nan         nan       nan       nan
       47        893       0   0.000  0.000      0       nan           nan         nan         nan       nan       nan
       47        897       0   0.000  0.000      0       nan           nan         nan         nan       nan       nan
       47        898       0   0.000  0.000      0       nan           nan         nan         nan       nan       nan
       47        899       0   0.000  0.000      0       nan           nan         nan         nan       nan       nan
       47        900       0   0.000  0.000      0       nan           nan         nan         nan       nan       nan
       47        902       0   0.000  0.000      0       nan           nan         nan         nan       nan       nan
       47        903       0   0.000  0.000      0       nan           nan         nan         nan       nan       nan
       47        905       0   0.000  0.000      0       nan           nan         nan         nan       nan       nan
       47        906       0   0.000  0.000      0       nan           nan         nan         nan       nan       nan
       47        908       0   0.000  0.000      0       nan           nan         nan         nan       nan       nan
       47        909       0   0.000  0.000      0       nan           nan         nan         nan       nan       nan
       47        910       0   0.000  0.000      0       nan           nan         nan         nan       nan       nan
       47        912       0   0.000  0.000      0       nan           nan         nan         nan       nan       nan
       47        913       0   0.000  0.000      0       nan           nan         nan         nan       nan       nan
       47        914       0   0.000  0.000      0       nan           nan         nan         nan       nan       nan
       47        915       0   0.000  0.000      0       nan           nan         nan         nan       nan       nan
       47        916       0   0.000  0.000      0       nan           nan         nan         nan       nan       nan
       48        618       1   0.305  0.419  22844     1.189           0.2       168.5       168.3      98.7      83.0
       48        619       0   0.199  0.458  17940     2.000           0.2       169.4       169.6      98.7      49.4
       48        627       0   0.129  0.351  10048     1.682           0.6       169.4       170.0      98.7      58.7
       48        622       1   0.041  0.484  11948     1.000          11.0       169.0         0.0      98.7      98.7
       48        708       0   0.035  0.059   1384     1.682           0.0       170.0       170.0      98.7      58.7
       48        624       0   0.034  0.153   3624     2.594           0.7       170.0       169.3      98.7      38.1
       48        641       0   0.034  0.126   4668     1.542           1.4       168.6       170.0      58.7      38.1
       48        616       1   0.030  0.469  23372     1.189          12.0       168.4         0.5      98.7     117.4
       48        639       0   0.029  0.035   1016     1.189           0.0       170.0       170.0      58.7      69.8
       48        684       0   0.021  0.095   2392     2.378           0.9       169.3       168.4      58.7      24.7
       48        623       0   0.018  0.406  15860     2.378           8.7       169.7       160.9      98.7      41.5
       48        651       0   0.017  0.373   9924     1.414          14.3       168.2         2.4      98.7      69.8
       48        631       0   0.016  0.608  21928     1.682          21.3       168.6         9.9      98.7      58.7
       48        640       0   0.015  0.384  10764     1.542          15.4       167.5         2.9      98.7      64.0
       48        617       0   0.015  0.462  19980     2.181          13.0       169.3         2.3      98.7      45.3
       48        705       0   0.015  0.144   3540     4.757           1.0       168.5       169.6     107.6      22.6
       48        680       0   0.015  0.046   1128     3.084           0.0       170.0       170.0     117.4      38.1
       48        666       0   0.013  0.170   4492     1.297           8.8       168.8       160.0      58.7      45.3
       48        625       0   0.013  0.042   1468     1.834           0.8       169.2       170.0      58.7     107.6
       48        646       0   0.013  0.395   9952     1.000          30.6       169.4        20.0     107.6     107.6
       48        637       0   0.012  0.080   2804     1.834           2.7       167.3       170.0      98.7      53.8
       48        656       0   0.011  0.236   5668     2.000          10.0       170.0       160.0     107.6      53.8
       48        663       0   0.010  0.099   2348     4.362           1.2       170.0       168.8      98.7      22.6
       48        635       0   0.007  0.394   9884     4.000          13.7       169.3         3.0      98.7      24.7
       48        633       0   0.006  0.239   5648     2.594          13.3       170.0         3.3      98.7      38.1
       48        678       0   0.006  0.235   5596     1.834          20.0       170.0       150.0     107.6      58.7
       48        620       0   0.006  0.384  14608     3.668          16.3       169.2         5.5      98.7      26.9
       48        674       0   0.006  0.101   2380     1.542          10.0       170.0         0.0     107.6      69.8
       48        660       0   0.006  0.153   3620     1.297          20.0       170.0       150.0      98.7      76.1
       48        626       0   0.004  0.330  13460     2.378          35.2       169.5        24.7      98.7      41.5
       48        761       0   0.004  0.008    184     2.181           0.0       170.0       170.0     117.4      53.8
       48        696       0   0.003  0.127   3096     1.542          24.1       168.7       144.7      58.7      38.1
       48        687       0   0.003  0.088   2088     2.594          10.0       170.0       160.0     117.4      45.3
       48        749       0   0.003  0.056   1324     1.682           9.9       169.9       160.0      58.7      34.9
       48        679       0   0.003  0.092   2308     1.542          18.7       168.7       150.0      58.7      90.5
       48        665       0   0.003  0.077   2292     1.414          19.1       169.1       150.0      58.7      83.0
       48        690       0   0.002  0.091   2144     1.297          30.0       170.0        20.0      98.7      76.1
       48        652       0   0.002  0.061   1600     1.189          23.9       166.1        10.0      58.7      69.8
       48        767       0   0.002  0.032    760     1.542          10.0       170.0       160.0      58.7      38.1
       48        703       0   0.002  0.117   2756     3.364          18.0       169.9         7.8      98.7      29.3
       48        685       0   0.002  0.101   2384     4.362          12.4       170.0         2.4      98.7      22.6
       48        907       0   0.002  0.022    520     3.084           3.5       170.0       166.5      58.7      19.0
       48        707       0   0.002  0.091   2144     1.414          40.0       170.0        30.0      98.7      69.8
       48        657       0   0.001  0.055   1312     3.364          10.0       170.0         0.0     117.4      34.9
       48        706       0   0.001  0.034    840     2.378          10.0       170.0       160.0     117.4      49.4
       48        675       0   0.001  0.143   3420     4.757          22.7       168.3        11.0      98.7      20.7
       48        710       0   0.001  0.041    968     1.091          30.0       170.0        20.0      98.7      90.5
       48        688       0   0.001  0.022    528     1.834          10.0       170.0       160.0      58.7     107.6
       48        677       0   0.001  0.046   1088     3.364          11.7       169.7         1.4      58.7      17.4
       48        672       0   0.001  0.171   4276     4.757          32.8       169.4        22.2     117.4      24.7
       48        693       0   0.001  0.066   1564     5.187          11.5       168.5         0.0      98.7      19.0
       48        842       0   0.001  0.035    836     1.682          20.0       170.0       150.0      58.7      34.9
       48        700       0   0.001  0.044   1028     4.000          10.0       170.0         0.0     117.4      29.3
       48        655       0   0.001  0.079   2164     1.542          51.6       168.4        40.0      58.7      90.5
       48        803       0   0.001  0.020    472     4.757           3.8       170.0       166.2     117.4      24.7
       48        645       0   0.001  0.073   1728     3.084          30.0       170.0        20.0     117.4      38.1
       48        783       0   0.001  0.081   1920     3.668          30.0       170.0        20.0      98.7      26.9
       48        740       0   0.001  0.039   1012     1.091          50.4       169.6        40.0      58.7      53.8
       48        768       0   0.001  0.007    164     1.000          10.0       170.0       160.0      58.7      58.7
       48        837       0   0.001  0.026    620     1.414          30.0       170.0        20.0      58.7      41.5
       48        694       0   0.001  0.111   3044     4.362          44.1       169.0        33.1     117.4      26.9
       48        681       0   0.001  0.069   1636     4.000          30.0       170.0        20.0     117.4      29.3
       48        901       0   0.001  0.028    656     4.757          10.0       170.0         0.0      98.7      20.7
       48        784       0   0.001  0.047   1108     2.181          40.0       170.0        30.0      98.7      45.3
       48        638       0   0.000  0.039   1048     3.084          26.0       170.0       144.0     117.4      38.1
       48        896       0   0.000  0.014    340     2.594          10.7       170.0         0.7      58.7      22.6
       48        658       0   0.000  0.014    380     2.828          10.0       170.0       160.0     117.4      41.5
       48        756       0   0.000  0.052   1220     4.757          23.2       170.0        13.2     117.4      24.7
       48        824       0   0.000  0.023    560     3.084          16.4       163.6         0.0      98.7      32.0
       48        800       0   0.000  0.031    756     2.594          28.5       168.6       140.1      58.7      22.6
       48        728       0   0.000  0.005    116     1.091          10.0       170.0         0.0      58.7      64.0
       48        813       0   0.000  0.019    448     4.362          10.0       170.0         0.0     117.4      26.9
       48        778       0   0.000  0.029    688     3.084          22.8       167.2        10.0      58.7      19.0
       48        823       0   0.000  0.027    648     2.378          30.0       170.0        20.0      98.7      41.5
       48        723       0   0.000  0.013    316     1.189          30.0       170.0        20.0      98.7      83.0
       48        733       0   0.000  0.057   1340     4.362          36.7       167.3        24.0      98.7      22.6
       48        856       0   0.000  0.016    380     4.362          10.0       170.0       160.0      98.7      22.6
       48        648       0   0.000  0.014    472     2.000          20.0       160.0         0.0      98.7      49.4
       48        630       0   0.000  0.007    328     2.181          10.0       160.0       170.0      98.7      45.3
       48        859       0   0.000  0.027    640     3.084          30.0       170.0        20.0      98.7      32.0
       48        776       0   0.000  0.044   1032     2.594          60.0       170.0        50.0     117.4      45.3
       48        751       0   0.000  0.054   1372     4.000          50.0       170.0        40.0     117.4      29.3
       48        874       0   0.000  0.013    308     1.542          31.8       170.0       138.2      53.8      34.9
       48        721       0   0.000  0.017    428     2.181          30.0       170.0        20.0     117.4      53.8
       48        772       0   0.000  0.024    568     2.000          50.0       170.0        40.0     107.6      53.8
       48        699       0   0.000  0.010    260     4.000          10.0       170.0         0.0     117.4      29.3
       48        815       0   0.000  0.010    248     2.181          20.0       170.0       150.0      98.7      45.3
       48        858       0   0.000  0.026    608     5.657          19.7       170.0         9.7      98.7      17.4
       48        742       0   0.000  0.024    572     5.187          24.9       165.7        10.6      98.7      19.0
       48        701       0   0.000  0.006    160     1.542          20.0       160.0         0.0      98.7      64.0
       48        885       0   0.000  0.021    500     4.000          29.1       160.9        10.0      98.7      24.7
       48        659       0   0.000  0.020    580     2.828          42.7       166.0        28.7      58.7      20.7
       48        780       0   0.000  0.013    312     2.181          45.9       165.9       120.0     117.4      53.8
       48        644       0   0.000  0.003    132     2.594          10.0       160.0       170.0      98.7      38.1
       48        884       0   0.000  0.009    208     3.084          30.0       170.0       140.0     117.4      38.1
       48        889       0   0.000  0.022    528     4.757          53.9       166.1        40.0     117.4      24.7
       48        911       0   0.000  0.009    224     3.668          30.0       170.0        20.0     107.6      29.3
       48        695       0   0.000  0.004     96     1.189          40.0       170.0        30.0     117.4      98.7
       48        830       0   0.000  0.010    252     4.362          30.0       170.0       140.0     117.4      26.9
       48        816       0   0.000  0.007    168     2.181          46.0       166.0       120.0     107.6      49.4
       48        917       0   0.000  0.012    284     3.364          50.0       170.0       120.0     117.4      34.9
       48        880       0   0.000  0.008    192     3.364          34.8       165.2        20.0      58.7      17.4
       48        668       0   0.000  0.006    156     4.757          20.0       160.0         0.0      98.7      20.7
       48        754       0   0.000  0.009    212     1.834          80.0       160.0        80.0      98.7      53.8
       48        747       0   0.000  0.007    184     1.682          80.0       160.0        80.0      98.7      58.7
       48        868       0   0.000  0.005    112     2.828          30.0       170.0       140.0     117.4      41.5
       48        682       0   0.000  0.005    144     1.414          89.5       160.0        70.5      98.7      69.8
       48        849       0   0.000  0.002     48     1.297          50.0       170.0       120.0      53.8      41.5
       48        698       0   0.000  0.002     64     4.362          20.0       160.0         0.0      98.7      22.6
       48        892       0   0.000  0.001     36     3.668          20.0       160.0         0.0      98.7      26.9
       48        711       0   0.000  0.002     60     2.828          50.0       170.0        40.0      58.7      20.7
       48        654       0   0.000  0.002     60     4.757          30.0       160.0        10.0      90.5      19.0
       48        828       0   0.000  0.001     36     4.757          20.0       160.0         0.0      98.7      20.7
       48        797       0   0.000  0.001     20     2.181          50.0       170.0        40.0     117.4      53.8
       48        839       0   0.000  0.000     12     4.000          40.0       170.0       130.0     117.4      29.3
       48        838       0   0.000  0.000      4     2.181          90.0       160.0        70.0      98.7      45.3
       48        621       0   0.000  0.000      0       nan           nan         nan         nan       nan       nan
       48        628       0   0.000  0.000      0       nan           nan         nan         nan       nan       nan
       48        629       0   0.000  0.000      0       nan           nan         nan         nan       nan       nan
       48        632       0   0.000  0.000      0       nan           nan         nan         nan       nan       nan
       48        634       0   0.000  0.000      0       nan           nan         nan         nan       nan       nan
       48        636       0   0.000  0.000      0       nan           nan         nan         nan       nan       nan
       48        642       0   0.000  0.000      0       nan           nan         nan         nan       nan       nan
       48        643       0   0.000  0.000      0       nan           nan         nan         nan       nan       nan
       48        647       0   0.000  0.000      0       nan           nan         nan         nan       nan       nan
       48        649       0   0.000  0.000      0       nan           nan         nan         nan       nan       nan
       48        650       0   0.000  0.000      0       nan           nan         nan         nan       nan       nan
       48        653       0   0.000  0.000      0       nan           nan         nan         nan       nan       nan
       48        661       0   0.000  0.000      0       nan           nan         nan         nan       nan       nan
       48        662       0   0.000  0.000      0       nan           nan         nan         nan       nan       nan
       48        664       0   0.000  0.000      0       nan           nan         nan         nan       nan       nan
       48        667       0   0.000  0.000      0       nan           nan         nan         nan       nan       nan
       48        669       0   0.000  0.000      0       nan           nan         nan         nan       nan       nan
       48        670       0   0.000  0.000      0       nan           nan         nan         nan       nan       nan
       48        671       0   0.000  0.000      0       nan           nan         nan         nan       nan       nan
       48        673       0   0.000  0.000      0       nan           nan         nan         nan       nan       nan
       48        676       0   0.000  0.000      0       nan           nan         nan         nan       nan       nan
       48        683       0   0.000  0.000      0       nan           nan         nan         nan       nan       nan
       48        686       0   0.000  0.000      0       nan           nan         nan         nan       nan       nan
       48        689       0   0.000  0.000      0       nan           nan         nan         nan       nan       nan
       48        691       0   0.000  0.000      0       nan           nan         nan         nan       nan       nan
       48        692       0   0.000  0.000      0       nan           nan         nan         nan       nan       nan
       48        697       0   0.000  0.000      0       nan           nan         nan         nan       nan       nan
       48        702       0   0.000  0.000      0       nan           nan         nan         nan       nan       nan
       48        704       0   0.000  0.000      0       nan           nan         nan         nan       nan       nan
       48        709       0   0.000  0.000      0       nan           nan         nan         nan       nan       nan
       48        712       0   0.000  0.000      0       nan           nan         nan         nan       nan       nan
       48        713       0   0.000  0.000      0       nan           nan         nan         nan       nan       nan
       48        714       0   0.000  0.000      0       nan           nan         nan         nan       nan       nan
       48        715       0   0.000  0.000      0       nan           nan         nan         nan       nan       nan
       48        716       0   0.000  0.000      0       nan           nan         nan         nan       nan       nan
       48        717       0   0.000  0.000      0       nan           nan         nan         nan       nan       nan
       48        718       0   0.000  0.000      0       nan           nan         nan         nan       nan       nan
       48        719       0   0.000  0.000      0       nan           nan         nan         nan       nan       nan
       48        720       0   0.000  0.000      0       nan           nan         nan         nan       nan       nan
       48        722       0   0.000  0.000      0       nan           nan         nan         nan       nan       nan
       48        724       0   0.000  0.000      0       nan           nan         nan         nan       nan       nan
       48        725       0   0.000  0.000      0       nan           nan         nan         nan       nan       nan
       48        726       0   0.000  0.000      0       nan           nan         nan         nan       nan       nan
       48        727       0   0.000  0.000      0       nan           nan         nan         nan       nan       nan
       48        729       0   0.000  0.000      0       nan           nan         nan         nan       nan       nan
       48        730       0   0.000  0.000      0       nan           nan         nan         nan       nan       nan
       48        731       0   0.000  0.000      0       nan           nan         nan         nan       nan       nan
       48        732       0   0.000  0.000      0       nan           nan         nan         nan       nan       nan
       48        734       0   0.000  0.000      0       nan           nan         nan         nan       nan       nan
       48        735       0   0.000  0.000      0       nan           nan         nan         nan       nan       nan
       48        736       0   0.000  0.000      0       nan           nan         nan         nan       nan       nan
       48        737       0   0.000  0.000      0       nan           nan         nan         nan       nan       nan
       48        738       0   0.000  0.000      0       nan           nan         nan         nan       nan       nan
       48        739       0   0.000  0.000      0       nan           nan         nan         nan       nan       nan
       48        741       0   0.000  0.000      0       nan           nan         nan         nan       nan       nan
       48        743       0   0.000  0.000      0       nan           nan         nan         nan       nan       nan
       48        744       0   0.000  0.000      0       nan           nan         nan         nan       nan       nan
       48        745       0   0.000  0.000      0       nan           nan         nan         nan       nan       nan
       48        746       0   0.000  0.000      0       nan           nan         nan         nan       nan       nan
       48        748       0   0.000  0.000      0       nan           nan         nan         nan       nan       nan
       48        750       0   0.000  0.000      0       nan           nan         nan         nan       nan       nan
       48        752       0   0.000  0.000      0       nan           nan         nan         nan       nan       nan
       48        753       0   0.000  0.000      0       nan           nan         nan         nan       nan       nan
       48        755       0   0.000  0.000      0       nan           nan         nan         nan       nan       nan
       48        757       0   0.000  0.000      0       nan           nan         nan         nan       nan       nan
       48        758       0   0.000  0.000      0       nan           nan         nan         nan       nan       nan
       48        759       0   0.000  0.000      0       nan           nan         nan         nan       nan       nan
       48        760       0   0.000  0.000      0       nan           nan         nan         nan       nan       nan
       48        762       0   0.000  0.000      0       nan           nan         nan         nan       nan       nan
       48        763       0   0.000  0.000      0       nan           nan         nan         nan       nan       nan
       48        764       0   0.000  0.000      0       nan           nan         nan         nan       nan       nan
       48        765       0   0.000  0.000      0       nan           nan         nan         nan       nan       nan
       48        766       0   0.000  0.000      0       nan           nan         nan         nan       nan       nan
       48        769       0   0.000  0.000      0       nan           nan         nan         nan       nan       nan
       48        770       0   0.000  0.000      0       nan           nan         nan         nan       nan       nan
       48        771       0   0.000  0.000      0       nan           nan         nan         nan       nan       nan
       48        773       0   0.000  0.000      0       nan           nan         nan         nan       nan       nan
       48        774       0   0.000  0.000      0       nan           nan         nan         nan       nan       nan
       48        775       0   0.000  0.000      0       nan           nan         nan         nan       nan       nan
       48        777       0   0.000  0.000      0       nan           nan         nan         nan       nan       nan
       48        779       0   0.000  0.000      0       nan           nan         nan         nan       nan       nan
       48        781       0   0.000  0.000      0       nan           nan         nan         nan       nan       nan
       48        782       0   0.000  0.000      0       nan           nan         nan         nan       nan       nan
       48        785       0   0.000  0.000      0       nan           nan         nan         nan       nan       nan
       48        786       0   0.000  0.000      0       nan           nan         nan         nan       nan       nan
       48        787       0   0.000  0.000      0       nan           nan         nan         nan       nan       nan
       48        788       0   0.000  0.000      0       nan           nan         nan         nan       nan       nan
       48        789       0   0.000  0.000      0       nan           nan         nan         nan       nan       nan
       48        790       0   0.000  0.000      0       nan           nan         nan         nan       nan       nan
       48        791       0   0.000  0.000      0       nan           nan         nan         nan       nan       nan
       48        792       0   0.000  0.000      0       nan           nan         nan         nan       nan       nan
       48        793       0   0.000  0.000      0       nan           nan         nan         nan       nan       nan
       48        794       0   0.000  0.000      0       nan           nan         nan         nan       nan       nan
       48        795       0   0.000  0.000      0       nan           nan         nan         nan       nan       nan
       48        796       0   0.000  0.000      0       nan           nan         nan         nan       nan       nan
       48        798       0   0.000  0.000      0       nan           nan         nan         nan       nan       nan
       48        799       0   0.000  0.000      0       nan           nan         nan         nan       nan       nan
       48        801       0   0.000  0.000      0       nan           nan         nan         nan       nan       nan
       48        802       0   0.000  0.000      0       nan           nan         nan         nan       nan       nan
       48        804       0   0.000  0.000      0       nan           nan         nan         nan       nan       nan
       48        805       0   0.000  0.000      0       nan           nan         nan         nan       nan       nan
       48        806       0   0.000  0.000      0       nan           nan         nan         nan       nan       nan
       48        807       0   0.000  0.000      0       nan           nan         nan         nan       nan       nan
       48        808       0   0.000  0.000      0       nan           nan         nan         nan       nan       nan
       48        809       0   0.000  0.000      0       nan           nan         nan         nan       nan       nan
       48        810       0   0.000  0.000      0       nan           nan         nan         nan       nan       nan
       48        811       0   0.000  0.000      0       nan           nan         nan         nan       nan       nan
       48        812       0   0.000  0.000      0       nan           nan         nan         nan       nan       nan
       48        814       0   0.000  0.000      0       nan           nan         nan         nan       nan       nan
       48        817       0   0.000  0.000      0       nan           nan         nan         nan       nan       nan
       48        818       0   0.000  0.000      0       nan           nan         nan         nan       nan       nan
       48        819       0   0.000  0.000      0       nan           nan         nan         nan       nan       nan
       48        820       0   0.000  0.000      0       nan           nan         nan         nan       nan       nan
       48        821       0   0.000  0.000      0       nan           nan         nan         nan       nan       nan
       48        822       0   0.000  0.000      0       nan           nan         nan         nan       nan       nan
       48        825       0   0.000  0.000      0       nan           nan         nan         nan       nan       nan
       48        826       0   0.000  0.000      0       nan           nan         nan         nan       nan       nan
       48        827       0   0.000  0.000      0       nan           nan         nan         nan       nan       nan
       48        829       0   0.000  0.000      0       nan           nan         nan         nan       nan       nan
       48        831       0   0.000  0.000      0       nan           nan         nan         nan       nan       nan
       48        832       0   0.000  0.000      0       nan           nan         nan         nan       nan       nan
       48        833       0   0.000  0.000      0       nan           nan         nan         nan       nan       nan
       48        834       0   0.000  0.000      0       nan           nan         nan         nan       nan       nan
       48        835       0   0.000  0.000      0       nan           nan         nan         nan       nan       nan
       48        836       0   0.000  0.000      0       nan           nan         nan         nan       nan       nan
       48        840       0   0.000  0.000      0       nan           nan         nan         nan       nan       nan
       48        841       0   0.000  0.000      0       nan           nan         nan         nan       nan       nan
       48        843       0   0.000  0.000      0       nan           nan         nan         nan       nan       nan
       48        844       0   0.000  0.000      0       nan           nan         nan         nan       nan       nan
       48        845       0   0.000  0.000      0       nan           nan         nan         nan       nan       nan
       48        846       0   0.000  0.000      0       nan           nan         nan         nan       nan       nan
       48        847       0   0.000  0.000      0       nan           nan         nan         nan       nan       nan
       48        848       0   0.000  0.000      0       nan           nan         nan         nan       nan       nan
       48        850       0   0.000  0.000      0       nan           nan         nan         nan       nan       nan
       48        851       0   0.000  0.000      0       nan           nan         nan         nan       nan       nan
       48        852       0   0.000  0.000      0       nan           nan         nan         nan       nan       nan
       48        853       0   0.000  0.000      0       nan           nan         nan         nan       nan       nan
       48        854       0   0.000  0.000      0       nan           nan         nan         nan       nan       nan
       48        855       0   0.000  0.000      0       nan           nan         nan         nan       nan       nan
       48        857       0   0.000  0.000      0       nan           nan         nan         nan       nan       nan
       48        860       0   0.000  0.000      0       nan           nan         nan         nan       nan       nan
       48        861       0   0.000  0.000      0       nan           nan         nan         nan       nan       nan
       48        862       0   0.000  0.000      0       nan           nan         nan         nan       nan       nan
       48        863       0   0.000  0.000      0       nan           nan         nan         nan       nan       nan
       48        864       0   0.000  0.000      0       nan           nan         nan         nan       nan       nan
       48        865       0   0.000  0.000      0       nan           nan         nan         nan       nan       nan
       48        866       0   0.000  0.000      0       nan           nan         nan         nan       nan       nan
       48        867       0   0.000  0.000      0       nan           nan         nan         nan       nan       nan
       48        869       0   0.000  0.000      0       nan           nan         nan         nan       nan       nan
       48        870       0   0.000  0.000      0       nan           nan         nan         nan       nan       nan
       48        871       0   0.000  0.000      0       nan           nan         nan         nan       nan       nan
       48        872       0   0.000  0.000      0       nan           nan         nan         nan       nan       nan
       48        873       0   0.000  0.000      0       nan           nan         nan         nan       nan       nan
       48        875       0   0.000  0.000      0       nan           nan         nan         nan       nan       nan
       48        876       0   0.000  0.000      0       nan           nan         nan         nan       nan       nan
       48        877       0   0.000  0.000      0       nan           nan         nan         nan       nan       nan
       48        878       0   0.000  0.000      0       nan           nan         nan         nan       nan       nan
       48        879       0   0.000  0.000      0       nan           nan         nan         nan       nan       nan
       48        881       0   0.000  0.000      0       nan           nan         nan         nan       nan       nan
       48        882       0   0.000  0.000      0       nan           nan         nan         nan       nan       nan
       48        883       0   0.000  0.000      0       nan           nan         nan         nan       nan       nan
       48        886       0   0.000  0.000      0       nan           nan         nan         nan       nan       nan
       48        887       0   0.000  0.000      0       nan           nan         nan         nan       nan       nan
       48        888       0   0.000  0.000      0       nan           nan         nan         nan       nan       nan
       48        890       0   0.000  0.000      0       nan           nan         nan         nan       nan       nan
       48        891       0   0.000  0.000      0       nan           nan         nan         nan       nan       nan
       48        893       0   0.000  0.000      0       nan           nan         nan         nan       nan       nan
       48        894       0   0.000  0.000      0       nan           nan         nan         nan       nan       nan
       48        895       0   0.000  0.000      0       nan           nan         nan         nan       nan       nan
       48        897       0   0.000  0.000      0       nan           nan         nan         nan       nan       nan
       48        898       0   0.000  0.000      0       nan           nan         nan         nan       nan       nan
       48        899       0   0.000  0.000      0       nan           nan         nan         nan       nan       nan
       48        900       0   0.000  0.000      0       nan           nan         nan         nan       nan       nan
       48        902       0   0.000  0.000      0       nan           nan         nan         nan       nan       nan
       48        903       0   0.000  0.000      0       nan           nan         nan         nan       nan       nan
       48        904       0   0.000  0.000      0       nan           nan         nan         nan       nan       nan
       48        905       0   0.000  0.000      0       nan           nan         nan         nan       nan       nan
       48        906       0   0.000  0.000      0       nan           nan         nan         nan       nan       nan
       48        908       0   0.000  0.000      0       nan           nan         nan         nan       nan       nan
       48        909       0   0.000  0.000      0       nan           nan         nan         nan       nan       nan
       48        910       0   0.000  0.000      0       nan           nan         nan         nan       nan       nan
       48        912       0   0.000  0.000      0       nan           nan         nan         nan       nan       nan
       48        913       0   0.000  0.000      0       nan           nan         nan         nan       nan       nan
       48        914       0   0.000  0.000      0       nan           nan         nan         nan       nan       nan
       48        915       0   0.000  0.000      0       nan           nan         nan         nan       nan       nan
       48        916       0   0.000  0.000      0       nan           nan         nan         nan       nan       nan
       48        918       0   0.000  0.000      0       nan           nan         nan         nan       nan       nan
       49        635       1   0.156  0.402   4596     1.000           1.6         2.3         0.7      24.7      24.7
       49        693       1   0.103  0.326   1536     1.189           1.6         1.6         0.0      22.6      19.0
       49        620       1   0.077  0.157   4572     1.091           0.9         2.3         3.2      24.7      26.9
       49        675       1   0.048  0.548   2968     1.189           8.6         1.9        10.5      24.7      20.7
       49        617       0   0.046  0.112   4468     1.834           0.3         2.2         1.8      24.7      45.3
       49        705       1   0.042  0.601   3448     1.091          12.0         1.6       169.6      24.7      22.6
       49        622       0   0.013  0.134   2092     4.362           1.3         1.3         0.0      22.6      98.7
       49        672       0   0.013  0.290   2328     1.000          21.5         1.5        23.0      24.7      24.7
       49        733       0   0.012  0.285   1344     1.091          21.1         2.8        23.9      24.7      22.6
       49        742       0   0.012  0.122    572     1.297           7.1         3.4        10.6      24.7      19.0
       49        778       0   0.011  0.134    668     1.297           8.3         1.7        10.0      24.7      19.0
       49        633       0   0.010  0.071    684     1.682           3.4         2.1         5.6      22.6      38.1
       49        694       0   0.007  0.224   2120     1.000          29.9         1.2        31.2      26.9      26.9
       49        627       0   0.007  0.224   3612     2.378          12.6         2.6       170.0      24.7      58.7
       49        616       0   0.006  0.094   4688     4.757           2.4         2.4         0.0      24.7     117.4
       49        651       0   0.006  0.078   1268     2.828           3.7         3.7         0.0      24.7      69.8
       49        687       0   0.005  0.190   1092     1.834          21.5         1.5       160.0      24.7      45.3
       49        640       0   0.004  0.063   1172     2.594           4.4         4.4         0.0      24.7      64.0
       49        619       0   0.004  0.123   4196     2.181          12.4         2.4       170.0      24.7      53.8
       49        696       0   0.004  0.309   2020     1.834          41.6         3.1       141.5      24.7      45.3
       49        674       0   0.004  0.010     72     2.828           0.0         0.0         0.0      24.7      69.8
       49        626       0   0.003  0.120   3768     1.414          24.5         1.6        26.1      24.7      34.9
       49        646       0   0.003  0.242   3152     4.362          18.4         1.6        20.0      24.7     107.6
       49        656       0   0.003  0.163   1508     2.594          22.4         2.4       160.0      20.7      53.8
       49        623       0   0.003  0.131   4176     1.834          26.2         2.4       156.2      24.7      45.3
       49        783       0   0.003  0.058    360     1.414          14.8         5.2        20.0      20.7      29.3
       49        889       0   0.003  0.113    528     1.091          39.1         0.9        40.0      26.9      24.7
       49        800       0   0.002  0.111    604     1.091          39.9         0.0       140.1      24.7      22.6
       49        631       0   0.002  0.109   3836     2.378          18.0         2.9        20.9      24.7      58.7
       49        641       0   0.002  0.028    620     1.189          10.7         0.7       170.0      26.9      32.0
       49        751       0   0.002  0.087    608     1.091          39.0         1.0        40.0      26.9      29.3
       49        618       0   0.002  0.087   4688     3.364          13.3         2.4       169.1      24.7      83.0
       49        880       0   0.002  0.041    192     1.414          16.1         3.9        20.0      24.7      17.4
       49        823       0   0.002  0.056    284     1.834          18.9         1.1        20.0      22.6      41.5
       49        740       0   0.001  0.118    840     2.000          39.1         0.9        40.0      26.9      53.8
       49        911       0   0.001  0.048    224     1.542          20.0         0.0        20.0      19.0      29.3
       49        678       0   0.001  0.130   1208     2.828          31.7         1.7       150.0      20.7      58.7
       49        842       0   0.001  0.077    396     1.414          40.0        10.0       150.0      24.7      34.9
       49        784       0   0.001  0.056    308     1.834          26.8         3.2        30.0      22.6      41.5
       49        666       0   0.001  0.045    520     1.834          26.9         6.9       160.0      24.7      45.3
       49        837       0   0.001  0.015     80     1.682          10.0        10.0        20.0      24.7      41.5
       49        710       0   0.001  0.059    316     3.668          18.6         1.4        20.0      24.7      90.5
       49        811       0   0.001  0.013     72     1.091          20.0         0.0       160.0      26.9      24.7
       49        780       0   0.001  0.067    312     2.000          60.0         0.0       120.0      26.9      53.8
       49        707       0   0.000  0.041    268     3.364          23.7         6.3        30.0      20.7      69.8
       49        772       0   0.000  0.044    220     2.181          40.0         0.0        40.0      24.7      53.8
       49        658       0   0.000  0.012    100     1.542          20.0         0.0       160.0      26.9      41.5
       49        660       0   0.000  0.039    312     3.364          32.8         2.8       150.0      22.6      76.1
       49        816       0   0.000  0.042    196     2.000          60.0         0.0       120.0      24.7      49.4
       49        849       0   0.000  0.027    132     1.414          60.0         0.0       120.0      26.9      38.1
       49        767       0   0.000  0.010     56     1.542          20.0         0.0       160.0      24.7      38.1
       49        874       0   0.000  0.013     68     1.297          47.7         0.0       132.3      26.9      34.9
       49        749       0   0.000  0.002     12     1.414          30.0        10.0       160.0      24.7      34.9
       49        624       0   0.000  0.001     12     1.682          30.0        10.0       160.0      20.7      34.9
       49        681       0   0.000  0.001      4     1.189          20.0         0.0        20.0      24.7      29.3
       49        621       0   0.000  0.000      0       nan           nan         nan         nan       nan       nan
       49        625       0   0.000  0.000      0       nan           nan         nan         nan       nan       nan
       49        628       0   0.000  0.000      0       nan           nan         nan         nan       nan       nan
       49        629       0   0.000  0.000      0       nan           nan         nan         nan       nan       nan
       49        630       0   0.000  0.000      0       nan           nan         nan         nan       nan       nan
       49        632       0   0.000  0.000      0       nan           nan         nan         nan       nan       nan
       49        634       0   0.000  0.000      0       nan           nan         nan         nan       nan       nan
       49        636       0   0.000  0.000      0       nan           nan         nan         nan       nan       nan
       49        637       0   0.000  0.000      0       nan           nan         nan         nan       nan       nan
       49        638       0   0.000  0.000      0       nan           nan         nan         nan       nan       nan
       49        639       0   0.000  0.000      0       nan           nan         nan         nan       nan       nan
       49        642       0   0.000  0.000      0       nan           nan         nan         nan       nan       nan
       49        643       0   0.000  0.000      0       nan           nan         nan         nan       nan       nan
       49        644       0   0.000  0.000      0       nan           nan         nan         nan       nan       nan
       49        645       0   0.000  0.000      0       nan           nan         nan         nan       nan       nan
       49        647       0   0.000  0.000      0       nan           nan         nan         nan       nan       nan
       49        648       0   0.000  0.000      0       nan           nan         nan         nan       nan       nan
       49        649       0   0.000  0.000      0       nan           nan         nan         nan       nan       nan
       49        650       0   0.000  0.000      0       nan           nan         nan         nan       nan       nan
       49        652       0   0.000  0.000      0       nan           nan         nan         nan       nan       nan
       49        653       0   0.000  0.000      0       nan           nan         nan         nan       nan       nan
       49        654       0   0.000  0.000      0       nan           nan         nan         nan       nan       nan
       49        655       0   0.000  0.000      0       nan           nan         nan         nan       nan       nan
       49        657       0   0.000  0.000      0       nan           nan         nan         nan       nan       nan
       49        659       0   0.000  0.000      0       nan           nan         nan         nan       nan       nan
       49        661       0   0.000  0.000      0       nan           nan         nan         nan       nan       nan
       49        662       0   0.000  0.000      0       nan           nan         nan         nan       nan       nan
       49        663       0   0.000  0.000      0       nan           nan         nan         nan       nan       nan
       49        664       0   0.000  0.000      0       nan           nan         nan         nan       nan       nan
       49        665       0   0.000  0.000      0       nan           nan         nan         nan       nan       nan
       49        667       0   0.000  0.000      0       nan           nan         nan         nan       nan       nan
       49        668       0   0.000  0.000      0       nan           nan         nan         nan       nan       nan
       49        669       0   0.000  0.000      0       nan           nan         nan         nan       nan       nan
       49        670       0   0.000  0.000      0       nan           nan         nan         nan       nan       nan
       49        671       0   0.000  0.000      0       nan           nan         nan         nan       nan       nan
       49        673       0   0.000  0.000      0       nan           nan         nan         nan       nan       nan
       49        676       0   0.000  0.000      0       nan           nan         nan         nan       nan       nan
       49        677       0   0.000  0.000      0       nan           nan         nan         nan       nan       nan
       49        679       0   0.000  0.000      0       nan           nan         nan         nan       nan       nan
       49        680       0   0.000  0.000      0       nan           nan         nan         nan       nan       nan
       49        682       0   0.000  0.000      0       nan           nan         nan         nan       nan       nan
       49        683       0   0.000  0.000      0       nan           nan         nan         nan       nan       nan
       49        684       0   0.000  0.000      0       nan           nan         nan         nan       nan       nan
       49        685       0   0.000  0.000      0       nan           nan         nan         nan       nan       nan
       49        686       0   0.000  0.000      0       nan           nan         nan         nan       nan       nan
       49        688       0   0.000  0.000      0       nan           nan         nan         nan       nan       nan
       49        689       0   0.000  0.000      0       nan           nan         nan         nan       nan       nan
       49        690       0   0.000  0.000      0       nan           nan         nan         nan       nan       nan
       49        691       0   0.000  0.000      0       nan           nan         nan         nan       nan       nan
       49        692       0   0.000  0.000      0       nan           nan         nan         nan       nan       nan
       49        695       0   0.000  0.000      0       nan           nan         nan         nan       nan       nan
       49        697       0   0.000  0.000      0       nan           nan         nan         nan       nan       nan
       49        698       0   0.000  0.000      0       nan           nan         nan         nan       nan       nan
       49        699       0   0.000  0.000      0       nan           nan         nan         nan       nan       nan
       49        700       0   0.000  0.000      0       nan           nan         nan         nan       nan       nan
       49        701       0   0.000  0.000      0       nan           nan         nan         nan       nan       nan
       49        702       0   0.000  0.000      0       nan           nan         nan         nan       nan       nan
       49        703       0   0.000  0.000      0       nan           nan         nan         nan       nan       nan
       49        704       0   0.000  0.000      0       nan           nan         nan         nan       nan       nan
       49        706       0   0.000  0.000      0       nan           nan         nan         nan       nan       nan
       49        708       0   0.000  0.000      0       nan           nan         nan         nan       nan       nan
       49        709       0   0.000  0.000      0       nan           nan         nan         nan       nan       nan
       49        711       0   0.000  0.000      0       nan           nan         nan         nan       nan       nan
       49        712       0   0.000  0.000      0       nan           nan         nan         nan       nan       nan
       49        713       0   0.000  0.000      0       nan           nan         nan         nan       nan       nan
       49        714       0   0.000  0.000      0       nan           nan         nan         nan       nan       nan
       49        715       0   0.000  0.000      0       nan           nan         nan         nan       nan       nan
       49        716       0   0.000  0.000      0       nan           nan         nan         nan       nan       nan
       49        717       0   0.000  0.000      0       nan           nan         nan         nan       nan       nan
       49        718       0   0.000  0.000      0       nan           nan         nan         nan       nan       nan
       49        719       0   0.000  0.000      0       nan           nan         nan         nan       nan       nan
       49        720       0   0.000  0.000      0       nan           nan         nan         nan       nan       nan
       49        721       0   0.000  0.000      0       nan           nan         nan         nan       nan       nan
       49        722       0   0.000  0.000      0       nan           nan         nan         nan       nan       nan
       49        723       0   0.000  0.000      0       nan           nan         nan         nan       nan       nan
       49        724       0   0.000  0.000      0       nan           nan         nan         nan       nan       nan
       49        725       0   0.000  0.000      0       nan           nan         nan         nan       nan       nan
       49        726       0   0.000  0.000      0       nan           nan         nan         nan       nan       nan
       49        727       0   0.000  0.000      0       nan           nan         nan         nan       nan       nan
       49        728       0   0.000  0.000      0       nan           nan         nan         nan       nan       nan
       49        729       0   0.000  0.000      0       nan           nan         nan         nan       nan       nan
       49        730       0   0.000  0.000      0       nan           nan         nan         nan       nan       nan
       49        731       0   0.000  0.000      0       nan           nan         nan         nan       nan       nan
       49        732       0   0.000  0.000      0       nan           nan         nan         nan       nan       nan
       49        734       0   0.000  0.000      0       nan           nan         nan         nan       nan       nan
       49        735       0   0.000  0.000      0       nan           nan         nan         nan       nan       nan
       49        736       0   0.000  0.000      0       nan           nan         nan         nan       nan       nan
       49        737       0   0.000  0.000      0       nan           nan         nan         nan       nan       nan
       49        738       0   0.000  0.000      0       nan           nan         nan         nan       nan       nan
       49        739       0   0.000  0.000      0       nan           nan         nan         nan       nan       nan
       49        741       0   0.000  0.000      0       nan           nan         nan         nan       nan       nan
       49        743       0   0.000  0.000      0       nan           nan         nan         nan       nan       nan
       49        744       0   0.000  0.000      0       nan           nan         nan         nan       nan       nan
       49        745       0   0.000  0.000      0       nan           nan         nan         nan       nan       nan
       49        746       0   0.000  0.000      0       nan           nan         nan         nan       nan       nan
       49        747       0   0.000  0.000      0       nan           nan         nan         nan       nan       nan
       49        748       0   0.000  0.000      0       nan           nan         nan         nan       nan       nan
       49        750       0   0.000  0.000      0       nan           nan         nan         nan       nan       nan
       49        752       0   0.000  0.000      0       nan           nan         nan         nan       nan       nan
       49        753       0   0.000  0.000      0       nan           nan         nan         nan       nan       nan
       49        754       0   0.000  0.000      0       nan           nan         nan         nan       nan       nan
       49        755       0   0.000  0.000      0       nan           nan         nan         nan       nan       nan
       49        756       0   0.000  0.000      0       nan           nan         nan         nan       nan       nan
       49        757       0   0.000  0.000      0       nan           nan         nan         nan       nan       nan
       49        758       0   0.000  0.000      0       nan           nan         nan         nan       nan       nan
       49        759       0   0.000  0.000      0       nan           nan         nan         nan       nan       nan
       49        760       0   0.000  0.000      0       nan           nan         nan         nan       nan       nan
       49        761       0   0.000  0.000      0       nan           nan         nan         nan       nan       nan
       49        762       0   0.000  0.000      0       nan           nan         nan         nan       nan       nan
       49        763       0   0.000  0.000      0       nan           nan         nan         nan       nan       nan
       49        764       0   0.000  0.000      0       nan           nan         nan         nan       nan       nan
       49        765       0   0.000  0.000      0       nan           nan         nan         nan       nan       nan
       49        766       0   0.000  0.000      0       nan           nan         nan         nan       nan       nan
       49        768       0   0.000  0.000      0       nan           nan         nan         nan       nan       nan
       49        769       0   0.000  0.000      0       nan           nan         nan         nan       nan       nan
       49        770       0   0.000  0.000      0       nan           nan         nan         nan       nan       nan
       49        771       0   0.000  0.000      0       nan           nan         nan         nan       nan       nan
       49        773       0   0.000  0.000      0       nan           nan         nan         nan       nan       nan
       49        774       0   0.000  0.000      0       nan           nan         nan         nan       nan       nan
       49        775       0   0.000  0.000      0       nan           nan         nan         nan       nan       nan
       49        776       0   0.000  0.000      0       nan           nan         nan         nan       nan       nan
       49        777       0   0.000  0.000      0       nan           nan         nan         nan       nan       nan
       49        779       0   0.000  0.000      0       nan           nan         nan         nan       nan       nan
       49        781       0   0.000  0.000      0       nan           nan         nan         nan       nan       nan
       49        782       0   0.000  0.000      0       nan           nan         nan         nan       nan       nan
       49        785       0   0.000  0.000      0       nan           nan         nan         nan       nan       nan
       49        786       0   0.000  0.000      0       nan           nan         nan         nan       nan       nan
       49        787       0   0.000  0.000      0       nan           nan         nan         nan       nan       nan
       49        788       0   0.000  0.000      0       nan           nan         nan         nan       nan       nan
       49        789       0   0.000  0.000      0       nan           nan         nan         nan       nan       nan
       49        790       0   0.000  0.000      0       nan           nan         nan         nan       nan       nan
       49        791       0   0.000  0.000      0       nan           nan         nan         nan       nan       nan
       49        792       0   0.000  0.000      0       nan           nan         nan         nan       nan       nan
       49        793       0   0.000  0.000      0       nan           nan         nan         nan       nan       nan
       49        794       0   0.000  0.000      0       nan           nan         nan         nan       nan       nan
       49        795       0   0.000  0.000      0       nan           nan         nan         nan       nan       nan
       49        796       0   0.000  0.000      0       nan           nan         nan         nan       nan       nan
       49        797       0   0.000  0.000      0       nan           nan         nan         nan       nan       nan
       49        798       0   0.000  0.000      0       nan           nan         nan         nan       nan       nan
       49        799       0   0.000  0.000      0       nan           nan         nan         nan       nan       nan
       49        801       0   0.000  0.000      0       nan           nan         nan         nan       nan       nan
       49        802       0   0.000  0.000      0       nan           nan         nan         nan       nan       nan
       49        803       0   0.000  0.000      0       nan           nan         nan         nan       nan       nan
       49        804       0   0.000  0.000      0       nan           nan         nan         nan       nan       nan
       49        805       0   0.000  0.000      0       nan           nan         nan         nan       nan       nan
       49        806       0   0.000  0.000      0       nan           nan         nan         nan       nan       nan
       49        807       0   0.000  0.000      0       nan           nan         nan         nan       nan       nan
       49        808       0   0.000  0.000      0       nan           nan         nan         nan       nan       nan
       49        809       0   0.000  0.000      0       nan           nan         nan         nan       nan       nan
       49        810       0   0.000  0.000      0       nan           nan         nan         nan       nan       nan
       49        812       0   0.000  0.000      0       nan           nan         nan         nan       nan       nan
       49        813       0   0.000  0.000      0       nan           nan         nan         nan       nan       nan
       49        814       0   0.000  0.000      0       nan           nan         nan         nan       nan       nan
       49        815       0   0.000  0.000      0       nan           nan         nan         nan       nan       nan
       49        817       0   0.000  0.000      0       nan           nan         nan         nan       nan       nan
       49        818       0   0.000  0.000      0       nan           nan         nan         nan       nan       nan
       49        819       0   0.000  0.000      0       nan           nan         nan         nan       nan       nan
       49        820       0   0.000  0.000      0       nan           nan         nan         nan       nan       nan
       49        821       0   0.000  0.000      0       nan           nan         nan         nan       nan       nan
       49        822       0   0.000  0.000      0       nan           nan         nan         nan       nan       nan
       49        824       0   0.000  0.000      0       nan           nan         nan         nan       nan       nan
       49        825       0   0.000  0.000      0       nan           nan         nan         nan       nan       nan
       49        826       0   0.000  0.000      0       nan           nan         nan         nan       nan       nan
       49        827       0   0.000  0.000      0       nan           nan         nan         nan       nan       nan
       49        828       0   0.000  0.000      0       nan           nan         nan         nan       nan       nan
       49        829       0   0.000  0.000      0       nan           nan         nan         nan       nan       nan
       49        830       0   0.000  0.000      0       nan           nan         nan         nan       nan       nan
       49        831       0   0.000  0.000      0       nan           nan         nan         nan       nan       nan
       49        832       0   0.000  0.000      0       nan           nan         nan         nan       nan       nan
       49        833       0   0.000  0.000      0       nan           nan         nan         nan       nan       nan
       49        834       0   0.000  0.000      0       nan           nan         nan         nan       nan       nan
       49        835       0   0.000  0.000      0       nan           nan         nan         nan       nan       nan
       49        836       0   0.000  0.000      0       nan           nan         nan         nan       nan       nan
       49        838       0   0.000  0.000      0       nan           nan         nan         nan       nan       nan
       49        839       0   0.000  0.000      0       nan           nan         nan         nan       nan       nan
       49        840       0   0.000  0.000      0       nan           nan         nan         nan       nan       nan
       49        841       0   0.000  0.000      0       nan           nan         nan         nan       nan       nan
       49        843       0   0.000  0.000      0       nan           nan         nan         nan       nan       nan
       49        844       0   0.000  0.000      0       nan           nan         nan         nan       nan       nan
       49        845       0   0.000  0.000      0       nan           nan         nan         nan       nan       nan
       49        846       0   0.000  0.000      0       nan           nan         nan         nan       nan       nan
       49        847       0   0.000  0.000      0       nan           nan         nan         nan       nan       nan
       49        848       0   0.000  0.000      0       nan           nan         nan         nan       nan       nan
       49        850       0   0.000  0.000      0       nan           nan         nan         nan       nan       nan
       49        851       0   0.000  0.000      0       nan           nan         nan         nan       nan       nan
       49        852       0   0.000  0.000      0       nan           nan         nan         nan       nan       nan
       49        853       0   0.000  0.000      0       nan           nan         nan         nan       nan       nan
       49        854       0   0.000  0.000      0       nan           nan         nan         nan       nan       nan
       49        855       0   0.000  0.000      0       nan           nan         nan         nan       nan       nan
       49        856       0   0.000  0.000      0       nan           nan         nan         nan       nan       nan
       49        857       0   0.000  0.000      0       nan           nan         nan         nan       nan       nan
       49        858       0   0.000  0.000      0       nan           nan         nan         nan       nan       nan
       49        859       0   0.000  0.000      0       nan           nan         nan         nan       nan       nan
       49        860       0   0.000  0.000      0       nan           nan         nan         nan       nan       nan
       49        861       0   0.000  0.000      0       nan           nan         nan         nan       nan       nan
       49        862       0   0.000  0.000      0       nan           nan         nan         nan       nan       nan
       49        863       0   0.000  0.000      0       nan           nan         nan         nan       nan       nan
       49        864       0   0.000  0.000      0       nan           nan         nan         nan       nan       nan
       49        865       0   0.000  0.000      0       nan           nan         nan         nan       nan       nan
       49        866       0   0.000  0.000      0       nan           nan         nan         nan       nan       nan
       49        867       0   0.000  0.000      0       nan           nan         nan         nan       nan       nan
       49        868       0   0.000  0.000      0       nan           nan         nan         nan       nan       nan
       49        869       0   0.000  0.000      0       nan           nan         nan         nan       nan       nan
       49        870       0   0.000  0.000      0       nan           nan         nan         nan       nan       nan
       49        871       0   0.000  0.000      0       nan           nan         nan         nan       nan       nan
       49        872       0   0.000  0.000      0       nan           nan         nan         nan       nan       nan
       49        873       0   0.000  0.000      0       nan           nan         nan         nan       nan       nan
       49        875       0   0.000  0.000      0       nan           nan         nan         nan       nan       nan
       49        876       0   0.000  0.000      0       nan           nan         nan         nan       nan       nan
       49        877       0   0.000  0.000      0       nan           nan         nan         nan       nan       nan
       49        878       0   0.000  0.000      0       nan           nan         nan         nan       nan       nan
       49        879       0   0.000  0.000      0       nan           nan         nan         nan       nan       nan
       49        881       0   0.000  0.000      0       nan           nan         nan         nan       nan       nan
       49        882       0   0.000  0.000      0       nan           nan         nan         nan       nan       nan
       49        883       0   0.000  0.000      0       nan           nan         nan         nan       nan       nan
       49        884       0   0.000  0.000      0       nan           nan         nan         nan       nan       nan
       49        885       0   0.000  0.000      0       nan           nan         nan         nan       nan       nan
       49        886       0   0.000  0.000      0       nan           nan         nan         nan       nan       nan
       49        887       0   0.000  0.000      0       nan           nan         nan         nan       nan       nan
       49        888       0   0.000  0.000      0       nan           nan         nan         nan       nan       nan
       49        890       0   0.000  0.000      0       nan           nan         nan         nan       nan       nan
       49        891       0   0.000  0.000      0       nan           nan         nan         nan       nan       nan
       49        892       0   0.000  0.000      0       nan           nan         nan         nan       nan       nan
       49        893       0   0.000  0.000      0       nan           nan         nan         nan       nan       nan
       49        894       0   0.000  0.000      0       nan           nan         nan         nan       nan       nan
       49        895       0   0.000  0.000      0       nan           nan         nan         nan       nan       nan
       49        896       0   0.000  0.000      0       nan           nan         nan         nan       nan       nan
       49        897       0   0.000  0.000      0       nan           nan         nan         nan       nan       nan
       49        898       0   0.000  0.000      0       nan           nan         nan         nan       nan       nan
       49        899       0   0.000  0.000      0       nan           nan         nan         nan       nan       nan
       49        900       0   0.000  0.000      0       nan           nan         nan         nan       nan       nan
       49        901       0   0.000  0.000      0       nan           nan         nan         nan       nan       nan
       49        902       0   0.000  0.000      0       nan           nan         nan         nan       nan       nan
       49        903       0   0.000  0.000      0       nan           nan         nan         nan       nan       nan
       49        904       0   0.000  0.000      0       nan           nan         nan         nan       nan       nan
       49        905       0   0.000  0.000      0       nan           nan         nan         nan       nan       nan
       49        906       0   0.000  0.000      0       nan           nan         nan         nan       nan       nan
       49        907       0   0.000  0.000      0       nan           nan         nan         nan       nan       nan
       49        908       0   0.000  0.000      0       nan           nan         nan         nan       nan       nan
       49        909       0   0.000  0.000      0       nan           nan         nan         nan       nan       nan
       49        910       0   0.000  0.000      0       nan           nan         nan         nan       nan       nan
       49        912       0   0.000  0.000      0       nan           nan         nan         nan       nan       nan
       49        913       0   0.000  0.000      0       nan           nan         nan         nan       nan       nan
       49        914       0   0.000  0.000      0       nan           nan         nan         nan       nan       nan
       49        915       0   0.000  0.000      0       nan           nan         nan         nan       nan       nan
       49        916       0   0.000  0.000      0       nan           nan         nan         nan       nan       nan
       49        917       0   0.000  0.000      0       nan           nan         nan         nan       nan       nan
       49        918       0   0.000  0.000      0       nan           nan         nan         nan       nan       nan
       50        633       0   0.006  0.501   5080     1.000          85.2        98.4         3.6      38.1      38.1
       50        624       0   0.004  0.309   3120     1.091          70.9        98.3       169.2      41.5      38.1
       50        622       0   0.003  0.541   7924     2.378          82.8        97.2         0.0      41.5      98.7
       50        703       0   0.002  0.286   2740     1.297          89.2        97.1         7.8      38.1      29.3
       50        631       0   0.002  0.238   8452     1.414          86.1        96.8        10.7      41.5      58.7
       50        783       0   0.002  0.183   1780     1.297          80.0       100.0        20.0      34.9      26.9
       50        635       0   0.002  0.187   3288     1.414          83.9        99.0         2.9      34.9      24.7
       50        651       0   0.002  0.247   4444     1.834          86.8        98.4         5.2      38.1      69.8
       50        660       0   0.002  0.147   1692     1.834          52.3        97.7       150.0      41.5      76.1
       50        707       0   0.001  0.204   1980     2.000          70.0       100.0        30.0      34.9      69.8
       50        663       0   0.001  0.181   1824     1.834          69.6        99.3       168.9      41.5      22.6
       50        619       0   0.001  0.119   4588     1.189          71.5        98.5       170.0      38.1      45.3
       50        685       0   0.001  0.195   1948     1.682          83.8        99.1         2.9      38.1      22.6
       50        640       0   0.001  0.172   3636     1.542          82.1        97.9         0.0      41.5      64.0
       50        617       0   0.001  0.139   6004     1.297          82.6        98.2         0.8      38.1      49.4
       50        623       0   0.001  0.105   3876     1.189          70.6        98.5       169.1      34.9      41.5
       50        690       0   0.001  0.223   2136     2.378          78.5        98.5        20.0      32.0      76.1
       50        784       0   0.001  0.094    916     1.189          69.8        99.8        30.0      38.1      45.3
       50        620       0   0.001  0.140   4744     1.414          88.2        97.7         5.9      38.1      26.9
       50        626       0   0.001  0.087   3224     1.000          78.7        98.9        20.2      38.1      38.1
       50        708       0   0.001  0.113   1112     1.542          72.2        97.8       170.0      38.1      58.7
       50        618       0   0.001  0.157   8584     2.181          73.1        96.9       170.0      41.5      90.5
       50        656       0   0.001  0.076   1104     1.542          62.7        97.3       160.0      34.9      53.8
       50        616       0   0.001  0.165   8384     2.594          83.1        96.9         0.0      41.5     107.6
       50        637       0   0.001  0.076   1668     1.414          73.2        96.8       170.0      38.1      53.8
       50        823       0   0.001  0.068    648     1.189          79.9        99.9        20.0      34.9      41.5
       50        859       0   0.001  0.067    640     1.189          79.1        99.1        20.0      38.1      32.0
       50        646       0   0.001  0.159   2888     3.084          79.9        99.9        20.0      34.9     107.6
       50        678       0   0.001  0.055    804     1.682          52.2        97.8       150.0      34.9      58.7
       50        627       0   0.000  0.059   1376     1.609          72.9        97.1       170.0      36.5      58.7
       50        710       0   0.000  0.100    956     2.594          79.7        99.7        20.0      34.9      90.5
       50        675       0   0.000  0.050    632     1.682          86.7        99.4        12.8      34.9      20.7
       50        858       0   0.000  0.064    608     2.378          89.7       100.0         9.7      41.5      17.4
       50        901       0   0.000  0.040    392     2.000          81.4        98.6         0.0      41.5      20.7
       50        693       0   0.000  0.026    284     1.682          81.3        98.7         0.0      32.0      19.0
       50        723       0   0.000  0.033    316     2.594          80.0       100.0        20.0      32.0      83.0
       50        705       0   0.000  0.017    232     1.542          71.0        99.0       170.0      32.0      20.7
       50        815       0   0.000  0.006     56     1.091          60.0        90.0       150.0      41.5      45.3
       50        674       0   0.000  0.010    124     1.682          90.0        90.0         0.0      41.5      69.8
       50        701       0   0.000  0.009    128     1.542          90.0        90.0         0.0      41.5      64.0
       50        856       0   0.000  0.006     64     2.000          60.0       100.0       160.0      41.5      20.7
       50        687       0   0.000  0.003     40     1.414          60.0       100.0       160.0      32.0      45.3
       50        772       0   0.000  0.003     32     1.542          60.0       100.0        40.0      34.9      53.8
       50        742       0   0.000  0.001      8     2.181          85.0        95.0        10.0      41.5      19.0
       50        621       0   0.000  0.000      0       nan           nan         nan         nan       nan       nan
       50        625       0   0.000  0.000      0       nan           nan         nan         nan       nan       nan
       50        628       0   0.000  0.000      0       nan           nan         nan         nan       nan       nan
       50        629       0   0.000  0.000      0       nan           nan         nan         nan       nan       nan
       50        630       0   0.000  0.000      0       nan           nan         nan         nan       nan       nan
       50        632       0   0.000  0.000      0       nan           nan         nan         nan       nan       nan
       50        634       0   0.000  0.000      0       nan           nan         nan         nan       nan       nan
       50        636       0   0.000  0.000      0       nan           nan         nan         nan       nan       nan
       50        638       0   0.000  0.000      0       nan           nan         nan         nan       nan       nan
       50        639       0   0.000  0.000      0       nan           nan         nan         nan       nan       nan
       50        641       0   0.000  0.000      0       nan           nan         nan         nan       nan       nan
       50        642       0   0.000  0.000      0       nan           nan         nan         nan       nan       nan
       50        643       0   0.000  0.000      0       nan           nan         nan         nan       nan       nan
       50        644       0   0.000  0.000      0       nan           nan         nan         nan       nan       nan
       50        645       0   0.000  0.000      0       nan           nan         nan         nan       nan       nan
       50        647       0   0.000  0.000      0       nan           nan         nan         nan       nan       nan
       50        648       0   0.000  0.000      0       nan           nan         nan         nan       nan       nan
       50        649       0   0.000  0.000      0       nan           nan         nan         nan       nan       nan
       50        650       0   0.000  0.000      0       nan           nan         nan         nan       nan       nan
       50        652       0   0.000  0.000      0       nan           nan         nan         nan       nan       nan
       50        653       0   0.000  0.000      0       nan           nan         nan         nan       nan       nan
       50        654       0   0.000  0.000      0       nan           nan         nan         nan       nan       nan
       50        655       0   0.000  0.000      0       nan           nan         nan         nan       nan       nan
       50        657       0   0.000  0.000      0       nan           nan         nan         nan       nan       nan
       50        658       0   0.000  0.000      0       nan           nan         nan         nan       nan       nan
       50        659       0   0.000  0.000      0       nan           nan         nan         nan       nan       nan
       50        661       0   0.000  0.000      0       nan           nan         nan         nan       nan       nan
       50        662       0   0.000  0.000      0       nan           nan         nan         nan       nan       nan
       50        664       0   0.000  0.000      0       nan           nan         nan         nan       nan       nan
       50        665       0   0.000  0.000      0       nan           nan         nan         nan       nan       nan
       50        666       0   0.000  0.000      0       nan           nan         nan         nan       nan       nan
       50        667       0   0.000  0.000      0       nan           nan         nan         nan       nan       nan
       50        668       0   0.000  0.000      0       nan           nan         nan         nan       nan       nan
       50        669       0   0.000  0.000      0       nan           nan         nan         nan       nan       nan
       50        670       0   0.000  0.000      0       nan           nan         nan         nan       nan       nan
       50        671       0   0.000  0.000      0       nan           nan         nan         nan       nan       nan
       50        672       0   0.000  0.000      0       nan           nan         nan         nan       nan       nan
       50        673       0   0.000  0.000      0       nan           nan         nan         nan       nan       nan
       50        676       0   0.000  0.000      0       nan           nan         nan         nan       nan       nan
       50        677       0   0.000  0.000      0       nan           nan         nan         nan       nan       nan
       50        679       0   0.000  0.000      0       nan           nan         nan         nan       nan       nan
       50        680       0   0.000  0.000      0       nan           nan         nan         nan       nan       nan
       50        681       0   0.000  0.000      0       nan           nan         nan         nan       nan       nan
       50        682       0   0.000  0.000      0       nan           nan         nan         nan       nan       nan
       50        683       0   0.000  0.000      0       nan           nan         nan         nan       nan       nan
       50        684       0   0.000  0.000      0       nan           nan         nan         nan       nan       nan
       50        686       0   0.000  0.000      0       nan           nan         nan         nan       nan       nan
       50        688       0   0.000  0.000      0       nan           nan         nan         nan       nan       nan
       50        689       0   0.000  0.000      0       nan           nan         nan         nan       nan       nan
       50        691       0   0.000  0.000      0       nan           nan         nan         nan       nan       nan
       50        692       0   0.000  0.000      0       nan           nan         nan         nan       nan       nan
       50        694       0   0.000  0.000      0       nan           nan         nan         nan       nan       nan
       50        695       0   0.000  0.000      0       nan           nan         nan         nan       nan       nan
       50        696       0   0.000  0.000      0       nan           nan         nan         nan       nan       nan
       50        697       0   0.000  0.000      0       nan           nan         nan         nan       nan       nan
       50        698       0   0.000  0.000      0       nan           nan         nan         nan       nan       nan
       50        699       0   0.000  0.000      0       nan           nan         nan         nan       nan       nan
       50        700       0   0.000  0.000      0       nan           nan         nan         nan       nan       nan
       50        702       0   0.000  0.000      0       nan           nan         nan         nan       nan       nan
       50        704       0   0.000  0.000      0       nan           nan         nan         nan       nan       nan
       50        706       0   0.000  0.000      0       nan           nan         nan         nan       nan       nan
       50        709       0   0.000  0.000      0       nan           nan         nan         nan       nan       nan
       50        711       0   0.000  0.000      0       nan           nan         nan         nan       nan       nan
       50        712       0   0.000  0.000      0       nan           nan         nan         nan       nan       nan
       50        713       0   0.000  0.000      0       nan           nan         nan         nan       nan       nan
       50        714       0   0.000  0.000      0       nan           nan         nan         nan       nan       nan
       50        715       0   0.000  0.000      0       nan           nan         nan         nan       nan       nan
       50        716       0   0.000  0.000      0       nan           nan         nan         nan       nan       nan
       50        717       0   0.000  0.000      0       nan           nan         nan         nan       nan       nan
       50        718       0   0.000  0.000      0       nan           nan         nan         nan       nan       nan
       50        719       0   0.000  0.000      0       nan           nan         nan         nan       nan       nan
       50        720       0   0.000  0.000      0       nan           nan         nan         nan       nan       nan
       50        721       0   0.000  0.000      0       nan           nan         nan         nan       nan       nan
       50        722       0   0.000  0.000      0       nan           nan         nan         nan       nan       nan
       50        724       0   0.000  0.000      0       nan           nan         nan         nan       nan       nan
       50        725       0   0.000  0.000      0       nan           nan         nan         nan       nan       nan
       50        726       0   0.000  0.000      0       nan           nan         nan         nan       nan       nan
       50        727       0   0.000  0.000      0       nan           nan         nan         nan       nan       nan
       50        728       0   0.000  0.000      0       nan           nan         nan         nan       nan       nan
       50        729       0   0.000  0.000      0       nan           nan         nan         nan       nan       nan
       50        730       0   0.000  0.000      0       nan           nan         nan         nan       nan       nan
       50        731       0   0.000  0.000      0       nan           nan         nan         nan       nan       nan
       50        732       0   0.000  0.000      0       nan           nan         nan         nan       nan       nan
       50        733       0   0.000  0.000      0       nan           nan         nan         nan       nan       nan
       50        734       0   0.000  0.000      0       nan           nan         nan         nan       nan       nan
       50        735       0   0.000  0.000      0       nan           nan         nan         nan       nan       nan
       50        736       0   0.000  0.000      0       nan           nan         nan         nan       nan       nan
       50        737       0   0.000  0.000      0       nan           nan         nan         nan       nan       nan
       50        738       0   0.000  0.000      0       nan           nan         nan         nan       nan       nan
       50        739       0   0.000  0.000      0       nan           nan         nan         nan       nan       nan
       50        740       0   0.000  0.000      0       nan           nan         nan         nan       nan       nan
       50        741       0   0.000  0.000      0       nan           nan         nan         nan       nan       nan
       50        743       0   0.000  0.000      0       nan           nan         nan         nan       nan       nan
       50        744       0   0.000  0.000      0       nan           nan         nan         nan       nan       nan
       50        745       0   0.000  0.000      0       nan           nan         nan         nan       nan       nan
       50        746       0   0.000  0.000      0       nan           nan         nan         nan       nan       nan
       50        747       0   0.000  0.000      0       nan           nan         nan         nan       nan       nan
       50        748       0   0.000  0.000      0       nan           nan         nan         nan       nan       nan
       50        749       0   0.000  0.000      0       nan           nan         nan         nan       nan       nan
       50        750       0   0.000  0.000      0       nan           nan         nan         nan       nan       nan
       50        751       0   0.000  0.000      0       nan           nan         nan         nan       nan       nan
       50        752       0   0.000  0.000      0       nan           nan         nan         nan       nan       nan
       50        753       0   0.000  0.000      0       nan           nan         nan         nan       nan       nan
       50        754       0   0.000  0.000      0       nan           nan         nan         nan       nan       nan
       50        755       0   0.000  0.000      0       nan           nan         nan         nan       nan       nan
       50        756       0   0.000  0.000      0       nan           nan         nan         nan       nan       nan
       50        757       0   0.000  0.000      0       nan           nan         nan         nan       nan       nan
       50        758       0   0.000  0.000      0       nan           nan         nan         nan       nan       nan
       50        759       0   0.000  0.000      0       nan           nan         nan         nan       nan       nan
       50        760       0   0.000  0.000      0       nan           nan         nan         nan       nan       nan
       50        761       0   0.000  0.000      0       nan           nan         nan         nan       nan       nan
       50        762       0   0.000  0.000      0       nan           nan         nan         nan       nan       nan
       50        763       0   0.000  0.000      0       nan           nan         nan         nan       nan       nan
       50        764       0   0.000  0.000      0       nan           nan         nan         nan       nan       nan
       50        765       0   0.000  0.000      0       nan           nan         nan         nan       nan       nan
       50        766       0   0.000  0.000      0       nan           nan         nan         nan       nan       nan
       50        767       0   0.000  0.000      0       nan           nan         nan         nan       nan       nan
       50        768       0   0.000  0.000      0       nan           nan         nan         nan       nan       nan
       50        769       0   0.000  0.000      0       nan           nan         nan         nan       nan       nan
       50        770       0   0.000  0.000      0       nan           nan         nan         nan       nan       nan
       50        771       0   0.000  0.000      0       nan           nan         nan         nan       nan       nan
       50        773       0   0.000  0.000      0       nan           nan         nan         nan       nan       nan
       50        774       0   0.000  0.000      0       nan           nan         nan         nan       nan       nan
       50        775       0   0.000  0.000      0       nan           nan         nan         nan       nan       nan
       50        776       0   0.000  0.000      0       nan           nan         nan         nan       nan       nan
       50        777       0   0.000  0.000      0       nan           nan         nan         nan       nan       nan
       50        778       0   0.000  0.000      0       nan           nan         nan         nan       nan       nan
       50        779       0   0.000  0.000      0       nan           nan         nan         nan       nan       nan
       50        780       0   0.000  0.000      0       nan           nan         nan         nan       nan       nan
       50        781       0   0.000  0.000      0       nan           nan         nan         nan       nan       nan
       50        782       0   0.000  0.000      0       nan           nan         nan         nan       nan       nan
       50        785       0   0.000  0.000      0       nan           nan         nan         nan       nan       nan
       50        786       0   0.000  0.000      0       nan           nan         nan         nan       nan       nan
       50        787       0   0.000  0.000      0       nan           nan         nan         nan       nan       nan
       50        788       0   0.000  0.000      0       nan           nan         nan         nan       nan       nan
       50        789       0   0.000  0.000      0       nan           nan         nan         nan       nan       nan
       50        790       0   0.000  0.000      0       nan           nan         nan         nan       nan       nan
       50        791       0   0.000  0.000      0       nan           nan         nan         nan       nan       nan
       50        792       0   0.000  0.000      0       nan           nan         nan         nan       nan       nan
       50        793       0   0.000  0.000      0       nan           nan         nan         nan       nan       nan
       50        794       0   0.000  0.000      0       nan           nan         nan         nan       nan       nan
       50        795       0   0.000  0.000      0       nan           nan         nan         nan       nan       nan
       50        796       0   0.000  0.000      0       nan           nan         nan         nan       nan       nan
       50        797       0   0.000  0.000      0       nan           nan         nan         nan       nan       nan
       50        798       0   0.000  0.000      0       nan           nan         nan         nan       nan       nan
       50        799       0   0.000  0.000      0       nan           nan         nan         nan       nan       nan
       50        800       0   0.000  0.000      0       nan           nan         nan         nan       nan       nan
       50        801       0   0.000  0.000      0       nan           nan         nan         nan       nan       nan
       50        802       0   0.000  0.000      0       nan           nan         nan         nan       nan       nan
       50        803       0   0.000  0.000      0       nan           nan         nan         nan       nan       nan
       50        804       0   0.000  0.000      0       nan           nan         nan         nan       nan       nan
       50        805       0   0.000  0.000      0       nan           nan         nan         nan       nan       nan
       50        806       0   0.000  0.000      0       nan           nan         nan         nan       nan       nan
       50        807       0   0.000  0.000      0       nan           nan         nan         nan       nan       nan
       50        808       0   0.000  0.000      0       nan           nan         nan         nan       nan       nan
       50        809       0   0.000  0.000      0       nan           nan         nan         nan       nan       nan
       50        810       0   0.000  0.000      0       nan           nan         nan         nan       nan       nan
       50        811       0   0.000  0.000      0       nan           nan         nan         nan       nan       nan
       50        812       0   0.000  0.000      0       nan           nan         nan         nan       nan       nan
       50        813       0   0.000  0.000      0       nan           nan         nan         nan       nan       nan
       50        814       0   0.000  0.000      0       nan           nan         nan         nan       nan       nan
       50        816       0   0.000  0.000      0       nan           nan         nan         nan       nan       nan
       50        817       0   0.000  0.000      0       nan           nan         nan         nan       nan       nan
       50        818       0   0.000  0.000      0       nan           nan         nan         nan       nan       nan
       50        819       0   0.000  0.000      0       nan           nan         nan         nan       nan       nan
       50        820       0   0.000  0.000      0       nan           nan         nan         nan       nan       nan
       50        821       0   0.000  0.000      0       nan           nan         nan         nan       nan       nan
       50        822       0   0.000  0.000      0       nan           nan         nan         nan       nan       nan
       50        824       0   0.000  0.000      0       nan           nan         nan         nan       nan       nan
       50        825       0   0.000  0.000      0       nan           nan         nan         nan       nan       nan
       50        826       0   0.000  0.000      0       nan           nan         nan         nan       nan       nan
       50        827       0   0.000  0.000      0       nan           nan         nan         nan       nan       nan
       50        828       0   0.000  0.000      0       nan           nan         nan         nan       nan       nan
       50        829       0   0.000  0.000      0       nan           nan         nan         nan       nan       nan
       50        830       0   0.000  0.000      0       nan           nan         nan         nan       nan       nan
       50        831       0   0.000  0.000      0       nan           nan         nan         nan       nan       nan
       50        832       0   0.000  0.000      0       nan           nan         nan         nan       nan       nan
       50        833       0   0.000  0.000      0       nan           nan         nan         nan       nan       nan
       50        834       0   0.000  0.000      0       nan           nan         nan         nan       nan       nan
       50        835       0   0.000  0.000      0       nan           nan         nan         nan       nan       nan
       50        836       0   0.000  0.000      0       nan           nan         nan         nan       nan       nan
       50        837       0   0.000  0.000      0       nan           nan         nan         nan       nan       nan
       50        838       0   0.000  0.000      0       nan           nan         nan         nan       nan       nan
       50        839       0   0.000  0.000      0       nan           nan         nan         nan       nan       nan
       50        840       0   0.000  0.000      0       nan           nan         nan         nan       nan       nan
       50        841       0   0.000  0.000      0       nan           nan         nan         nan       nan       nan
       50        842       0   0.000  0.000      0       nan           nan         nan         nan       nan       nan
       50        843       0   0.000  0.000      0       nan           nan         nan         nan       nan       nan
       50        844       0   0.000  0.000      0       nan           nan         nan         nan       nan       nan
       50        845       0   0.000  0.000      0       nan           nan         nan         nan       nan       nan
       50        846       0   0.000  0.000      0       nan           nan         nan         nan       nan       nan
       50        847       0   0.000  0.000      0       nan           nan         nan         nan       nan       nan
       50        848       0   0.000  0.000      0       nan           nan         nan         nan       nan       nan
       50        849       0   0.000  0.000      0       nan           nan         nan         nan       nan       nan
       50        850       0   0.000  0.000      0       nan           nan         nan         nan       nan       nan
       50        851       0   0.000  0.000      0       nan           nan         nan         nan       nan       nan
       50        852       0   0.000  0.000      0       nan           nan         nan         nan       nan       nan
       50        853       0   0.000  0.000      0       nan           nan         nan         nan       nan       nan
       50        854       0   0.000  0.000      0       nan           nan         nan         nan       nan       nan
       50        855       0   0.000  0.000      0       nan           nan         nan         nan       nan       nan
       50        857       0   0.000  0.000      0       nan           nan         nan         nan       nan       nan
       50        860       0   0.000  0.000      0       nan           nan         nan         nan       nan       nan
       50        861       0   0.000  0.000      0       nan           nan         nan         nan       nan       nan
       50        862       0   0.000  0.000      0       nan           nan         nan         nan       nan       nan
       50        863       0   0.000  0.000      0       nan           nan         nan         nan       nan       nan
       50        864       0   0.000  0.000      0       nan           nan         nan         nan       nan       nan
       50        865       0   0.000  0.000      0       nan           nan         nan         nan       nan       nan
       50        866       0   0.000  0.000      0       nan           nan         nan         nan       nan       nan
       50        867       0   0.000  0.000      0       nan           nan         nan         nan       nan       nan
       50        868       0   0.000  0.000      0       nan           nan         nan         nan       nan       nan
       50        869       0   0.000  0.000      0       nan           nan         nan         nan       nan       nan
       50        870       0   0.000  0.000      0       nan           nan         nan         nan       nan       nan
       50        871       0   0.000  0.000      0       nan           nan         nan         nan       nan       nan
       50        872       0   0.000  0.000      0       nan           nan         nan         nan       nan       nan
       50        873       0   0.000  0.000      0       nan           nan         nan         nan       nan       nan
       50        874       0   0.000  0.000      0       nan           nan         nan         nan       nan       nan
       50        875       0   0.000  0.000      0       nan           nan         nan         nan       nan       nan
       50        876       0   0.000  0.000      0       nan           nan         nan         nan       nan       nan
       50        877       0   0.000  0.000      0       nan           nan         nan         nan       nan       nan
       50        878       0   0.000  0.000      0       nan           nan         nan         nan       nan       nan
       50        879       0   0.000  0.000      0       nan           nan         nan         nan       nan       nan
       50        880       0   0.000  0.000      0       nan           nan         nan         nan       nan       nan
       50        881       0   0.000  0.000      0       nan           nan         nan         nan       nan       nan
       50        882       0   0.000  0.000      0       nan           nan         nan         nan       nan       nan
       50        883       0   0.000  0.000      0       nan           nan         nan         nan       nan       nan
       50        884       0   0.000  0.000      0       nan           nan         nan         nan       nan       nan
       50        885       0   0.000  0.000      0       nan           nan         nan         nan       nan       nan
       50        886       0   0.000  0.000      0       nan           nan         nan         nan       nan       nan
       50        887       0   0.000  0.000      0       nan           nan         nan         nan       nan       nan
       50        888       0   0.000  0.000      0       nan           nan         nan         nan       nan       nan
       50        889       0   0.000  0.000      0       nan           nan         nan         nan       nan       nan
       50        890       0   0.000  0.000      0       nan           nan         nan         nan       nan       nan
       50        891       0   0.000  0.000      0       nan           nan         nan         nan       nan       nan
       50        892       0   0.000  0.000      0       nan           nan         nan         nan       nan       nan
       50        893       0   0.000  0.000      0       nan           nan         nan         nan       nan       nan
       50        894       0   0.000  0.000      0       nan           nan         nan         nan       nan       nan
       50        895       0   0.000  0.000      0       nan           nan         nan         nan       nan       nan
       50        896       0   0.000  0.000      0       nan           nan         nan         nan       nan       nan
       50        897       0   0.000  0.000      0       nan           nan         nan         nan       nan       nan
       50        898       0   0.000  0.000      0       nan           nan         nan         nan       nan       nan
       50        899       0   0.000  0.000      0       nan           nan         nan         nan       nan       nan
       50        900       0   0.000  0.000      0       nan           nan         nan         nan       nan       nan
       50        902       0   0.000  0.000      0       nan           nan         nan         nan       nan       nan
       50        903       0   0.000  0.000      0       nan           nan         nan         nan       nan       nan
       50        904       0   0.000  0.000      0       nan           nan         nan         nan       nan       nan
       50        905       0   0.000  0.000      0       nan           nan         nan         nan       nan       nan
       50        906       0   0.000  0.000      0       nan           nan         nan         nan       nan       nan
       50        907       0   0.000  0.000      0       nan           nan         nan         nan       nan       nan
       50        908       0   0.000  0.000      0       nan           nan         nan         nan       nan       nan
       50        909       0   0.000  0.000      0       nan           nan         nan         nan       nan       nan
       50        910       0   0.000  0.000      0       nan           nan         nan         nan       nan       nan
       50        911       0   0.000  0.000      0       nan           nan         nan         nan       nan       nan
       50        912       0   0.000  0.000      0       nan           nan         nan         nan       nan       nan
       50        913       0   0.000  0.000      0       nan           nan         nan         nan       nan       nan
       50        914       0   0.000  0.000      0       nan           nan         nan         nan       nan       nan
       50        915       0   0.000  0.000      0       nan           nan         nan         nan       nan       nan
       50        916       0   0.000  0.000      0       nan           nan         nan         nan       nan       nan
       50        917       0   0.000  0.000      0       nan           nan         nan         nan       nan       nan
       50        918       0   0.000  0.000      0       nan           nan         nan         nan       nan       nan
       51        711       0   0.059  0.122    864     1.682           0.2        10.2        10.0      34.9      20.7
       51        617       1   0.055  0.133   5260     1.189           1.0         9.7         8.6      26.9      32.0
       51        634       0   0.049  0.326   1768     1.297           4.2         7.5        11.7      22.6      17.4
       51        620       1   0.046  0.181   5260     1.000           3.0         9.7         6.7      26.9      26.9
       51        621       1   0.045  0.574   4832     1.189           9.8         9.8         0.0      26.9      32.0
       51        654       1   0.025  0.322   2404     1.091          10.8        10.9        21.7      24.7      22.6
       51        632       0   0.020  0.711   5156     1.542          21.7         9.7        31.3      26.9      41.5
       51        629       0   0.020  0.487   2996     1.542          14.6         8.7        23.3      29.3      45.3
       51        636       0   0.019  0.464   3244     1.189          19.3         8.5       169.2      29.3      24.7
       51        669       0   0.019  0.174    924     1.414           5.4         5.4         0.0      22.6      16.0
       51        718       1   0.013  0.157    916     1.091          10.0        10.0        20.0      24.7      22.6
       51        626       1   0.011  0.145   4552     1.189          10.3         9.7        20.0      26.9      32.0
       51        662       0   0.010  0.333   1884     1.189          27.2         7.2       160.0      26.9      32.0
       51        641       0   0.009  0.244   4560     1.297          19.0         9.0       170.0      26.9      34.9
       51        673       0   0.009  0.257   1748     1.414          19.4        10.6        30.0      24.7      34.9
       51        702       0   0.008  0.571   3300     1.682          40.7         9.3        50.0      26.9      45.3
       51        616       0   0.008  0.106   5244     3.668           2.7         9.7         7.0      26.9      98.7
       51        647       0   0.008  0.125    796     1.297          11.7         8.3        20.0      29.3      22.6
       51        659       1   0.007  0.111   1052     1.000          14.9        10.7        25.6      24.7      24.7
       51        623       0   0.006  0.127   4136     1.000          18.8         8.8       170.0      29.3      29.3
       51        668       1   0.006  0.078    580     1.189          10.0        10.0         0.0      24.7      20.7
       51        714       0   0.006  0.240   1308     2.181          17.8        12.2        30.0      24.7      53.8
       51        691       1   0.006  0.089    480     1.091          13.6         3.6       170.0      22.6      20.7
       51        745       0   0.005  0.302   1648     1.414          39.6        10.4        50.0      26.9      38.1
       51        628       0   0.005  0.306   1748     3.364          17.0         7.0       170.0      26.9      90.5
       51        625       0   0.004  0.320   4452     4.000          18.9         8.9       170.0      29.3     117.4
       51        899       0   0.003  0.058    308     1.542          10.0        10.0         0.0      24.7      16.0
       51        642       0   0.003  0.058    320     3.084           4.6         4.6         0.0      16.0      49.4
       51        861       0   0.003  0.047    248     1.297          10.0        10.0        20.0      24.7      32.0
       51        619       0   0.003  0.139   4724     1.682          28.7         9.1       160.4      26.9      45.3
       51        643       0   0.003  0.039    216     1.297          10.0        10.0        20.0      34.9      26.9
       51        652       0   0.003  0.008     72     2.828           0.0        10.0        10.0      24.7      69.8
       51        840       0   0.003  0.149    784     1.091          50.3        10.3       140.0      34.9      38.1
       51        764       0   0.003  0.079    416     1.414          20.0        10.0        30.0      34.9      24.7
       51        741       0   0.003  0.182    976     2.594          26.9        13.1        40.0      24.7      64.0
       51        827       0   0.002  0.050    280     1.297          16.1        14.7        30.8      26.9      20.7
       51        895       0   0.002  0.054    288     1.189          20.0        10.0        30.0      24.7      20.7
       51        812       0   0.002  0.042    228     2.000          10.3        10.3         0.0      34.9      17.4
       51        750       0   0.002  0.148    820     2.378          37.1        12.9        50.0      24.7      58.7
       51        627       0   0.001  0.054   1044     1.834          20.3        10.3       170.0      32.0      58.7
       51        683       0   0.001  0.074    524     1.414          37.5        10.0       152.5      24.7      34.9
       51        763       0   0.001  0.111    584     2.378          41.3         1.3       140.0      22.6      53.8
       51        618       0   0.001  0.067   3696     3.364          19.4         8.7       169.3      29.3      98.7
       51        906       0   0.001  0.057    312     1.189          50.0        10.0       140.0      24.7      29.3
       51        639       0   0.001  0.048    540     2.594          20.1        10.1       170.0      24.7      64.0
       51        640       0   0.001  0.005    104     2.181           2.3        10.0        12.3      24.7      53.8
       51        684       0   0.001  0.015    136     1.000          20.0        10.0       170.0      24.7      24.7
       51        665       0   0.001  0.062    800     2.181          40.3        10.3       150.0      32.0      69.8
       51        697       0   0.001  0.014     88     1.091          20.0        10.0       170.0      24.7      22.6
       51        847       0   0.001  0.041    216     1.297          50.0        10.0       140.0      32.0      41.5
       51        766       0   0.001  0.024    124     3.084          11.9        18.1        30.0      20.7      64.0
       51        725       0   0.000  0.033    204     2.828          30.0        10.0        40.0      24.7      69.8
       51        666       0   0.000  0.015    184     1.682          30.0        10.0       160.0      24.7      41.5
       51        801       0   0.000  0.012     64     1.542          30.0        10.0        40.0      32.0      49.4
       51        864       0   0.000  0.007     44     1.542          20.0        10.0       170.0      34.9      22.6
       51        814       0   0.000  0.037    196     3.084          58.1         1.9        60.0      16.0      49.4
       51        860       0   0.000  0.020    104     2.594          40.0         0.0       140.0      16.0      41.5
       51        875       0   0.000  0.012     68     1.414          60.0        10.0        70.0      24.7      34.9
       51        891       0   0.000  0.011     60     1.682          60.0         0.0        60.0      22.6      38.1
       51        655       0   0.000  0.010    116     3.084          30.0        10.0        40.0      24.7      76.1
       51        821       0   0.000  0.003     20     1.189          30.0        10.0       160.0      32.0      26.9
       51        845       0   0.000  0.003     16     1.091          70.0        10.0        80.0      32.0      34.9
       51        622       0   0.000  0.000      0       nan           nan         nan         nan       nan       nan
       51        624       0   0.000  0.000      0       nan           nan         nan         nan       nan       nan
       51        630       0   0.000  0.000      0       nan           nan         nan         nan       nan       nan
       51        631       0   0.000  0.000      0       nan           nan         nan         nan       nan       nan
       51        633       0   0.000  0.000      0       nan           nan         nan         nan       nan       nan
       51        635       0   0.000  0.000      0       nan           nan         nan         nan       nan       nan
       51        637       0   0.000  0.000      0       nan           nan         nan         nan       nan       nan
       51        638       0   0.000  0.000      0       nan           nan         nan         nan       nan       nan
       51        644       0   0.000  0.000      0       nan           nan         nan         nan       nan       nan
       51        645       0   0.000  0.000      0       nan           nan         nan         nan       nan       nan
       51        646       0   0.000  0.000      0       nan           nan         nan         nan       nan       nan
       51        648       0   0.000  0.000      0       nan           nan         nan         nan       nan       nan
       51        649       0   0.000  0.000      0       nan           nan         nan         nan       nan       nan
       51        650       0   0.000  0.000      0       nan           nan         nan         nan       nan       nan
       51        651       0   0.000  0.000      0       nan           nan         nan         nan       nan       nan
       51        653       0   0.000  0.000      0       nan           nan         nan         nan       nan       nan
       51        656       0   0.000  0.000      0       nan           nan         nan         nan       nan       nan
       51        657       0   0.000  0.000      0       nan           nan         nan         nan       nan       nan
       51        658       0   0.000  0.000      0       nan           nan         nan         nan       nan       nan
       51        660       0   0.000  0.000      0       nan           nan         nan         nan       nan       nan
       51        661       0   0.000  0.000      0       nan           nan         nan         nan       nan       nan
       51        663       0   0.000  0.000      0       nan           nan         nan         nan       nan       nan
       51        664       0   0.000  0.000      0       nan           nan         nan         nan       nan       nan
       51        667       0   0.000  0.000      0       nan           nan         nan         nan       nan       nan
       51        670       0   0.000  0.000      0       nan           nan         nan         nan       nan       nan
       51        671       0   0.000  0.000      0       nan           nan         nan         nan       nan       nan
       51        672       0   0.000  0.000      0       nan           nan         nan         nan       nan       nan
       51        674       0   0.000  0.000      0       nan           nan         nan         nan       nan       nan
       51        675       0   0.000  0.000      0       nan           nan         nan         nan       nan       nan
       51        676       0   0.000  0.000      0       nan           nan         nan         nan       nan       nan
       51        677       0   0.000  0.000      0       nan           nan         nan         nan       nan       nan
       51        678       0   0.000  0.000      0       nan           nan         nan         nan       nan       nan
       51        679       0   0.000  0.000      0       nan           nan         nan         nan       nan       nan
       51        680       0   0.000  0.000      0       nan           nan         nan         nan       nan       nan
       51        681       0   0.000  0.000      0       nan           nan         nan         nan       nan       nan
       51        682       0   0.000  0.000      0       nan           nan         nan         nan       nan       nan
       51        685       0   0.000  0.000      0       nan           nan         nan         nan       nan       nan
       51        686       0   0.000  0.000      0       nan           nan         nan         nan       nan       nan
       51        687       0   0.000  0.000      0       nan           nan         nan         nan       nan       nan
       51        688       0   0.000  0.000      0       nan           nan         nan         nan       nan       nan
       51        689       0   0.000  0.000      0       nan           nan         nan         nan       nan       nan
       51        690       0   0.000  0.000      0       nan           nan         nan         nan       nan       nan
       51        692       0   0.000  0.000      0       nan           nan         nan         nan       nan       nan
       51        693       0   0.000  0.000      0       nan           nan         nan         nan       nan       nan
       51        694       0   0.000  0.000      0       nan           nan         nan         nan       nan       nan
       51        695       0   0.000  0.000      0       nan           nan         nan         nan       nan       nan
       51        696       0   0.000  0.000      0       nan           nan         nan         nan       nan       nan
       51        698       0   0.000  0.000      0       nan           nan         nan         nan       nan       nan
       51        699       0   0.000  0.000      0       nan           nan         nan         nan       nan       nan
       51        700       0   0.000  0.000      0       nan           nan         nan         nan       nan       nan
       51        701       0   0.000  0.000      0       nan           nan         nan         nan       nan       nan
       51        703       0   0.000  0.000      0       nan           nan         nan         nan       nan       nan
       51        704       0   0.000  0.000      0       nan           nan         nan         nan       nan       nan
       51        705       0   0.000  0.000      0       nan           nan         nan         nan       nan       nan
       51        706       0   0.000  0.000      0       nan           nan         nan         nan       nan       nan
       51        707       0   0.000  0.000      0       nan           nan         nan         nan       nan       nan
       51        708       0   0.000  0.000      0       nan           nan         nan         nan       nan       nan
       51        709       0   0.000  0.000      0       nan           nan         nan         nan       nan       nan
       51        710       0   0.000  0.000      0       nan           nan         nan         nan       nan       nan
       51        712       0   0.000  0.000      0       nan           nan         nan         nan       nan       nan
       51        713       0   0.000  0.000      0       nan           nan         nan         nan       nan       nan
       51        715       0   0.000  0.000      0       nan           nan         nan         nan       nan       nan
       51        716       0   0.000  0.000      0       nan           nan         nan         nan       nan       nan
       51        717       0   0.000  0.000      0       nan           nan         nan         nan       nan       nan
       51        719       0   0.000  0.000      0       nan           nan         nan         nan       nan       nan
       51        720       0   0.000  0.000      0       nan           nan         nan         nan       nan       nan
       51        721       0   0.000  0.000      0       nan           nan         nan         nan       nan       nan
       51        722       0   0.000  0.000      0       nan           nan         nan         nan       nan       nan
       51        723       0   0.000  0.000      0       nan           nan         nan         nan       nan       nan
       51        724       0   0.000  0.000      0       nan           nan         nan         nan       nan       nan
       51        726       0   0.000  0.000      0       nan           nan         nan         nan       nan       nan
       51        727       0   0.000  0.000      0       nan           nan         nan         nan       nan       nan
       51        728       0   0.000  0.000      0       nan           nan         nan         nan       nan       nan
       51        729       0   0.000  0.000      0       nan           nan         nan         nan       nan       nan
       51        730       0   0.000  0.000      0       nan           nan         nan         nan       nan       nan
       51        731       0   0.000  0.000      0       nan           nan         nan         nan       nan       nan
       51        732       0   0.000  0.000      0       nan           nan         nan         nan       nan       nan
       51        733       0   0.000  0.000      0       nan           nan         nan         nan       nan       nan
       51        734       0   0.000  0.000      0       nan           nan         nan         nan       nan       nan
       51        735       0   0.000  0.000      0       nan           nan         nan         nan       nan       nan
       51        736       0   0.000  0.000      0       nan           nan         nan         nan       nan       nan
       51        737       0   0.000  0.000      0       nan           nan         nan         nan       nan       nan
       51        738       0   0.000  0.000      0       nan           nan         nan         nan       nan       nan
       51        739       0   0.000  0.000      0       nan           nan         nan         nan       nan       nan
       51        740       0   0.000  0.000      0       nan           nan         nan         nan       nan       nan
       51        742       0   0.000  0.000      0       nan           nan         nan         nan       nan       nan
       51        743       0   0.000  0.000      0       nan           nan         nan         nan       nan       nan
       51        744       0   0.000  0.000      0       nan           nan         nan         nan       nan       nan
       51        746       0   0.000  0.000      0       nan           nan         nan         nan       nan       nan
       51        747       0   0.000  0.000      0       nan           nan         nan         nan       nan       nan
       51        748       0   0.000  0.000      0       nan           nan         nan         nan       nan       nan
       51        749       0   0.000  0.000      0       nan           nan         nan         nan       nan       nan
       51        751       0   0.000  0.000      0       nan           nan         nan         nan       nan       nan
       51        752       0   0.000  0.000      0       nan           nan         nan         nan       nan       nan
       51        753       0   0.000  0.000      0       nan           nan         nan         nan       nan       nan
       51        754       0   0.000  0.000      0       nan           nan         nan         nan       nan       nan
       51        755       0   0.000  0.000      0       nan           nan         nan         nan       nan       nan
       51        756       0   0.000  0.000      0       nan           nan         nan         nan       nan       nan
       51        757       0   0.000  0.000      0       nan           nan         nan         nan       nan       nan
       51        758       0   0.000  0.000      0       nan           nan         nan         nan       nan       nan
       51        759       0   0.000  0.000      0       nan           nan         nan         nan       nan       nan
       51        760       0   0.000  0.000      0       nan           nan         nan         nan       nan       nan
       51        761       0   0.000  0.000      0       nan           nan         nan         nan       nan       nan
       51        762       0   0.000  0.000      0       nan           nan         nan         nan       nan       nan
       51        765       0   0.000  0.000      0       nan           nan         nan         nan       nan       nan
       51        767       0   0.000  0.000      0       nan           nan         nan         nan       nan       nan
       51        768       0   0.000  0.000      0       nan           nan         nan         nan       nan       nan
       51        769       0   0.000  0.000      0       nan           nan         nan         nan       nan       nan
       51        770       0   0.000  0.000      0       nan           nan         nan         nan       nan       nan
       51        771       0   0.000  0.000      0       nan           nan         nan         nan       nan       nan
       51        772       0   0.000  0.000      0       nan           nan         nan         nan       nan       nan
       51        773       0   0.000  0.000      0       nan           nan         nan         nan       nan       nan
       51        774       0   0.000  0.000      0       nan           nan         nan         nan       nan       nan
       51        775       0   0.000  0.000      0       nan           nan         nan         nan       nan       nan
       51        776       0   0.000  0.000      0       nan           nan         nan         nan       nan       nan
       51        777       0   0.000  0.000      0       nan           nan         nan         nan       nan       nan
       51        778       0   0.000  0.000      0       nan           nan         nan         nan       nan       nan
       51        779       0   0.000  0.000      0       nan           nan         nan         nan       nan       nan
       51        780       0   0.000  0.000      0       nan           nan         nan         nan       nan       nan
       51        781       0   0.000  0.000      0       nan           nan         nan         nan       nan       nan
       51        782       0   0.000  0.000      0       nan           nan         nan         nan       nan       nan
       51        783       0   0.000  0.000      0       nan           nan         nan         nan       nan       nan
       51        784       0   0.000  0.000      0       nan           nan         nan         nan       nan       nan
       51        785       0   0.000  0.000      0       nan           nan         nan         nan       nan       nan
       51        786       0   0.000  0.000      0       nan           nan         nan         nan       nan       nan
       51        787       0   0.000  0.000      0       nan           nan         nan         nan       nan       nan
       51        788       0   0.000  0.000      0       nan           nan         nan         nan       nan       nan
       51        789       0   0.000  0.000      0       nan           nan         nan         nan       nan       nan
       51        790       0   0.000  0.000      0       nan           nan         nan         nan       nan       nan
       51        791       0   0.000  0.000      0       nan           nan         nan         nan       nan       nan
       51        792       0   0.000  0.000      0       nan           nan         nan         nan       nan       nan
       51        793       0   0.000  0.000      0       nan           nan         nan         nan       nan       nan
       51        794       0   0.000  0.000      0       nan           nan         nan         nan       nan       nan
       51        795       0   0.000  0.000      0       nan           nan         nan         nan       nan       nan
       51        796       0   0.000  0.000      0       nan           nan         nan         nan       nan       nan
       51        797       0   0.000  0.000      0       nan           nan         nan         nan       nan       nan
       51        798       0   0.000  0.000      0       nan           nan         nan         nan       nan       nan
       51        799       0   0.000  0.000      0       nan           nan         nan         nan       nan       nan
       51        800       0   0.000  0.000      0       nan           nan         nan         nan       nan       nan
       51        802       0   0.000  0.000      0       nan           nan         nan         nan       nan       nan
       51        803       0   0.000  0.000      0       nan           nan         nan         nan       nan       nan
       51        804       0   0.000  0.000      0       nan           nan         nan         nan       nan       nan
       51        805       0   0.000  0.000      0       nan           nan         nan         nan       nan       nan
       51        806       0   0.000  0.000      0       nan           nan         nan         nan       nan       nan
       51        807       0   0.000  0.000      0       nan           nan         nan         nan       nan       nan
       51        808       0   0.000  0.000      0       nan           nan         nan         nan       nan       nan
       51        809       0   0.000  0.000      0       nan           nan         nan         nan       nan       nan
       51        810       0   0.000  0.000      0       nan           nan         nan         nan       nan       nan
       51        811       0   0.000  0.000      0       nan           nan         nan         nan       nan       nan
       51        813       0   0.000  0.000      0       nan           nan         nan         nan       nan       nan
       51        815       0   0.000  0.000      0       nan           nan         nan         nan       nan       nan
       51        816       0   0.000  0.000      0       nan           nan         nan         nan       nan       nan
       51        817       0   0.000  0.000      0       nan           nan         nan         nan       nan       nan
       51        818       0   0.000  0.000      0       nan           nan         nan         nan       nan       nan
       51        819       0   0.000  0.000      0       nan           nan         nan         nan       nan       nan
       51        820       0   0.000  0.000      0       nan           nan         nan         nan       nan       nan
       51        822       0   0.000  0.000      0       nan           nan         nan         nan       nan       nan
       51        823       0   0.000  0.000      0       nan           nan         nan         nan       nan       nan
       51        824       0   0.000  0.000      0       nan           nan         nan         nan       nan       nan
       51        825       0   0.000  0.000      0       nan           nan         nan         nan       nan       nan
       51        826       0   0.000  0.000      0       nan           nan         nan         nan       nan       nan
       51        828       0   0.000  0.000      0       nan           nan         nan         nan       nan       nan
       51        829       0   0.000  0.000      0       nan           nan         nan         nan       nan       nan
       51        830       0   0.000  0.000      0       nan           nan         nan         nan       nan       nan
       51        831       0   0.000  0.000      0       nan           nan         nan         nan       nan       nan
       51        832       0   0.000  0.000      0       nan           nan         nan         nan       nan       nan
       51        833       0   0.000  0.000      0       nan           nan         nan         nan       nan       nan
       51        834       0   0.000  0.000      0       nan           nan         nan         nan       nan       nan
       51        835       0   0.000  0.000      0       nan           nan         nan         nan       nan       nan
       51        836       0   0.000  0.000      0       nan           nan         nan         nan       nan       nan
       51        837       0   0.000  0.000      0       nan           nan         nan         nan       nan       nan
       51        838       0   0.000  0.000      0       nan           nan         nan         nan       nan       nan
       51        839       0   0.000  0.000      0       nan           nan         nan         nan       nan       nan
       51        841       0   0.000  0.000      0       nan           nan         nan         nan       nan       nan
       51        842       0   0.000  0.000      0       nan           nan         nan         nan       nan       nan
       51        843       0   0.000  0.000      0       nan           nan         nan         nan       nan       nan
       51        844       0   0.000  0.000      0       nan           nan         nan         nan       nan       nan
       51        846       0   0.000  0.000      0       nan           nan         nan         nan       nan       nan
       51        848       0   0.000  0.000      0       nan           nan         nan         nan       nan       nan
       51        849       0   0.000  0.000      0       nan           nan         nan         nan       nan       nan
       51        850       0   0.000  0.000      0       nan           nan         nan         nan       nan       nan
       51        851       0   0.000  0.000      0       nan           nan         nan         nan       nan       nan
       51        852       0   0.000  0.000      0       nan           nan         nan         nan       nan       nan
       51        853       0   0.000  0.000      0       nan           nan         nan         nan       nan       nan
       51        854       0   0.000  0.000      0       nan           nan         nan         nan       nan       nan
       51        855       0   0.000  0.000      0       nan           nan         nan         nan       nan       nan
       51        856       0   0.000  0.000      0       nan           nan         nan         nan       nan       nan
       51        857       0   0.000  0.000      0       nan           nan         nan         nan       nan       nan
       51        858       0   0.000  0.000      0       nan           nan         nan         nan       nan       nan
       51        859       0   0.000  0.000      0       nan           nan         nan         nan       nan       nan
       51        862       0   0.000  0.000      0       nan           nan         nan         nan       nan       nan
       51        863       0   0.000  0.000      0       nan           nan         nan         nan       nan       nan
       51        865       0   0.000  0.000      0       nan           nan         nan         nan       nan       nan
       51        866       0   0.000  0.000      0       nan           nan         nan         nan       nan       nan
       51        867       0   0.000  0.000      0       nan           nan         nan         nan       nan       nan
       51        868       0   0.000  0.000      0       nan           nan         nan         nan       nan       nan
       51        869       0   0.000  0.000      0       nan           nan         nan         nan       nan       nan
       51        870       0   0.000  0.000      0       nan           nan         nan         nan       nan       nan
       51        871       0   0.000  0.000      0       nan           nan         nan         nan       nan       nan
       51        872       0   0.000  0.000      0       nan           nan         nan         nan       nan       nan
       51        873       0   0.000  0.000      0       nan           nan         nan         nan       nan       nan
       51        874       0   0.000  0.000      0       nan           nan         nan         nan       nan       nan
       51        876       0   0.000  0.000      0       nan           nan         nan         nan       nan       nan
       51        877       0   0.000  0.000      0       nan           nan         nan         nan       nan       nan
       51        878       0   0.000  0.000      0       nan           nan         nan         nan       nan       nan
       51        879       0   0.000  0.000      0       nan           nan         nan         nan       nan       nan
       51        880       0   0.000  0.000      0       nan           nan         nan         nan       nan       nan
       51        881       0   0.000  0.000      0       nan           nan         nan         nan       nan       nan
       51        882       0   0.000  0.000      0       nan           nan         nan         nan       nan       nan
       51        883       0   0.000  0.000      0       nan           nan         nan         nan       nan       nan
       51        884       0   0.000  0.000      0       nan           nan         nan         nan       nan       nan
       51        885       0   0.000  0.000      0       nan           nan         nan         nan       nan       nan
       51        886       0   0.000  0.000      0       nan           nan         nan         nan       nan       nan
       51        887       0   0.000  0.000      0       nan           nan         nan         nan       nan       nan
       51        888       0   0.000  0.000      0       nan           nan         nan         nan       nan       nan
       51        889       0   0.000  0.000      0       nan           nan         nan         nan       nan       nan
       51        890       0   0.000  0.000      0       nan           nan         nan         nan       nan       nan
       51        892       0   0.000  0.000      0       nan           nan         nan         nan       nan       nan
       51        893       0   0.000  0.000      0       nan           nan         nan         nan       nan       nan
       51        894       0   0.000  0.000      0       nan           nan         nan         nan       nan       nan
       51        896       0   0.000  0.000      0       nan           nan         nan         nan       nan       nan
       51        897       0   0.000  0.000      0       nan           nan         nan         nan       nan       nan
       51        898       0   0.000  0.000      0       nan           nan         nan         nan       nan       nan
       51        900       0   0.000  0.000      0       nan           nan         nan         nan       nan       nan
       51        901       0   0.000  0.000      0       nan           nan         nan         nan       nan       nan
       51        902       0   0.000  0.000      0       nan           nan         nan         nan       nan       nan
       51        903       0   0.000  0.000      0       nan           nan         nan         nan       nan       nan
       51        904       0   0.000  0.000      0       nan           nan         nan         nan       nan       nan
       51        905       0   0.000  0.000      0       nan           nan         nan         nan       nan       nan
       51        907       0   0.000  0.000      0       nan           nan         nan         nan       nan       nan
       51        908       0   0.000  0.000      0       nan           nan         nan         nan       nan       nan
       51        909       0   0.000  0.000      0       nan           nan         nan         nan       nan       nan
       51        910       0   0.000  0.000      0       nan           nan         nan         nan       nan       nan
       51        911       0   0.000  0.000      0       nan           nan         nan         nan       nan       nan
       51        912       0   0.000  0.000      0       nan           nan         nan         nan       nan       nan
       51        913       0   0.000  0.000      0       nan           nan         nan         nan       nan       nan
       51        914       0   0.000  0.000      0       nan           nan         nan         nan       nan       nan
       51        915       0   0.000  0.000      0       nan           nan         nan         nan       nan       nan
       51        916       0   0.000  0.000      0       nan           nan         nan         nan       nan       nan
       51        917       0   0.000  0.000      0       nan           nan         nan         nan       nan       nan
       51        918       0   0.000  0.000      0       nan           nan         nan         nan       nan       nan
       52        637       1   0.104  0.439   7864     1.091           2.9       166.4       169.3      64.0      58.7
       52        644       0   0.052  0.489   9236     1.682           4.6       165.4       170.0      64.0      38.1
       52        882       0   0.042  0.091   1116     2.181           0.0       160.0       160.0      64.0      29.3
       52        630       0   0.041  0.359   9580     1.542           4.7       165.1       169.8      64.0      41.5
       52        832       0   0.036  0.052    600     1.414           0.0       170.0       170.0      38.1      26.9
       52        618       1   0.032  0.109   6424     1.189           1.9       167.1       169.0      64.0      76.1
       52        701       1   0.021  0.260   3384     1.091          10.6       169.4         0.0      58.7      64.0
       52        689       0   0.020  0.237   4152     2.594           3.5       162.9       166.4      69.8      26.9
       52        648       0   0.020  0.473   7256     1.542          14.7       165.8         0.5      64.0      41.5
       52        857       0   0.010  0.077    888     1.682           3.8       168.3       164.5      41.5      24.7
       52        698       0   0.009  0.233   2972     1.834          12.6       169.0         1.6      41.5      22.6
       52        631       1   0.009  0.107   4448     1.000          10.9       169.1         0.0      58.7      58.7
       52        664       1   0.009  0.054   1060     1.189           4.3       164.3       160.0      69.8      83.0
       52        616       1   0.005  0.072   4100     1.091          11.1       168.9         0.0      49.4      53.8
       52        828       0   0.005  0.127   1472     2.000          10.7       169.3         0.0      41.5      20.7
       52        682       0   0.005  0.473   5476     1.091          81.6       165.1        66.7      64.0      69.8
       52        748       0   0.005  0.223   2584     1.000          43.0       167.0        30.0      41.5      41.5
       52        712       0   0.004  0.142   2088     1.834          16.8       163.2         0.0      69.8      38.1
       52        653       0   0.003  0.009    180     2.828           0.0       170.0       170.0      34.9      98.7
       52        806       0   0.003  0.049    576     1.414          10.0       160.0       170.0      64.0      45.3
       52        661       0   0.003  0.058    832     1.000          20.0       170.0        10.0      38.1      38.1
       52        774       0   0.003  0.220   2548     3.084          25.5       164.9        10.4      69.8      22.6
       52        866       0   0.003  0.049    616     1.297          13.8       166.2         0.0      34.9      26.9
       52        888       0   0.002  0.041    472     2.828           5.6       170.0       164.4      45.3      16.0
       52        836       0   0.002  0.172   1992     1.834          44.2       166.3        30.4      64.0      34.9
       52        719       0   0.001  0.030    424     1.834          10.0       160.0       170.0      64.0      34.9
       52        876       0   0.001  0.115   1352     1.542          54.9       170.0       115.1      41.5      26.9
       52        862       0   0.001  0.025    292     2.181           8.6       168.6       160.0      34.9      16.0
       52        855       0   0.001  0.024    276     1.091          19.3       169.3       150.0      41.5      38.1
       52        805       0   0.001  0.017    216     1.542          10.5       160.5       150.0      64.0      41.5
       52        910       0   0.001  0.050    580     2.828          18.1       161.9         0.0      69.8      24.7
       52        747       0   0.001  0.107   1236     1.414          84.6       169.7        74.3      41.5      58.7
       52        892       0   0.001  0.016    192     1.682          10.0       170.0         0.0      45.3      26.9
       52        835       0   0.001  0.015    176     1.000          20.0       170.0        10.0      41.5      41.5
       52        754       0   0.001  0.081    940     1.297          87.8       170.0        77.8      41.5      53.8
       52        720       0   0.001  0.011    164     1.414          10.0       170.0         0.0      34.9      24.7
       52        809       0   0.001  0.048    560     2.091          40.0       170.0        30.0      39.8      19.0
       52        897       0   0.001  0.018    212     1.091          30.0       170.0        20.0      38.1      34.9
       52        908       0   0.000  0.025    284     2.828          18.2       161.8         0.0      69.8      24.7
       52        853       0   0.000  0.054    628     2.181          54.7       165.9        40.6      64.0      29.3
       52        820       0   0.000  0.006     80     1.542          10.0       170.0         0.0      34.9      22.6
       52        729       0   0.000  0.052    604     1.682          90.0       170.0        80.0      45.3      76.1
       52        757       0   0.000  0.013    160     1.189          40.0       160.0        20.0      76.1      64.0
       52        738       0   0.000  0.020    236     1.091          70.0       160.0        50.0      69.8      76.1
       52        735       0   0.000  0.013    152     1.189          50.0       160.0        30.0      69.8      83.0
       52        838       0   0.000  0.018    204     1.091          80.0       170.0        70.0      41.5      45.3
       52        782       0   0.000  0.006     72     1.189          40.0       160.0        20.0      69.8      58.7
       52        872       0   0.000  0.002     24     1.091          20.0       170.0        10.0      38.1      41.5
       52        622       0   0.000  0.001     32     1.542          10.0       170.0         0.0      64.0      98.7
       52        617       0   0.000  0.000      0       nan           nan         nan         nan       nan       nan
       52        619       0   0.000  0.000      0       nan           nan         nan         nan       nan       nan
       52        620       0   0.000  0.000      0       nan           nan         nan         nan       nan       nan
       52        621       0   0.000  0.000      0       nan           nan         nan         nan       nan       nan
       52        623       0   0.000  0.000      0       nan           nan         nan         nan       nan       nan
       52        624       0   0.000  0.000      0       nan           nan         nan         nan       nan       nan
       52        625       0   0.000  0.000      0       nan           nan         nan         nan       nan       nan
       52        626       0   0.000  0.000      0       nan           nan         nan         nan       nan       nan
       52        627       0   0.000  0.000      0       nan           nan         nan         nan       nan       nan
       52        628       0   0.000  0.000      0       nan           nan         nan         nan       nan       nan
       52        629       0   0.000  0.000      0       nan           nan         nan         nan       nan       nan
       52        632       0   0.000  0.000      0       nan           nan         nan         nan       nan       nan
       52        633       0   0.000  0.000      0       nan           nan         nan         nan       nan       nan
       52        634       0   0.000  0.000      0       nan           nan         nan         nan       nan       nan
       52        635       0   0.000  0.000      0       nan           nan         nan         nan       nan       nan
       52        636       0   0.000  0.000      0       nan           nan         nan         nan       nan       nan
       52        638       0   0.000  0.000      0       nan           nan         nan         nan       nan       nan
       52        639       0   0.000  0.000      0       nan           nan         nan         nan       nan       nan
       52        640       0   0.000  0.000      0       nan           nan         nan         nan       nan       nan
       52        641       0   0.000  0.000      0       nan           nan         nan         nan       nan       nan
       52        642       0   0.000  0.000      0       nan           nan         nan         nan       nan       nan
       52        643       0   0.000  0.000      0       nan           nan         nan         nan       nan       nan
       52        645       0   0.000  0.000      0       nan           nan         nan         nan       nan       nan
       52        646       0   0.000  0.000      0       nan           nan         nan         nan       nan       nan
       52        647       0   0.000  0.000      0       nan           nan         nan         nan       nan       nan
       52        649       0   0.000  0.000      0       nan           nan         nan         nan       nan       nan
       52        650       0   0.000  0.000      0       nan           nan         nan         nan       nan       nan
       52        651       0   0.000  0.000      0       nan           nan         nan         nan       nan       nan
       52        652       0   0.000  0.000      0       nan           nan         nan         nan       nan       nan
       52        654       0   0.000  0.000      0       nan           nan         nan         nan       nan       nan
       52        655       0   0.000  0.000      0       nan           nan         nan         nan       nan       nan
       52        656       0   0.000  0.000      0       nan           nan         nan         nan       nan       nan
       52        657       0   0.000  0.000      0       nan           nan         nan         nan       nan       nan
       52        658       0   0.000  0.000      0       nan           nan         nan         nan       nan       nan
       52        659       0   0.000  0.000      0       nan           nan         nan         nan       nan       nan
       52        660       0   0.000  0.000      0       nan           nan         nan         nan       nan       nan
       52        662       0   0.000  0.000      0       nan           nan         nan         nan       nan       nan
       52        663       0   0.000  0.000      0       nan           nan         nan         nan       nan       nan
       52        665       0   0.000  0.000      0       nan           nan         nan         nan       nan       nan
       52        666       0   0.000  0.000      0       nan           nan         nan         nan       nan       nan
       52        667       0   0.000  0.000      0       nan           nan         nan         nan       nan       nan
       52        668       0   0.000  0.000      0       nan           nan         nan         nan       nan       nan
       52        669       0   0.000  0.000      0       nan           nan         nan         nan       nan       nan
       52        670       0   0.000  0.000      0       nan           nan         nan         nan       nan       nan
       52        671       0   0.000  0.000      0       nan           nan         nan         nan       nan       nan
       52        672       0   0.000  0.000      0       nan           nan         nan         nan       nan       nan
       52        673       0   0.000  0.000      0       nan           nan         nan         nan       nan       nan
       52        674       0   0.000  0.000      0       nan           nan         nan         nan       nan       nan
       52        675       0   0.000  0.000      0       nan           nan         nan         nan       nan       nan
       52        676       0   0.000  0.000      0       nan           nan         nan         nan       nan       nan
       52        677       0   0.000  0.000      0       nan           nan         nan         nan       nan       nan
       52        678       0   0.000  0.000      0       nan           nan         nan         nan       nan       nan
       52        679       0   0.000  0.000      0       nan           nan         nan         nan       nan       nan
       52        680       0   0.000  0.000      0       nan           nan         nan         nan       nan       nan
       52        681       0   0.000  0.000      0       nan           nan         nan         nan       nan       nan
       52        683       0   0.000  0.000      0       nan           nan         nan         nan       nan       nan
       52        684       0   0.000  0.000      0       nan           nan         nan         nan       nan       nan
       52        685       0   0.000  0.000      0       nan           nan         nan         nan       nan       nan
       52        686       0   0.000  0.000      0       nan           nan         nan         nan       nan       nan
       52        687       0   0.000  0.000      0       nan           nan         nan         nan       nan       nan
       52        688       0   0.000  0.000      0       nan           nan         nan         nan       nan       nan
       52        690       0   0.000  0.000      0       nan           nan         nan         nan       nan       nan
       52        691       0   0.000  0.000      0       nan           nan         nan         nan       nan       nan
       52        692       0   0.000  0.000      0       nan           nan         nan         nan       nan       nan
       52        693       0   0.000  0.000      0       nan           nan         nan         nan       nan       nan
       52        694       0   0.000  0.000      0       nan           nan         nan         nan       nan       nan
       52        695       0   0.000  0.000      0       nan           nan         nan         nan       nan       nan
       52        696       0   0.000  0.000      0       nan           nan         nan         nan       nan       nan
       52        697       0   0.000  0.000      0       nan           nan         nan         nan       nan       nan
       52        699       0   0.000  0.000      0       nan           nan         nan         nan       nan       nan
       52        700       0   0.000  0.000      0       nan           nan         nan         nan       nan       nan
       52        702       0   0.000  0.000      0       nan           nan         nan         nan       nan       nan
       52        703       0   0.000  0.000      0       nan           nan         nan         nan       nan       nan
       52        704       0   0.000  0.000      0       nan           nan         nan         nan       nan       nan
       52        705       0   0.000  0.000      0       nan           nan         nan         nan       nan       nan
       52        706       0   0.000  0.000      0       nan           nan         nan         nan       nan       nan
       52        707       0   0.000  0.000      0       nan           nan         nan         nan       nan       nan
       52        708       0   0.000  0.000      0       nan           nan         nan         nan       nan       nan
       52        709       0   0.000  0.000      0       nan           nan         nan         nan       nan       nan
       52        710       0   0.000  0.000      0       nan           nan         nan         nan       nan       nan
       52        711       0   0.000  0.000      0       nan           nan         nan         nan       nan       nan
       52        713       0   0.000  0.000      0       nan           nan         nan         nan       nan       nan
       52        714       0   0.000  0.000      0       nan           nan         nan         nan       nan       nan
       52        715       0   0.000  0.000      0       nan           nan         nan         nan       nan       nan
       52        716       0   0.000  0.000      0       nan           nan         nan         nan       nan       nan
       52        717       0   0.000  0.000      0       nan           nan         nan         nan       nan       nan
       52        718       0   0.000  0.000      0       nan           nan         nan         nan       nan       nan
       52        721       0   0.000  0.000      0       nan           nan         nan         nan       nan       nan
       52        722       0   0.000  0.000      0       nan           nan         nan         nan       nan       nan
       52        723       0   0.000  0.000      0       nan           nan         nan         nan       nan       nan
       52        724       0   0.000  0.000      0       nan           nan         nan         nan       nan       nan
       52        725       0   0.000  0.000      0       nan           nan         nan         nan       nan       nan
       52        726       0   0.000  0.000      0       nan           nan         nan         nan       nan       nan
       52        727       0   0.000  0.000      0       nan           nan         nan         nan       nan       nan
       52        728       0   0.000  0.000      0       nan           nan         nan         nan       nan       nan
       52        730       0   0.000  0.000      0       nan           nan         nan         nan       nan       nan
       52        731       0   0.000  0.000      0       nan           nan         nan         nan       nan       nan
       52        732       0   0.000  0.000      0       nan           nan         nan         nan       nan       nan
       52        733       0   0.000  0.000      0       nan           nan         nan         nan       nan       nan
       52        734       0   0.000  0.000      0       nan           nan         nan         nan       nan       nan
       52        736       0   0.000  0.000      0       nan           nan         nan         nan       nan       nan
       52        737       0   0.000  0.000      0       nan           nan         nan         nan       nan       nan
       52        739       0   0.000  0.000      0       nan           nan         nan         nan       nan       nan
       52        740       0   0.000  0.000      0       nan           nan         nan         nan       nan       nan
       52        741       0   0.000  0.000      0       nan           nan         nan         nan       nan       nan
       52        742       0   0.000  0.000      0       nan           nan         nan         nan       nan       nan
       52        743       0   0.000  0.000      0       nan           nan         nan         nan       nan       nan
       52        744       0   0.000  0.000      0       nan           nan         nan         nan       nan       nan
       52        745       0   0.000  0.000      0       nan           nan         nan         nan       nan       nan
       52        746       0   0.000  0.000      0       nan           nan         nan         nan       nan       nan
       52        749       0   0.000  0.000      0       nan           nan         nan         nan       nan       nan
       52        750       0   0.000  0.000      0       nan           nan         nan         nan       nan       nan
       52        751       0   0.000  0.000      0       nan           nan         nan         nan       nan       nan
       52        752       0   0.000  0.000      0       nan           nan         nan         nan       nan       nan
       52        753       0   0.000  0.000      0       nan           nan         nan         nan       nan       nan
       52        755       0   0.000  0.000      0       nan           nan         nan         nan       nan       nan
       52        756       0   0.000  0.000      0       nan           nan         nan         nan       nan       nan
       52        758       0   0.000  0.000      0       nan           nan         nan         nan       nan       nan
       52        759       0   0.000  0.000      0       nan           nan         nan         nan       nan       nan
       52        760       0   0.000  0.000      0       nan           nan         nan         nan       nan       nan
       52        761       0   0.000  0.000      0       nan           nan         nan         nan       nan       nan
       52        762       0   0.000  0.000      0       nan           nan         nan         nan       nan       nan
       52        763       0   0.000  0.000      0       nan           nan         nan         nan       nan       nan
       52        764       0   0.000  0.000      0       nan           nan         nan         nan       nan       nan
       52        765       0   0.000  0.000      0       nan           nan         nan         nan       nan       nan
       52        766       0   0.000  0.000      0       nan           nan         nan         nan       nan       nan
       52        767       0   0.000  0.000      0       nan           nan         nan         nan       nan       nan
       52        768       0   0.000  0.000      0       nan           nan         nan         nan       nan       nan
       52        769       0   0.000  0.000      0       nan           nan         nan         nan       nan       nan
       52        770       0   0.000  0.000      0       nan           nan         nan         nan       nan       nan
       52        771       0   0.000  0.000      0       nan           nan         nan         nan       nan       nan
       52        772       0   0.000  0.000      0       nan           nan         nan         nan       nan       nan
       52        773       0   0.000  0.000      0       nan           nan         nan         nan       nan       nan
       52        775       0   0.000  0.000      0       nan           nan         nan         nan       nan       nan
       52        776       0   0.000  0.000      0       nan           nan         nan         nan       nan       nan
       52        777       0   0.000  0.000      0       nan           nan         nan         nan       nan       nan
       52        778       0   0.000  0.000      0       nan           nan         nan         nan       nan       nan
       52        779       0   0.000  0.000      0       nan           nan         nan         nan       nan       nan
       52        780       0   0.000  0.000      0       nan           nan         nan         nan       nan       nan
       52        781       0   0.000  0.000      0       nan           nan         nan         nan       nan       nan
       52        783       0   0.000  0.000      0       nan           nan         nan         nan       nan       nan
       52        784       0   0.000  0.000      0       nan           nan         nan         nan       nan       nan
       52        785       0   0.000  0.000      0       nan           nan         nan         nan       nan       nan
       52        786       0   0.000  0.000      0       nan           nan         nan         nan       nan       nan
       52        787       0   0.000  0.000      0       nan           nan         nan         nan       nan       nan
       52        788       0   0.000  0.000      0       nan           nan         nan         nan       nan       nan
       52        789       0   0.000  0.000      0       nan           nan         nan         nan       nan       nan
       52        790       0   0.000  0.000      0       nan           nan         nan         nan       nan       nan
       52        791       0   0.000  0.000      0       nan           nan         nan         nan       nan       nan
       52        792       0   0.000  0.000      0       nan           nan         nan         nan       nan       nan
       52        793       0   0.000  0.000      0       nan           nan         nan         nan       nan       nan
       52        794       0   0.000  0.000      0       nan           nan         nan         nan       nan       nan
       52        795       0   0.000  0.000      0       nan           nan         nan         nan       nan       nan
       52        796       0   0.000  0.000      0       nan           nan         nan         nan       nan       nan
       52        797       0   0.000  0.000      0       nan           nan         nan         nan       nan       nan
       52        798       0   0.000  0.000      0       nan           nan         nan         nan       nan       nan
       52        799       0   0.000  0.000      0       nan           nan         nan         nan       nan       nan
       52        800       0   0.000  0.000      0       nan           nan         nan         nan       nan       nan
       52        801       0   0.000  0.000      0       nan           nan         nan         nan       nan       nan
       52        802       0   0.000  0.000      0       nan           nan         nan         nan       nan       nan
       52        803       0   0.000  0.000      0       nan           nan         nan         nan       nan       nan
       52        804       0   0.000  0.000      0       nan           nan         nan         nan       nan       nan
       52        807       0   0.000  0.000      0       nan           nan         nan         nan       nan       nan
       52        808       0   0.000  0.000      0       nan           nan         nan         nan       nan       nan
       52        810       0   0.000  0.000      0       nan           nan         nan         nan       nan       nan
       52        811       0   0.000  0.000      0       nan           nan         nan         nan       nan       nan
       52        812       0   0.000  0.000      0       nan           nan         nan         nan       nan       nan
       52        813       0   0.000  0.000      0       nan           nan         nan         nan       nan       nan
       52        814       0   0.000  0.000      0       nan           nan         nan         nan       nan       nan
       52        815       0   0.000  0.000      0       nan           nan         nan         nan       nan       nan
       52        816       0   0.000  0.000      0       nan           nan         nan         nan       nan       nan
       52        817       0   0.000  0.000      0       nan           nan         nan         nan       nan       nan
       52        818       0   0.000  0.000      0       nan           nan         nan         nan       nan       nan
       52        819       0   0.000  0.000      0       nan           nan         nan         nan       nan       nan
       52        821       0   0.000  0.000      0       nan           nan         nan         nan       nan       nan
       52        822       0   0.000  0.000      0       nan           nan         nan         nan       nan       nan
       52        823       0   0.000  0.000      0       nan           nan         nan         nan       nan       nan
       52        824       0   0.000  0.000      0       nan           nan         nan         nan       nan       nan
       52        825       0   0.000  0.000      0       nan           nan         nan         nan       nan       nan
       52        826       0   0.000  0.000      0       nan           nan         nan         nan       nan       nan
       52        827       0   0.000  0.000      0       nan           nan         nan         nan       nan       nan
       52        829       0   0.000  0.000      0       nan           nan         nan         nan       nan       nan
       52        830       0   0.000  0.000      0       nan           nan         nan         nan       nan       nan
       52        831       0   0.000  0.000      0       nan           nan         nan         nan       nan       nan
       52        833       0   0.000  0.000      0       nan           nan         nan         nan       nan       nan
       52        834       0   0.000  0.000      0       nan           nan         nan         nan       nan       nan
       52        837       0   0.000  0.000      0       nan           nan         nan         nan       nan       nan
       52        839       0   0.000  0.000      0       nan           nan         nan         nan       nan       nan
       52        840       0   0.000  0.000      0       nan           nan         nan         nan       nan       nan
       52        841       0   0.000  0.000      0       nan           nan         nan         nan       nan       nan
       52        842       0   0.000  0.000      0       nan           nan         nan         nan       nan       nan
       52        843       0   0.000  0.000      0       nan           nan         nan         nan       nan       nan
       52        844       0   0.000  0.000      0       nan           nan         nan         nan       nan       nan
       52        845       0   0.000  0.000      0       nan           nan         nan         nan       nan       nan
       52        846       0   0.000  0.000      0       nan           nan         nan         nan       nan       nan
       52        847       0   0.000  0.000      0       nan           nan         nan         nan       nan       nan
       52        848       0   0.000  0.000      0       nan           nan         nan         nan       nan       nan
       52        849       0   0.000  0.000      0       nan           nan         nan         nan       nan       nan
       52        850       0   0.000  0.000      0       nan           nan         nan         nan       nan       nan
       52        851       0   0.000  0.000      0       nan           nan         nan         nan       nan       nan
       52        852       0   0.000  0.000      0       nan           nan         nan         nan       nan       nan
       52        854       0   0.000  0.000      0       nan           nan         nan         nan       nan       nan
       52        856       0   0.000  0.000      0       nan           nan         nan         nan       nan       nan
       52        858       0   0.000  0.000      0       nan           nan         nan         nan       nan       nan
       52        859       0   0.000  0.000      0       nan           nan         nan         nan       nan       nan
       52        860       0   0.000  0.000      0       nan           nan         nan         nan       nan       nan
       52        861       0   0.000  0.000      0       nan           nan         nan         nan       nan       nan
       52        863       0   0.000  0.000      0       nan           nan         nan         nan       nan       nan
       52        864       0   0.000  0.000      0       nan           nan         nan         nan       nan       nan
       52        865       0   0.000  0.000      0       nan           nan         nan         nan       nan       nan
       52        867       0   0.000  0.000      0       nan           nan         nan         nan       nan       nan
       52        868       0   0.000  0.000      0       nan           nan         nan         nan       nan       nan
       52        869       0   0.000  0.000      0       nan           nan         nan         nan       nan       nan
       52        870       0   0.000  0.000      0       nan           nan         nan         nan       nan       nan
       52        871       0   0.000  0.000      0       nan           nan         nan         nan       nan       nan
       52        873       0   0.000  0.000      0       nan           nan         nan         nan       nan       nan
       52        874       0   0.000  0.000      0       nan           nan         nan         nan       nan       nan
       52        875       0   0.000  0.000      0       nan           nan         nan         nan       nan       nan
       52        877       0   0.000  0.000      0       nan           nan         nan         nan       nan       nan
       52        878       0   0.000  0.000      0       nan           nan         nan         nan       nan       nan
       52        879       0   0.000  0.000      0       nan           nan         nan         nan       nan       nan
       52        880       0   0.000  0.000      0       nan           nan         nan         nan       nan       nan
       52        881       0   0.000  0.000      0       nan           nan         nan         nan       nan       nan
       52        883       0   0.000  0.000      0       nan           nan         nan         nan       nan       nan
       52        884       0   0.000  0.000      0       nan           nan         nan         nan       nan       nan
       52        885       0   0.000  0.000      0       nan           nan         nan         nan       nan       nan
       52        886       0   0.000  0.000      0       nan           nan         nan         nan       nan       nan
       52        887       0   0.000  0.000      0       nan           nan         nan         nan       nan       nan
       52        889       0   0.000  0.000      0       nan           nan         nan         nan       nan       nan
       52        890       0   0.000  0.000      0       nan           nan         nan         nan       nan       nan
       52        891       0   0.000  0.000      0       nan           nan         nan         nan       nan       nan
       52        893       0   0.000  0.000      0       nan           nan         nan         nan       nan       nan
       52        894       0   0.000  0.000      0       nan           nan         nan         nan       nan       nan
       52        895       0   0.000  0.000      0       nan           nan         nan         nan       nan       nan
       52        896       0   0.000  0.000      0       nan           nan         nan         nan       nan       nan
       52        898       0   0.000  0.000      0       nan           nan         nan         nan       nan       nan
       52        899       0   0.000  0.000      0       nan           nan         nan         nan       nan       nan
       52        900       0   0.000  0.000      0       nan           nan         nan         nan       nan       nan
       52        901       0   0.000  0.000      0       nan           nan         nan         nan       nan       nan
       52        902       0   0.000  0.000      0       nan           nan         nan         nan       nan       nan
       52        903       0   0.000  0.000      0       nan           nan         nan         nan       nan       nan
       52        904       0   0.000  0.000      0       nan           nan         nan         nan       nan       nan
       52        905       0   0.000  0.000      0       nan           nan         nan         nan       nan       nan
       52        906       0   0.000  0.000      0       nan           nan         nan         nan       nan       nan
       52        907       0   0.000  0.000      0       nan           nan         nan         nan       nan       nan
       52        909       0   0.000  0.000      0       nan           nan         nan         nan       nan       nan
       52        911       0   0.000  0.000      0       nan           nan         nan         nan       nan       nan
       52        912       0   0.000  0.000      0       nan           nan         nan         nan       nan       nan
       52        913       0   0.000  0.000      0       nan           nan         nan         nan       nan       nan
       52        914       0   0.000  0.000      0       nan           nan         nan         nan       nan       nan
       52        915       0   0.000  0.000      0       nan           nan         nan         nan       nan       nan
       52        916       0   0.000  0.000      0       nan           nan         nan         nan       nan       nan
       52        917       0   0.000  0.000      0       nan           nan         nan         nan       nan       nan
       52        918       0   0.000  0.000      0       nan           nan         nan         nan       nan       nan
       53        648       1   0.312  0.508   5680     1.091           0.5         0.0         0.5      38.1      41.5
       53        701       0   0.174  0.292   2404     1.682           0.0         0.0         0.0      38.1      64.0
       53        828       0   0.140  0.257   1500     1.834           0.0         0.0         0.0      38.1      20.7
       53        698       0   0.098  0.575   3636     1.542           2.8         0.0         2.8      38.1      24.7
       53        631       0   0.068  0.097   3540     1.414           0.0         0.0         0.0      41.5      58.7
       53        616       0   0.056  0.080   4100     1.414           0.0         0.0         0.0      38.1      53.8
       53        644       1   0.025  0.278   4868     1.000          10.0         0.0       170.0      38.1      38.1
       53        910       0   0.024  0.037    228     1.542           0.0         0.0         0.0      38.1      24.7
       53        637       0   0.023  0.353   5228     1.414          10.1         0.0       169.9      38.1      53.8
       53        661       1   0.018  0.198   1544     1.000          10.1         0.0        10.1      38.1      38.1
       53        630       1   0.015  0.198   5044     1.189          10.0         0.0       170.0      38.1      45.3
       53        892       0   0.014  0.073    452     1.682           2.2         0.0         2.2      45.3      26.9
       53        748       0   0.013  0.443   2584     1.091          30.0         0.0        30.0      38.1      41.5
       53        774       0   0.011  0.212   1468     1.682          10.0         0.0        10.0      38.1      22.6
       53        836       0   0.010  0.334   1960     1.091          30.4         0.0        30.4      38.1      34.9
       53        832       0   0.008  0.110    644     1.297          10.0         0.0       170.0      34.9      26.9
       53        857       0   0.006  0.152    888     1.542          15.5         0.0       164.5      38.1      24.7
       53        876       0   0.003  0.252   1472     1.297          64.6         0.0       115.4      38.1      29.3
       53        682       0   0.003  0.322   2756     1.834          68.5         0.0        68.5      38.1      69.8
       53        835       0   0.003  0.030    176     1.091          10.0         0.0        10.0      38.1      41.5
       53        747       0   0.002  0.212   1236     1.414          74.3         0.0        74.3      41.5      58.7
       53        618       0   0.002  0.051   2892     2.000          11.8         0.0       168.2      38.1      76.1
       53        853       0   0.002  0.105    616     1.297          40.6         0.0        40.6      38.1      29.3
       53        888       0   0.002  0.081    472     2.594          15.6         0.0       164.4      41.5      16.0
       53        897       0   0.002  0.036    212     1.000          20.0         0.0        20.0      34.9      34.9
       53        689       0   0.002  0.021    328     1.189          10.0         0.0       170.0      38.1      32.0
       53        754       0   0.002  0.161    940     1.297          77.8         0.0        77.8      41.5      53.8
       53        809       0   0.002  0.096    560     2.000          30.0         0.0        30.0      38.1      19.0
       53        855       0   0.002  0.047    276     1.000          30.0         0.0       150.0      38.1      38.1
       53        729       0   0.001  0.101    588     1.834          80.0         0.0        80.0      41.5      76.1
       53        838       0   0.000  0.035    204     1.091          70.0         0.0        70.0      41.5      45.3
       53        881       0   0.000  0.011     68     1.414          20.0         0.0        20.0      45.3      32.0
       53        738       0   0.000  0.028    168     2.000          50.0         0.0        50.0      38.1      76.1
       53        617       0   0.000  0.000      0       nan           nan         nan         nan       nan       nan
       53        619       0   0.000  0.000      0       nan           nan         nan         nan       nan       nan
       53        620       0   0.000  0.000      0       nan           nan         nan         nan       nan       nan
       53        621       0   0.000  0.000      0       nan           nan         nan         nan       nan       nan
       53        622       0   0.000  0.000      0       nan           nan         nan         nan       nan       nan
       53        623       0   0.000  0.000      0       nan           nan         nan         nan       nan       nan
       53        624       0   0.000  0.000      0       nan           nan         nan         nan       nan       nan
       53        625       0   0.000  0.000      0       nan           nan         nan         nan       nan       nan
       53        626       0   0.000  0.000      0       nan           nan         nan         nan       nan       nan
       53        627       0   0.000  0.000      0       nan           nan         nan         nan       nan       nan
       53        628       0   0.000  0.000      0       nan           nan         nan         nan       nan       nan
       53        629       0   0.000  0.000      0       nan           nan         nan         nan       nan       nan
       53        632       0   0.000  0.000      0       nan           nan         nan         nan       nan       nan
       53        633       0   0.000  0.000      0       nan           nan         nan         nan       nan       nan
       53        634       0   0.000  0.000      0       nan           nan         nan         nan       nan       nan
       53        635       0   0.000  0.000      0       nan           nan         nan         nan       nan       nan
       53        636       0   0.000  0.000      0       nan           nan         nan         nan       nan       nan
       53        638       0   0.000  0.000      0       nan           nan         nan         nan       nan       nan
       53        639       0   0.000  0.000      0       nan           nan         nan         nan       nan       nan
       53        640       0   0.000  0.000      0       nan           nan         nan         nan       nan       nan
       53        641       0   0.000  0.000      0       nan           nan         nan         nan       nan       nan
       53        642       0   0.000  0.000      0       nan           nan         nan         nan       nan       nan
       53        643       0   0.000  0.000      0       nan           nan         nan         nan       nan       nan
       53        645       0   0.000  0.000      0       nan           nan         nan         nan       nan       nan
       53        646       0   0.000  0.000      0       nan           nan         nan         nan       nan       nan
       53        647       0   0.000  0.000      0       nan           nan         nan         nan       nan       nan
       53        649       0   0.000  0.000      0       nan           nan         nan         nan       nan       nan
       53        650       0   0.000  0.000      0       nan           nan         nan         nan       nan       nan
       53        651       0   0.000  0.000      0       nan           nan         nan         nan       nan       nan
       53        652       0   0.000  0.000      0       nan           nan         nan         nan       nan       nan
       53        653       0   0.000  0.000      0       nan           nan         nan         nan       nan       nan
       53        654       0   0.000  0.000      0       nan           nan         nan         nan       nan       nan
       53        655       0   0.000  0.000      0       nan           nan         nan         nan       nan       nan
       53        656       0   0.000  0.000      0       nan           nan         nan         nan       nan       nan
       53        657       0   0.000  0.000      0       nan           nan         nan         nan       nan       nan
       53        658       0   0.000  0.000      0       nan           nan         nan         nan       nan       nan
       53        659       0   0.000  0.000      0       nan           nan         nan         nan       nan       nan
       53        660       0   0.000  0.000      0       nan           nan         nan         nan       nan       nan
       53        662       0   0.000  0.000      0       nan           nan         nan         nan       nan       nan
       53        663       0   0.000  0.000      0       nan           nan         nan         nan       nan       nan
       53        664       0   0.000  0.000      0       nan           nan         nan         nan       nan       nan
       53        665       0   0.000  0.000      0       nan           nan         nan         nan       nan       nan
       53        666       0   0.000  0.000      0       nan           nan         nan         nan       nan       nan
       53        667       0   0.000  0.000      0       nan           nan         nan         nan       nan       nan
       53        668       0   0.000  0.000      0       nan           nan         nan         nan       nan       nan
       53        669       0   0.000  0.000      0       nan           nan         nan         nan       nan       nan
       53        670       0   0.000  0.000      0       nan           nan         nan         nan       nan       nan
       53        671       0   0.000  0.000      0       nan           nan         nan         nan       nan       nan
       53        672       0   0.000  0.000      0       nan           nan         nan         nan       nan       nan
       53        673       0   0.000  0.000      0       nan           nan         nan         nan       nan       nan
       53        674       0   0.000  0.000      0       nan           nan         nan         nan       nan       nan
       53        675       0   0.000  0.000      0       nan           nan         nan         nan       nan       nan
       53        676       0   0.000  0.000      0       nan           nan         nan         nan       nan       nan
       53        677       0   0.000  0.000      0       nan           nan         nan         nan       nan       nan
       53        678       0   0.000  0.000      0       nan           nan         nan         nan       nan       nan
       53        679       0   0.000  0.000      0       nan           nan         nan         nan       nan       nan
       53        680       0   0.000  0.000      0       nan           nan         nan         nan       nan       nan
       53        681       0   0.000  0.000      0       nan           nan         nan         nan       nan       nan
       53        683       0   0.000  0.000      0       nan           nan         nan         nan       nan       nan
       53        684       0   0.000  0.000      0       nan           nan         nan         nan       nan       nan
       53        685       0   0.000  0.000      0       nan           nan         nan         nan       nan       nan
       53        686       0   0.000  0.000      0       nan           nan         nan         nan       nan       nan
       53        687       0   0.000  0.000      0       nan           nan         nan         nan       nan       nan
       53        688       0   0.000  0.000      0       nan           nan         nan         nan       nan       nan
       53        690       0   0.000  0.000      0       nan           nan         nan         nan       nan       nan
       53        691       0   0.000  0.000      0       nan           nan         nan         nan       nan       nan
       53        692       0   0.000  0.000      0       nan           nan         nan         nan       nan       nan
       53        693       0   0.000  0.000      0       nan           nan         nan         nan       nan       nan
       53        694       0   0.000  0.000      0       nan           nan         nan         nan       nan       nan
       53        695       0   0.000  0.000      0       nan           nan         nan         nan       nan       nan
       53        696       0   0.000  0.000      0       nan           nan         nan         nan       nan       nan
       53        697       0   0.000  0.000      0       nan           nan         nan         nan       nan       nan
       53        699       0   0.000  0.000      0       nan           nan         nan         nan       nan       nan
       53        700       0   0.000  0.000      0       nan           nan         nan         nan       nan       nan
       53        702       0   0.000  0.000      0       nan           nan         nan         nan       nan       nan
       53        703       0   0.000  0.000      0       nan           nan         nan         nan       nan       nan
       53        704       0   0.000  0.000      0       nan           nan         nan         nan       nan       nan
       53        705       0   0.000  0.000      0       nan           nan         nan         nan       nan       nan
       53        706       0   0.000  0.000      0       nan           nan         nan         nan       nan       nan
       53        707       0   0.000  0.000      0       nan           nan         nan         nan       nan       nan
       53        708       0   0.000  0.000      0       nan           nan         nan         nan       nan       nan
       53        709       0   0.000  0.000      0       nan           nan         nan         nan       nan       nan
       53        710       0   0.000  0.000      0       nan           nan         nan         nan       nan       nan
       53        711       0   0.000  0.000      0       nan           nan         nan         nan       nan       nan
       53        712       0   0.000  0.000      0       nan           nan         nan         nan       nan       nan
       53        713       0   0.000  0.000      0       nan           nan         nan         nan       nan       nan
       53        714       0   0.000  0.000      0       nan           nan         nan         nan       nan       nan
       53        715       0   0.000  0.000      0       nan           nan         nan         nan       nan       nan
       53        716       0   0.000  0.000      0       nan           nan         nan         nan       nan       nan
       53        717       0   0.000  0.000      0       nan           nan         nan         nan       nan       nan
       53        718       0   0.000  0.000      0       nan           nan         nan         nan       nan       nan
       53        719       0   0.000  0.000      0       nan           nan         nan         nan       nan       nan
       53        720       0   0.000  0.000      0       nan           nan         nan         nan       nan       nan
       53        721       0   0.000  0.000      0       nan           nan         nan         nan       nan       nan
       53        722       0   0.000  0.000      0       nan           nan         nan         nan       nan       nan
       53        723       0   0.000  0.000      0       nan           nan         nan         nan       nan       nan
       53        724       0   0.000  0.000      0       nan           nan         nan         nan       nan       nan
       53        725       0   0.000  0.000      0       nan           nan         nan         nan       nan       nan
       53        726       0   0.000  0.000      0       nan           nan         nan         nan       nan       nan
       53        727       0   0.000  0.000      0       nan           nan         nan         nan       nan       nan
       53        728       0   0.000  0.000      0       nan           nan         nan         nan       nan       nan
       53        730       0   0.000  0.000      0       nan           nan         nan         nan       nan       nan
       53        731       0   0.000  0.000      0       nan           nan         nan         nan       nan       nan
       53        732       0   0.000  0.000      0       nan           nan         nan         nan       nan       nan
       53        733       0   0.000  0.000      0       nan           nan         nan         nan       nan       nan
       53        734       0   0.000  0.000      0       nan           nan         nan         nan       nan       nan
       53        735       0   0.000  0.000      0       nan           nan         nan         nan       nan       nan
       53        736       0   0.000  0.000      0       nan           nan         nan         nan       nan       nan
       53        737       0   0.000  0.000      0       nan           nan         nan         nan       nan       nan
       53        739       0   0.000  0.000      0       nan           nan         nan         nan       nan       nan
       53        740       0   0.000  0.000      0       nan           nan         nan         nan       nan       nan
       53        741       0   0.000  0.000      0       nan           nan         nan         nan       nan       nan
       53        742       0   0.000  0.000      0       nan           nan         nan         nan       nan       nan
       53        743       0   0.000  0.000      0       nan           nan         nan         nan       nan       nan
       53        744       0   0.000  0.000      0       nan           nan         nan         nan       nan       nan
       53        745       0   0.000  0.000      0       nan           nan         nan         nan       nan       nan
       53        746       0   0.000  0.000      0       nan           nan         nan         nan       nan       nan
       53        749       0   0.000  0.000      0       nan           nan         nan         nan       nan       nan
       53        750       0   0.000  0.000      0       nan           nan         nan         nan       nan       nan
       53        751       0   0.000  0.000      0       nan           nan         nan         nan       nan       nan
       53        752       0   0.000  0.000      0       nan           nan         nan         nan       nan       nan
       53        753       0   0.000  0.000      0       nan           nan         nan         nan       nan       nan
       53        755       0   0.000  0.000      0       nan           nan         nan         nan       nan       nan
       53        756       0   0.000  0.000      0       nan           nan         nan         nan       nan       nan
       53        757       0   0.000  0.000      0       nan           nan         nan         nan       nan       nan
       53        758       0   0.000  0.000      0       nan           nan         nan         nan       nan       nan
       53        759       0   0.000  0.000      0       nan           nan         nan         nan       nan       nan
       53        760       0   0.000  0.000      0       nan           nan         nan         nan       nan       nan
       53        761       0   0.000  0.000      0       nan           nan         nan         nan       nan       nan
       53        762       0   0.000  0.000      0       nan           nan         nan         nan       nan       nan
       53        763       0   0.000  0.000      0       nan           nan         nan         nan       nan       nan
       53        764       0   0.000  0.000      0       nan           nan         nan         nan       nan       nan
       53        765       0   0.000  0.000      0       nan           nan         nan         nan       nan       nan
       53        766       0   0.000  0.000      0       nan           nan         nan         nan       nan       nan
       53        767       0   0.000  0.000      0       nan           nan         nan         nan       nan       nan
       53        768       0   0.000  0.000      0       nan           nan         nan         nan       nan       nan
       53        769       0   0.000  0.000      0       nan           nan         nan         nan       nan       nan
       53        770       0   0.000  0.000      0       nan           nan         nan         nan       nan       nan
       53        771       0   0.000  0.000      0       nan           nan         nan         nan       nan       nan
       53        772       0   0.000  0.000      0       nan           nan         nan         nan       nan       nan
       53        773       0   0.000  0.000      0       nan           nan         nan         nan       nan       nan
       53        775       0   0.000  0.000      0       nan           nan         nan         nan       nan       nan
       53        776       0   0.000  0.000      0       nan           nan         nan         nan       nan       nan
       53        777       0   0.000  0.000      0       nan           nan         nan         nan       nan       nan
       53        778       0   0.000  0.000      0       nan           nan         nan         nan       nan       nan
       53        779       0   0.000  0.000      0       nan           nan         nan         nan       nan       nan
       53        780       0   0.000  0.000      0       nan           nan         nan         nan       nan       nan
       53        781       0   0.000  0.000      0       nan           nan         nan         nan       nan       nan
       53        782       0   0.000  0.000      0       nan           nan         nan         nan       nan       nan
       53        783       0   0.000  0.000      0       nan           nan         nan         nan       nan       nan
       53        784       0   0.000  0.000      0       nan           nan         nan         nan       nan       nan
       53        785       0   0.000  0.000      0       nan           nan         nan         nan       nan       nan
       53        786       0   0.000  0.000      0       nan           nan         nan         nan       nan       nan
       53        787       0   0.000  0.000      0       nan           nan         nan         nan       nan       nan
       53        788       0   0.000  0.000      0       nan           nan         nan         nan       nan       nan
       53        789       0   0.000  0.000      0       nan           nan         nan         nan       nan       nan
       53        790       0   0.000  0.000      0       nan           nan         nan         nan       nan       nan
       53        791       0   0.000  0.000      0       nan           nan         nan         nan       nan       nan
       53        792       0   0.000  0.000      0       nan           nan         nan         nan       nan       nan
       53        793       0   0.000  0.000      0       nan           nan         nan         nan       nan       nan
       53        794       0   0.000  0.000      0       nan           nan         nan         nan       nan       nan
       53        795       0   0.000  0.000      0       nan           nan         nan         nan       nan       nan
       53        796       0   0.000  0.000      0       nan           nan         nan         nan       nan       nan
       53        797       0   0.000  0.000      0       nan           nan         nan         nan       nan       nan
       53        798       0   0.000  0.000      0       nan           nan         nan         nan       nan       nan
       53        799       0   0.000  0.000      0       nan           nan         nan         nan       nan       nan
       53        800       0   0.000  0.000      0       nan           nan         nan         nan       nan       nan
       53        801       0   0.000  0.000      0       nan           nan         nan         nan       nan       nan
       53        802       0   0.000  0.000      0       nan           nan         nan         nan       nan       nan
       53        803       0   0.000  0.000      0       nan           nan         nan         nan       nan       nan
       53        804       0   0.000  0.000      0       nan           nan         nan         nan       nan       nan
       53        805       0   0.000  0.000      0       nan           nan         nan         nan       nan       nan
       53        806       0   0.000  0.000      0       nan           nan         nan         nan       nan       nan
       53        807       0   0.000  0.000      0       nan           nan         nan         nan       nan       nan
       53        808       0   0.000  0.000      0       nan           nan         nan         nan       nan       nan
       53        810       0   0.000  0.000      0       nan           nan         nan         nan       nan       nan
       53        811       0   0.000  0.000      0       nan           nan         nan         nan       nan       nan
       53        812       0   0.000  0.000      0       nan           nan         nan         nan       nan       nan
       53        813       0   0.000  0.000      0       nan           nan         nan         nan       nan       nan
       53        814       0   0.000  0.000      0       nan           nan         nan         nan       nan       nan
       53        815       0   0.000  0.000      0       nan           nan         nan         nan       nan       nan
       53        816       0   0.000  0.000      0       nan           nan         nan         nan       nan       nan
       53        817       0   0.000  0.000      0       nan           nan         nan         nan       nan       nan
       53        818       0   0.000  0.000      0       nan           nan         nan         nan       nan       nan
       53        819       0   0.000  0.000      0       nan           nan         nan         nan       nan       nan
       53        820       0   0.000  0.000      0       nan           nan         nan         nan       nan       nan
       53        821       0   0.000  0.000      0       nan           nan         nan         nan       nan       nan
       53        822       0   0.000  0.000      0       nan           nan         nan         nan       nan       nan
       53        823       0   0.000  0.000      0       nan           nan         nan         nan       nan       nan
       53        824       0   0.000  0.000      0       nan           nan         nan         nan       nan       nan
       53        825       0   0.000  0.000      0       nan           nan         nan         nan       nan       nan
       53        826       0   0.000  0.000      0       nan           nan         nan         nan       nan       nan
       53        827       0   0.000  0.000      0       nan           nan         nan         nan       nan       nan
       53        829       0   0.000  0.000      0       nan           nan         nan         nan       nan       nan
       53        830       0   0.000  0.000      0       nan           nan         nan         nan       nan       nan
       53        831       0   0.000  0.000      0       nan           nan         nan         nan       nan       nan
       53        833       0   0.000  0.000      0       nan           nan         nan         nan       nan       nan
       53        834       0   0.000  0.000      0       nan           nan         nan         nan       nan       nan
       53        837       0   0.000  0.000      0       nan           nan         nan         nan       nan       nan
       53        839       0   0.000  0.000      0       nan           nan         nan         nan       nan       nan
       53        840       0   0.000  0.000      0       nan           nan         nan         nan       nan       nan
       53        841       0   0.000  0.000      0       nan           nan         nan         nan       nan       nan
       53        842       0   0.000  0.000      0       nan           nan         nan         nan       nan       nan
       53        843       0   0.000  0.000      0       nan           nan         nan         nan       nan       nan
       53        844       0   0.000  0.000      0       nan           nan         nan         nan       nan       nan
       53        845       0   0.000  0.000      0       nan           nan         nan         nan       nan       nan
       53        846       0   0.000  0.000      0       nan           nan         nan         nan       nan       nan
       53        847       0   0.000  0.000      0       nan           nan         nan         nan       nan       nan
       53        848       0   0.000  0.000      0       nan           nan         nan         nan       nan       nan
       53        849       0   0.000  0.000      0       nan           nan         nan         nan       nan       nan
       53        850       0   0.000  0.000      0       nan           nan         nan         nan       nan       nan
       53        851       0   0.000  0.000      0       nan           nan         nan         nan       nan       nan
       53        852       0   0.000  0.000      0       nan           nan         nan         nan       nan       nan
       53        854       0   0.000  0.000      0       nan           nan         nan         nan       nan       nan
       53        856       0   0.000  0.000      0       nan           nan         nan         nan       nan       nan
       53        858       0   0.000  0.000      0       nan           nan         nan         nan       nan       nan
       53        859       0   0.000  0.000      0       nan           nan         nan         nan       nan       nan
       53        860       0   0.000  0.000      0       nan           nan         nan         nan       nan       nan
       53        861       0   0.000  0.000      0       nan           nan         nan         nan       nan       nan
       53        862       0   0.000  0.000      0       nan           nan         nan         nan       nan       nan
       53        863       0   0.000  0.000      0       nan           nan         nan         nan       nan       nan
       53        864       0   0.000  0.000      0       nan           nan         nan         nan       nan       nan
       53        865       0   0.000  0.000      0       nan           nan         nan         nan       nan       nan
       53        866       0   0.000  0.000      0       nan           nan         nan         nan       nan       nan
       53        867       0   0.000  0.000      0       nan           nan         nan         nan       nan       nan
       53        868       0   0.000  0.000      0       nan           nan         nan         nan       nan       nan
       53        869       0   0.000  0.000      0       nan           nan         nan         nan       nan       nan
       53        870       0   0.000  0.000      0       nan           nan         nan         nan       nan       nan
       53        871       0   0.000  0.000      0       nan           nan         nan         nan       nan       nan
       53        872       0   0.000  0.000      0       nan           nan         nan         nan       nan       nan
       53        873       0   0.000  0.000      0       nan           nan         nan         nan       nan       nan
       53        874       0   0.000  0.000      0       nan           nan         nan         nan       nan       nan
       53        875       0   0.000  0.000      0       nan           nan         nan         nan       nan       nan
       53        877       0   0.000  0.000      0       nan           nan         nan         nan       nan       nan
       53        878       0   0.000  0.000      0       nan           nan         nan         nan       nan       nan
       53        879       0   0.000  0.000      0       nan           nan         nan         nan       nan       nan
       53        880       0   0.000  0.000      0       nan           nan         nan         nan       nan       nan
       53        882       0   0.000  0.000      0       nan           nan         nan         nan       nan       nan
       53        883       0   0.000  0.000      0       nan           nan         nan         nan       nan       nan
       53        884       0   0.000  0.000      0       nan           nan         nan         nan       nan       nan
       53        885       0   0.000  0.000      0       nan           nan         nan         nan       nan       nan
       53        886       0   0.000  0.000      0       nan           nan         nan         nan       nan       nan
       53        887       0   0.000  0.000      0       nan           nan         nan         nan       nan       nan
       53        889       0   0.000  0.000      0       nan           nan         nan         nan       nan       nan
       53        890       0   0.000  0.000      0       nan           nan         nan         nan       nan       nan
       53        891       0   0.000  0.000      0       nan           nan         nan         nan       nan       nan
       53        893       0   0.000  0.000      0       nan           nan         nan         nan       nan       nan
       53        894       0   0.000  0.000      0       nan           nan         nan         nan       nan       nan
       53        895       0   0.000  0.000      0       nan           nan         nan         nan       nan       nan
       53        896       0   0.000  0.000      0       nan           nan         nan         nan       nan       nan
       53        898       0   0.000  0.000      0       nan           nan         nan         nan       nan       nan
       53        899       0   0.000  0.000      0       nan           nan         nan         nan       nan       nan
       53        900       0   0.000  0.000      0       nan           nan         nan         nan       nan       nan
       53        901       0   0.000  0.000      0       nan           nan         nan         nan       nan       nan
       53        902       0   0.000  0.000      0       nan           nan         nan         nan       nan       nan
       53        903       0   0.000  0.000      0       nan           nan         nan         nan       nan       nan
       53        904       0   0.000  0.000      0       nan           nan         nan         nan       nan       nan
       53        905       0   0.000  0.000      0       nan           nan         nan         nan       nan       nan
       53        906       0   0.000  0.000      0       nan           nan         nan         nan       nan       nan
       53        907       0   0.000  0.000      0       nan           nan         nan         nan       nan       nan
       53        908       0   0.000  0.000      0       nan           nan         nan         nan       nan       nan
       53        909       0   0.000  0.000      0       nan           nan         nan         nan       nan       nan
       53        911       0   0.000  0.000      0       nan           nan         nan         nan       nan       nan
       53        912       0   0.000  0.000      0       nan           nan         nan         nan       nan       nan
       53        913       0   0.000  0.000      0       nan           nan         nan         nan       nan       nan
       53        914       0   0.000  0.000      0       nan           nan         nan         nan       nan       nan
       53        915       0   0.000  0.000      0       nan           nan         nan         nan       nan       nan
       53        916       0   0.000  0.000      0       nan           nan         nan         nan       nan       nan
       53        917       0   0.000  0.000      0       nan           nan         nan         nan       nan       nan
       53        918       0   0.000  0.000      0       nan           nan         nan         nan       nan       nan
       54        663       0   0.002  0.195   1712     1.000          78.7        90.3       169.0      22.6      22.6
       54        624       0   0.002  0.307   2768     1.682          77.3        92.4       169.7      22.6      38.1
       54        685       0   0.002  0.170   1532     1.000          88.1        90.2         2.1      22.6      22.6
       54        633       0   0.002  0.259   2836     1.682          89.4        91.2         0.7      22.6      38.1
       54        635       0   0.001  0.148   2512     1.091          90.0        90.0         0.0      22.6      24.7
       54        660       0   0.001  0.273   2520     3.364          59.4        90.6       150.0      22.6      76.1
       54        656       0   0.001  0.196   2328     2.378          70.0        90.0       160.0      22.6      53.8
       54        678       0   0.001  0.181   2140     2.594          60.0        90.0       150.0      22.6      58.7
       54        620       0   0.001  0.091   3104     1.189          87.4        90.0         2.6      22.6      26.9
       54        623       0   0.001  0.120   4228     1.834          75.4        91.8       167.2      22.6      41.5
       54        783       0   0.001  0.077    716     1.297          70.0        90.0        20.0      22.6      29.3
       54        622       0   0.001  0.320   5124     4.362          87.8        92.2         0.0      22.6      98.7
       54        901       0   0.001  0.081    656     1.091          88.9        91.1         0.0      22.6      20.7
       54        784       0   0.001  0.106    884     2.181          60.0        90.0        30.0      20.7      45.3
       54        631       0   0.001  0.157   5764     2.594          75.6        91.9        16.3      22.6      58.7
       54        707       0   0.001  0.162   1432     3.364          60.0        90.0        30.0      20.7      69.8
       54        703       0   0.001  0.087    868     1.297          84.0        90.0         6.0      22.6      29.3
       54        619       0   0.001  0.115   4308     2.181          78.3        91.7       170.0      22.6      49.4
       54        626       0   0.001  0.096   3384     2.181          68.4        91.0        22.6      22.6      49.4
       54        858       0   0.001  0.071    584     1.414          81.9        91.5         9.7      22.6      16.0
       54        856       0   0.001  0.047    380     1.091          70.0        90.0       160.0      20.7      22.6
       54        661       0   0.001  0.088    940     2.000          79.0        90.0        11.0      20.7      41.5
       54        772       0   0.001  0.066    536     2.378          50.0        90.0        40.0      22.6      53.8
       54        627       0   0.001  0.112   2332     2.594          80.0        90.0       170.0      22.6      58.7
       54        617       0   0.001  0.103   4444     2.181          88.5        91.8         0.3      22.6      49.4
       54        690       0   0.001  0.123   1124     3.364          70.2        90.2        20.0      22.6      76.1
       54        892       0   0.000  0.061    512     1.414          84.9        90.0         5.1      20.7      29.3
       54        637       0   0.000  0.092   1888     2.378          80.0        90.0       170.0      22.6      53.8
       54        698       0   0.000  0.047    548     1.189          81.4        90.0         8.6      20.7      24.7
       54        646       0   0.000  0.155   2632     4.757          70.0        90.0        20.0      22.6     107.6
       54        675       0   0.000  0.038    432     1.091          77.5        90.0        12.5      22.6      20.7
       54        705       0   0.000  0.035    424     1.000          80.0        90.0       170.0      22.6      22.6
       54        881       0   0.000  0.046    380     1.542          70.0        90.0        20.0      20.7      32.0
       54        762       0   0.000  0.010     88     2.181          10.0        90.0        80.0      22.6      49.4
       54        876       0   0.000  0.016    148     1.414          30.0        90.0       120.0      20.7      29.3
       54        674       0   0.000  0.091    880     3.084          90.0        90.0         0.0      22.6      69.8
       54        651       0   0.000  0.079   1536     3.084          81.5        91.1         9.6      22.6      69.8
       54        648       0   0.000  0.061   1096     2.181          90.0        90.0         0.0      20.7      45.3
       54        618       0   0.000  0.095   5368     4.000          77.3        92.1       169.4      22.6      90.5
       54        616       0   0.000  0.124   6368     4.757          88.3        91.7         0.0      22.6     107.6
       54        693       0   0.000  0.026    248     1.189          90.0        90.0         0.0      22.6      19.0
       54        681       0   0.000  0.021    200     1.297          70.0        90.0        20.0      22.6      29.3
       54        776       0   0.000  0.017    156     2.000          40.0        90.0        50.0      22.6      45.3
       54        823       0   0.000  0.018    156     1.834          70.0        90.0        20.0      22.6      41.5
       54        687       0   0.000  0.018    184     2.000          70.0        90.0       160.0      22.6      45.3
       54        708       0   0.000  0.026    244     2.594          80.0        90.0       170.0      22.6      58.7
       54        815       0   0.000  0.015    124     2.000          60.0        90.0       150.0      22.6      45.3
       54        630       0   0.000  0.019    608     2.181          80.0        90.0       170.0      20.7      45.3
       54        813       0   0.000  0.010     88     1.189          90.0        90.0         0.0      22.6      26.9
       54        644       0   0.000  0.013    312     1.834          80.0        90.0       170.0      20.7      38.1
       54        710       0   0.000  0.023    204     4.000          70.0        90.0        20.0      22.6      90.5
       54        640       0   0.000  0.015    348     2.828          90.0        90.0         0.0      22.6      64.0
       54        828       0   0.000  0.005     48     1.000          90.0        90.0         0.0      20.7      20.7
       54        751       0   0.000  0.003     32     1.297          50.0        90.0        40.0      22.6      29.3
       54        680       0   0.000  0.003     32     1.834          80.0        90.0       170.0      20.7      38.1
       54        672       0   0.000  0.001     16     1.091          70.0        90.0        20.0      22.6      24.7
       54        694       0   0.000  0.001     12     1.297          50.0        90.0        40.0      20.7      26.9
       54        621       0   0.000  0.000      0       nan           nan         nan         nan       nan       nan
       54        625       0   0.000  0.000      0       nan           nan         nan         nan       nan       nan
       54        628       0   0.000  0.000      0       nan           nan         nan         nan       nan       nan
       54        629       0   0.000  0.000      0       nan           nan         nan         nan       nan       nan
       54        632       0   0.000  0.000      0       nan           nan         nan         nan       nan       nan
       54        634       0   0.000  0.000      0       nan           nan         nan         nan       nan       nan
       54        636       0   0.000  0.000      0       nan           nan         nan         nan       nan       nan
       54        638       0   0.000  0.000      0       nan           nan         nan         nan       nan       nan
       54        639       0   0.000  0.000      0       nan           nan         nan         nan       nan       nan
       54        641       0   0.000  0.000      0       nan           nan         nan         nan       nan       nan
       54        642       0   0.000  0.000      0       nan           nan         nan         nan       nan       nan
       54        643       0   0.000  0.000      0       nan           nan         nan         nan       nan       nan
       54        645       0   0.000  0.000      0       nan           nan         nan         nan       nan       nan
       54        647       0   0.000  0.000      0       nan           nan         nan         nan       nan       nan
       54        649       0   0.000  0.000      0       nan           nan         nan         nan       nan       nan
       54        650       0   0.000  0.000      0       nan           nan         nan         nan       nan       nan
       54        652       0   0.000  0.000      0       nan           nan         nan         nan       nan       nan
       54        653       0   0.000  0.000      0       nan           nan         nan         nan       nan       nan
       54        654       0   0.000  0.000      0       nan           nan         nan         nan       nan       nan
       54        655       0   0.000  0.000      0       nan           nan         nan         nan       nan       nan
       54        657       0   0.000  0.000      0       nan           nan         nan         nan       nan       nan
       54        658       0   0.000  0.000      0       nan           nan         nan         nan       nan       nan
       54        659       0   0.000  0.000      0       nan           nan         nan         nan       nan       nan
       54        662       0   0.000  0.000      0       nan           nan         nan         nan       nan       nan
       54        664       0   0.000  0.000      0       nan           nan         nan         nan       nan       nan
       54        665       0   0.000  0.000      0       nan           nan         nan         nan       nan       nan
       54        666       0   0.000  0.000      0       nan           nan         nan         nan       nan       nan
       54        667       0   0.000  0.000      0       nan           nan         nan         nan       nan       nan
       54        668       0   0.000  0.000      0       nan           nan         nan         nan       nan       nan
       54        669       0   0.000  0.000      0       nan           nan         nan         nan       nan       nan
       54        670       0   0.000  0.000      0       nan           nan         nan         nan       nan       nan
       54        671       0   0.000  0.000      0       nan           nan         nan         nan       nan       nan
       54        673       0   0.000  0.000      0       nan           nan         nan         nan       nan       nan
       54        676       0   0.000  0.000      0       nan           nan         nan         nan       nan       nan
       54        677       0   0.000  0.000      0       nan           nan         nan         nan       nan       nan
       54        679       0   0.000  0.000      0       nan           nan         nan         nan       nan       nan
       54        682       0   0.000  0.000      0       nan           nan         nan         nan       nan       nan
       54        683       0   0.000  0.000      0       nan           nan         nan         nan       nan       nan
       54        684       0   0.000  0.000      0       nan           nan         nan         nan       nan       nan
       54        686       0   0.000  0.000      0       nan           nan         nan         nan       nan       nan
       54        688       0   0.000  0.000      0       nan           nan         nan         nan       nan       nan
       54        689       0   0.000  0.000      0       nan           nan         nan         nan       nan       nan
       54        691       0   0.000  0.000      0       nan           nan         nan         nan       nan       nan
       54        692       0   0.000  0.000      0       nan           nan         nan         nan       nan       nan
       54        695       0   0.000  0.000      0       nan           nan         nan         nan       nan       nan
       54        696       0   0.000  0.000      0       nan           nan         nan         nan       nan       nan
       54        697       0   0.000  0.000      0       nan           nan         nan         nan       nan       nan
       54        699       0   0.000  0.000      0       nan           nan         nan         nan       nan       nan
       54        700       0   0.000  0.000      0       nan           nan         nan         nan       nan       nan
       54        701       0   0.000  0.000      0       nan           nan         nan         nan       nan       nan
       54        702       0   0.000  0.000      0       nan           nan         nan         nan       nan       nan
       54        704       0   0.000  0.000      0       nan           nan         nan         nan       nan       nan
       54        706       0   0.000  0.000      0       nan           nan         nan         nan       nan       nan
       54        709       0   0.000  0.000      0       nan           nan         nan         nan       nan       nan
       54        711       0   0.000  0.000      0       nan           nan         nan         nan       nan       nan
       54        712       0   0.000  0.000      0       nan           nan         nan         nan       nan       nan
       54        713       0   0.000  0.000      0       nan           nan         nan         nan       nan       nan
       54        714       0   0.000  0.000      0       nan           nan         nan         nan       nan       nan
       54        715       0   0.000  0.000      0       nan           nan         nan         nan       nan       nan
       54        716       0   0.000  0.000      0       nan           nan         nan         nan       nan       nan
       54        717       0   0.000  0.000      0       nan           nan         nan         nan       nan       nan
       54        718       0   0.000  0.000      0       nan           nan         nan         nan       nan       nan
       54        719       0   0.000  0.000      0       nan           nan         nan         nan       nan       nan
       54        720       0   0.000  0.000      0       nan           nan         nan         nan       nan       nan
       54        721       0   0.000  0.000      0       nan           nan         nan         nan       nan       nan
       54        722       0   0.000  0.000      0       nan           nan         nan         nan       nan       nan
       54        723       0   0.000  0.000      0       nan           nan         nan         nan       nan       nan
       54        724       0   0.000  0.000      0       nan           nan         nan         nan       nan       nan
       54        725       0   0.000  0.000      0       nan           nan         nan         nan       nan       nan
       54        726       0   0.000  0.000      0       nan           nan         nan         nan       nan       nan
       54        727       0   0.000  0.000      0       nan           nan         nan         nan       nan       nan
       54        728       0   0.000  0.000      0       nan           nan         nan         nan       nan       nan
       54        729       0   0.000  0.000      0       nan           nan         nan         nan       nan       nan
       54        730       0   0.000  0.000      0       nan           nan         nan         nan       nan       nan
       54        731       0   0.000  0.000      0       nan           nan         nan         nan       nan       nan
       54        732       0   0.000  0.000      0       nan           nan         nan         nan       nan       nan
       54        733       0   0.000  0.000      0       nan           nan         nan         nan       nan       nan
       54        734       0   0.000  0.000      0       nan           nan         nan         nan       nan       nan
       54        735       0   0.000  0.000      0       nan           nan         nan         nan       nan       nan
       54        736       0   0.000  0.000      0       nan           nan         nan         nan       nan       nan
       54        737       0   0.000  0.000      0       nan           nan         nan         nan       nan       nan
       54        738       0   0.000  0.000      0       nan           nan         nan         nan       nan       nan
       54        739       0   0.000  0.000      0       nan           nan         nan         nan       nan       nan
       54        740       0   0.000  0.000      0       nan           nan         nan         nan       nan       nan
       54        741       0   0.000  0.000      0       nan           nan         nan         nan       nan       nan
       54        742       0   0.000  0.000      0       nan           nan         nan         nan       nan       nan
       54        743       0   0.000  0.000      0       nan           nan         nan         nan       nan       nan
       54        744       0   0.000  0.000      0       nan           nan         nan         nan       nan       nan
       54        745       0   0.000  0.000      0       nan           nan         nan         nan       nan       nan
       54        746       0   0.000  0.000      0       nan           nan         nan         nan       nan       nan
       54        747       0   0.000  0.000      0       nan           nan         nan         nan       nan       nan
       54        748       0   0.000  0.000      0       nan           nan         nan         nan       nan       nan
       54        749       0   0.000  0.000      0       nan           nan         nan         nan       nan       nan
       54        750       0   0.000  0.000      0       nan           nan         nan         nan       nan       nan
       54        752       0   0.000  0.000      0       nan           nan         nan         nan       nan       nan
       54        753       0   0.000  0.000      0       nan           nan         nan         nan       nan       nan
       54        754       0   0.000  0.000      0       nan           nan         nan         nan       nan       nan
       54        755       0   0.000  0.000      0       nan           nan         nan         nan       nan       nan
       54        756       0   0.000  0.000      0       nan           nan         nan         nan       nan       nan
       54        757       0   0.000  0.000      0       nan           nan         nan         nan       nan       nan
       54        758       0   0.000  0.000      0       nan           nan         nan         nan       nan       nan
       54        759       0   0.000  0.000      0       nan           nan         nan         nan       nan       nan
       54        760       0   0.000  0.000      0       nan           nan         nan         nan       nan       nan
       54        761       0   0.000  0.000      0       nan           nan         nan         nan       nan       nan
       54        763       0   0.000  0.000      0       nan           nan         nan         nan       nan       nan
       54        764       0   0.000  0.000      0       nan           nan         nan         nan       nan       nan
       54        765       0   0.000  0.000      0       nan           nan         nan         nan       nan       nan
       54        766       0   0.000  0.000      0       nan           nan         nan         nan       nan       nan
       54        767       0   0.000  0.000      0       nan           nan         nan         nan       nan       nan
       54        768       0   0.000  0.000      0       nan           nan         nan         nan       nan       nan
       54        769       0   0.000  0.000      0       nan           nan         nan         nan       nan       nan
       54        770       0   0.000  0.000      0       nan           nan         nan         nan       nan       nan
       54        771       0   0.000  0.000      0       nan           nan         nan         nan       nan       nan
       54        773       0   0.000  0.000      0       nan           nan         nan         nan       nan       nan
       54        774       0   0.000  0.000      0       nan           nan         nan         nan       nan       nan
       54        775       0   0.000  0.000      0       nan           nan         nan         nan       nan       nan
       54        777       0   0.000  0.000      0       nan           nan         nan         nan       nan       nan
       54        778       0   0.000  0.000      0       nan           nan         nan         nan       nan       nan
       54        779       0   0.000  0.000      0       nan           nan         nan         nan       nan       nan
       54        780       0   0.000  0.000      0       nan           nan         nan         nan       nan       nan
       54        781       0   0.000  0.000      0       nan           nan         nan         nan       nan       nan
       54        782       0   0.000  0.000      0       nan           nan         nan         nan       nan       nan
       54        785       0   0.000  0.000      0       nan           nan         nan         nan       nan       nan
       54        786       0   0.000  0.000      0       nan           nan         nan         nan       nan       nan
       54        787       0   0.000  0.000      0       nan           nan         nan         nan       nan       nan
       54        788       0   0.000  0.000      0       nan           nan         nan         nan       nan       nan
       54        789       0   0.000  0.000      0       nan           nan         nan         nan       nan       nan
       54        790       0   0.000  0.000      0       nan           nan         nan         nan       nan       nan
       54        791       0   0.000  0.000      0       nan           nan         nan         nan       nan       nan
       54        792       0   0.000  0.000      0       nan           nan         nan         nan       nan       nan
       54        793       0   0.000  0.000      0       nan           nan         nan         nan       nan       nan
       54        794       0   0.000  0.000      0       nan           nan         nan         nan       nan       nan
       54        795       0   0.000  0.000      0       nan           nan         nan         nan       nan       nan
       54        796       0   0.000  0.000      0       nan           nan         nan         nan       nan       nan
       54        797       0   0.000  0.000      0       nan           nan         nan         nan       nan       nan
       54        798       0   0.000  0.000      0       nan           nan         nan         nan       nan       nan
       54        799       0   0.000  0.000      0       nan           nan         nan         nan       nan       nan
       54        800       0   0.000  0.000      0       nan           nan         nan         nan       nan       nan
       54        801       0   0.000  0.000      0       nan           nan         nan         nan       nan       nan
       54        802       0   0.000  0.000      0       nan           nan         nan         nan       nan       nan
       54        803       0   0.000  0.000      0       nan           nan         nan         nan       nan       nan
       54        804       0   0.000  0.000      0       nan           nan         nan         nan       nan       nan
       54        805       0   0.000  0.000      0       nan           nan         nan         nan       nan       nan
       54        806       0   0.000  0.000      0       nan           nan         nan         nan       nan       nan
       54        807       0   0.000  0.000      0       nan           nan         nan         nan       nan       nan
       54        808       0   0.000  0.000      0       nan           nan         nan         nan       nan       nan
       54        809       0   0.000  0.000      0       nan           nan         nan         nan       nan       nan
       54        810       0   0.000  0.000      0       nan           nan         nan         nan       nan       nan
       54        811       0   0.000  0.000      0       nan           nan         nan         nan       nan       nan
       54        812       0   0.000  0.000      0       nan           nan         nan         nan       nan       nan
       54        814       0   0.000  0.000      0       nan           nan         nan         nan       nan       nan
       54        816       0   0.000  0.000      0       nan           nan         nan         nan       nan       nan
       54        817       0   0.000  0.000      0       nan           nan         nan         nan       nan       nan
       54        818       0   0.000  0.000      0       nan           nan         nan         nan       nan       nan
       54        819       0   0.000  0.000      0       nan           nan         nan         nan       nan       nan
       54        820       0   0.000  0.000      0       nan           nan         nan         nan       nan       nan
       54        821       0   0.000  0.000      0       nan           nan         nan         nan       nan       nan
       54        822       0   0.000  0.000      0       nan           nan         nan         nan       nan       nan
       54        824       0   0.000  0.000      0       nan           nan         nan         nan       nan       nan
       54        825       0   0.000  0.000      0       nan           nan         nan         nan       nan       nan
       54        826       0   0.000  0.000      0       nan           nan         nan         nan       nan       nan
       54        827       0   0.000  0.000      0       nan           nan         nan         nan       nan       nan
       54        829       0   0.000  0.000      0       nan           nan         nan         nan       nan       nan
       54        830       0   0.000  0.000      0       nan           nan         nan         nan       nan       nan
       54        831       0   0.000  0.000      0       nan           nan         nan         nan       nan       nan
       54        832       0   0.000  0.000      0       nan           nan         nan         nan       nan       nan
       54        833       0   0.000  0.000      0       nan           nan         nan         nan       nan       nan
       54        834       0   0.000  0.000      0       nan           nan         nan         nan       nan       nan
       54        835       0   0.000  0.000      0       nan           nan         nan         nan       nan       nan
       54        836       0   0.000  0.000      0       nan           nan         nan         nan       nan       nan
       54        837       0   0.000  0.000      0       nan           nan         nan         nan       nan       nan
       54        838       0   0.000  0.000      0       nan           nan         nan         nan       nan       nan
       54        839       0   0.000  0.000      0       nan           nan         nan         nan       nan       nan
       54        840       0   0.000  0.000      0       nan           nan         nan         nan       nan       nan
       54        841       0   0.000  0.000      0       nan           nan         nan         nan       nan       nan
       54        842       0   0.000  0.000      0       nan           nan         nan         nan       nan       nan
       54        843       0   0.000  0.000      0       nan           nan         nan         nan       nan       nan
       54        844       0   0.000  0.000      0       nan           nan         nan         nan       nan       nan
       54        845       0   0.000  0.000      0       nan           nan         nan         nan       nan       nan
       54        846       0   0.000  0.000      0       nan           nan         nan         nan       nan       nan
       54        847       0   0.000  0.000      0       nan           nan         nan         nan       nan       nan
       54        848       0   0.000  0.000      0       nan           nan         nan         nan       nan       nan
       54        849       0   0.000  0.000      0       nan           nan         nan         nan       nan       nan
       54        850       0   0.000  0.000      0       nan           nan         nan         nan       nan       nan
       54        851       0   0.000  0.000      0       nan           nan         nan         nan       nan       nan
       54        852       0   0.000  0.000      0       nan           nan         nan         nan       nan       nan
       54        853       0   0.000  0.000      0       nan           nan         nan         nan       nan       nan
       54        854       0   0.000  0.000      0       nan           nan         nan         nan       nan       nan
       54        855       0   0.000  0.000      0       nan           nan         nan         nan       nan       nan
       54        857       0   0.000  0.000      0       nan           nan         nan         nan       nan       nan
       54        859       0   0.000  0.000      0       nan           nan         nan         nan       nan       nan
       54        860       0   0.000  0.000      0       nan           nan         nan         nan       nan       nan
       54        861       0   0.000  0.000      0       nan           nan         nan         nan       nan       nan
       54        862       0   0.000  0.000      0       nan           nan         nan         nan       nan       nan
       54        863       0   0.000  0.000      0       nan           nan         nan         nan       nan       nan
       54        864       0   0.000  0.000      0       nan           nan         nan         nan       nan       nan
       54        865       0   0.000  0.000      0       nan           nan         nan         nan       nan       nan
       54        866       0   0.000  0.000      0       nan           nan         nan         nan       nan       nan
       54        867       0   0.000  0.000      0       nan           nan         nan         nan       nan       nan
       54        868       0   0.000  0.000      0       nan           nan         nan         nan       nan       nan
       54        869       0   0.000  0.000      0       nan           nan         nan         nan       nan       nan
       54        870       0   0.000  0.000      0       nan           nan         nan         nan       nan       nan
       54        871       0   0.000  0.000      0       nan           nan         nan         nan       nan       nan
       54        872       0   0.000  0.000      0       nan           nan         nan         nan       nan       nan
       54        873       0   0.000  0.000      0       nan           nan         nan         nan       nan       nan
       54        874       0   0.000  0.000      0       nan           nan         nan         nan       nan       nan
       54        875       0   0.000  0.000      0       nan           nan         nan         nan       nan       nan
       54        877       0   0.000  0.000      0       nan           nan         nan         nan       nan       nan
       54        878       0   0.000  0.000      0       nan           nan         nan         nan       nan       nan
       54        879       0   0.000  0.000      0       nan           nan         nan         nan       nan       nan
       54        880       0   0.000  0.000      0       nan           nan         nan         nan       nan       nan
       54        882       0   0.000  0.000      0       nan           nan         nan         nan       nan       nan
       54        883       0   0.000  0.000      0       nan           nan         nan         nan       nan       nan
       54        884       0   0.000  0.000      0       nan           nan         nan         nan       nan       nan
       54        885       0   0.000  0.000      0       nan           nan         nan         nan       nan       nan
       54        886       0   0.000  0.000      0       nan           nan         nan         nan       nan       nan
       54        887       0   0.000  0.000      0       nan           nan         nan         nan       nan       nan
       54        888       0   0.000  0.000      0       nan           nan         nan         nan       nan       nan
       54        889       0   0.000  0.000      0       nan           nan         nan         nan       nan       nan
       54        890       0   0.000  0.000      0       nan           nan         nan         nan       nan       nan
       54        891       0   0.000  0.000      0       nan           nan         nan         nan       nan       nan
       54        893       0   0.000  0.000      0       nan           nan         nan         nan       nan       nan
       54        894       0   0.000  0.000      0       nan           nan         nan         nan       nan       nan
       54        895       0   0.000  0.000      0       nan           nan         nan         nan       nan       nan
       54        896       0   0.000  0.000      0       nan           nan         nan         nan       nan       nan
       54        897       0   0.000  0.000      0       nan           nan         nan         nan       nan       nan
       54        898       0   0.000  0.000      0       nan           nan         nan         nan       nan       nan
       54        899       0   0.000  0.000      0       nan           nan         nan         nan       nan       nan
       54        900       0   0.000  0.000      0       nan           nan         nan         nan       nan       nan
       54        902       0   0.000  0.000      0       nan           nan         nan         nan       nan       nan
       54        903       0   0.000  0.000      0       nan           nan         nan         nan       nan       nan
       54        904       0   0.000  0.000      0       nan           nan         nan         nan       nan       nan
       54        905       0   0.000  0.000      0       nan           nan         nan         nan       nan       nan
       54        906       0   0.000  0.000      0       nan           nan         nan         nan       nan       nan
       54        907       0   0.000  0.000      0       nan           nan         nan         nan       nan       nan
       54        908       0   0.000  0.000      0       nan           nan         nan         nan       nan       nan
       54        909       0   0.000  0.000      0       nan           nan         nan         nan       nan       nan
       54        910       0   0.000  0.000      0       nan           nan         nan         nan       nan       nan
       54        911       0   0.000  0.000      0       nan           nan         nan         nan       nan       nan
       54        912       0   0.000  0.000      0       nan           nan         nan         nan       nan       nan
       54        913       0   0.000  0.000      0       nan           nan         nan         nan       nan       nan
       54        914       0   0.000  0.000      0       nan           nan         nan         nan       nan       nan
       54        915       0   0.000  0.000      0       nan           nan         nan         nan       nan       nan
       54        916       0   0.000  0.000      0       nan           nan         nan         nan       nan       nan
       54        917       0   0.000  0.000      0       nan           nan         nan         nan       nan       nan
       54        918       0   0.000  0.000      0       nan           nan         nan         nan       nan       nan
       55        666       0   0.103  0.388   4260     1.297           1.9       161.9       160.0      58.7      45.3
       55        656       0   0.084  0.109   1380     1.297           0.0       160.0       160.0      69.8      53.8
       55        767       0   0.039  0.060    512     1.542           0.0       160.0       160.0      58.7      38.1
       55        627       1   0.033  0.353   6004     1.000           9.7       160.3       170.0      58.7      58.7
       55        688       0   0.030  0.054    456     1.834           0.0       160.0       160.0      58.7     107.6
       55        687       0   0.028  0.043    416     1.542           0.0       160.0       160.0      69.8      45.3
       55        749       0   0.024  0.167   1324     1.682           3.1       163.1       160.0      58.7      34.9
       55        623       0   0.024  0.163   5508     1.414           3.8       160.0       156.2      64.0      45.3
       55        619       1   0.021  0.206   7072     1.091           7.9       161.1       169.0      58.7      53.8
       55        768       0   0.021  0.021    164     1.000           0.0       160.0       160.0      58.7      58.7
       55        684       0   0.013  0.240   2320     2.378           6.6       162.0       168.6      58.7      24.7
       55        651       0   0.013  0.298   4776     1.189          18.4       161.6         0.0      58.7      69.8
       55        640       0   0.012  0.322   5620     1.091          22.8       161.7         4.5      58.7      64.0
       55        679       0   0.012  0.237   2216     1.542          11.7       161.7       150.0      58.7      90.5
       55        641       0   0.012  0.167   3716     1.542           8.0       162.0       170.0      58.7      38.1
       55        696       0   0.012  0.267   2492     1.542          13.6       160.0       146.4      58.7      38.1
       55        618       0   0.011  0.148   7948     1.414           8.7       161.2       169.9      58.7      83.0
       55        665       0   0.008  0.140   2004     1.414          10.9       160.9       150.0      58.7      83.0
       55        678       1   0.008  0.107   1328     1.189          10.0       160.0       150.0      69.8      58.7
       55        631       0   0.007  0.193   6856     1.000          24.9       160.7         5.6      58.7      58.7
       55        617       0   0.006  0.175   7092     1.414          19.8       161.1         1.0      58.7      41.5
       55        660       1   0.006  0.070    752     1.091          10.0       160.0       150.0      69.8      76.1
       55        842       0   0.006  0.105    836     1.682          10.0       160.0       150.0      58.7      34.9
       55        705       0   0.005  0.181   1908     3.084           9.8       159.9       169.7      69.8      22.6
       55        616       0   0.004  0.160   7920     2.000          18.8       161.2         0.0      58.7     117.4
       55        652       0   0.004  0.137   1452     1.297          25.5       164.5        10.0      53.8      69.8
       55        639       1   0.004  0.050    688     1.189          10.0       160.0       170.0      58.7      69.8
       55        622       0   0.004  0.111   2096     1.414          20.0       160.0         0.0      69.8      98.7
       55        635       0   0.004  0.230   3600     2.828          21.4       160.0         1.4      69.8      24.7
       55        625       0   0.003  0.057   1132     1.834           9.9       160.1       170.0      58.7     107.6
       55        907       0   0.003  0.065    520     3.084           6.5       160.0       166.5      58.7      19.0
       55        620       0   0.003  0.142   4604     2.378          22.5       160.4         2.9      64.0      26.9
       55        674       0   0.002  0.052    508     1.000          20.0       160.0         0.0      69.8      69.8
       55        677       0   0.002  0.137   1088     3.084          17.8       163.6         1.4      53.8      17.4
       55        675       0   0.002  0.244   2284     3.364          30.2       159.9        10.1      69.8      20.7
       55        646       0   0.002  0.138   2360     1.542          40.0       160.0        20.0      69.8     107.6
       55        693       0   0.002  0.155   1280     3.668          20.0       160.0         0.0      69.8      19.0
       55        663       0   0.002  0.008     80     2.828           0.5       160.0       160.5      69.8      24.7
       55        655       0   0.002  0.151   1836     1.682          58.6       161.4        40.0      58.7      98.7
       55        837       0   0.001  0.078    620     1.414          39.7       160.3        20.0      58.7      41.5
       55        626       0   0.001  0.108   3744     2.000          44.1       160.4        24.5      69.8      34.9
       55        885       0   0.001  0.041    352     1.834          20.0       170.0        10.0      45.3      24.7
       55        740       0   0.001  0.070    728     1.091          60.2       159.8        40.0      58.7      53.8
       55        800       0   0.001  0.048    424     2.594          19.5       159.7       140.2      58.7      22.6
       55        733       0   0.001  0.106    896     2.828          42.5       159.9        22.3      64.0      22.6
       55        672       0   0.001  0.092   1144     2.594          43.3       159.9        23.2      64.0      24.7
       55        856       0   0.001  0.002     20     3.084           0.0       160.0       160.0      69.8      22.6
       55        896       0   0.001  0.043    340     2.594          20.7       160.0         0.7      58.7      22.6
       55        742       0   0.001  0.070    556     3.364          30.6       160.0        10.6      64.0      19.0
       55        772       0   0.001  0.051    416     1.297          60.0       160.0        40.0      69.8      53.8
       55        824       0   0.001  0.024    208     1.834          20.0       160.0         0.0      58.7      32.0
       55        874       0   0.001  0.020    168     1.682          20.0       160.0       140.0      58.7      34.9
       55        624       0   0.001  0.007     80     1.834           6.0       160.0       166.0      69.8      38.1
       55        694       0   0.001  0.067    928     2.378          51.4       159.9        31.3      64.0      26.9
       55        778       0   0.000  0.047    396     3.364          30.3       159.7        10.0      64.0      19.0
       55        633       0   0.000  0.019    256     1.834          25.0       160.0         5.0      69.8      38.1
       55        659       0   0.000  0.043    548     2.594          46.7       162.5        29.3      53.8      20.7
       55        783       0   0.000  0.026    252     2.378          40.0       160.0        20.0      69.8      29.3
       55        780       0   0.000  0.013    108     1.297          40.0       160.0       120.0      69.8      53.8
       55        889       0   0.000  0.036    292     2.828          60.0       160.0        40.0      69.8      24.7
       55        911       0   0.000  0.020    160     2.378          40.0       160.0        20.0      69.8      29.3
       55        707       0   0.000  0.010    100     1.000          50.0       160.0        30.0      69.8      69.8
       55        668       0   0.000  0.005     48     2.181          10.0       170.0         0.0      45.3      20.7
       55        681       0   0.000  0.017    160     2.378          40.0       160.0        20.0      69.8      29.3
       55        880       0   0.000  0.024    188     3.668          40.0       160.0        20.0      64.0      17.4
       55        784       0   0.000  0.013    116     1.682          50.0       160.0        30.0      69.8      41.5
       55        823       0   0.000  0.009     80     1.682          40.0       160.0        20.0      69.8      41.5
       55        751       0   0.000  0.015    156     2.000          60.0       160.0        40.0      58.7      29.3
       55        710       0   0.000  0.006     56     1.297          40.0       160.0        20.0      69.8      90.5
       55        756       0   0.000  0.003     28     2.828          30.0       160.0        10.0      69.8      24.7
       55        685       0   0.000  0.001     12     3.084          20.0       160.0         0.0      69.8      22.6
       55        645       0   0.000  0.001     12     1.834          40.0       160.0        20.0      69.8      38.1
       55        816       0   0.000  0.000      4     1.297          40.0       160.0       120.0      64.0      49.4
       55        621       0   0.000  0.000      0       nan           nan         nan         nan       nan       nan
       55        628       0   0.000  0.000      0       nan           nan         nan         nan       nan       nan
       55        629       0   0.000  0.000      0       nan           nan         nan         nan       nan       nan
       55        630       0   0.000  0.000      0       nan           nan         nan         nan       nan       nan
       55        632       0   0.000  0.000      0       nan           nan         nan         nan       nan       nan
       55        634       0   0.000  0.000      0       nan           nan         nan         nan       nan       nan
       55        636       0   0.000  0.000      0       nan           nan         nan         nan       nan       nan
       55        637       0   0.000  0.000      0       nan           nan         nan         nan       nan       nan
       55        638       0   0.000  0.000      0       nan           nan         nan         nan       nan       nan
       55        642       0   0.000  0.000      0       nan           nan         nan         nan       nan       nan
       55        643       0   0.000  0.000      0       nan           nan         nan         nan       nan       nan
       55        644       0   0.000  0.000      0       nan           nan         nan         nan       nan       nan
       55        647       0   0.000  0.000      0       nan           nan         nan         nan       nan       nan
       55        648       0   0.000  0.000      0       nan           nan         nan         nan       nan       nan
       55        649       0   0.000  0.000      0       nan           nan         nan         nan       nan       nan
       55        650       0   0.000  0.000      0       nan           nan         nan         nan       nan       nan
       55        653       0   0.000  0.000      0       nan           nan         nan         nan       nan       nan
       55        654       0   0.000  0.000      0       nan           nan         nan         nan       nan       nan
       55        657       0   0.000  0.000      0       nan           nan         nan         nan       nan       nan
       55        658       0   0.000  0.000      0       nan           nan         nan         nan       nan       nan
       55        661       0   0.000  0.000      0       nan           nan         nan         nan       nan       nan
       55        662       0   0.000  0.000      0       nan           nan         nan         nan       nan       nan
       55        664       0   0.000  0.000      0       nan           nan         nan         nan       nan       nan
       55        667       0   0.000  0.000      0       nan           nan         nan         nan       nan       nan
       55        669       0   0.000  0.000      0       nan           nan         nan         nan       nan       nan
       55        670       0   0.000  0.000      0       nan           nan         nan         nan       nan       nan
       55        671       0   0.000  0.000      0       nan           nan         nan         nan       nan       nan
       55        673       0   0.000  0.000      0       nan           nan         nan         nan       nan       nan
       55        676       0   0.000  0.000      0       nan           nan         nan         nan       nan       nan
       55        680       0   0.000  0.000      0       nan           nan         nan         nan       nan       nan
       55        682       0   0.000  0.000      0       nan           nan         nan         nan       nan       nan
       55        683       0   0.000  0.000      0       nan           nan         nan         nan       nan       nan
       55        686       0   0.000  0.000      0       nan           nan         nan         nan       nan       nan
       55        689       0   0.000  0.000      0       nan           nan         nan         nan       nan       nan
       55        690       0   0.000  0.000      0       nan           nan         nan         nan       nan       nan
       55        691       0   0.000  0.000      0       nan           nan         nan         nan       nan       nan
       55        692       0   0.000  0.000      0       nan           nan         nan         nan       nan       nan
       55        695       0   0.000  0.000      0       nan           nan         nan         nan       nan       nan
       55        697       0   0.000  0.000      0       nan           nan         nan         nan       nan       nan
       55        698       0   0.000  0.000      0       nan           nan         nan         nan       nan       nan
       55        699       0   0.000  0.000      0       nan           nan         nan         nan       nan       nan
       55        700       0   0.000  0.000      0       nan           nan         nan         nan       nan       nan
       55        701       0   0.000  0.000      0       nan           nan         nan         nan       nan       nan
       55        702       0   0.000  0.000      0       nan           nan         nan         nan       nan       nan
       55        703       0   0.000  0.000      0       nan           nan         nan         nan       nan       nan
       55        704       0   0.000  0.000      0       nan           nan         nan         nan       nan       nan
       55        706       0   0.000  0.000      0       nan           nan         nan         nan       nan       nan
       55        708       0   0.000  0.000      0       nan           nan         nan         nan       nan       nan
       55        709       0   0.000  0.000      0       nan           nan         nan         nan       nan       nan
       55        711       0   0.000  0.000      0       nan           nan         nan         nan       nan       nan
       55        712       0   0.000  0.000      0       nan           nan         nan         nan       nan       nan
       55        713       0   0.000  0.000      0       nan           nan         nan         nan       nan       nan
       55        714       0   0.000  0.000      0       nan           nan         nan         nan       nan       nan
       55        715       0   0.000  0.000      0       nan           nan         nan         nan       nan       nan
       55        716       0   0.000  0.000      0       nan           nan         nan         nan       nan       nan
       55        717       0   0.000  0.000      0       nan           nan         nan         nan       nan       nan
       55        718       0   0.000  0.000      0       nan           nan         nan         nan       nan       nan
       55        719       0   0.000  0.000      0       nan           nan         nan         nan       nan       nan
       55        720       0   0.000  0.000      0       nan           nan         nan         nan       nan       nan
       55        721       0   0.000  0.000      0       nan           nan         nan         nan       nan       nan
       55        722       0   0.000  0.000      0       nan           nan         nan         nan       nan       nan
       55        723       0   0.000  0.000      0       nan           nan         nan         nan       nan       nan
       55        724       0   0.000  0.000      0       nan           nan         nan         nan       nan       nan
       55        725       0   0.000  0.000      0       nan           nan         nan         nan       nan       nan
       55        726       0   0.000  0.000      0       nan           nan         nan         nan       nan       nan
       55        727       0   0.000  0.000      0       nan           nan         nan         nan       nan       nan
       55        728       0   0.000  0.000      0       nan           nan         nan         nan       nan       nan
       55        729       0   0.000  0.000      0       nan           nan         nan         nan       nan       nan
       55        730       0   0.000  0.000      0       nan           nan         nan         nan       nan       nan
       55        731       0   0.000  0.000      0       nan           nan         nan         nan       nan       nan
       55        732       0   0.000  0.000      0       nan           nan         nan         nan       nan       nan
       55        734       0   0.000  0.000      0       nan           nan         nan         nan       nan       nan
       55        735       0   0.000  0.000      0       nan           nan         nan         nan       nan       nan
       55        736       0   0.000  0.000      0       nan           nan         nan         nan       nan       nan
       55        737       0   0.000  0.000      0       nan           nan         nan         nan       nan       nan
       55        738       0   0.000  0.000      0       nan           nan         nan         nan       nan       nan
       55        739       0   0.000  0.000      0       nan           nan         nan         nan       nan       nan
       55        741       0   0.000  0.000      0       nan           nan         nan         nan       nan       nan
       55        743       0   0.000  0.000      0       nan           nan         nan         nan       nan       nan
       55        744       0   0.000  0.000      0       nan           nan         nan         nan       nan       nan
       55        745       0   0.000  0.000      0       nan           nan         nan         nan       nan       nan
       55        746       0   0.000  0.000      0       nan           nan         nan         nan       nan       nan
       55        747       0   0.000  0.000      0       nan           nan         nan         nan       nan       nan
       55        748       0   0.000  0.000      0       nan           nan         nan         nan       nan       nan
       55        750       0   0.000  0.000      0       nan           nan         nan         nan       nan       nan
       55        752       0   0.000  0.000      0       nan           nan         nan         nan       nan       nan
       55        753       0   0.000  0.000      0       nan           nan         nan         nan       nan       nan
       55        754       0   0.000  0.000      0       nan           nan         nan         nan       nan       nan
       55        755       0   0.000  0.000      0       nan           nan         nan         nan       nan       nan
       55        757       0   0.000  0.000      0       nan           nan         nan         nan       nan       nan
       55        758       0   0.000  0.000      0       nan           nan         nan         nan       nan       nan
       55        759       0   0.000  0.000      0       nan           nan         nan         nan       nan       nan
       55        760       0   0.000  0.000      0       nan           nan         nan         nan       nan       nan
       55        761       0   0.000  0.000      0       nan           nan         nan         nan       nan       nan
       55        762       0   0.000  0.000      0       nan           nan         nan         nan       nan       nan
       55        763       0   0.000  0.000      0       nan           nan         nan         nan       nan       nan
       55        764       0   0.000  0.000      0       nan           nan         nan         nan       nan       nan
       55        765       0   0.000  0.000      0       nan           nan         nan         nan       nan       nan
       55        766       0   0.000  0.000      0       nan           nan         nan         nan       nan       nan
       55        769       0   0.000  0.000      0       nan           nan         nan         nan       nan       nan
       55        770       0   0.000  0.000      0       nan           nan         nan         nan       nan       nan
       55        771       0   0.000  0.000      0       nan           nan         nan         nan       nan       nan
       55        773       0   0.000  0.000      0       nan           nan         nan         nan       nan       nan
       55        774       0   0.000  0.000      0       nan           nan         nan         nan       nan       nan
       55        775       0   0.000  0.000      0       nan           nan         nan         nan       nan       nan
       55        776       0   0.000  0.000      0       nan           nan         nan         nan       nan       nan
       55        777       0   0.000  0.000      0       nan           nan         nan         nan       nan       nan
       55        779       0   0.000  0.000      0       nan           nan         nan         nan       nan       nan
       55        781       0   0.000  0.000      0       nan           nan         nan         nan       nan       nan
       55        782       0   0.000  0.000      0       nan           nan         nan         nan       nan       nan
       55        785       0   0.000  0.000      0       nan           nan         nan         nan       nan       nan
       55        786       0   0.000  0.000      0       nan           nan         nan         nan       nan       nan
       55        787       0   0.000  0.000      0       nan           nan         nan         nan       nan       nan
       55        788       0   0.000  0.000      0       nan           nan         nan         nan       nan       nan
       55        789       0   0.000  0.000      0       nan           nan         nan         nan       nan       nan
       55        790       0   0.000  0.000      0       nan           nan         nan         nan       nan       nan
       55        791       0   0.000  0.000      0       nan           nan         nan         nan       nan       nan
       55        792       0   0.000  0.000      0       nan           nan         nan         nan       nan       nan
       55        793       0   0.000  0.000      0       nan           nan         nan         nan       nan       nan
       55        794       0   0.000  0.000      0       nan           nan         nan         nan       nan       nan
       55        795       0   0.000  0.000      0       nan           nan         nan         nan       nan       nan
       55        796       0   0.000  0.000      0       nan           nan         nan         nan       nan       nan
       55        797       0   0.000  0.000      0       nan           nan         nan         nan       nan       nan
       55        798       0   0.000  0.000      0       nan           nan         nan         nan       nan       nan
       55        799       0   0.000  0.000      0       nan           nan         nan         nan       nan       nan
       55        801       0   0.000  0.000      0       nan           nan         nan         nan       nan       nan
       55        802       0   0.000  0.000      0       nan           nan         nan         nan       nan       nan
       55        803       0   0.000  0.000      0       nan           nan         nan         nan       nan       nan
       55        804       0   0.000  0.000      0       nan           nan         nan         nan       nan       nan
       55        805       0   0.000  0.000      0       nan           nan         nan         nan       nan       nan
       55        806       0   0.000  0.000      0       nan           nan         nan         nan       nan       nan
       55        807       0   0.000  0.000      0       nan           nan         nan         nan       nan       nan
       55        808       0   0.000  0.000      0       nan           nan         nan         nan       nan       nan
       55        809       0   0.000  0.000      0       nan           nan         nan         nan       nan       nan
       55        810       0   0.000  0.000      0       nan           nan         nan         nan       nan       nan
       55        811       0   0.000  0.000      0       nan           nan         nan         nan       nan       nan
       55        812       0   0.000  0.000      0       nan           nan         nan         nan       nan       nan
       55        813       0   0.000  0.000      0       nan           nan         nan         nan       nan       nan
       55        814       0   0.000  0.000      0       nan           nan         nan         nan       nan       nan
       55        815       0   0.000  0.000      0       nan           nan         nan         nan       nan       nan
       55        817       0   0.000  0.000      0       nan           nan         nan         nan       nan       nan
       55        818       0   0.000  0.000      0       nan           nan         nan         nan       nan       nan
       55        819       0   0.000  0.000      0       nan           nan         nan         nan       nan       nan
       55        820       0   0.000  0.000      0       nan           nan         nan         nan       nan       nan
       55        821       0   0.000  0.000      0       nan           nan         nan         nan       nan       nan
       55        822       0   0.000  0.000      0       nan           nan         nan         nan       nan       nan
       55        825       0   0.000  0.000      0       nan           nan         nan         nan       nan       nan
       55        826       0   0.000  0.000      0       nan           nan         nan         nan       nan       nan
       55        827       0   0.000  0.000      0       nan           nan         nan         nan       nan       nan
       55        828       0   0.000  0.000      0       nan           nan         nan         nan       nan       nan
       55        829       0   0.000  0.000      0       nan           nan         nan         nan       nan       nan
       55        830       0   0.000  0.000      0       nan           nan         nan         nan       nan       nan
       55        831       0   0.000  0.000      0       nan           nan         nan         nan       nan       nan
       55        832       0   0.000  0.000      0       nan           nan         nan         nan       nan       nan
       55        833       0   0.000  0.000      0       nan           nan         nan         nan       nan       nan
       55        834       0   0.000  0.000      0       nan           nan         nan         nan       nan       nan
       55        835       0   0.000  0.000      0       nan           nan         nan         nan       nan       nan
       55        836       0   0.000  0.000      0       nan           nan         nan         nan       nan       nan
       55        838       0   0.000  0.000      0       nan           nan         nan         nan       nan       nan
       55        839       0   0.000  0.000      0       nan           nan         nan         nan       nan       nan
       55        840       0   0.000  0.000      0       nan           nan         nan         nan       nan       nan
       55        841       0   0.000  0.000      0       nan           nan         nan         nan       nan       nan
       55        843       0   0.000  0.000      0       nan           nan         nan         nan       nan       nan
       55        844       0   0.000  0.000      0       nan           nan         nan         nan       nan       nan
       55        845       0   0.000  0.000      0       nan           nan         nan         nan       nan       nan
       55        846       0   0.000  0.000      0       nan           nan         nan         nan       nan       nan
       55        847       0   0.000  0.000      0       nan           nan         nan         nan       nan       nan
       55        848       0   0.000  0.000      0       nan           nan         nan         nan       nan       nan
       55        849       0   0.000  0.000      0       nan           nan         nan         nan       nan       nan
       55        850       0   0.000  0.000      0       nan           nan         nan         nan       nan       nan
       55        851       0   0.000  0.000      0       nan           nan         nan         nan       nan       nan
       55        852       0   0.000  0.000      0       nan           nan         nan         nan       nan       nan
       55        853       0   0.000  0.000      0       nan           nan         nan         nan       nan       nan
       55        854       0   0.000  0.000      0       nan           nan         nan         nan       nan       nan
       55        855       0   0.000  0.000      0       nan           nan         nan         nan       nan       nan
       55        857       0   0.000  0.000      0       nan           nan         nan         nan       nan       nan
       55        858       0   0.000  0.000      0       nan           nan         nan         nan       nan       nan
       55        859       0   0.000  0.000      0       nan           nan         nan         nan       nan       nan
       55        860       0   0.000  0.000      0       nan           nan         nan         nan       nan       nan
       55        861       0   0.000  0.000      0       nan           nan         nan         nan       nan       nan
       55        862       0   0.000  0.000      0       nan           nan         nan         nan       nan       nan
       55        863       0   0.000  0.000      0       nan           nan         nan         nan       nan       nan
       55        864       0   0.000  0.000      0       nan           nan         nan         nan       nan       nan
       55        865       0   0.000  0.000      0       nan           nan         nan         nan       nan       nan
       55        866       0   0.000  0.000      0       nan           nan         nan         nan       nan       nan
       55        867       0   0.000  0.000      0       nan           nan         nan         nan       nan       nan
       55        868       0   0.000  0.000      0       nan           nan         nan         nan       nan       nan
       55        869       0   0.000  0.000      0       nan           nan         nan         nan       nan       nan
       55        870       0   0.000  0.000      0       nan           nan         nan         nan       nan       nan
       55        871       0   0.000  0.000      0       nan           nan         nan         nan       nan       nan
       55        872       0   0.000  0.000      0       nan           nan         nan         nan       nan       nan
       55        873       0   0.000  0.000      0       nan           nan         nan         nan       nan       nan
       55        875       0   0.000  0.000      0       nan           nan         nan         nan       nan       nan
       55        876       0   0.000  0.000      0       nan           nan         nan         nan       nan       nan
       55        877       0   0.000  0.000      0       nan           nan         nan         nan       nan       nan
       55        878       0   0.000  0.000      0       nan           nan         nan         nan       nan       nan
       55        879       0   0.000  0.000      0       nan           nan         nan         nan       nan       nan
       55        881       0   0.000  0.000      0       nan           nan         nan         nan       nan       nan
       55        882       0   0.000  0.000      0       nan           nan         nan         nan       nan       nan
       55        883       0   0.000  0.000      0       nan           nan         nan         nan       nan       nan
       55        884       0   0.000  0.000      0       nan           nan         nan         nan       nan       nan
       55        886       0   0.000  0.000      0       nan           nan         nan         nan       nan       nan
       55        887       0   0.000  0.000      0       nan           nan         nan         nan       nan       nan
       55        888       0   0.000  0.000      0       nan           nan         nan         nan       nan       nan
       55        890       0   0.000  0.000      0       nan           nan         nan         nan       nan       nan
       55        891       0   0.000  0.000      0       nan           nan         nan         nan       nan       nan
       55        892       0   0.000  0.000      0       nan           nan         nan         nan       nan       nan
       55        893       0   0.000  0.000      0       nan           nan         nan         nan       nan       nan
       55        894       0   0.000  0.000      0       nan           nan         nan         nan       nan       nan
       55        895       0   0.000  0.000      0       nan           nan         nan         nan       nan       nan
       55        897       0   0.000  0.000      0       nan           nan         nan         nan       nan       nan
       55        898       0   0.000  0.000      0       nan           nan         nan         nan       nan       nan
       55        899       0   0.000  0.000      0       nan           nan         nan         nan       nan       nan
       55        900       0   0.000  0.000      0       nan           nan         nan         nan       nan       nan
       55        901       0   0.000  0.000      0       nan           nan         nan         nan       nan       nan
       55        902       0   0.000  0.000      0       nan           nan         nan         nan       nan       nan
       55        903       0   0.000  0.000      0       nan           nan         nan         nan       nan       nan
       55        904       0   0.000  0.000      0       nan           nan         nan         nan       nan       nan
       55        905       0   0.000  0.000      0       nan           nan         nan         nan       nan       nan
       55        906       0   0.000  0.000      0       nan           nan         nan         nan       nan       nan
       55        908       0   0.000  0.000      0       nan           nan         nan         nan       nan       nan
       55        909       0   0.000  0.000      0       nan           nan         nan         nan       nan       nan
       55        910       0   0.000  0.000      0       nan           nan         nan         nan       nan       nan
       55        912       0   0.000  0.000      0       nan           nan         nan         nan       nan       nan
       55        913       0   0.000  0.000      0       nan           nan         nan         nan       nan       nan
       55        914       0   0.000  0.000      0       nan           nan         nan         nan       nan       nan
       55        915       0   0.000  0.000      0       nan           nan         nan         nan       nan       nan
       55        916       0   0.000  0.000      0       nan           nan         nan         nan       nan       nan
       55        917       0   0.000  0.000      0       nan           nan         nan         nan       nan       nan
       55        918       0   0.000  0.000      0       nan           nan         nan         nan       nan       nan
       56        677       1   0.309  0.614    776     1.091           0.8         1.1         1.9      16.0      17.4
       56        749       0   0.014  0.654    900     2.181          21.2         1.2       160.0      16.0      34.9
       56        684       0   0.012  0.214    880     1.414          11.8         1.1       169.3      16.0      22.6
       56        651       0   0.007  0.074    952     4.362           1.3         1.3         0.0      16.0      69.8
       56        885       0   0.007  0.036     68     1.542           2.3         7.7        10.0      16.0      24.7
       56        640       0   0.006  0.063    952     4.000           1.4         1.3         2.7      16.0      64.0
       56        617       0   0.006  0.024    952     2.378           0.7         1.3         2.0      16.0      38.1
       56        837       0   0.004  0.236    300     2.594          20.0         0.0        20.0      16.0      41.5
       56        631       0   0.003  0.026    904     3.668           1.1         1.1         0.0      16.0      58.7
       56        652       0   0.002  0.094    432     4.362           7.8         2.2        10.0      16.0      69.8
       56        768       0   0.002  0.172    164     3.668          20.0         0.0       160.0      16.0      58.7
       56        666       0   0.002  0.131    952     2.828          21.3         1.3       160.0      16.0      45.3
       56        641       0   0.002  0.047    844     2.378          11.5         1.5       170.0      16.0      38.1
       56        842       0   0.001  0.093    152     2.181          30.0         0.0       150.0      16.0      34.9
       56        616       0   0.001  0.019    952     7.336           1.3         1.3         0.0      16.0     117.4
       56        627       0   0.001  0.046    708     3.668          10.4         0.4       170.0      16.0      58.7
       56        696       0   0.001  0.054    248     2.378          30.0         0.0       150.0      16.0      38.1
       56        679       0   0.001  0.127    516     5.657          31.1         1.1       150.0      16.0      90.5
       56        619       0   0.001  0.028    952     3.084          15.4         1.3       165.9      16.0      49.4
       56        618       0   0.000  0.018    952     5.187          11.3         1.3       170.0      16.0      83.0
       56        659       0   0.000  0.008     48     1.356          29.2         0.8        30.0      16.0      21.7
       56        665       0   0.000  0.028    252     5.187          30.5         0.5       150.0      16.0      83.0
       56        623       0   0.000  0.013    420     2.828          30.0         0.0       150.0      16.0      45.3
       56        620       0   0.000  0.000      4     1.682           0.0         0.0         0.0      16.0      26.9
       56        655       0   0.000  0.017    120     6.169          38.4         1.6        40.0      16.0      98.7
       56        621       0   0.000  0.000      0       nan           nan         nan         nan       nan       nan
       56        622       0   0.000  0.000      0       nan           nan         nan         nan       nan       nan
       56        624       0   0.000  0.000      0       nan           nan         nan         nan       nan       nan
       56        625       0   0.000  0.000      0       nan           nan         nan         nan       nan       nan
       56        626       0   0.000  0.000      0       nan           nan         nan         nan       nan       nan
       56        628       0   0.000  0.000      0       nan           nan         nan         nan       nan       nan
       56        629       0   0.000  0.000      0       nan           nan         nan         nan       nan       nan
       56        630       0   0.000  0.000      0       nan           nan         nan         nan       nan       nan
       56        632       0   0.000  0.000      0       nan           nan         nan         nan       nan       nan
       56        633       0   0.000  0.000      0       nan           nan         nan         nan       nan       nan
       56        634       0   0.000  0.000      0       nan           nan         nan         nan       nan       nan
       56        635       0   0.000  0.000      0       nan           nan         nan         nan       nan       nan
       56        636       0   0.000  0.000      0       nan           nan         nan         nan       nan       nan
       56        637       0   0.000  0.000      0       nan           nan         nan         nan       nan       nan
       56        638       0   0.000  0.000      0       nan           nan         nan         nan       nan       nan
       56        639       0   0.000  0.000      0       nan           nan         nan         nan       nan       nan
       56        642       0   0.000  0.000      0       nan           nan         nan         nan       nan       nan
       56        643       0   0.000  0.000      0       nan           nan         nan         nan       nan       nan
       56        644       0   0.000  0.000      0       nan           nan         nan         nan       nan       nan
       56        645       0   0.000  0.000      0       nan           nan         nan         nan       nan       nan
       56        646       0   0.000  0.000      0       nan           nan         nan         nan       nan       nan
       56        647       0   0.000  0.000      0       nan           nan         nan         nan       nan       nan
       56        648       0   0.000  0.000      0       nan           nan         nan         nan       nan       nan
       56        649       0   0.000  0.000      0       nan           nan         nan         nan       nan       nan
       56        650       0   0.000  0.000      0       nan           nan         nan         nan       nan       nan
       56        653       0   0.000  0.000      0       nan           nan         nan         nan       nan       nan
       56        654       0   0.000  0.000      0       nan           nan         nan         nan       nan       nan
       56        656       0   0.000  0.000      0       nan           nan         nan         nan       nan       nan
       56        657       0   0.000  0.000      0       nan           nan         nan         nan       nan       nan
       56        658       0   0.000  0.000      0       nan           nan         nan         nan       nan       nan
       56        660       0   0.000  0.000      0       nan           nan         nan         nan       nan       nan
       56        661       0   0.000  0.000      0       nan           nan         nan         nan       nan       nan
       56        662       0   0.000  0.000      0       nan           nan         nan         nan       nan       nan
       56        663       0   0.000  0.000      0       nan           nan         nan         nan       nan       nan
       56        664       0   0.000  0.000      0       nan           nan         nan         nan       nan       nan
       56        667       0   0.000  0.000      0       nan           nan         nan         nan       nan       nan
       56        668       0   0.000  0.000      0       nan           nan         nan         nan       nan       nan
       56        669       0   0.000  0.000      0       nan           nan         nan         nan       nan       nan
       56        670       0   0.000  0.000      0       nan           nan         nan         nan       nan       nan
       56        671       0   0.000  0.000      0       nan           nan         nan         nan       nan       nan
       56        672       0   0.000  0.000      0       nan           nan         nan         nan       nan       nan
       56        673       0   0.000  0.000      0       nan           nan         nan         nan       nan       nan
       56        674       0   0.000  0.000      0       nan           nan         nan         nan       nan       nan
       56        675       0   0.000  0.000      0       nan           nan         nan         nan       nan       nan
       56        676       0   0.000  0.000      0       nan           nan         nan         nan       nan       nan
       56        678       0   0.000  0.000      0       nan           nan         nan         nan       nan       nan
       56        680       0   0.000  0.000      0       nan           nan         nan         nan       nan       nan
       56        681       0   0.000  0.000      0       nan           nan         nan         nan       nan       nan
       56        682       0   0.000  0.000      0       nan           nan         nan         nan       nan       nan
       56        683       0   0.000  0.000      0       nan           nan         nan         nan       nan       nan
       56        685       0   0.000  0.000      0       nan           nan         nan         nan       nan       nan
       56        686       0   0.000  0.000      0       nan           nan         nan         nan       nan       nan
       56        687       0   0.000  0.000      0       nan           nan         nan         nan       nan       nan
       56        688       0   0.000  0.000      0       nan           nan         nan         nan       nan       nan
       56        689       0   0.000  0.000      0       nan           nan         nan         nan       nan       nan
       56        690       0   0.000  0.000      0       nan           nan         nan         nan       nan       nan
       56        691       0   0.000  0.000      0       nan           nan         nan         nan       nan       nan
       56        692       0   0.000  0.000      0       nan           nan         nan         nan       nan       nan
       56        693       0   0.000  0.000      0       nan           nan         nan         nan       nan       nan
       56        694       0   0.000  0.000      0       nan           nan         nan         nan       nan       nan
       56        695       0   0.000  0.000      0       nan           nan         nan         nan       nan       nan
       56        697       0   0.000  0.000      0       nan           nan         nan         nan       nan       nan
       56        698       0   0.000  0.000      0       nan           nan         nan         nan       nan       nan
       56        699       0   0.000  0.000      0       nan           nan         nan         nan       nan       nan
       56        700       0   0.000  0.000      0       nan           nan         nan         nan       nan       nan
       56        701       0   0.000  0.000      0       nan           nan         nan         nan       nan       nan
       56        702       0   0.000  0.000      0       nan           nan         nan         nan       nan       nan
       56        703       0   0.000  0.000      0       nan           nan         nan         nan       nan       nan
       56        704       0   0.000  0.000      0       nan           nan         nan         nan       nan       nan
       56        705       0   0.000  0.000      0       nan           nan         nan         nan       nan       nan
       56        706       0   0.000  0.000      0       nan           nan         nan         nan       nan       nan
       56        707       0   0.000  0.000      0       nan           nan         nan         nan       nan       nan
       56        708       0   0.000  0.000      0       nan           nan         nan         nan       nan       nan
       56        709       0   0.000  0.000      0       nan           nan         nan         nan       nan       nan
       56        710       0   0.000  0.000      0       nan           nan         nan         nan       nan       nan
       56        711       0   0.000  0.000      0       nan           nan         nan         nan       nan       nan
       56        712       0   0.000  0.000      0       nan           nan         nan         nan       nan       nan
       56        713       0   0.000  0.000      0       nan           nan         nan         nan       nan       nan
       56        714       0   0.000  0.000      0       nan           nan         nan         nan       nan       nan
       56        715       0   0.000  0.000      0       nan           nan         nan         nan       nan       nan
       56        716       0   0.000  0.000      0       nan           nan         nan         nan       nan       nan
       56        717       0   0.000  0.000      0       nan           nan         nan         nan       nan       nan
       56        718       0   0.000  0.000      0       nan           nan         nan         nan       nan       nan
       56        719       0   0.000  0.000      0       nan           nan         nan         nan       nan       nan
       56        720       0   0.000  0.000      0       nan           nan         nan         nan       nan       nan
       56        721       0   0.000  0.000      0       nan           nan         nan         nan       nan       nan
       56        722       0   0.000  0.000      0       nan           nan         nan         nan       nan       nan
       56        723       0   0.000  0.000      0       nan           nan         nan         nan       nan       nan
       56        724       0   0.000  0.000      0       nan           nan         nan         nan       nan       nan
       56        725       0   0.000  0.000      0       nan           nan         nan         nan       nan       nan
       56        726       0   0.000  0.000      0       nan           nan         nan         nan       nan       nan
       56        727       0   0.000  0.000      0       nan           nan         nan         nan       nan       nan
       56        728       0   0.000  0.000      0       nan           nan         nan         nan       nan       nan
       56        729       0   0.000  0.000      0       nan           nan         nan         nan       nan       nan
       56        730       0   0.000  0.000      0       nan           nan         nan         nan       nan       nan
       56        731       0   0.000  0.000      0       nan           nan         nan         nan       nan       nan
       56        732       0   0.000  0.000      0       nan           nan         nan         nan       nan       nan
       56        733       0   0.000  0.000      0       nan           nan         nan         nan       nan       nan
       56        734       0   0.000  0.000      0       nan           nan         nan         nan       nan       nan
       56        735       0   0.000  0.000      0       nan           nan         nan         nan       nan       nan
       56        736       0   0.000  0.000      0       nan           nan         nan         nan       nan       nan
       56        737       0   0.000  0.000      0       nan           nan         nan         nan       nan       nan
       56        738       0   0.000  0.000      0       nan           nan         nan         nan       nan       nan
       56        739       0   0.000  0.000      0       nan           nan         nan         nan       nan       nan
       56        740       0   0.000  0.000      0       nan           nan         nan         nan       nan       nan
       56        741       0   0.000  0.000      0       nan           nan         nan         nan       nan       nan
       56        742       0   0.000  0.000      0       nan           nan         nan         nan       nan       nan
       56        743       0   0.000  0.000      0       nan           nan         nan         nan       nan       nan
       56        744       0   0.000  0.000      0       nan           nan         nan         nan       nan       nan
       56        745       0   0.000  0.000      0       nan           nan         nan         nan       nan       nan
       56        746       0   0.000  0.000      0       nan           nan         nan         nan       nan       nan
       56        747       0   0.000  0.000      0       nan           nan         nan         nan       nan       nan
       56        748       0   0.000  0.000      0       nan           nan         nan         nan       nan       nan
       56        750       0   0.000  0.000      0       nan           nan         nan         nan       nan       nan
       56        751       0   0.000  0.000      0       nan           nan         nan         nan       nan       nan
       56        752       0   0.000  0.000      0       nan           nan         nan         nan       nan       nan
       56        753       0   0.000  0.000      0       nan           nan         nan         nan       nan       nan
       56        754       0   0.000  0.000      0       nan           nan         nan         nan       nan       nan
       56        755       0   0.000  0.000      0       nan           nan         nan         nan       nan       nan
       56        756       0   0.000  0.000      0       nan           nan         nan         nan       nan       nan
       56        757       0   0.000  0.000      0       nan           nan         nan         nan       nan       nan
       56        758       0   0.000  0.000      0       nan           nan         nan         nan       nan       nan
       56        759       0   0.000  0.000      0       nan           nan         nan         nan       nan       nan
       56        760       0   0.000  0.000      0       nan           nan         nan         nan       nan       nan
       56        761       0   0.000  0.000      0       nan           nan         nan         nan       nan       nan
       56        762       0   0.000  0.000      0       nan           nan         nan         nan       nan       nan
       56        763       0   0.000  0.000      0       nan           nan         nan         nan       nan       nan
       56        764       0   0.000  0.000      0       nan           nan         nan         nan       nan       nan
       56        765       0   0.000  0.000      0       nan           nan         nan         nan       nan       nan
       56        766       0   0.000  0.000      0       nan           nan         nan         nan       nan       nan
       56        767       0   0.000  0.000      0       nan           nan         nan         nan       nan       nan
       56        769       0   0.000  0.000      0       nan           nan         nan         nan       nan       nan
       56        770       0   0.000  0.000      0       nan           nan         nan         nan       nan       nan
       56        771       0   0.000  0.000      0       nan           nan         nan         nan       nan       nan
       56        772       0   0.000  0.000      0       nan           nan         nan         nan       nan       nan
       56        773       0   0.000  0.000      0       nan           nan         nan         nan       nan       nan
       56        774       0   0.000  0.000      0       nan           nan         nan         nan       nan       nan
       56        775       0   0.000  0.000      0       nan           nan         nan         nan       nan       nan
       56        776       0   0.000  0.000      0       nan           nan         nan         nan       nan       nan
       56        777       0   0.000  0.000      0       nan           nan         nan         nan       nan       nan
       56        778       0   0.000  0.000      0       nan           nan         nan         nan       nan       nan
       56        779       0   0.000  0.000      0       nan           nan         nan         nan       nan       nan
       56        780       0   0.000  0.000      0       nan           nan         nan         nan       nan       nan
       56        781       0   0.000  0.000      0       nan           nan         nan         nan       nan       nan
       56        782       0   0.000  0.000      0       nan           nan         nan         nan       nan       nan
       56        783       0   0.000  0.000      0       nan           nan         nan         nan       nan       nan
       56        784       0   0.000  0.000      0       nan           nan         nan         nan       nan       nan
       56        785       0   0.000  0.000      0       nan           nan         nan         nan       nan       nan
       56        786       0   0.000  0.000      0       nan           nan         nan         nan       nan       nan
       56        787       0   0.000  0.000      0       nan           nan         nan         nan       nan       nan
       56        788       0   0.000  0.000      0       nan           nan         nan         nan       nan       nan
       56        789       0   0.000  0.000      0       nan           nan         nan         nan       nan       nan
       56        790       0   0.000  0.000      0       nan           nan         nan         nan       nan       nan
       56        791       0   0.000  0.000      0       nan           nan         nan         nan       nan       nan
       56        792       0   0.000  0.000      0       nan           nan         nan         nan       nan       nan
       56        793       0   0.000  0.000      0       nan           nan         nan         nan       nan       nan
       56        794       0   0.000  0.000      0       nan           nan         nan         nan       nan       nan
       56        795       0   0.000  0.000      0       nan           nan         nan         nan       nan       nan
       56        796       0   0.000  0.000      0       nan           nan         nan         nan       nan       nan
       56        797       0   0.000  0.000      0       nan           nan         nan         nan       nan       nan
       56        798       0   0.000  0.000      0       nan           nan         nan         nan       nan       nan
       56        799       0   0.000  0.000      0       nan           nan         nan         nan       nan       nan
       56        800       0   0.000  0.000      0       nan           nan         nan         nan       nan       nan
       56        801       0   0.000  0.000      0       nan           nan         nan         nan       nan       nan
       56        802       0   0.000  0.000      0       nan           nan         nan         nan       nan       nan
       56        803       0   0.000  0.000      0       nan           nan         nan         nan       nan       nan
       56        804       0   0.000  0.000      0       nan           nan         nan         nan       nan       nan
       56        805       0   0.000  0.000      0       nan           nan         nan         nan       nan       nan
       56        806       0   0.000  0.000      0       nan           nan         nan         nan       nan       nan
       56        807       0   0.000  0.000      0       nan           nan         nan         nan       nan       nan
       56        808       0   0.000  0.000      0       nan           nan         nan         nan       nan       nan
       56        809       0   0.000  0.000      0       nan           nan         nan         nan       nan       nan
       56        810       0   0.000  0.000      0       nan           nan         nan         nan       nan       nan
       56        811       0   0.000  0.000      0       nan           nan         nan         nan       nan       nan
       56        812       0   0.000  0.000      0       nan           nan         nan         nan       nan       nan
       56        813       0   0.000  0.000      0       nan           nan         nan         nan       nan       nan
       56        814       0   0.000  0.000      0       nan           nan         nan         nan       nan       nan
       56        815       0   0.000  0.000      0       nan           nan         nan         nan       nan       nan
       56        816       0   0.000  0.000      0       nan           nan         nan         nan       nan       nan
       56        817       0   0.000  0.000      0       nan           nan         nan         nan       nan       nan
       56        818       0   0.000  0.000      0       nan           nan         nan         nan       nan       nan
       56        819       0   0.000  0.000      0       nan           nan         nan         nan       nan       nan
       56        820       0   0.000  0.000      0       nan           nan         nan         nan       nan       nan
       56        821       0   0.000  0.000      0       nan           nan         nan         nan       nan       nan
       56        822       0   0.000  0.000      0       nan           nan         nan         nan       nan       nan
       56        823       0   0.000  0.000      0       nan           nan         nan         nan       nan       nan
       56        824       0   0.000  0.000      0       nan           nan         nan         nan       nan       nan
       56        825       0   0.000  0.000      0       nan           nan         nan         nan       nan       nan
       56        826       0   0.000  0.000      0       nan           nan         nan         nan       nan       nan
       56        827       0   0.000  0.000      0       nan           nan         nan         nan       nan       nan
       56        828       0   0.000  0.000      0       nan           nan         nan         nan       nan       nan
       56        829       0   0.000  0.000      0       nan           nan         nan         nan       nan       nan
       56        830       0   0.000  0.000      0       nan           nan         nan         nan       nan       nan
       56        831       0   0.000  0.000      0       nan           nan         nan         nan       nan       nan
       56        832       0   0.000  0.000      0       nan           nan         nan         nan       nan       nan
       56        833       0   0.000  0.000      0       nan           nan         nan         nan       nan       nan
       56        834       0   0.000  0.000      0       nan           nan         nan         nan       nan       nan
       56        835       0   0.000  0.000      0       nan           nan         nan         nan       nan       nan
       56        836       0   0.000  0.000      0       nan           nan         nan         nan       nan       nan
       56        838       0   0.000  0.000      0       nan           nan         nan         nan       nan       nan
       56        839       0   0.000  0.000      0       nan           nan         nan         nan       nan       nan
       56        840       0   0.000  0.000      0       nan           nan         nan         nan       nan       nan
       56        841       0   0.000  0.000      0       nan           nan         nan         nan       nan       nan
       56        843       0   0.000  0.000      0       nan           nan         nan         nan       nan       nan
       56        844       0   0.000  0.000      0       nan           nan         nan         nan       nan       nan
       56        845       0   0.000  0.000      0       nan           nan         nan         nan       nan       nan
       56        846       0   0.000  0.000      0       nan           nan         nan         nan       nan       nan
       56        847       0   0.000  0.000      0       nan           nan         nan         nan       nan       nan
       56        848       0   0.000  0.000      0       nan           nan         nan         nan       nan       nan
       56        849       0   0.000  0.000      0       nan           nan         nan         nan       nan       nan
       56        850       0   0.000  0.000      0       nan           nan         nan         nan       nan       nan
       56        851       0   0.000  0.000      0       nan           nan         nan         nan       nan       nan
       56        852       0   0.000  0.000      0       nan           nan         nan         nan       nan       nan
       56        853       0   0.000  0.000      0       nan           nan         nan         nan       nan       nan
       56        854       0   0.000  0.000      0       nan           nan         nan         nan       nan       nan
       56        855       0   0.000  0.000      0       nan           nan         nan         nan       nan       nan
       56        856       0   0.000  0.000      0       nan           nan         nan         nan       nan       nan
       56        857       0   0.000  0.000      0       nan           nan         nan         nan       nan       nan
       56        858       0   0.000  0.000      0       nan           nan         nan         nan       nan       nan
       56        859       0   0.000  0.000      0       nan           nan         nan         nan       nan       nan
       56        860       0   0.000  0.000      0       nan           nan         nan         nan       nan       nan
       56        861       0   0.000  0.000      0       nan           nan         nan         nan       nan       nan
       56        862       0   0.000  0.000      0       nan           nan         nan         nan       nan       nan
       56        863       0   0.000  0.000      0       nan           nan         nan         nan       nan       nan
       56        864       0   0.000  0.000      0       nan           nan         nan         nan       nan       nan
       56        865       0   0.000  0.000      0       nan           nan         nan         nan       nan       nan
       56        866       0   0.000  0.000      0       nan           nan         nan         nan       nan       nan
       56        867       0   0.000  0.000      0       nan           nan         nan         nan       nan       nan
       56        868       0   0.000  0.000      0       nan           nan         nan         nan       nan       nan
       56        869       0   0.000  0.000      0       nan           nan         nan         nan       nan       nan
       56        870       0   0.000  0.000      0       nan           nan         nan         nan       nan       nan
       56        871       0   0.000  0.000      0       nan           nan         nan         nan       nan       nan
       56        872       0   0.000  0.000      0       nan           nan         nan         nan       nan       nan
       56        873       0   0.000  0.000      0       nan           nan         nan         nan       nan       nan
       56        874       0   0.000  0.000      0       nan           nan         nan         nan       nan       nan
       56        875       0   0.000  0.000      0       nan           nan         nan         nan       nan       nan
       56        876       0   0.000  0.000      0       nan           nan         nan         nan       nan       nan
       56        877       0   0.000  0.000      0       nan           nan         nan         nan       nan       nan
       56        878       0   0.000  0.000      0       nan           nan         nan         nan       nan       nan
       56        879       0   0.000  0.000      0       nan           nan         nan         nan       nan       nan
       56        880       0   0.000  0.000      0       nan           nan         nan         nan       nan       nan
       56        881       0   0.000  0.000      0       nan           nan         nan         nan       nan       nan
       56        882       0   0.000  0.000      0       nan           nan         nan         nan       nan       nan
       56        883       0   0.000  0.000      0       nan           nan         nan         nan       nan       nan
       56        884       0   0.000  0.000      0       nan           nan         nan         nan       nan       nan
       56        886       0   0.000  0.000      0       nan           nan         nan         nan       nan       nan
       56        887       0   0.000  0.000      0       nan           nan         nan         nan       nan       nan
       56        888       0   0.000  0.000      0       nan           nan         nan         nan       nan       nan
       56        889       0   0.000  0.000      0       nan           nan         nan         nan       nan       nan
       56        890       0   0.000  0.000      0       nan           nan         nan         nan       nan       nan
       56        891       0   0.000  0.000      0       nan           nan         nan         nan       nan       nan
       56        892       0   0.000  0.000      0       nan           nan         nan         nan       nan       nan
       56        893       0   0.000  0.000      0       nan           nan         nan         nan       nan       nan
       56        894       0   0.000  0.000      0       nan           nan         nan         nan       nan       nan
       56        895       0   0.000  0.000      0       nan           nan         nan         nan       nan       nan
       56        896       0   0.000  0.000      0       nan           nan         nan         nan       nan       nan
       56        897       0   0.000  0.000      0       nan           nan         nan         nan       nan       nan
       56        898       0   0.000  0.000      0       nan           nan         nan         nan       nan       nan
       56        899       0   0.000  0.000      0       nan           nan         nan         nan       nan       nan
       56        900       0   0.000  0.000      0       nan           nan         nan         nan       nan       nan
       56        901       0   0.000  0.000      0       nan           nan         nan         nan       nan       nan
       56        902       0   0.000  0.000      0       nan           nan         nan         nan       nan       nan
       56        903       0   0.000  0.000      0       nan           nan         nan         nan       nan       nan
       56        904       0   0.000  0.000      0       nan           nan         nan         nan       nan       nan
       56        905       0   0.000  0.000      0       nan           nan         nan         nan       nan       nan
       56        906       0   0.000  0.000      0       nan           nan         nan         nan       nan       nan
       56        907       0   0.000  0.000      0       nan           nan         nan         nan       nan       nan
       56        908       0   0.000  0.000      0       nan           nan         nan         nan       nan       nan
       56        909       0   0.000  0.000      0       nan           nan         nan         nan       nan       nan
       56        910       0   0.000  0.000      0       nan           nan         nan         nan       nan       nan
       56        911       0   0.000  0.000      0       nan           nan         nan         nan       nan       nan
       56        912       0   0.000  0.000      0       nan           nan         nan         nan       nan       nan
       56        913       0   0.000  0.000      0       nan           nan         nan         nan       nan       nan
       56        914       0   0.000  0.000      0       nan           nan         nan         nan       nan       nan
       56        915       0   0.000  0.000      0       nan           nan         nan         nan       nan       nan
       56        916       0   0.000  0.000      0       nan           nan         nan         nan       nan       nan
       56        917       0   0.000  0.000      0       nan           nan         nan         nan       nan       nan
       56        918       0   0.000  0.000      0       nan           nan         nan         nan       nan       nan
       57        731       1   0.133  0.133   1260     1.000           0.0        90.0        90.0      69.8      69.8
       57        871       0   0.006  0.009     84     1.542           0.0        90.0        90.0      64.0      41.5
       57        664       0   0.005  0.510   6176     1.542          71.3        88.7       160.0      64.0      98.7
       57        653       0   0.004  0.564   6284     1.834          81.3        88.7       170.0      64.0     117.4
       57        630       0   0.002  0.247   6724     1.414          71.6        88.8       160.4      64.0      45.3
       57        744       0   0.002  0.181   1668     1.297          80.1        90.0         9.9      64.0      49.4
       57        716       0   0.001  0.120   1108     1.414          60.0        90.0       150.0      64.0      90.5
       57        752       0   0.001  0.104    960     1.189          67.3        90.0        22.7      64.0      53.8
       57        739       0   0.001  0.142   1308     1.682          80.0        90.0       170.0      64.0      38.1
       57        796       0   0.001  0.121   1188     2.181          58.4        90.0       148.4      64.0      29.3
       57        720       0   0.001  0.139   1616     1.834          87.1        87.6         0.5      64.0      34.9
       57        817       0   0.001  0.079    752     1.834          50.0        90.0       140.0      64.0      34.9
       57        719       0   0.001  0.118   1272     1.834          85.4        84.6       170.0      64.0      34.9
       57        689       0   0.001  0.092   1620     1.834          75.2        85.7       160.9      64.0      34.9
       57        712       0   0.001  0.118   1516     2.181          87.8        87.8         0.0      64.0      29.3
       57        644       0   0.001  0.074   1784     1.682          83.7        86.3       170.0      64.0      38.1
       57        893       0   0.001  0.091    840     2.181          80.0        90.0       170.0      64.0      29.3
       57        887       0   0.000  0.075    732     2.378          62.8        82.8        20.0      64.0      26.9
       57        916       0   0.000  0.020    180     2.000          20.0        90.0       110.0      69.8      34.9
       57        618       0   0.000  0.049   2912     1.414          80.1        88.2       168.3      64.0      90.5
       57        810       0   0.000  0.068    660     2.828          57.5        90.0       147.5      64.0      22.6
       57        852       0   0.000  0.039    360     1.682          80.0        90.0        10.0      64.0      38.1
       57        886       0   0.000  0.047    436     1.834          90.0        90.0         0.0      64.0      34.9
       57        789       0   0.000  0.022    204     1.189          70.0        90.0       160.0      64.0      53.8
       57        770       0   0.000  0.023    212     1.091          80.0        90.0        10.0      64.0      58.7
       57        727       0   0.000  0.027    340     1.834          80.0        90.0        10.0      64.0      34.9
       57        909       0   0.000  0.049    452     3.364          80.0        90.0       170.0      64.0      19.0
       57        781       0   0.000  0.010     96     1.091          70.0        90.0        20.0      64.0      58.7
       57        820       0   0.000  0.025    272     2.828          90.0        90.0         0.0      64.0      22.6
       57        866       0   0.000  0.019    204     2.378          88.6        88.6         0.0      64.0      26.9
       57        805       0   0.000  0.010    104     1.682          70.0        80.0       150.0      64.0      38.1
       57        791       0   0.000  0.009     84     1.189          90.0        90.0         0.0      64.0      53.8
       57        898       0   0.000  0.018    168     2.828          82.1        90.0         7.9      64.0      22.6
       57        882       0   0.000  0.012    136     2.181          80.0        80.0       160.0      64.0      29.3
       57        905       0   0.000  0.004     36     2.000          80.0        90.0       170.0      64.0      32.0
       57        759       0   0.000  0.005     48     3.084          76.7        90.0       166.7      64.0      20.7
       57        616       0   0.000  0.000      0       nan           nan         nan         nan       nan       nan
       57        617       0   0.000  0.000      0       nan           nan         nan         nan       nan       nan
       57        619       0   0.000  0.000      0       nan           nan         nan         nan       nan       nan
       57        620       0   0.000  0.000      0       nan           nan         nan         nan       nan       nan
       57        621       0   0.000  0.000      0       nan           nan         nan         nan       nan       nan
       57        622       0   0.000  0.000      0       nan           nan         nan         nan       nan       nan
       57        623       0   0.000  0.000      0       nan           nan         nan         nan       nan       nan
       57        624       0   0.000  0.000      0       nan           nan         nan         nan       nan       nan
       57        625       0   0.000  0.000      0       nan           nan         nan         nan       nan       nan
       57        626       0   0.000  0.000      0       nan           nan         nan         nan       nan       nan
       57        627       0   0.000  0.000      0       nan           nan         nan         nan       nan       nan
       57        628       0   0.000  0.000      0       nan           nan         nan         nan       nan       nan
       57        629       0   0.000  0.000      0       nan           nan         nan         nan       nan       nan
       57        631       0   0.000  0.000      0       nan           nan         nan         nan       nan       nan
       57        632       0   0.000  0.000      0       nan           nan         nan         nan       nan       nan
       57        633       0   0.000  0.000      0       nan           nan         nan         nan       nan       nan
       57        634       0   0.000  0.000      0       nan           nan         nan         nan       nan       nan
       57        635       0   0.000  0.000      0       nan           nan         nan         nan       nan       nan
       57        636       0   0.000  0.000      0       nan           nan         nan         nan       nan       nan
       57        637       0   0.000  0.000      0       nan           nan         nan         nan       nan       nan
       57        638       0   0.000  0.000      0       nan           nan         nan         nan       nan       nan
       57        639       0   0.000  0.000      0       nan           nan         nan         nan       nan       nan
       57        640       0   0.000  0.000      0       nan           nan         nan         nan       nan       nan
       57        641       0   0.000  0.000      0       nan           nan         nan         nan       nan       nan
       57        642       0   0.000  0.000      0       nan           nan         nan         nan       nan       nan
       57        643       0   0.000  0.000      0       nan           nan         nan         nan       nan       nan
       57        645       0   0.000  0.000      0       nan           nan         nan         nan       nan       nan
       57        646       0   0.000  0.000      0       nan           nan         nan         nan       nan       nan
       57        647       0   0.000  0.000      0       nan           nan         nan         nan       nan       nan
       57        648       0   0.000  0.000      0       nan           nan         nan         nan       nan       nan
       57        649       0   0.000  0.000      0       nan           nan         nan         nan       nan       nan
       57        650       0   0.000  0.000      0       nan           nan         nan         nan       nan       nan
       57        651       0   0.000  0.000      0       nan           nan         nan         nan       nan       nan
       57        652       0   0.000  0.000      0       nan           nan         nan         nan       nan       nan
       57        654       0   0.000  0.000      0       nan           nan         nan         nan       nan       nan
       57        655       0   0.000  0.000      0       nan           nan         nan         nan       nan       nan
       57        656       0   0.000  0.000      0       nan           nan         nan         nan       nan       nan
       57        657       0   0.000  0.000      0       nan           nan         nan         nan       nan       nan
       57        658       0   0.000  0.000      0       nan           nan         nan         nan       nan       nan
       57        659       0   0.000  0.000      0       nan           nan         nan         nan       nan       nan
       57        660       0   0.000  0.000      0       nan           nan         nan         nan       nan       nan
       57        661       0   0.000  0.000      0       nan           nan         nan         nan       nan       nan
       57        662       0   0.000  0.000      0       nan           nan         nan         nan       nan       nan
       57        663       0   0.000  0.000      0       nan           nan         nan         nan       nan       nan
       57        665       0   0.000  0.000      0       nan           nan         nan         nan       nan       nan
       57        666       0   0.000  0.000      0       nan           nan         nan         nan       nan       nan
       57        667       0   0.000  0.000      0       nan           nan         nan         nan       nan       nan
       57        668       0   0.000  0.000      0       nan           nan         nan         nan       nan       nan
       57        669       0   0.000  0.000      0       nan           nan         nan         nan       nan       nan
       57        670       0   0.000  0.000      0       nan           nan         nan         nan       nan       nan
       57        671       0   0.000  0.000      0       nan           nan         nan         nan       nan       nan
       57        672       0   0.000  0.000      0       nan           nan         nan         nan       nan       nan
       57        673       0   0.000  0.000      0       nan           nan         nan         nan       nan       nan
       57        674       0   0.000  0.000      0       nan           nan         nan         nan       nan       nan
       57        675       0   0.000  0.000      0       nan           nan         nan         nan       nan       nan
       57        676       0   0.000  0.000      0       nan           nan         nan         nan       nan       nan
       57        677       0   0.000  0.000      0       nan           nan         nan         nan       nan       nan
       57        678       0   0.000  0.000      0       nan           nan         nan         nan       nan       nan
       57        679       0   0.000  0.000      0       nan           nan         nan         nan       nan       nan
       57        680       0   0.000  0.000      0       nan           nan         nan         nan       nan       nan
       57        681       0   0.000  0.000      0       nan           nan         nan         nan       nan       nan
       57        682       0   0.000  0.000      0       nan           nan         nan         nan       nan       nan
       57        683       0   0.000  0.000      0       nan           nan         nan         nan       nan       nan
       57        684       0   0.000  0.000      0       nan           nan         nan         nan       nan       nan
       57        685       0   0.000  0.000      0       nan           nan         nan         nan       nan       nan
       57        686       0   0.000  0.000      0       nan           nan         nan         nan       nan       nan
       57        687       0   0.000  0.000      0       nan           nan         nan         nan       nan       nan
       57        688       0   0.000  0.000      0       nan           nan         nan         nan       nan       nan
       57        690       0   0.000  0.000      0       nan           nan         nan         nan       nan       nan
       57        691       0   0.000  0.000      0       nan           nan         nan         nan       nan       nan
       57        692       0   0.000  0.000      0       nan           nan         nan         nan       nan       nan
       57        693       0   0.000  0.000      0       nan           nan         nan         nan       nan       nan
       57        694       0   0.000  0.000      0       nan           nan         nan         nan       nan       nan
       57        695       0   0.000  0.000      0       nan           nan         nan         nan       nan       nan
       57        696       0   0.000  0.000      0       nan           nan         nan         nan       nan       nan
       57        697       0   0.000  0.000      0       nan           nan         nan         nan       nan       nan
       57        698       0   0.000  0.000      0       nan           nan         nan         nan       nan       nan
       57        699       0   0.000  0.000      0       nan           nan         nan         nan       nan       nan
       57        700       0   0.000  0.000      0       nan           nan         nan         nan       nan       nan
       57        701       0   0.000  0.000      0       nan           nan         nan         nan       nan       nan
       57        702       0   0.000  0.000      0       nan           nan         nan         nan       nan       nan
       57        703       0   0.000  0.000      0       nan           nan         nan         nan       nan       nan
       57        704       0   0.000  0.000      0       nan           nan         nan         nan       nan       nan
       57        705       0   0.000  0.000      0       nan           nan         nan         nan       nan       nan
       57        706       0   0.000  0.000      0       nan           nan         nan         nan       nan       nan
       57        707       0   0.000  0.000      0       nan           nan         nan         nan       nan       nan
       57        708       0   0.000  0.000      0       nan           nan         nan         nan       nan       nan
       57        709       0   0.000  0.000      0       nan           nan         nan         nan       nan       nan
       57        710       0   0.000  0.000      0       nan           nan         nan         nan       nan       nan
       57        711       0   0.000  0.000      0       nan           nan         nan         nan       nan       nan
       57        713       0   0.000  0.000      0       nan           nan         nan         nan       nan       nan
       57        714       0   0.000  0.000      0       nan           nan         nan         nan       nan       nan
       57        715       0   0.000  0.000      0       nan           nan         nan         nan       nan       nan
       57        717       0   0.000  0.000      0       nan           nan         nan         nan       nan       nan
       57        718       0   0.000  0.000      0       nan           nan         nan         nan       nan       nan
       57        721       0   0.000  0.000      0       nan           nan         nan         nan       nan       nan
       57        722       0   0.000  0.000      0       nan           nan         nan         nan       nan       nan
       57        723       0   0.000  0.000      0       nan           nan         nan         nan       nan       nan
       57        724       0   0.000  0.000      0       nan           nan         nan         nan       nan       nan
       57        725       0   0.000  0.000      0       nan           nan         nan         nan       nan       nan
       57        726       0   0.000  0.000      0       nan           nan         nan         nan       nan       nan
       57        728       0   0.000  0.000      0       nan           nan         nan         nan       nan       nan
       57        729       0   0.000  0.000      0       nan           nan         nan         nan       nan       nan
       57        730       0   0.000  0.000      0       nan           nan         nan         nan       nan       nan
       57        732       0   0.000  0.000      0       nan           nan         nan         nan       nan       nan
       57        733       0   0.000  0.000      0       nan           nan         nan         nan       nan       nan
       57        734       0   0.000  0.000      0       nan           nan         nan         nan       nan       nan
       57        735       0   0.000  0.000      0       nan           nan         nan         nan       nan       nan
       57        736       0   0.000  0.000      0       nan           nan         nan         nan       nan       nan
       57        737       0   0.000  0.000      0       nan           nan         nan         nan       nan       nan
       57        738       0   0.000  0.000      0       nan           nan         nan         nan       nan       nan
       57        740       0   0.000  0.000      0       nan           nan         nan         nan       nan       nan
       57        741       0   0.000  0.000      0       nan           nan         nan         nan       nan       nan
       57        742       0   0.000  0.000      0       nan           nan         nan         nan       nan       nan
       57        743       0   0.000  0.000      0       nan           nan         nan         nan       nan       nan
       57        745       0   0.000  0.000      0       nan           nan         nan         nan       nan       nan
       57        746       0   0.000  0.000      0       nan           nan         nan         nan       nan       nan
       57        747       0   0.000  0.000      0       nan           nan         nan         nan       nan       nan
       57        748       0   0.000  0.000      0       nan           nan         nan         nan       nan       nan
       57        749       0   0.000  0.000      0       nan           nan         nan         nan       nan       nan
       57        750       0   0.000  0.000      0       nan           nan         nan         nan       nan       nan
       57        751       0   0.000  0.000      0       nan           nan         nan         nan       nan       nan
       57        753       0   0.000  0.000      0       nan           nan         nan         nan       nan       nan
       57        754       0   0.000  0.000      0       nan           nan         nan         nan       nan       nan
       57        755       0   0.000  0.000      0       nan           nan         nan         nan       nan       nan
       57        756       0   0.000  0.000      0       nan           nan         nan         nan       nan       nan
       57        757       0   0.000  0.000      0       nan           nan         nan         nan       nan       nan
       57        758       0   0.000  0.000      0       nan           nan         nan         nan       nan       nan
       57        760       0   0.000  0.000      0       nan           nan         nan         nan       nan       nan
       57        761       0   0.000  0.000      0       nan           nan         nan         nan       nan       nan
       57        762       0   0.000  0.000      0       nan           nan         nan         nan       nan       nan
       57        763       0   0.000  0.000      0       nan           nan         nan         nan       nan       nan
       57        764       0   0.000  0.000      0       nan           nan         nan         nan       nan       nan
       57        765       0   0.000  0.000      0       nan           nan         nan         nan       nan       nan
       57        766       0   0.000  0.000      0       nan           nan         nan         nan       nan       nan
       57        767       0   0.000  0.000      0       nan           nan         nan         nan       nan       nan
       57        768       0   0.000  0.000      0       nan           nan         nan         nan       nan       nan
       57        769       0   0.000  0.000      0       nan           nan         nan         nan       nan       nan
       57        771       0   0.000  0.000      0       nan           nan         nan         nan       nan       nan
       57        772       0   0.000  0.000      0       nan           nan         nan         nan       nan       nan
       57        773       0   0.000  0.000      0       nan           nan         nan         nan       nan       nan
       57        774       0   0.000  0.000      0       nan           nan         nan         nan       nan       nan
       57        775       0   0.000  0.000      0       nan           nan         nan         nan       nan       nan
       57        776       0   0.000  0.000      0       nan           nan         nan         nan       nan       nan
       57        777       0   0.000  0.000      0       nan           nan         nan         nan       nan       nan
       57        778       0   0.000  0.000      0       nan           nan         nan         nan       nan       nan
       57        779       0   0.000  0.000      0       nan           nan         nan         nan       nan       nan
       57        780       0   0.000  0.000      0       nan           nan         nan         nan       nan       nan
       57        782       0   0.000  0.000      0       nan           nan         nan         nan       nan       nan
       57        783       0   0.000  0.000      0       nan           nan         nan         nan       nan       nan
       57        784       0   0.000  0.000      0       nan           nan         nan         nan       nan       nan
       57        785       0   0.000  0.000      0       nan           nan         nan         nan       nan       nan
       57        786       0   0.000  0.000      0       nan           nan         nan         nan       nan       nan
       57        787       0   0.000  0.000      0       nan           nan         nan         nan       nan       nan
       57        788       0   0.000  0.000      0       nan           nan         nan         nan       nan       nan
       57        790       0   0.000  0.000      0       nan           nan         nan         nan       nan       nan
       57        792       0   0.000  0.000      0       nan           nan         nan         nan       nan       nan
       57        793       0   0.000  0.000      0       nan           nan         nan         nan       nan       nan
       57        794       0   0.000  0.000      0       nan           nan         nan         nan       nan       nan
       57        795       0   0.000  0.000      0       nan           nan         nan         nan       nan       nan
       57        797       0   0.000  0.000      0       nan           nan         nan         nan       nan       nan
       57        798       0   0.000  0.000      0       nan           nan         nan         nan       nan       nan
       57        799       0   0.000  0.000      0       nan           nan         nan         nan       nan       nan
       57        800       0   0.000  0.000      0       nan           nan         nan         nan       nan       nan
       57        801       0   0.000  0.000      0       nan           nan         nan         nan       nan       nan
       57        802       0   0.000  0.000      0       nan           nan         nan         nan       nan       nan
       57        803       0   0.000  0.000      0       nan           nan         nan         nan       nan       nan
       57        804       0   0.000  0.000      0       nan           nan         nan         nan       nan       nan
       57        806       0   0.000  0.000      0       nan           nan         nan         nan       nan       nan
       57        807       0   0.000  0.000      0       nan           nan         nan         nan       nan       nan
       57        808       0   0.000  0.000      0       nan           nan         nan         nan       nan       nan
       57        809       0   0.000  0.000      0       nan           nan         nan         nan       nan       nan
       57        811       0   0.000  0.000      0       nan           nan         nan         nan       nan       nan
       57        812       0   0.000  0.000      0       nan           nan         nan         nan       nan       nan
       57        813       0   0.000  0.000      0       nan           nan         nan         nan       nan       nan
       57        814       0   0.000  0.000      0       nan           nan         nan         nan       nan       nan
       57        815       0   0.000  0.000      0       nan           nan         nan         nan       nan       nan
       57        816       0   0.000  0.000      0       nan           nan         nan         nan       nan       nan
       57        818       0   0.000  0.000      0       nan           nan         nan         nan       nan       nan
       57        819       0   0.000  0.000      0       nan           nan         nan         nan       nan       nan
       57        821       0   0.000  0.000      0       nan           nan         nan         nan       nan       nan
       57        822       0   0.000  0.000      0       nan           nan         nan         nan       nan       nan
       57        823       0   0.000  0.000      0       nan           nan         nan         nan       nan       nan
       57        824       0   0.000  0.000      0       nan           nan         nan         nan       nan       nan
       57        825       0   0.000  0.000      0       nan           nan         nan         nan       nan       nan
       57        826       0   0.000  0.000      0       nan           nan         nan         nan       nan       nan
       57        827       0   0.000  0.000      0       nan           nan         nan         nan       nan       nan
       57        828       0   0.000  0.000      0       nan           nan         nan         nan       nan       nan
       57        829       0   0.000  0.000      0       nan           nan         nan         nan       nan       nan
       57        830       0   0.000  0.000      0       nan           nan         nan         nan       nan       nan
       57        831       0   0.000  0.000      0       nan           nan         nan         nan       nan       nan
       57        832       0   0.000  0.000      0       nan           nan         nan         nan       nan       nan
       57        833       0   0.000  0.000      0       nan           nan         nan         nan       nan       nan
       57        834       0   0.000  0.000      0       nan           nan         nan         nan       nan       nan
       57        835       0   0.000  0.000      0       nan           nan         nan         nan       nan       nan
       57        836       0   0.000  0.000      0       nan           nan         nan         nan       nan       nan
       57        837       0   0.000  0.000      0       nan           nan         nan         nan       nan       nan
       57        838       0   0.000  0.000      0       nan           nan         nan         nan       nan       nan
       57        839       0   0.000  0.000      0       nan           nan         nan         nan       nan       nan
       57        840       0   0.000  0.000      0       nan           nan         nan         nan       nan       nan
       57        841       0   0.000  0.000      0       nan           nan         nan         nan       nan       nan
       57        842       0   0.000  0.000      0       nan           nan         nan         nan       nan       nan
       57        843       0   0.000  0.000      0       nan           nan         nan         nan       nan       nan
       57        844       0   0.000  0.000      0       nan           nan         nan         nan       nan       nan
       57        845       0   0.000  0.000      0       nan           nan         nan         nan       nan       nan
       57        846       0   0.000  0.000      0       nan           nan         nan         nan       nan       nan
       57        847       0   0.000  0.000      0       nan           nan         nan         nan       nan       nan
       57        848       0   0.000  0.000      0       nan           nan         nan         nan       nan       nan
       57        849       0   0.000  0.000      0       nan           nan         nan         nan       nan       nan
       57        850       0   0.000  0.000      0       nan           nan         nan         nan       nan       nan
       57        851       0   0.000  0.000      0       nan           nan         nan         nan       nan       nan
       57        853       0   0.000  0.000      0       nan           nan         nan         nan       nan       nan
       57        854       0   0.000  0.000      0       nan           nan         nan         nan       nan       nan
       57        855       0   0.000  0.000      0       nan           nan         nan         nan       nan       nan
       57        856       0   0.000  0.000      0       nan           nan         nan         nan       nan       nan
       57        857       0   0.000  0.000      0       nan           nan         nan         nan       nan       nan
       57        858       0   0.000  0.000      0       nan           nan         nan         nan       nan       nan
       57        859       0   0.000  0.000      0       nan           nan         nan         nan       nan       nan
       57        860       0   0.000  0.000      0       nan           nan         nan         nan       nan       nan
       57        861       0   0.000  0.000      0       nan           nan         nan         nan       nan       nan
       57        862       0   0.000  0.000      0       nan           nan         nan         nan       nan       nan
       57        863       0   0.000  0.000      0       nan           nan         nan         nan       nan       nan
       57        864       0   0.000  0.000      0       nan           nan         nan         nan       nan       nan
       57        865       0   0.000  0.000      0       nan           nan         nan         nan       nan       nan
       57        867       0   0.000  0.000      0       nan           nan         nan         nan       nan       nan
       57        868       0   0.000  0.000      0       nan           nan         nan         nan       nan       nan
       57        869       0   0.000  0.000      0       nan           nan         nan         nan       nan       nan
       57        870       0   0.000  0.000      0       nan           nan         nan         nan       nan       nan
       57        872       0   0.000  0.000      0       nan           nan         nan         nan       nan       nan
       57        873       0   0.000  0.000      0       nan           nan         nan         nan       nan       nan
       57        874       0   0.000  0.000      0       nan           nan         nan         nan       nan       nan
       57        875       0   0.000  0.000      0       nan           nan         nan         nan       nan       nan
       57        876       0   0.000  0.000      0       nan           nan         nan         nan       nan       nan
       57        877       0   0.000  0.000      0       nan           nan         nan         nan       nan       nan
       57        878       0   0.000  0.000      0       nan           nan         nan         nan       nan       nan
       57        879       0   0.000  0.000      0       nan           nan         nan         nan       nan       nan
       57        880       0   0.000  0.000      0       nan           nan         nan         nan       nan       nan
       57        881       0   0.000  0.000      0       nan           nan         nan         nan       nan       nan
       57        883       0   0.000  0.000      0       nan           nan         nan         nan       nan       nan
       57        884       0   0.000  0.000      0       nan           nan         nan         nan       nan       nan
       57        885       0   0.000  0.000      0       nan           nan         nan         nan       nan       nan
       57        888       0   0.000  0.000      0       nan           nan         nan         nan       nan       nan
       57        889       0   0.000  0.000      0       nan           nan         nan         nan       nan       nan
       57        890       0   0.000  0.000      0       nan           nan         nan         nan       nan       nan
       57        891       0   0.000  0.000      0       nan           nan         nan         nan       nan       nan
       57        892       0   0.000  0.000      0       nan           nan         nan         nan       nan       nan
       57        894       0   0.000  0.000      0       nan           nan         nan         nan       nan       nan
       57        895       0   0.000  0.000      0       nan           nan         nan         nan       nan       nan
       57        896       0   0.000  0.000      0       nan           nan         nan         nan       nan       nan
       57        897       0   0.000  0.000      0       nan           nan         nan         nan       nan       nan
       57        899       0   0.000  0.000      0       nan           nan         nan         nan       nan       nan
       57        900       0   0.000  0.000      0       nan           nan         nan         nan       nan       nan
       57        901       0   0.000  0.000      0       nan           nan         nan         nan       nan       nan
       57        902       0   0.000  0.000      0       nan           nan         nan         nan       nan       nan
       57        903       0   0.000  0.000      0       nan           nan         nan         nan       nan       nan
       57        904       0   0.000  0.000      0       nan           nan         nan         nan       nan       nan
       57        906       0   0.000  0.000      0       nan           nan         nan         nan       nan       nan
       57        907       0   0.000  0.000      0       nan           nan         nan         nan       nan       nan
       57        908       0   0.000  0.000      0       nan           nan         nan         nan       nan       nan
       57        910       0   0.000  0.000      0       nan           nan         nan         nan       nan       nan
       57        911       0   0.000  0.000      0       nan           nan         nan         nan       nan       nan
       57        912       0   0.000  0.000      0       nan           nan         nan         nan       nan       nan
       57        913       0   0.000  0.000      0       nan           nan         nan         nan       nan       nan
       57        914       0   0.000  0.000      0       nan           nan         nan         nan       nan       nan
       57        915       0   0.000  0.000      0       nan           nan         nan         nan       nan       nan
       57        917       0   0.000  0.000      0       nan           nan         nan         nan       nan       nan
       57        918       0   0.000  0.000      0       nan           nan         nan         nan       nan       nan
