cluster_a  cluster_c  passes  score    iou    inter  lam_ratio  ang_diff_deg  thetaA_deg  thetaC_deg  lamA_med  lamC_med
       92       1309       1   0.114  0.483  28452     1.000           3.2         3.7         0.5      53.8      53.8
       92       1324       0   0.099  0.143   6104     1.297           0.1         1.8         1.7      53.8      69.8
       92       1313       1   0.082  0.375  20796     1.189           2.8         2.8         0.0      53.8      45.3
       92       1327       0   0.071  0.421  17288     1.542           2.8         4.2         7.0      53.8      83.0
       92       1326       0   0.064  0.352  18444     1.414           2.9         2.9         0.0      53.8      76.1
       92       1311       0   0.039  0.434  28644     1.834           5.0         5.2         0.2      53.8      98.7
       92       1307       1   0.035  0.262  20428     1.189           5.3         2.5         7.8      53.8      45.3
       92       1409       0   0.031  0.109   4720     2.000           0.8         5.2         6.0      53.8      26.9
       92       1338       1   0.030  0.180   6860     1.000           5.1         4.9        10.0      58.7      58.7
       92       1308       0   0.028  0.534  29664     1.000          17.8         4.8       167.0      53.8      53.8
       92       1330       0   0.022  0.322  15088     1.414           9.5         2.6        12.1      53.8      38.1
       92       1318       1   0.015  0.191   8172     1.091          10.5        10.5         0.0      98.7     107.6
       92       1316       0   0.012  0.337  16212     1.189          21.8         7.3       165.5      90.5     107.6
       92       1373       0   0.012  0.050   1900     2.378           0.7         9.3        10.0      83.0      34.9
       92       1319       1   0.011  0.157   7160     1.091          11.7         0.0       168.3      53.8      58.7
       92       1315       0   0.010  0.238  15640     1.297          17.1         2.4       165.3      53.8      41.5
       92       1321       0   0.010  0.341  13100     1.297          25.2         8.1       162.9      83.0      64.0
       92       1337       1   0.009  0.102   3900     1.091           9.5         9.7         0.2      90.5      83.0
       92       1336       0   0.009  0.036   1352     1.414           1.9         8.1        10.0      83.0      58.7
       92       1317       1   0.008  0.110   6388     1.091          11.5         1.5       170.0      53.8      49.4
       92       1335       1   0.008  0.124   4848     1.189          12.0         2.0       170.0      53.8      45.3
       92       1390       0   0.008  0.010    400     1.297           0.0         0.0         0.0      53.8      69.8
       92       1312       0   0.007  0.175   9708     2.181          10.1         0.1       170.0      53.8     117.4
       92       1310       0   0.007  0.380  18852     1.297          40.0         7.3       147.3      90.5      69.8
       92       1385       0   0.007  0.174   6624     1.000          24.5         4.5       160.0      53.8      53.8
       92       1364       0   0.006  0.094   3604     2.181           5.8         5.8         0.0      83.0      38.1
       92       1354       0   0.006  0.111   4248     3.084           5.1         5.6        10.7      83.0      26.9
       92       1334       0   0.006  0.219   8424     1.189          30.5         7.7       157.2      83.0      69.8
       92       1351       0   0.006  0.099   3780     1.297          12.7         0.0       167.3      53.8      69.8
       92       1355       0   0.005  0.023    880     2.378           0.9         0.9         0.0      53.8      22.6
       92       1388       0   0.004  0.088   4184     2.181           9.1         1.7        10.8      53.8      24.7
       92       1387       0   0.003  0.044   1660     1.091          12.0         8.0        20.0      83.0      90.5
       92       1418       0   0.003  0.036   1360     1.091          10.4         9.6        20.0      83.0      76.1
       92       1436       0   0.003  0.079   3000     2.828           8.9        10.0         1.1      98.7      34.9
       92       1329       0   0.003  0.054   2628     1.834          10.0         0.0       170.0      53.8      29.3
       92       1369       0   0.003  0.095   3640     1.682          20.0         0.0       160.0      53.8      90.5
       92       1342       0   0.003  0.162   6152     1.297          46.2         5.3       139.0      58.7      76.1
       92       1358       0   0.003  0.057   2188     1.414          15.0         5.0       170.0      83.0      58.7
       92       1367       0   0.003  0.027   1024     1.189           8.0         8.0         0.0      83.0      69.8
       92       1356       0   0.003  0.029   1200     2.378           3.9         0.0         3.9      53.8      22.6
       92       1320       0   0.002  0.147   6192     1.682          39.8         9.8       150.0      98.7      58.7
       92       1366       0   0.002  0.025    960     1.091          10.0        10.0        20.0      98.7     107.6
       92       1345       0   0.002  0.059   2240     2.594           9.9         9.9         0.0      83.0      32.0
       92       1389       0   0.002  0.026    984     1.189          10.0        10.0        20.0      98.7      83.0
       92       1347       0   0.002  0.105   4080     1.297          40.2         9.8        50.0      83.0     107.6
       92       1370       0   0.002  0.053   2000     1.297          20.0        10.0       170.0      98.7      76.1
       92       1362       0   0.002  0.092   3484     1.000          49.8         3.2       133.4      58.7      58.7
       92       1398       0   0.002  0.069   2624     2.181          16.7         6.7       170.0      83.0      38.1
       92       1357       0   0.002  0.012    448     2.000           2.4        10.0         7.6      76.1      38.1
       92       1352       0   0.002  0.115   4432     2.828          23.9         9.8       165.9      98.7      34.9
       92       1382       0   0.002  0.035   1328     1.091          20.0        10.0        30.0      98.7      90.5
       92       1439       0   0.001  0.028   1064     1.682          10.4         0.4       170.0      53.8      32.0
       92       1371       0   0.001  0.110   4224     1.297          59.4         0.7        60.1      53.8      41.5
       92       1386       0   0.001  0.035   1320     2.378           9.6         0.4        10.0      53.8      22.6
       92       1391       0   0.001  0.045   1788     1.682          19.7         7.9       168.2      53.8      32.0
       92       1376       0   0.001  0.020    776     2.594           5.6         0.4         5.9      53.8      20.7
       92       1405       0   0.001  0.089   3372     2.378          32.7         6.6        39.3      83.0      34.9
       92       1374       0   0.001  0.029   1152     2.181          11.1         0.0       168.9      53.8      24.7
       92       1346       0   0.001  0.017    728     1.542          10.0         0.0       170.0      53.8      34.9
       92       1372       0   0.001  0.066   2512     1.091          60.0        10.0       130.0      83.0      90.5
       92       1406       0   0.001  0.031   1236     1.414          21.9         1.9       160.0      53.8      38.1
       92       1322       0   0.001  0.063   2932     2.181          33.8         3.4       149.6      53.8     117.4
       92       1383       0   0.001  0.043   1656     1.091          49.0         9.0       140.0      83.0      90.5
       92       1440       0   0.001  0.002     84     2.828           0.0        10.0        10.0      90.5      32.0
       92       1363       0   0.001  0.023    872     2.828          10.0        10.0        20.0      83.0      29.3
       92       1340       0   0.001  0.045   1944     1.091          60.0        10.0       130.0     107.6     117.4
       92       1393       0   0.001  0.022    836     1.542          20.0         0.0       160.0      53.8      83.0
       92       1378       0   0.001  0.011    444     1.542          10.0         0.0       170.0      53.8      34.9
       92       1314       0   0.001  0.011    512     1.682          10.0         0.0        10.0      53.8      32.0
       92       1426       0   0.001  0.015    588     2.378          10.0         0.0       170.0      53.8      22.6
       92       1328       0   0.001  0.045   1952     2.181          34.0        10.0       156.0     107.6      49.4
       92       1438       0   0.000  0.006    224     1.091          10.0         0.0        10.0      53.8      58.7
       92       1350       0   0.000  0.008    300     1.682          10.0        10.0         0.0      76.1      45.3
       92       1331       0   0.000  0.022    976     1.000          51.5        10.0       138.5     107.6     107.6
       92       1399       0   0.000  0.009    328     1.000          20.0        10.0       170.0      83.0      83.0
       92       1348       0   0.000  0.037   1612     1.542          60.0         0.0        60.0      53.8      34.9
       92       1397       0   0.000  0.037   1432     2.378          50.0        10.0       140.0      98.7      41.5
       92       1381       0   0.000  0.021    812     1.189          60.0        10.0       130.0      83.0      98.7
       92       1402       0   0.000  0.023    864     2.000          40.0        10.0       150.0      98.7      49.4
       92       1395       0   0.000  0.008    324     1.542          20.0         0.0       160.0      53.8      83.0
       92       1368       0   0.000  0.008    288     2.828          10.0        10.0         0.0      83.0      29.3
       92       1394       0   0.000  0.009    332     1.091          34.3         4.3       150.0      49.4      53.8
       92       1379       0   0.000  0.022    860     1.414          80.0        10.0        90.0      98.7      69.8
       92       1425       0   0.000  0.016    600     1.834          50.0        10.0       140.0      98.7      53.8
       92       1420       0   0.000  0.015    588     2.594          38.3         8.3       150.0      90.5      34.9
       92       1375       0   0.000  0.014    568     3.364          26.8        10.0       163.2     107.6      32.0
       92       1396       0   0.000  0.005    196     1.091          30.0         0.0       150.0      53.8      49.4
       92       1384       0   0.000  0.000     16     2.828           0.0         0.0         0.0      53.8      19.0
       92       1416       0   0.000  0.005    192     1.414          30.0         0.0       150.0      53.8      76.1
       92       1413       0   0.000  0.013    500     1.834          70.0        10.0       120.0     107.6      58.7
       92       1361       0   0.000  0.014    592     1.682          90.0         0.0        90.0      53.8      90.5
       92       1392       0   0.000  0.001     56     1.091          15.7         4.3        20.0      49.4      45.3
       92       1408       0   0.000  0.001     40     1.091          30.0        10.0        40.0      83.0      90.5
       92       1323       0   0.000  0.001     24     2.378           6.7         0.0         6.7      53.8      22.6
       92       1407       0   0.000  0.001     52     1.091          70.0        10.0       120.0      83.0      90.5
       92       1417       0   0.000  0.001     32     1.682          30.0        10.0       160.0     107.6      64.0
       92       1325       0   0.000  0.000      0       nan           nan         nan         nan       nan       nan
       92       1332       0   0.000  0.000      0       nan           nan         nan         nan       nan       nan
       92       1333       0   0.000  0.000      0       nan           nan         nan         nan       nan       nan
       92       1339       0   0.000  0.000      0       nan           nan         nan         nan       nan       nan
       92       1341       0   0.000  0.000      0       nan           nan         nan         nan       nan       nan
       92       1343       0   0.000  0.000      0       nan           nan         nan         nan       nan       nan
       92       1344       0   0.000  0.000      0       nan           nan         nan         nan       nan       nan
       92       1349       0   0.000  0.000      0       nan           nan         nan         nan       nan       nan
       92       1353       0   0.000  0.000      0       nan           nan         nan         nan       nan       nan
       92       1359       0   0.000  0.000      0       nan           nan         nan         nan       nan       nan
       92       1360       0   0.000  0.000      0       nan           nan         nan         nan       nan       nan
       92       1365       0   0.000  0.000      0       nan           nan         nan         nan       nan       nan
       92       1377       0   0.000  0.000      0       nan           nan         nan         nan       nan       nan
       92       1380       0   0.000  0.000      0       nan           nan         nan         nan       nan       nan
       92       1400       0   0.000  0.000      0       nan           nan         nan         nan       nan       nan
       92       1401       0   0.000  0.000      0       nan           nan         nan         nan       nan       nan
       92       1403       0   0.000  0.000      0       nan           nan         nan         nan       nan       nan
       92       1404       0   0.000  0.000      0       nan           nan         nan         nan       nan       nan
       92       1410       0   0.000  0.000      0       nan           nan         nan         nan       nan       nan
       92       1411       0   0.000  0.000      0       nan           nan         nan         nan       nan       nan
       92       1412       0   0.000  0.000      0       nan           nan         nan         nan       nan       nan
       92       1414       0   0.000  0.000      0       nan           nan         nan         nan       nan       nan
       92       1415       0   0.000  0.000      0       nan           nan         nan         nan       nan       nan
       92       1419       0   0.000  0.000      0       nan           nan         nan         nan       nan       nan
       92       1421       0   0.000  0.000      0       nan           nan         nan         nan       nan       nan
       92       1422       0   0.000  0.000      0       nan           nan         nan         nan       nan       nan
       92       1423       0   0.000  0.000      0       nan           nan         nan         nan       nan       nan
       92       1424       0   0.000  0.000      0       nan           nan         nan         nan       nan       nan
       92       1427       0   0.000  0.000      0       nan           nan         nan         nan       nan       nan
       92       1428       0   0.000  0.000      0       nan           nan         nan         nan       nan       nan
       92       1429       0   0.000  0.000      0       nan           nan         nan         nan       nan       nan
       92       1430       0   0.000  0.000      0       nan           nan         nan         nan       nan       nan
       92       1431       0   0.000  0.000      0       nan           nan         nan         nan       nan       nan
       92       1432       0   0.000  0.000      0       nan           nan         nan         nan       nan       nan
       92       1433       0   0.000  0.000      0       nan           nan         nan         nan       nan       nan
       92       1434       0   0.000  0.000      0       nan           nan         nan         nan       nan       nan
       92       1435       0   0.000  0.000      0       nan           nan         nan         nan       nan       nan
       92       1437       0   0.000  0.000      0       nan           nan         nan         nan       nan       nan
       93       1337       0   0.031  0.531   2072     1.542          10.0        10.0         0.0      53.8      83.0
       93       1440       0   0.023  0.038     80     1.682           0.0        10.0        10.0      53.8      32.0
       93       1436       0   0.015  0.251   1040     1.542           9.9        10.0         0.1      53.8      34.9
       93       1370       0   0.012  0.360   1080     1.414          20.0        10.0       170.0      53.8      76.1
       93       1352       0   0.010  0.375   1916     1.542          23.2        10.0       166.8      53.8      34.9
       93       1318       0   0.007  0.162   2076     2.000          10.0        10.0         0.0      53.8     107.6
       93       1320       0   0.004  0.190   1976     1.091          40.0        10.0       150.0      53.8      58.7
       93       1389       0   0.004  0.065    188     1.542          10.0        10.0        20.0      53.8      83.0
       93       1321       0   0.004  0.137   1876     1.189          30.0        10.0       160.0      53.8      64.0
       93       1366       0   0.002  0.054    156     2.000          10.0        10.0        20.0      53.8     107.6
       93       1420       0   0.002  0.144    336     1.542          40.0        10.0       150.0      53.8      34.9
       93       1382       0   0.002  0.078    248     1.682          20.0        10.0        30.0      53.8      90.5
       93       1316       0   0.002  0.079   2076     1.834          20.0        10.0       170.0      53.8      98.7
       93       1311       0   0.002  0.037   2076     1.834          10.0        10.0         0.0      53.8      98.7
       93       1397       0   0.002  0.104    360     1.297          50.0        10.0       140.0      53.8      41.5
       93       1310       0   0.001  0.068   2076     1.682          30.8        10.0       159.2      53.8      90.5
       93       1308       0   0.001  0.041   1916     1.091          30.0        10.0       160.0      53.8      58.7
       93       1328       0   0.000  0.015    136     1.091          30.0        10.0       160.0      53.8      49.4
       93       1402       0   0.000  0.015     44     1.000          40.0        10.0       150.0      53.8      53.8
       93       1307       0   0.000  0.000      0       nan           nan         nan         nan       nan       nan
       93       1309       0   0.000  0.000      0       nan           nan         nan         nan       nan       nan
       93       1312       0   0.000  0.000      0       nan           nan         nan         nan       nan       nan
       93       1313       0   0.000  0.000      0       nan           nan         nan         nan       nan       nan
       93       1314       0   0.000  0.000      0       nan           nan         nan         nan       nan       nan
       93       1315       0   0.000  0.000      0       nan           nan         nan         nan       nan       nan
       93       1317       0   0.000  0.000      0       nan           nan         nan         nan       nan       nan
       93       1319       0   0.000  0.000      0       nan           nan         nan         nan       nan       nan
       93       1322       0   0.000  0.000      0       nan           nan         nan         nan       nan       nan
       93       1323       0   0.000  0.000      0       nan           nan         nan         nan       nan       nan
       93       1324       0   0.000  0.000      0       nan           nan         nan         nan       nan       nan
       93       1325       0   0.000  0.000      0       nan           nan         nan         nan       nan       nan
       93       1326       0   0.000  0.000      0       nan           nan         nan         nan       nan       nan
       93       1327       0   0.000  0.000      0       nan           nan         nan         nan       nan       nan
       93       1329       0   0.000  0.000      0       nan           nan         nan         nan       nan       nan
       93       1330       0   0.000  0.000      0       nan           nan         nan         nan       nan       nan
       93       1331       0   0.000  0.000      0       nan           nan         nan         nan       nan       nan
       93       1332       0   0.000  0.000      0       nan           nan         nan         nan       nan       nan
       93       1333       0   0.000  0.000      0       nan           nan         nan         nan       nan       nan
       93       1334       0   0.000  0.000      0       nan           nan         nan         nan       nan       nan
       93       1335       0   0.000  0.000      0       nan           nan         nan         nan       nan       nan
       93       1336       0   0.000  0.000      0       nan           nan         nan         nan       nan       nan
       93       1338       0   0.000  0.000      0       nan           nan         nan         nan       nan       nan
       93       1339       0   0.000  0.000      0       nan           nan         nan         nan       nan       nan
       93       1340       0   0.000  0.000      0       nan           nan         nan         nan       nan       nan
       93       1341       0   0.000  0.000      0       nan           nan         nan         nan       nan       nan
       93       1342       0   0.000  0.000      0       nan           nan         nan         nan       nan       nan
       93       1343       0   0.000  0.000      0       nan           nan         nan         nan       nan       nan
       93       1344       0   0.000  0.000      0       nan           nan         nan         nan       nan       nan
       93       1345       0   0.000  0.000      0       nan           nan         nan         nan       nan       nan
       93       1346       0   0.000  0.000      0       nan           nan         nan         nan       nan       nan
       93       1347       0   0.000  0.000      0       nan           nan         nan         nan       nan       nan
       93       1348       0   0.000  0.000      0       nan           nan         nan         nan       nan       nan
       93       1349       0   0.000  0.000      0       nan           nan         nan         nan       nan       nan
       93       1350       0   0.000  0.000      0       nan           nan         nan         nan       nan       nan
       93       1351       0   0.000  0.000      0       nan           nan         nan         nan       nan       nan
       93       1353       0   0.000  0.000      0       nan           nan         nan         nan       nan       nan
       93       1354       0   0.000  0.000      0       nan           nan         nan         nan       nan       nan
       93       1355       0   0.000  0.000      0       nan           nan         nan         nan       nan       nan
       93       1356       0   0.000  0.000      0       nan           nan         nan         nan       nan       nan
       93       1357       0   0.000  0.000      0       nan           nan         nan         nan       nan       nan
       93       1358       0   0.000  0.000      0       nan           nan         nan         nan       nan       nan
       93       1359       0   0.000  0.000      0       nan           nan         nan         nan       nan       nan
       93       1360       0   0.000  0.000      0       nan           nan         nan         nan       nan       nan
       93       1361       0   0.000  0.000      0       nan           nan         nan         nan       nan       nan
       93       1362       0   0.000  0.000      0       nan           nan         nan         nan       nan       nan
       93       1363       0   0.000  0.000      0       nan           nan         nan         nan       nan       nan
       93       1364       0   0.000  0.000      0       nan           nan         nan         nan       nan       nan
       93       1365       0   0.000  0.000      0       nan           nan         nan         nan       nan       nan
       93       1367       0   0.000  0.000      0       nan           nan         nan         nan       nan       nan
       93       1368       0   0.000  0.000      0       nan           nan         nan         nan       nan       nan
       93       1369       0   0.000  0.000      0       nan           nan         nan         nan       nan       nan
       93       1371       0   0.000  0.000      0       nan           nan         nan         nan       nan       nan
       93       1372       0   0.000  0.000      0       nan           nan         nan         nan       nan       nan
       93       1373       0   0.000  0.000      0       nan           nan         nan         nan       nan       nan
       93       1374       0   0.000  0.000      0       nan           nan         nan         nan       nan       nan
       93       1375       0   0.000  0.000      0       nan           nan         nan         nan       nan       nan
       93       1376       0   0.000  0.000      0       nan           nan         nan         nan       nan       nan
       93       1377       0   0.000  0.000      0       nan           nan         nan         nan       nan       nan
       93       1378       0   0.000  0.000      0       nan           nan         nan         nan       nan       nan
       93       1379       0   0.000  0.000      0       nan           nan         nan         nan       nan       nan
       93       1380       0   0.000  0.000      0       nan           nan         nan         nan       nan       nan
       93       1381       0   0.000  0.000      0       nan           nan         nan         nan       nan       nan
       93       1383       0   0.000  0.000      0       nan           nan         nan         nan       nan       nan
       93       1384       0   0.000  0.000      0       nan           nan         nan         nan       nan       nan
       93       1385       0   0.000  0.000      0       nan           nan         nan         nan       nan       nan
       93       1386       0   0.000  0.000      0       nan           nan         nan         nan       nan       nan
       93       1387       0   0.000  0.000      0       nan           nan         nan         nan       nan       nan
       93       1388       0   0.000  0.000      0       nan           nan         nan         nan       nan       nan
       93       1390       0   0.000  0.000      0       nan           nan         nan         nan       nan       nan
       93       1391       0   0.000  0.000      0       nan           nan         nan         nan       nan       nan
       93       1392       0   0.000  0.000      0       nan           nan         nan         nan       nan       nan
       93       1393       0   0.000  0.000      0       nan           nan         nan         nan       nan       nan
       93       1394       0   0.000  0.000      0       nan           nan         nan         nan       nan       nan
       93       1395       0   0.000  0.000      0       nan           nan         nan         nan       nan       nan
       93       1396       0   0.000  0.000      0       nan           nan         nan         nan       nan       nan
       93       1398       0   0.000  0.000      0       nan           nan         nan         nan       nan       nan
       93       1399       0   0.000  0.000      0       nan           nan         nan         nan       nan       nan
       93       1400       0   0.000  0.000      0       nan           nan         nan         nan       nan       nan
       93       1401       0   0.000  0.000      0       nan           nan         nan         nan       nan       nan
       93       1403       0   0.000  0.000      0       nan           nan         nan         nan       nan       nan
       93       1404       0   0.000  0.000      0       nan           nan         nan         nan       nan       nan
       93       1405       0   0.000  0.000      0       nan           nan         nan         nan       nan       nan
       93       1406       0   0.000  0.000      0       nan           nan         nan         nan       nan       nan
       93       1407       0   0.000  0.000      0       nan           nan         nan         nan       nan       nan
       93       1408       0   0.000  0.000      0       nan           nan         nan         nan       nan       nan
       93       1409       0   0.000  0.000      0       nan           nan         nan         nan       nan       nan
       93       1410       0   0.000  0.000      0       nan           nan         nan         nan       nan       nan
       93       1411       0   0.000  0.000      0       nan           nan         nan         nan       nan       nan
       93       1412       0   0.000  0.000      0       nan           nan         nan         nan       nan       nan
       93       1413       0   0.000  0.000      0       nan           nan         nan         nan       nan       nan
       93       1414       0   0.000  0.000      0       nan           nan         nan         nan       nan       nan
       93       1415       0   0.000  0.000      0       nan           nan         nan         nan       nan       nan
       93       1416       0   0.000  0.000      0       nan           nan         nan         nan       nan       nan
       93       1417       0   0.000  0.000      0       nan           nan         nan         nan       nan       nan
       93       1418       0   0.000  0.000      0       nan           nan         nan         nan       nan       nan
       93       1419       0   0.000  0.000      0       nan           nan         nan         nan       nan       nan
       93       1421       0   0.000  0.000      0       nan           nan         nan         nan       nan       nan
       93       1422       0   0.000  0.000      0       nan           nan         nan         nan       nan       nan
       93       1423       0   0.000  0.000      0       nan           nan         nan         nan       nan       nan
       93       1424       0   0.000  0.000      0       nan           nan         nan         nan       nan       nan
       93       1425       0   0.000  0.000      0       nan           nan         nan         nan       nan       nan
       93       1426       0   0.000  0.000      0       nan           nan         nan         nan       nan       nan
       93       1427       0   0.000  0.000      0       nan           nan         nan         nan       nan       nan
       93       1428       0   0.000  0.000      0       nan           nan         nan         nan       nan       nan
       93       1429       0   0.000  0.000      0       nan           nan         nan         nan       nan       nan
       93       1430       0   0.000  0.000      0       nan           nan         nan         nan       nan       nan
       93       1431       0   0.000  0.000      0       nan           nan         nan         nan       nan       nan
       93       1432       0   0.000  0.000      0       nan           nan         nan         nan       nan       nan
       93       1433       0   0.000  0.000      0       nan           nan         nan         nan       nan       nan
       93       1434       0   0.000  0.000      0       nan           nan         nan         nan       nan       nan
       93       1435       0   0.000  0.000      0       nan           nan         nan         nan       nan       nan
       93       1437       0   0.000  0.000      0       nan           nan         nan         nan       nan       nan
       93       1438       0   0.000  0.000      0       nan           nan         nan         nan       nan       nan
       93       1439       0   0.000  0.000      0       nan           nan         nan         nan       nan       nan
       94       1321       1   0.518  0.562  12540     1.000           0.1       163.2       163.1      64.0      64.0
       94       1308       1   0.182  0.390  19224     1.091           1.0       165.6       166.5      58.7      53.8
       94       1334       1   0.052  0.411   8800     1.091           6.2       163.4       157.2      64.0      69.8
       94       1335       1   0.051  0.136   3256     1.189           1.2       168.8       170.0      53.8      45.3
       94       1317       1   0.043  0.091   3980     1.091           0.9       169.1       170.0      53.8      49.4
       94       1439       0   0.028  0.046   1000     1.682           0.0       170.0       170.0      53.8      32.0
       94       1315       1   0.026  0.142   8044     1.189           3.7       167.6       163.9      53.8      45.3
       94       1385       1   0.025  0.171   4096     1.091           5.3       165.3       160.0      58.7      53.8
       94       1358       1   0.024  0.105   2244     1.091           3.0       167.0       170.0      53.8      58.7
       94       1309       1   0.020  0.325  17316     1.091          14.2       166.7         0.9      58.7      53.8
       94       1398       0   0.014  0.124   2680     1.542           5.0       165.0       170.0      58.7      38.1
       94       1338       0   0.013  0.316   6784     1.000          22.8       167.2        10.0      58.7      58.7
       94       1313       1   0.013  0.231  11176     1.189          13.9       166.1         0.0      53.8      45.3
       94       1327       0   0.013  0.443  12796     1.542          21.9       166.2         8.1      53.8      83.0
       94       1426       0   0.012  0.027    588     2.378           0.0       170.0       170.0      53.8      22.6
       94       1312       0   0.011  0.024   1156     2.181           0.0       170.0       170.0      53.8     117.4
       94       1391       0   0.011  0.049   1148     1.542           1.9       170.0       168.1      53.8      34.9
       94       1310       0   0.011  0.241  10060     1.189          18.2       165.0       146.8      58.7      69.8
       94       1326       0   0.010  0.212   9480     1.414          13.9       166.1         0.0      53.8      76.1
       94       1316       0   0.010  0.122   5192     1.682           6.3       163.7       170.0      64.0     107.6
       94       1320       1   0.010  0.128   3588     1.091          11.0       161.0       150.0      64.0      58.7
       94       1311       0   0.009  0.209  13452     1.542          14.7       165.7         0.4      58.7      90.5
       94       1342       0   0.008  0.288   6152     1.297          26.8       165.8       139.0      58.7      76.1
       94       1324       0   0.008  0.128   3644     1.297          11.9       168.1         0.0      53.8      69.8
       94       1364       0   0.007  0.165   3584     1.414          14.6       165.4         0.0      53.8      38.1
       94       1352       0   0.007  0.091   2204     1.834           5.7       160.2       166.0      64.0      34.9
       94       1307       0   0.005  0.120   8780     1.189          20.5       168.2         8.7      53.8      45.3
       94       1328       0   0.005  0.006    168     1.297           0.0       160.0       160.0      64.0      49.4
       94       1362       0   0.005  0.163   3484     1.000          34.9       168.3       133.4      58.7      58.7
       94       1330       0   0.005  0.173   6672     1.542          23.9       169.0        12.9      53.8      34.9
       94       1337       0   0.004  0.110   2500     1.297          19.8       160.2         0.0      64.0      83.0
       94       1354       0   0.003  0.195   4236     2.181          25.4       165.7        11.2      58.7      26.9
       94       1370       0   0.003  0.043    968     1.189          10.0       160.0       170.0      64.0      76.1
       94       1406       0   0.003  0.040    920     1.297          10.0       170.0       160.0      49.4      38.1
       94       1345       0   0.003  0.106   2272     2.000          18.4       161.6         0.0      64.0      32.0
       94       1372       0   0.003  0.117   2512     1.414          30.4       160.4       130.0      64.0      90.5
       94       1367       0   0.003  0.048   1024     1.091          15.7       164.3         0.0      64.0      69.8
       94       1318       0   0.003  0.090   2828     1.682          19.7       160.3         0.0      64.0     107.6
       94       1383       0   0.002  0.077   1656     1.414          23.1       163.1       140.0      64.0      90.5
       94       1319       0   0.002  0.003     96     1.189           0.0       170.0       170.0      49.4      58.7
       94       1336       0   0.002  0.063   1352     1.091          25.9       164.1        10.0      64.0      58.7
       94       1347       0   0.002  0.217   4672     1.682          69.1       160.9        50.0      64.0     107.6
       94       1373       0   0.002  0.089   1908     1.834          27.2       162.8        10.0      64.0      34.9
       94       1409       0   0.002  0.050   1508     2.000          13.9       170.0         3.9      53.8      26.9
       94       1351       0   0.002  0.019    480     1.542           6.8       170.0       163.2      49.4      76.1
       94       1355       0   0.002  0.041    880     2.378          10.0       170.0         0.0      53.8      22.6
       94       1436       0   0.001  0.062   1440     2.000          20.0       160.0         0.0      64.0      32.0
       94       1387       0   0.001  0.078   1660     1.414          36.6       163.4        20.0      64.0      90.5
       94       1420       0   0.001  0.027    588     1.834          10.0       160.0       150.0      64.0      34.9
       94       1418       0   0.001  0.064   1360     1.189          38.6       161.4        20.0      64.0      76.1
       94       1399       0   0.001  0.015    328     1.297           8.4       161.6       170.0      64.0      83.0
       94       1386       0   0.001  0.061   1304     2.378          20.0       170.0        10.0      53.8      22.6
       94       1405       0   0.001  0.111   2480     1.834          59.0       164.6        43.7      64.0      34.9
       94       1376       0   0.001  0.036    776     2.594          15.9       170.0         5.9      53.8      20.7
       94       1381       0   0.001  0.038    812     1.542          30.7       160.7       130.0      64.0      98.7
       94       1394       0   0.001  0.016    332     1.091          18.5       168.5       150.0      49.4      53.8
       94       1388       0   0.001  0.032   1100     2.181          20.0       170.0        10.0      53.8      24.7
       94       1363       0   0.000  0.041    884     2.181          38.0       162.0        20.0      64.0      29.3
       94       1350       0   0.000  0.014    300     1.414          20.0       160.0         0.0      64.0      45.3
       94       1357       0   0.000  0.021    448     1.682          27.6       160.0         7.6      64.0      38.1
       94       1393       0   0.000  0.008    176     1.682          10.0       170.0       160.0      49.4      83.0
       94       1368       0   0.000  0.013    288     2.181          15.1       164.9         0.0      64.0      29.3
       94       1371       0   0.000  0.030    768     1.189          70.7       169.3        60.0      49.4      41.5
       94       1397       0   0.000  0.011    256     1.542          21.5       161.5       140.0      64.0      41.5
       94       1402       0   0.000  0.003     76     1.189          10.0       160.0       150.0      64.0      53.8
       94       1389       0   0.000  0.008    176     1.297          40.0       160.0        20.0      64.0      83.0
       94       1382       0   0.000  0.010    216     1.414          50.0       160.0        30.0      64.0      90.5
       94       1366       0   0.000  0.008    168     1.682          40.0       160.0        20.0      64.0     107.6
       94       1392       0   0.000  0.003     56     1.000          30.0       170.0        20.0      45.3      45.3
       94       1407       0   0.000  0.002     52     1.414          40.0       160.0       120.0      64.0      90.5
       94       1408       0   0.000  0.002     40     1.414          60.0       160.0        40.0      64.0      90.5
       94       1440       0   0.000  0.000      4     1.834          20.0       170.0        10.0      58.7      32.0
       94       1314       0   0.000  0.000      0       nan           nan         nan         nan       nan       nan
       94       1322       0   0.000  0.000      0       nan           nan         nan         nan       nan       nan
       94       1323       0   0.000  0.000      0       nan           nan         nan         nan       nan       nan
       94       1325       0   0.000  0.000      0       nan           nan         nan         nan       nan       nan
       94       1329       0   0.000  0.000      0       nan           nan         nan         nan       nan       nan
       94       1331       0   0.000  0.000      0       nan           nan         nan         nan       nan       nan
       94       1332       0   0.000  0.000      0       nan           nan         nan         nan       nan       nan
       94       1333       0   0.000  0.000      0       nan           nan         nan         nan       nan       nan
       94       1339       0   0.000  0.000      0       nan           nan         nan         nan       nan       nan
       94       1340       0   0.000  0.000      0       nan           nan         nan         nan       nan       nan
       94       1341       0   0.000  0.000      0       nan           nan         nan         nan       nan       nan
       94       1343       0   0.000  0.000      0       nan           nan         nan         nan       nan       nan
       94       1344       0   0.000  0.000      0       nan           nan         nan         nan       nan       nan
       94       1346       0   0.000  0.000      0       nan           nan         nan         nan       nan       nan
       94       1348       0   0.000  0.000      0       nan           nan         nan         nan       nan       nan
       94       1349       0   0.000  0.000      0       nan           nan         nan         nan       nan       nan
       94       1353       0   0.000  0.000      0       nan           nan         nan         nan       nan       nan
       94       1356       0   0.000  0.000      0       nan           nan         nan         nan       nan       nan
       94       1359       0   0.000  0.000      0       nan           nan         nan         nan       nan       nan
       94       1360       0   0.000  0.000      0       nan           nan         nan         nan       nan       nan
       94       1361       0   0.000  0.000      0       nan           nan         nan         nan       nan       nan
       94       1365       0   0.000  0.000      0       nan           nan         nan         nan       nan       nan
       94       1369       0   0.000  0.000      0       nan           nan         nan         nan       nan       nan
       94       1374       0   0.000  0.000      0       nan           nan         nan         nan       nan       nan
       94       1375       0   0.000  0.000      0       nan           nan         nan         nan       nan       nan
       94       1377       0   0.000  0.000      0       nan           nan         nan         nan       nan       nan
       94       1378       0   0.000  0.000      0       nan           nan         nan         nan       nan       nan
       94       1379       0   0.000  0.000      0       nan           nan         nan         nan       nan       nan
       94       1380       0   0.000  0.000      0       nan           nan         nan         nan       nan       nan
       94       1384       0   0.000  0.000      0       nan           nan         nan         nan       nan       nan
       94       1390       0   0.000  0.000      0       nan           nan         nan         nan       nan       nan
       94       1395       0   0.000  0.000      0       nan           nan         nan         nan       nan       nan
       94       1396       0   0.000  0.000      0       nan           nan         nan         nan       nan       nan
       94       1400       0   0.000  0.000      0       nan           nan         nan         nan       nan       nan
       94       1401       0   0.000  0.000      0       nan           nan         nan         nan       nan       nan
       94       1403       0   0.000  0.000      0       nan           nan         nan         nan       nan       nan
       94       1404       0   0.000  0.000      0       nan           nan         nan         nan       nan       nan
       94       1410       0   0.000  0.000      0       nan           nan         nan         nan       nan       nan
       94       1411       0   0.000  0.000      0       nan           nan         nan         nan       nan       nan
       94       1412       0   0.000  0.000      0       nan           nan         nan         nan       nan       nan
       94       1413       0   0.000  0.000      0       nan           nan         nan         nan       nan       nan
       94       1414       0   0.000  0.000      0       nan           nan         nan         nan       nan       nan
       94       1415       0   0.000  0.000      0       nan           nan         nan         nan       nan       nan
       94       1416       0   0.000  0.000      0       nan           nan         nan         nan       nan       nan
       94       1417       0   0.000  0.000      0       nan           nan         nan         nan       nan       nan
       94       1419       0   0.000  0.000      0       nan           nan         nan         nan       nan       nan
       94       1421       0   0.000  0.000      0       nan           nan         nan         nan       nan       nan
       94       1422       0   0.000  0.000      0       nan           nan         nan         nan       nan       nan
       94       1423       0   0.000  0.000      0       nan           nan         nan         nan       nan       nan
       94       1424       0   0.000  0.000      0       nan           nan         nan         nan       nan       nan
       94       1425       0   0.000  0.000      0       nan           nan         nan         nan       nan       nan
       94       1427       0   0.000  0.000      0       nan           nan         nan         nan       nan       nan
       94       1428       0   0.000  0.000      0       nan           nan         nan         nan       nan       nan
       94       1429       0   0.000  0.000      0       nan           nan         nan         nan       nan       nan
       94       1430       0   0.000  0.000      0       nan           nan         nan         nan       nan       nan
       94       1431       0   0.000  0.000      0       nan           nan         nan         nan       nan       nan
       94       1432       0   0.000  0.000      0       nan           nan         nan         nan       nan       nan
       94       1433       0   0.000  0.000      0       nan           nan         nan         nan       nan       nan
       94       1434       0   0.000  0.000      0       nan           nan         nan         nan       nan       nan
       94       1435       0   0.000  0.000      0       nan           nan         nan         nan       nan       nan
       94       1437       0   0.000  0.000      0       nan           nan         nan         nan       nan       nan
       94       1438       0   0.000  0.000      0       nan           nan         nan         nan       nan       nan
       95       1310       0   0.047  0.733  29196     1.297          11.1       136.3       147.4     117.4      90.5
       95       1331       1   0.044  0.173   6700     1.091           2.6       136.0       138.6     117.4     107.6
       95       1322       1   0.032  0.278  10908     1.000           7.6       141.7       149.3     117.4     117.4
       95       1340       1   0.031  0.173   6712     1.000           4.5       134.5       130.0     117.4     117.4
       95       1342       1   0.027  0.159   6152     1.091           4.4       143.4       139.0      83.0      76.1
       95       1316       0   0.017  0.551  23092     1.091          29.5       134.9       164.4     117.4     107.6
       95       1334       0   0.009  0.169   6868     1.189          15.3       140.5       155.7      83.0      69.8
       95       1311       0   0.008  0.449  29520     1.189          49.1       131.1         0.1     117.4      98.7
       95       1383       0   0.007  0.043   1656     1.091           4.3       144.3       140.0      83.0      90.5
       95       1372       1   0.006  0.065   2508     1.091           8.4       138.4       130.0      83.0      90.5
       95       1399       0   0.006  0.008    328     1.414           0.0       170.0       170.0     117.4      83.0
       95       1321       0   0.006  0.294  11844     1.834          25.7       137.5       163.3     117.4      64.0
       95       1318       0   0.006  0.331  12820     1.091          50.7       129.3         0.0     117.4     107.6
       95       1362       0   0.006  0.090   3484     1.414           9.8       143.2       133.4      83.0      58.7
       95       1308       0   0.006  0.377  23488     2.000          31.4       134.2       165.6     107.6      53.8
       95       1326       0   0.006  0.391  20088     1.542          44.1       135.9         0.0     117.4      76.1
       95       1320       0   0.006  0.267  10316     2.594          17.7       132.3       150.0     117.4      45.3
       95       1327       0   0.005  0.385  16400     1.297          54.7       131.0         5.7     107.6      83.0
       95       1309       0   0.004  0.396  24956     2.000          43.4       136.9         0.3     107.6      53.8
       95       1328       0   0.004  0.178   6944     2.181          19.5       135.3       154.8     117.4      53.8
       95       1426       0   0.003  0.015    588     5.187           0.0       170.0       170.0     117.4      22.6
       95       1381       0   0.002  0.021    808     1.189           8.0       138.0       130.0      83.0      98.7
       95       1385       0   0.002  0.119   4808     1.834          34.2       125.8       160.0      98.7      53.8
       95       1369       0   0.002  0.043   1748     1.297          17.0       143.0       160.0     117.4      90.5
       95       1307       0   0.002  0.248  19684     2.594          53.6       132.9         6.5     117.4      45.3
       95       1338       0   0.002  0.164   6420     1.682          62.6       127.4        10.0      98.7      58.7
       95       1315       0   0.001  0.133   9632     2.378          36.8       125.1       161.9     107.6      45.3
       95       1413       0   0.001  0.030   1144     2.000           9.3       129.3       120.0     117.4      58.7
       95       1313       0   0.001  0.173  11316     2.378          50.2       129.8         0.0     107.6      45.3
       95       1330       0   0.001  0.285  13864     3.084          64.6       126.8        11.4     107.6      34.9
       95       1337       0   0.001  0.101   3900     1.414          51.0       129.2         0.2     117.4      83.0
       95       1397       0   0.001  0.045   1748     2.828          12.1       127.9       140.0     117.4      41.5
       95       1335       0   0.001  0.119   4732     2.378          46.2       123.8       170.0     107.6      45.3
       95       1352       0   0.001  0.128   4952     3.364          35.2       129.7       164.9     117.4      34.9
       95       1343       0   0.001  0.092   3620     2.378          36.1       143.9         0.0     117.4      49.4
       95       1367       0   0.001  0.026   1024     1.682          14.5       165.5         0.0     117.4      69.8
       95       1379       0   0.001  0.059   2284     1.682          36.1       126.1        90.0     117.4      69.8
       95       1409       0   0.001  0.227   9032     4.362          56.2       128.0         4.3     117.4      26.9
       95       1312       0   0.001  0.038   2440     1.091          41.9       128.1       170.0     107.6     117.4
       95       1370       0   0.001  0.052   2000     1.542          40.0       130.0       170.0     117.4      76.1
       95       1333       0   0.001  0.080   3192     2.181          47.2       142.8        10.0     117.4      53.8
       95       1319       0   0.001  0.039   2000     2.000          24.8       145.0       169.8     117.4      58.7
       95       1375       0   0.001  0.093   3604     3.668          33.0       134.5       167.5     117.4      32.0
       95       1351       0   0.001  0.046   1852     1.414          42.3       125.1       167.4     107.6      76.1
       95       1425       0   0.001  0.016    620     2.181          10.4       129.6       140.0     117.4      53.8
       95       1406       0   0.001  0.067   2608     2.828          38.8       121.2       160.0     107.6      38.1
       95       1336       0   0.001  0.032   1236     2.000          26.0       164.0        10.0     117.4      58.7
       95       1347       0   0.001  0.069   2804     1.297          89.8       139.8        50.0      83.0     107.6
       95       1324       0   0.001  0.050   2372     1.542          57.2       122.8         0.0     107.6      69.8
       95       1387       0   0.001  0.038   1488     1.091          65.8       134.2        20.0      83.0      90.5
       95       1391       0   0.001  0.084   3248     3.364          46.5       122.4       168.9     107.6      32.0
       95       1364       0   0.001  0.053   2140     2.181          46.2       133.8         0.0      83.0      38.1
       95       1418       0   0.001  0.035   1360     1.091          63.4       136.6        20.0      83.0      76.1
       95       1345       0   0.000  0.040   1560     2.594          30.4       149.6         0.0      83.0      32.0
       95       1398       0   0.000  0.038   1532     2.181          35.1       134.9       170.0      83.0      38.1
       95       1402       0   0.000  0.024    940     2.378          21.0       129.0       150.0     117.4      49.4
       95       1371       0   0.000  0.082   3284     2.594          69.4       126.5        57.1     107.6      41.5
       95       1436       0   0.000  0.080   3108     3.364          52.7       128.8         1.4     117.4      34.9
       95       1373       0   0.000  0.040   1552     2.378          36.7       153.3        10.0      83.0      34.9
       95       1417       0   0.000  0.024    920     1.834          30.0       130.0       160.0     117.4      64.0
       95       1358       0   0.000  0.031   1228     1.834          41.6       128.4       170.0     107.6      58.7
       95       1346       0   0.000  0.015    628     3.364          10.0       160.0       170.0     117.4      34.9
       95       1355       0   0.000  0.023    880     5.187          10.4       169.6         0.0     117.4      22.6
       95       1354       0   0.000  0.066   2692     3.084          60.5       130.7        11.2      83.0      26.9
       95       1393       0   0.000  0.018    696     1.297          40.0       120.0       160.0     107.6      83.0
       95       1382       0   0.000  0.034   1332     1.297          80.4       129.6        30.0     117.4      90.5
       95       1366       0   0.000  0.025    960     1.091          70.0       130.0        20.0     117.4     107.6
       95       1405       0   0.000  0.078   3040     3.084          84.0       124.7        40.8     107.6      34.9
       95       1317       0   0.000  0.030   1924     2.181          47.6       122.4       170.0     107.6      49.4
       95       1388       0   0.000  0.077   3748     4.362          66.1       123.9        10.0     107.6      24.7
       95       1389       0   0.000  0.025    984     1.414          70.0       130.0        20.0     117.4      83.0
       95       1407       0   0.000  0.001     52     1.091           4.5       124.5       120.0      98.7      90.5
       95       1420       0   0.000  0.015    588     3.364          20.0       130.0       150.0     117.4      34.9
       95       1376       0   0.000  0.020    776     5.657          15.9       170.0         5.9     117.4      20.7
       95       1384       0   0.000  0.029   1148     6.169          22.9       157.1         0.0     117.4      19.0
       95       1394       0   0.000  0.009    332     2.181          20.0       170.0       150.0     117.4      53.8
       95       1428       0   0.000  0.013    496     1.834          36.4       133.6       170.0     117.4      64.0
       95       1329       0   0.000  0.009    456     4.000          12.2       157.8       170.0     117.4      29.3
       95       1368       0   0.000  0.007    288     4.000          11.1       168.9         0.0     117.4      29.3
       95       1363       0   0.000  0.018    712     4.000          33.6       166.4        20.0     117.4      29.3
       95       1348       0   0.000  0.021    940     3.364          80.0       160.0        60.0     117.4      34.9
       95       1386       0   0.000  0.017    660     4.757          70.0       120.0        10.0     107.6      22.6
       95       1357       0   0.000  0.002     96     3.084          20.0       170.0        10.0     117.4      38.1
       95       1439       0   0.000  0.005    184     3.364          50.0       120.0       170.0     107.6      32.0
       95       1392       0   0.000  0.001     56     2.594          30.0       170.0        20.0     117.4      45.3
       95       1408       0   0.000  0.001     36     1.091          80.0       140.0        40.0      83.0      90.5
       95       1440       0   0.000  0.002     84     3.668          69.1       120.9        10.0     117.4      32.0
       95       1350       0   0.000  0.000      8     2.594          10.0       170.0         0.0     117.4      45.3
       95       1314       0   0.000  0.000      0       nan           nan         nan         nan       nan       nan
       95       1323       0   0.000  0.000      0       nan           nan         nan         nan       nan       nan
       95       1325       0   0.000  0.000      0       nan           nan         nan         nan       nan       nan
       95       1332       0   0.000  0.000      0       nan           nan         nan         nan       nan       nan
       95       1339       0   0.000  0.000      0       nan           nan         nan         nan       nan       nan
       95       1341       0   0.000  0.000      0       nan           nan         nan         nan       nan       nan
       95       1344       0   0.000  0.000      0       nan           nan         nan         nan       nan       nan
       95       1349       0   0.000  0.000      0       nan           nan         nan         nan       nan       nan
       95       1353       0   0.000  0.000      0       nan           nan         nan         nan       nan       nan
       95       1356       0   0.000  0.000      0       nan           nan         nan         nan       nan       nan
       95       1359       0   0.000  0.000      0       nan           nan         nan         nan       nan       nan
       95       1360       0   0.000  0.000      0       nan           nan         nan         nan       nan       nan
       95       1361       0   0.000  0.000      0       nan           nan         nan         nan       nan       nan
       95       1365       0   0.000  0.000      0       nan           nan         nan         nan       nan       nan
       95       1374       0   0.000  0.000      0       nan           nan         nan         nan       nan       nan
       95       1377       0   0.000  0.000      0       nan           nan         nan         nan       nan       nan
       95       1378       0   0.000  0.000      0       nan           nan         nan         nan       nan       nan
       95       1380       0   0.000  0.000      0       nan           nan         nan         nan       nan       nan
       95       1390       0   0.000  0.000      0       nan           nan         nan         nan       nan       nan
       95       1395       0   0.000  0.000      0       nan           nan         nan         nan       nan       nan
       95       1396       0   0.000  0.000      0       nan           nan         nan         nan       nan       nan
       95       1400       0   0.000  0.000      0       nan           nan         nan         nan       nan       nan
       95       1401       0   0.000  0.000      0       nan           nan         nan         nan       nan       nan
       95       1403       0   0.000  0.000      0       nan           nan         nan         nan       nan       nan
       95       1404       0   0.000  0.000      0       nan           nan         nan         nan       nan       nan
       95       1410       0   0.000  0.000      0       nan           nan         nan         nan       nan       nan
       95       1411       0   0.000  0.000      0       nan           nan         nan         nan       nan       nan
       95       1412       0   0.000  0.000      0       nan           nan         nan         nan       nan       nan
       95       1414       0   0.000  0.000      0       nan           nan         nan         nan       nan       nan
       95       1415       0   0.000  0.000      0       nan           nan         nan         nan       nan       nan
       95       1416       0   0.000  0.000      0       nan           nan         nan         nan       nan       nan
       95       1419       0   0.000  0.000      0       nan           nan         nan         nan       nan       nan
       95       1421       0   0.000  0.000      0       nan           nan         nan         nan       nan       nan
       95       1422       0   0.000  0.000      0       nan           nan         nan         nan       nan       nan
       95       1423       0   0.000  0.000      0       nan           nan         nan         nan       nan       nan
       95       1424       0   0.000  0.000      0       nan           nan         nan         nan       nan       nan
       95       1427       0   0.000  0.000      0       nan           nan         nan         nan       nan       nan
       95       1429       0   0.000  0.000      0       nan           nan         nan         nan       nan       nan
       95       1430       0   0.000  0.000      0       nan           nan         nan         nan       nan       nan
       95       1431       0   0.000  0.000      0       nan           nan         nan         nan       nan       nan
       95       1432       0   0.000  0.000      0       nan           nan         nan         nan       nan       nan
       95       1433       0   0.000  0.000      0       nan           nan         nan         nan       nan       nan
       95       1434       0   0.000  0.000      0       nan           nan         nan         nan       nan       nan
       95       1435       0   0.000  0.000      0       nan           nan         nan         nan       nan       nan
       95       1437       0   0.000  0.000      0       nan           nan         nan         nan       nan       nan
       95       1438       0   0.000  0.000      0       nan           nan         nan         nan       nan       nan
       96       1342       1   0.110  0.239   6152     1.091           1.0       140.0       139.0      69.8      76.1
       96       1310       1   0.083  0.560  20108     1.000           5.7       140.4       146.2      69.8      69.8
       96       1383       0   0.050  0.064   1656     1.297           0.0       140.0       140.0      69.8      90.5
       96       1397       0   0.037  0.068   1748     1.682           0.1       140.1       140.0      69.8      41.5
       96       1331       0   0.034  0.164   4568     1.682           1.9       140.0       138.1      64.0     107.6
       96       1320       0   0.024  0.368   9680     1.542           9.1       140.9       150.0      69.8      45.3
       96       1425       0   0.019  0.024    620     1.297           0.0       140.0       140.0      69.8      53.8
       96       1321       0   0.018  0.452  12188     1.091          22.5       140.7       163.2      69.8      64.0
       96       1334       1   0.015  0.239   6648     1.000          14.4       140.0       154.4      69.8      69.8
       96       1362       1   0.015  0.136   3484     1.189           6.6       140.0       133.4      69.8      58.7
       96       1328       1   0.012  0.207   5632     1.189          13.8       140.0       153.8      64.0      53.8
       96       1308       0   0.011  0.347  18744     1.297          24.0       140.4       164.4      69.8      53.8
       96       1420       0   0.009  0.023    588     1.834           0.4       149.6       150.0      64.0      34.9
       96       1316       0   0.009  0.377  14228     1.542          26.5       140.6       167.1      69.8     107.6
       96       1340       0   0.009  0.173   4768     1.834          10.0       140.0       130.0      64.0     117.4
       96       1318       0   0.007  0.427  11516     1.542          39.5       140.5         0.0      69.8     107.6
       96       1322       0   0.006  0.112   3736     2.000           7.9       140.0       147.9      58.7     117.4
       96       1372       0   0.006  0.085   2204     1.297          10.0       140.0       130.0      69.8      90.5
       96       1311       0   0.005  0.302  19068     1.414          39.6       140.4         0.0      69.8      98.7
       96       1309       0   0.004  0.235  14272     1.297          40.9       140.0         0.9      69.8      53.8
       96       1352       0   0.004  0.193   4952     2.000          23.6       141.3       164.9      69.8      34.9
       96       1327       0   0.004  0.204   7780     1.189          48.0       140.0         8.0      69.8      83.0
       96       1326       0   0.003  0.149   7576     1.091          40.0       140.0         0.0      69.8      76.1
       96       1337       0   0.003  0.152   3900     1.189          38.4       141.8         0.2      69.8      83.0
       96       1338       0   0.003  0.169   4696     1.189          50.0       140.0        10.0      69.8      58.7
       96       1375       0   0.002  0.131   3384     1.834          28.0       140.0       168.0      58.7      32.0
       96       1385       0   0.002  0.067   2024     1.297          20.0       140.0       160.0      69.8      53.8
       96       1402       0   0.002  0.037    940     1.414          10.0       140.0       150.0      69.8      49.4
       96       1370       0   0.002  0.078   2000     1.091          30.0       140.0       170.0      69.8      76.1
       96       1413       0   0.002  0.045   1144     1.189          20.0       140.0       120.0      69.8      58.7
       96       1335       0   0.002  0.082   2380     1.542          30.0       140.0       170.0      69.8      45.3
       96       1379       0   0.002  0.083   2140     1.000          50.0       140.0        90.0      69.8      69.8
       96       1417       0   0.002  0.036    920     1.091          20.0       140.0       160.0      58.7      64.0
       96       1313       0   0.002  0.099   5740     1.542          40.0       140.0         0.0      69.8      45.3
       96       1381       0   0.002  0.024    612     1.414          10.0       140.0       130.0      69.8      98.7
       96       1436       0   0.001  0.121   3108     2.000          41.4       140.0         1.4      69.8      34.9
       96       1315       0   0.001  0.045   2952     1.414          21.8       140.0       161.8      69.8      49.4
       96       1343       0   0.001  0.067   1872     1.189          40.0       140.0         0.0      58.7      49.4
       96       1330       0   0.001  0.132   5756     2.000          47.9       140.0         7.9      69.8      34.9
       96       1333       0   0.001  0.069   1928     1.000          50.0       140.0        10.0      58.7      58.7
       96       1409       0   0.001  0.131   4136     2.378          40.6       140.0         0.6      64.0      26.9
       96       1307       0   0.001  0.091   7140     1.542          45.0       140.0         5.0      69.8      45.3
       96       1367       0   0.001  0.040   1024     1.000          40.0       140.0         0.0      69.8      69.8
       96       1345       0   0.001  0.084   2164     2.181          40.0       140.0         0.0      69.8      32.0
       96       1394       0   0.001  0.013    332     1.297          10.0       140.0       150.0      69.8      53.8
       96       1347       0   0.001  0.126   3412     1.542          90.0       140.0        50.0      69.8     107.6
       96       1336       0   0.001  0.053   1352     1.189          50.0       140.0        10.0      69.8      58.7
       96       1373       0   0.001  0.071   1840     2.000          50.0       140.0        10.0      69.8      34.9
       96       1364       0   0.001  0.049   1372     1.834          40.0       140.0         0.0      69.8      38.1
       96       1398       0   0.001  0.036   1004     1.834          30.0       140.0       170.0      69.8      38.1
       96       1418       0   0.001  0.040   1036     1.091          60.0       140.0        20.0      69.8      76.1
       96       1391       0   0.001  0.036    996     2.000          29.9       140.0       169.9      69.8      34.9
       96       1428       0   0.001  0.019    496     1.091          30.0       140.0       170.0      58.7      64.0
       96       1382       0   0.001  0.052   1332     1.297          70.0       140.0        30.0      69.8      90.5
       96       1389       0   0.001  0.038    984     1.189          60.0       140.0        20.0      69.8      83.0
       96       1387       0   0.000  0.034    904     1.297          60.0       140.0        20.0      69.8      90.5
       96       1406       0   0.000  0.017    460     1.834          20.0       140.0       160.0      69.8      38.1
       96       1358       0   0.000  0.014    388     1.091          30.0       140.0       170.0      69.8      64.0
       96       1366       0   0.000  0.037    960     1.542          60.0       140.0        20.0      69.8     107.6
       96       1399       0   0.000  0.013    328     1.189          30.0       140.0       170.0      69.8      83.0
       96       1354       0   0.000  0.046   1336     2.594          54.3       140.0        14.3      69.8      26.9
       96       1355       0   0.000  0.034    880     3.084          40.0       140.0         0.0      69.8      22.6
       96       1426       0   0.000  0.023    588     3.084          30.0       140.0       170.0      69.8      22.6
       96       1324       0   0.000  0.010    348     1.000          40.0       140.0         0.0      69.8      69.8
       96       1363       0   0.000  0.032    820     2.378          60.0       140.0        20.0      69.8      29.3
       96       1405       0   0.000  0.039   1088     2.181          88.0       140.0        48.0      69.8      32.0
       96       1388       0   0.000  0.028   1080     2.828          50.0       140.0        10.0      69.8      24.7
       96       1376       0   0.000  0.030    776     3.364          45.9       140.0         5.9      69.8      20.7
       96       1357       0   0.000  0.016    424     1.834          47.5       140.0         7.5      69.8      38.1
       96       1350       0   0.000  0.012    296     1.542          40.0       140.0         0.0      69.8      45.3
       96       1368       0   0.000  0.011    288     2.378          40.0       140.0         0.0      69.8      29.3
       96       1407       0   0.000  0.002     52     1.297          20.0       140.0       120.0      69.8      90.5
       96       1317       0   0.000  0.002    100     1.414          30.0       140.0       170.0      69.8      49.4
       96       1440       0   0.000  0.003     80     2.181          50.0       140.0        10.0      69.8      32.0
       96       1392       0   0.000  0.002     56     1.542          60.0       140.0        20.0      69.8      45.3
       96       1408       0   0.000  0.002     40     1.297          80.0       140.0        40.0      69.8      90.5
       96       1312       0   0.000  0.000      0       nan           nan         nan         nan       nan       nan
       96       1314       0   0.000  0.000      0       nan           nan         nan         nan       nan       nan
       96       1319       0   0.000  0.000      0       nan           nan         nan         nan       nan       nan
       96       1323       0   0.000  0.000      0       nan           nan         nan         nan       nan       nan
       96       1325       0   0.000  0.000      0       nan           nan         nan         nan       nan       nan
       96       1329       0   0.000  0.000      0       nan           nan         nan         nan       nan       nan
       96       1332       0   0.000  0.000      0       nan           nan         nan         nan       nan       nan
       96       1339       0   0.000  0.000      0       nan           nan         nan         nan       nan       nan
       96       1341       0   0.000  0.000      0       nan           nan         nan         nan       nan       nan
       96       1344       0   0.000  0.000      0       nan           nan         nan         nan       nan       nan
       96       1346       0   0.000  0.000      0       nan           nan         nan         nan       nan       nan
       96       1348       0   0.000  0.000      0       nan           nan         nan         nan       nan       nan
       96       1349       0   0.000  0.000      0       nan           nan         nan         nan       nan       nan
       96       1351       0   0.000  0.000      0       nan           nan         nan         nan       nan       nan
       96       1353       0   0.000  0.000      0       nan           nan         nan         nan       nan       nan
       96       1356       0   0.000  0.000      0       nan           nan         nan         nan       nan       nan
       96       1359       0   0.000  0.000      0       nan           nan         nan         nan       nan       nan
       96       1360       0   0.000  0.000      0       nan           nan         nan         nan       nan       nan
       96       1361       0   0.000  0.000      0       nan           nan         nan         nan       nan       nan
       96       1365       0   0.000  0.000      0       nan           nan         nan         nan       nan       nan
       96       1369       0   0.000  0.000      0       nan           nan         nan         nan       nan       nan
       96       1371       0   0.000  0.000      0       nan           nan         nan         nan       nan       nan
       96       1374       0   0.000  0.000      0       nan           nan         nan         nan       nan       nan
       96       1377       0   0.000  0.000      0       nan           nan         nan         nan       nan       nan
       96       1378       0   0.000  0.000      0       nan           nan         nan         nan       nan       nan
       96       1380       0   0.000  0.000      0       nan           nan         nan         nan       nan       nan
       96       1384       0   0.000  0.000      0       nan           nan         nan         nan       nan       nan
       96       1386       0   0.000  0.000      0       nan           nan         nan         nan       nan       nan
       96       1390       0   0.000  0.000      0       nan           nan         nan         nan       nan       nan
       96       1393       0   0.000  0.000      0       nan           nan         nan         nan       nan       nan
       96       1395       0   0.000  0.000      0       nan           nan         nan         nan       nan       nan
       96       1396       0   0.000  0.000      0       nan           nan         nan         nan       nan       nan
       96       1400       0   0.000  0.000      0       nan           nan         nan         nan       nan       nan
       96       1401       0   0.000  0.000      0       nan           nan         nan         nan       nan       nan
       96       1403       0   0.000  0.000      0       nan           nan         nan         nan       nan       nan
       96       1404       0   0.000  0.000      0       nan           nan         nan         nan       nan       nan
       96       1410       0   0.000  0.000      0       nan           nan         nan         nan       nan       nan
       96       1411       0   0.000  0.000      0       nan           nan         nan         nan       nan       nan
       96       1412       0   0.000  0.000      0       nan           nan         nan         nan       nan       nan
       96       1414       0   0.000  0.000      0       nan           nan         nan         nan       nan       nan
       96       1415       0   0.000  0.000      0       nan           nan         nan         nan       nan       nan
       96       1416       0   0.000  0.000      0       nan           nan         nan         nan       nan       nan
       96       1419       0   0.000  0.000      0       nan           nan         nan         nan       nan       nan
       96       1421       0   0.000  0.000      0       nan           nan         nan         nan       nan       nan
       96       1422       0   0.000  0.000      0       nan           nan         nan         nan       nan       nan
       96       1423       0   0.000  0.000      0       nan           nan         nan         nan       nan       nan
       96       1424       0   0.000  0.000      0       nan           nan         nan         nan       nan       nan
       96       1427       0   0.000  0.000      0       nan           nan         nan         nan       nan       nan
       96       1429       0   0.000  0.000      0       nan           nan         nan         nan       nan       nan
       96       1430       0   0.000  0.000      0       nan           nan         nan         nan       nan       nan
       96       1431       0   0.000  0.000      0       nan           nan         nan         nan       nan       nan
       96       1432       0   0.000  0.000      0       nan           nan         nan         nan       nan       nan
       96       1433       0   0.000  0.000      0       nan           nan         nan         nan       nan       nan
       96       1434       0   0.000  0.000      0       nan           nan         nan         nan       nan       nan
       96       1435       0   0.000  0.000      0       nan           nan         nan         nan       nan       nan
       96       1437       0   0.000  0.000      0       nan           nan         nan         nan       nan       nan
       96       1438       0   0.000  0.000      0       nan           nan         nan         nan       nan       nan
       96       1439       0   0.000  0.000      0       nan           nan         nan         nan       nan       nan
       97       1321       1   0.106  0.606  11168     1.000           4.7       168.2       163.5      64.0      64.0
       97       1358       1   0.106  0.115   1900     1.091           0.0       170.0       170.0      64.0      58.7
       97       1398       0   0.077  0.129   2168     1.682           0.0       170.0       170.0      64.0      38.1
       97       1308       1   0.068  0.303  14696     1.189           2.7       168.7       166.0      64.0      53.8
       97       1317       0   0.042  0.054   2188     1.297           0.0       170.0       170.0      64.0      49.4
       97       1335       0   0.042  0.059   1220     1.414           0.0       170.0       170.0      64.0      45.3
       97       1334       1   0.025  0.391   7004     1.091          13.6       170.0       156.4      64.0      69.8
       97       1352       0   0.024  0.135   2508     2.378           1.4       165.0       166.4      83.0      34.9
       97       1370       0   0.022  0.067   1132     1.297           1.3       168.7       170.0      98.7      76.1
       97       1316       0   0.021  0.161   5872     1.542           4.0       166.0       170.0      69.8     107.6
       97       1399       0   0.020  0.020    328     1.000           0.0       170.0       170.0      83.0      83.0
       97       1439       0   0.017  0.033    556     2.000           0.0       170.0       170.0      64.0      32.0
       97       1309       1   0.017  0.229  12204     1.189          10.6       169.8         0.5      64.0      53.8
       97       1310       0   0.014  0.301  10744     1.000          20.2       167.8       147.6      69.8      69.8
       97       1338       0   0.013  0.292   5196     1.091          20.0       170.0        10.0      64.0      58.7
       97       1327       0   0.013  0.321   8836     1.297          18.5       170.0         8.5      64.0      83.0
       97       1385       1   0.012  0.156   3068     1.189          10.0       170.0       160.0      64.0      53.8
       97       1326       1   0.011  0.143   6120     1.189          10.0       170.0         0.0      64.0      76.1
       97       1311       0   0.010  0.177  10916     1.297          12.4       167.9         0.4      69.8      90.5
       97       1342       0   0.010  0.379   6120     1.189          31.0       170.0       139.0      64.0      76.1
       97       1320       1   0.009  0.172   3876     1.189          14.6       164.6       150.0      69.8      58.7
       97       1324       1   0.009  0.108   2604     1.091          10.0       170.0         0.0      64.0      69.8
       97       1337       0   0.009  0.170   2916     1.189          15.0       165.0         0.0      69.8      83.0
       97       1364       0   0.009  0.160   2760     1.682          10.0       170.0         0.0      64.0      38.1
       97       1313       0   0.009  0.133   6376     1.414          10.0       170.0         0.0      64.0      45.3
       97       1426       0   0.008  0.036    588     4.362           0.0       170.0       170.0      98.7      22.6
       97       1315       0   0.008  0.075   4164     1.297           6.3       170.0       163.7      64.0      49.4
       97       1318       0   0.006  0.141   3568     1.542          15.6       164.4         0.0      69.8     107.6
       97       1362       0   0.005  0.213   3436     1.091          36.5       170.0       133.5      64.0      58.7
       97       1367       1   0.005  0.064   1024     1.189          10.0       170.0         0.0      83.0      69.8
       97       1354       0   0.004  0.197   3400     2.378          21.6       170.0        11.6      64.0      26.9
       97       1436       0   0.003  0.100   1752     2.000          16.5       163.6         0.1      69.8      34.9
       97       1345       0   0.003  0.078   1328     2.594          10.0       170.0         0.0      83.0      32.0
       97       1372       0   0.003  0.156   2512     1.414          40.0       170.0       130.0      64.0      90.5
       97       1336       0   0.003  0.074   1208     1.414          20.0       170.0        10.0      83.0      58.7
       97       1387       0   0.002  0.103   1660     1.414          30.0       170.0        20.0      64.0      90.5
       97       1383       0   0.002  0.103   1656     1.414          30.0       170.0       140.0      64.0      90.5
       97       1418       0   0.002  0.084   1360     1.189          30.0       170.0        20.0      64.0      76.1
       97       1307       0   0.002  0.064   4620     1.414          18.9       170.0         8.9      64.0      45.3
       97       1330       0   0.002  0.094   3416     1.834          23.0       170.0        13.0      64.0      34.9
       97       1373       0   0.002  0.093   1536     2.378          20.0       170.0        10.0      83.0      34.9
       97       1347       0   0.001  0.152   2760     1.682          60.0       170.0        50.0      64.0     107.6
       97       1420       0   0.001  0.036    588     2.000          11.8       161.8       150.0      69.8      34.9
       97       1355       0   0.001  0.055    880     4.362          10.0       170.0         0.0      98.7      22.6
       97       1391       0   0.001  0.002     40     1.834           0.0       170.0       170.0      64.0      34.9
       97       1405       0   0.001  0.116   2024     1.834          55.8       170.0        45.8      64.0      34.9
       97       1386       0   0.001  0.062   1024     2.828          20.0       170.0        10.0      64.0      22.6
       97       1381       0   0.001  0.050    812     1.542          40.0       170.0       130.0      64.0      98.7
       97       1394       0   0.001  0.021    332     1.542          20.0       170.0       150.0      83.0      53.8
       97       1376       0   0.001  0.048    776     4.757          15.9       170.0         5.9      98.7      20.7
       97       1368       0   0.001  0.018    288     2.828          10.0       170.0         0.0      83.0      29.3
       97       1328       0   0.001  0.004     96     1.414           4.2       164.2       160.0      69.8      49.4
       97       1409       0   0.000  0.013    332     2.378          10.0       170.0         0.0      64.0      26.9
       97       1363       0   0.000  0.043    696     2.828          30.0       170.0        20.0      83.0      29.3
       97       1382       0   0.000  0.016    272     1.091          40.1       169.9        30.0      98.7      90.5
       97       1397       0   0.000  0.025    440     2.378          30.0       170.0       140.0      98.7      41.5
       97       1389       0   0.000  0.013    212     1.189          30.0       170.0        20.0      98.7      83.0
       97       1366       0   0.000  0.009    160     1.091          30.0       170.0        20.0      98.7     107.6
       97       1371       0   0.000  0.010    208     1.414          70.0       170.0        60.0      64.0      45.3
       97       1357       0   0.000  0.004     72     2.181          20.0       170.0        10.0      83.0      38.1
       97       1440       0   0.000  0.005     84     2.828          20.0       170.0        10.0      90.5      32.0
       97       1388       0   0.000  0.004    128     2.594          20.0       170.0        10.0      64.0      24.7
       97       1312       0   0.000  0.000      4     1.414           0.0       170.0       170.0      83.0     117.4
       97       1392       0   0.000  0.003     56     1.834          30.0       170.0        20.0      83.0      45.3
       97       1407       0   0.000  0.003     52     1.414          50.0       170.0       120.0      64.0      90.5
       97       1402       0   0.000  0.000      8     1.834          20.0       170.0       150.0      98.7      53.8
       97       1350       0   0.000  0.000      4     1.834          10.0       170.0         0.0      83.0      45.3
       97       1314       0   0.000  0.000      0       nan           nan         nan         nan       nan       nan
       97       1319       0   0.000  0.000      0       nan           nan         nan         nan       nan       nan
       97       1322       0   0.000  0.000      0       nan           nan         nan         nan       nan       nan
       97       1323       0   0.000  0.000      0       nan           nan         nan         nan       nan       nan
       97       1325       0   0.000  0.000      0       nan           nan         nan         nan       nan       nan
       97       1329       0   0.000  0.000      0       nan           nan         nan         nan       nan       nan
       97       1331       0   0.000  0.000      0       nan           nan         nan         nan       nan       nan
       97       1332       0   0.000  0.000      0       nan           nan         nan         nan       nan       nan
       97       1333       0   0.000  0.000      0       nan           nan         nan         nan       nan       nan
       97       1339       0   0.000  0.000      0       nan           nan         nan         nan       nan       nan
       97       1340       0   0.000  0.000      0       nan           nan         nan         nan       nan       nan
       97       1341       0   0.000  0.000      0       nan           nan         nan         nan       nan       nan
       97       1343       0   0.000  0.000      0       nan           nan         nan         nan       nan       nan
       97       1344       0   0.000  0.000      0       nan           nan         nan         nan       nan       nan
       97       1346       0   0.000  0.000      0       nan           nan         nan         nan       nan       nan
       97       1348       0   0.000  0.000      0       nan           nan         nan         nan       nan       nan
       97       1349       0   0.000  0.000      0       nan           nan         nan         nan       nan       nan
       97       1351       0   0.000  0.000      0       nan           nan         nan         nan       nan       nan
       97       1353       0   0.000  0.000      0       nan           nan         nan         nan       nan       nan
       97       1356       0   0.000  0.000      0       nan           nan         nan         nan       nan       nan
       97       1359       0   0.000  0.000      0       nan           nan         nan         nan       nan       nan
       97       1360       0   0.000  0.000      0       nan           nan         nan         nan       nan       nan
       97       1361       0   0.000  0.000      0       nan           nan         nan         nan       nan       nan
       97       1365       0   0.000  0.000      0       nan           nan         nan         nan       nan       nan
       97       1369       0   0.000  0.000      0       nan           nan         nan         nan       nan       nan
       97       1374       0   0.000  0.000      0       nan           nan         nan         nan       nan       nan
       97       1375       0   0.000  0.000      0       nan           nan         nan         nan       nan       nan
       97       1377       0   0.000  0.000      0       nan           nan         nan         nan       nan       nan
       97       1378       0   0.000  0.000      0       nan           nan         nan         nan       nan       nan
       97       1379       0   0.000  0.000      0       nan           nan         nan         nan       nan       nan
       97       1380       0   0.000  0.000      0       nan           nan         nan         nan       nan       nan
       97       1384       0   0.000  0.000      0       nan           nan         nan         nan       nan       nan
       97       1390       0   0.000  0.000      0       nan           nan         nan         nan       nan       nan
       97       1393       0   0.000  0.000      0       nan           nan         nan         nan       nan       nan
       97       1395       0   0.000  0.000      0       nan           nan         nan         nan       nan       nan
       97       1396       0   0.000  0.000      0       nan           nan         nan         nan       nan       nan
       97       1400       0   0.000  0.000      0       nan           nan         nan         nan       nan       nan
       97       1401       0   0.000  0.000      0       nan           nan         nan         nan       nan       nan
       97       1403       0   0.000  0.000      0       nan           nan         nan         nan       nan       nan
       97       1404       0   0.000  0.000      0       nan           nan         nan         nan       nan       nan
       97       1406       0   0.000  0.000      0       nan           nan         nan         nan       nan       nan
       97       1408       0   0.000  0.000      0       nan           nan         nan         nan       nan       nan
       97       1410       0   0.000  0.000      0       nan           nan         nan         nan       nan       nan
       97       1411       0   0.000  0.000      0       nan           nan         nan         nan       nan       nan
       97       1412       0   0.000  0.000      0       nan           nan         nan         nan       nan       nan
       97       1413       0   0.000  0.000      0       nan           nan         nan         nan       nan       nan
       97       1414       0   0.000  0.000      0       nan           nan         nan         nan       nan       nan
       97       1415       0   0.000  0.000      0       nan           nan         nan         nan       nan       nan
       97       1416       0   0.000  0.000      0       nan           nan         nan         nan       nan       nan
       97       1417       0   0.000  0.000      0       nan           nan         nan         nan       nan       nan
       97       1419       0   0.000  0.000      0       nan           nan         nan         nan       nan       nan
       97       1421       0   0.000  0.000      0       nan           nan         nan         nan       nan       nan
       97       1422       0   0.000  0.000      0       nan           nan         nan         nan       nan       nan
       97       1423       0   0.000  0.000      0       nan           nan         nan         nan       nan       nan
       97       1424       0   0.000  0.000      0       nan           nan         nan         nan       nan       nan
       97       1425       0   0.000  0.000      0       nan           nan         nan         nan       nan       nan
       97       1427       0   0.000  0.000      0       nan           nan         nan         nan       nan       nan
       97       1428       0   0.000  0.000      0       nan           nan         nan         nan       nan       nan
       97       1429       0   0.000  0.000      0       nan           nan         nan         nan       nan       nan
       97       1430       0   0.000  0.000      0       nan           nan         nan         nan       nan       nan
       97       1431       0   0.000  0.000      0       nan           nan         nan         nan       nan       nan
       97       1432       0   0.000  0.000      0       nan           nan         nan         nan       nan       nan
       97       1433       0   0.000  0.000      0       nan           nan         nan         nan       nan       nan
       97       1434       0   0.000  0.000      0       nan           nan         nan         nan       nan       nan
       97       1435       0   0.000  0.000      0       nan           nan         nan         nan       nan       nan
       97       1437       0   0.000  0.000      0       nan           nan         nan         nan       nan       nan
       97       1438       0   0.000  0.000      0       nan           nan         nan         nan       nan       nan
       98       1310       1   0.067  0.422  16912     1.091           4.8       141.2       146.0      76.1      69.8
       98       1334       1   0.054  0.316   8508     1.000           4.8       151.9       156.8      69.8      69.8
       98       1397       0   0.036  0.066   1748     1.834           0.0       140.0       140.0      76.1      41.5
       98       1342       1   0.032  0.231   6152     1.000           6.3       145.3       139.0      76.1      76.1
       98       1385       1   0.026  0.134   3928     1.091           3.7       156.3       160.0      58.7      53.8
       98       1321       0   0.024  0.505  13468     1.189          16.8       146.0       162.9      76.1      64.0
       98       1320       0   0.018  0.260   7620     1.297          10.0       140.0       150.0      76.1      58.7
       98       1425       0   0.016  0.023    620     1.414           0.0       140.0       140.0      76.1      53.8
       98       1308       0   0.013  0.384  20468     1.414          19.6       145.5       165.1      76.1      53.8
       98       1362       0   0.011  0.131   3484     1.297           8.2       141.6       133.4      76.1      58.7
       98       1331       0   0.010  0.058   1840     1.414           3.3       140.0       136.7      76.1     107.6
       98       1315       1   0.009  0.095   6060     1.189           7.8       154.5       162.3      58.7      49.4
       98       1316       0   0.007  0.287  11812     1.414          28.5       140.0       168.5      76.1     107.6
       98       1327       0   0.007  0.307  11020     1.189          37.2       151.2         8.4      69.8      83.0
       98       1311       0   0.006  0.299  19136     1.297          36.1       144.1         0.2      76.1      98.7
       98       1358       1   0.006  0.065   1772     1.000           9.6       160.4       170.0      58.7      58.7
       98       1383       0   0.006  0.062   1656     1.297           7.6       147.6       140.0      69.8      90.5
       98       1318       0   0.006  0.320   9576     1.414          40.0       140.0         0.0      76.1     107.6
       98       1309       0   0.005  0.262  15760     1.414          32.7       148.2         1.0      76.1      53.8
       98       1326       0   0.005  0.162   8272     1.091          26.7       153.3         0.0      69.8      76.1
       98       1340       0   0.005  0.081   2500     1.542          10.0       140.0       130.0      76.1     117.4
       98       1338       0   0.005  0.245   6588     1.297          40.9       149.1        10.0      76.1      58.7
       98       1328       0   0.004  0.097   2980     1.542          15.1       140.0       155.1      76.1      49.4
       98       1317       0   0.004  0.042   2128     1.189           8.2       161.8       170.0      58.7      49.4
       98       1313       0   0.004  0.164   9124     1.542          27.1       152.9         0.0      69.8      45.3
       98       1398       0   0.004  0.077   2104     1.542          12.3       157.7       170.0      58.7      38.1
       98       1352       0   0.003  0.186   4952     2.181          24.9       140.0       164.9      76.1      34.9
       98       1337       0   0.003  0.146   3900     1.091          40.2       140.0         0.2      76.1      83.0
       98       1324       0   0.003  0.070   2436     1.189          18.4       161.6         0.0      58.7      69.8
       98       1322       0   0.003  0.036   1336     1.542           7.3       140.0       147.3      76.1     117.4
       98       1372       0   0.003  0.094   2512     1.297          25.6       155.6       130.0      69.8      90.5
       98       1370       0   0.002  0.075   2000     1.000          30.0       140.0       170.0      76.1      76.1
       98       1364       0   0.002  0.096   2676     1.834          21.9       158.1         0.0      69.8      38.1
       98       1402       0   0.002  0.035    940     1.542          10.0       140.0       150.0      76.1      49.4
       98       1335       0   0.002  0.091   2716     1.682          27.6       142.4       170.0      76.1      45.3
       98       1394       0   0.002  0.012    332     1.414           3.9       146.1       150.0      76.1      53.8
       98       1354       0   0.002  0.119   3316     2.181          33.5       158.4        12.0      58.7      26.9
       98       1413       0   0.002  0.043   1144     1.297          20.0       140.0       120.0      76.1      58.7
       98       1307       0   0.002  0.097   7656     1.682          37.1       150.0         7.0      76.1      45.3
       98       1347       0   0.001  0.179   4780     1.542          77.0       153.0        50.0      69.8     107.6
       98       1330       0   0.001  0.132   5896     2.181          44.4       148.7        13.2      76.1      34.9
       98       1379       0   0.001  0.072   1952     1.091          50.0       140.0        90.0      76.1      69.8
       98       1436       0   0.001  0.117   3108     2.181          41.4       140.0         1.4      76.1      34.9
       98       1345       0   0.001  0.085   2272     2.181          30.5       149.5         0.0      69.8      32.0
       98       1367       0   0.001  0.038   1024     1.000          32.3       147.7         0.0      69.8      69.8
       98       1418       0   0.001  0.051   1360     1.091          43.0       157.0        20.0      69.8      76.1
       98       1336       0   0.001  0.051   1352     1.189          42.4       147.6        10.0      69.8      58.7
       98       1405       0   0.001  0.103   2800     1.682          62.7       159.4        42.1      58.7      34.9
       98       1439       0   0.001  0.011    316     2.181           4.6       165.4       170.0      69.8      32.0
       98       1387       0   0.001  0.062   1660     1.542          41.7       158.3        20.0      58.7      90.5
       98       1420       0   0.001  0.022    588     2.181          10.0       140.0       150.0      76.1      34.9
       98       1373       0   0.001  0.072   1908     2.000          41.9       148.1        10.0      69.8      34.9
       98       1375       0   0.001  0.046   1332     2.378          25.9       140.0       165.9      76.1      32.0
       98       1381       0   0.001  0.030    812     1.682          28.3       158.3       130.0      58.7      98.7
       98       1391       0   0.001  0.040   1148     2.181          29.5       140.0       169.5      76.1      34.9
       98       1382       0   0.001  0.050   1332     1.189          70.0       140.0        30.0      76.1      90.5
       98       1417       0   0.001  0.015    400     1.189          20.0       140.0       160.0      76.1      64.0
       98       1389       0   0.001  0.037    984     1.091          60.0       140.0        20.0      76.1      83.0
       98       1406       0   0.001  0.022    640     2.000          20.0       140.0       160.0      76.1      38.1
       98       1409       0   0.001  0.061   2112     2.828          40.1       140.0         0.1      76.1      26.9
       98       1399       0   0.001  0.012    328     1.189          19.1       150.9       170.0      69.8      83.0
       98       1386       0   0.000  0.031    840     2.594          27.0       163.0        10.0      58.7      22.6
       98       1366       0   0.000  0.036    960     1.414          60.0       140.0        20.0      76.1     107.6
       98       1312       0   0.000  0.008    404     2.181          10.0       160.0       170.0      53.8     117.4
       98       1363       0   0.000  0.033    884     2.378          49.6       150.4        20.0      69.8      29.3
       98       1355       0   0.000  0.033    880     3.364          40.0       140.0         0.0      76.1      22.6
       98       1357       0   0.000  0.017    448     1.834          37.6       150.0         7.6      69.8      38.1
       98       1350       0   0.000  0.011    300     1.542          30.0       150.0         0.0      69.8      45.3
       98       1426       0   0.000  0.022    588     3.364          30.0       140.0       170.0      76.1      22.6
       98       1376       0   0.000  0.029    776     3.668          45.9       140.0         5.9      76.1      20.7
       98       1368       0   0.000  0.011    288     2.378          29.0       151.0         0.0      69.8      29.3
       98       1371       0   0.000  0.013    408     1.189          83.7       157.8        61.6      53.8      45.3
       98       1388       0   0.000  0.020    772     3.084          50.0       140.0        10.0      76.1      24.7
       98       1333       0   0.000  0.004    128     1.297          50.0       140.0        10.0      76.1      58.7
       98       1343       0   0.000  0.002     64     1.542          40.0       140.0         0.0      76.1      49.4
       98       1407       0   0.000  0.002     52     1.542          40.0       160.0       120.0      58.7      90.5
       98       1392       0   0.000  0.002     56     1.682          45.0       155.0        20.0      76.1      45.3
       98       1440       0   0.000  0.003     84     2.378          50.0       140.0        10.0      76.1      32.0
       98       1408       0   0.000  0.002     40     1.297          70.0       150.0        40.0      69.8      90.5
       98       1314       0   0.000  0.000      0       nan           nan         nan         nan       nan       nan
       98       1319       0   0.000  0.000      0       nan           nan         nan         nan       nan       nan
       98       1323       0   0.000  0.000      0       nan           nan         nan         nan       nan       nan
       98       1325       0   0.000  0.000      0       nan           nan         nan         nan       nan       nan
       98       1329       0   0.000  0.000      0       nan           nan         nan         nan       nan       nan
       98       1332       0   0.000  0.000      0       nan           nan         nan         nan       nan       nan
       98       1339       0   0.000  0.000      0       nan           nan         nan         nan       nan       nan
       98       1341       0   0.000  0.000      0       nan           nan         nan         nan       nan       nan
       98       1344       0   0.000  0.000      0       nan           nan         nan         nan       nan       nan
       98       1346       0   0.000  0.000      0       nan           nan         nan         nan       nan       nan
       98       1348       0   0.000  0.000      0       nan           nan         nan         nan       nan       nan
       98       1349       0   0.000  0.000      0       nan           nan         nan         nan       nan       nan
       98       1351       0   0.000  0.000      0       nan           nan         nan         nan       nan       nan
       98       1353       0   0.000  0.000      0       nan           nan         nan         nan       nan       nan
       98       1356       0   0.000  0.000      0       nan           nan         nan         nan       nan       nan
       98       1359       0   0.000  0.000      0       nan           nan         nan         nan       nan       nan
       98       1360       0   0.000  0.000      0       nan           nan         nan         nan       nan       nan
       98       1361       0   0.000  0.000      0       nan           nan         nan         nan       nan       nan
       98       1365       0   0.000  0.000      0       nan           nan         nan         nan       nan       nan
       98       1369       0   0.000  0.000      0       nan           nan         nan         nan       nan       nan
       98       1374       0   0.000  0.000      0       nan           nan         nan         nan       nan       nan
       98       1377       0   0.000  0.000      0       nan           nan         nan         nan       nan       nan
       98       1378       0   0.000  0.000      0       nan           nan         nan         nan       nan       nan
       98       1380       0   0.000  0.000      0       nan           nan         nan         nan       nan       nan
       98       1384       0   0.000  0.000      0       nan           nan         nan         nan       nan       nan
       98       1390       0   0.000  0.000      0       nan           nan         nan         nan       nan       nan
       98       1393       0   0.000  0.000      0       nan           nan         nan         nan       nan       nan
       98       1395       0   0.000  0.000      0       nan           nan         nan         nan       nan       nan
       98       1396       0   0.000  0.000      0       nan           nan         nan         nan       nan       nan
       98       1400       0   0.000  0.000      0       nan           nan         nan         nan       nan       nan
       98       1401       0   0.000  0.000      0       nan           nan         nan         nan       nan       nan
       98       1403       0   0.000  0.000      0       nan           nan         nan         nan       nan       nan
       98       1404       0   0.000  0.000      0       nan           nan         nan         nan       nan       nan
       98       1410       0   0.000  0.000      0       nan           nan         nan         nan       nan       nan
       98       1411       0   0.000  0.000      0       nan           nan         nan         nan       nan       nan
       98       1412       0   0.000  0.000      0       nan           nan         nan         nan       nan       nan
       98       1414       0   0.000  0.000      0       nan           nan         nan         nan       nan       nan
       98       1415       0   0.000  0.000      0       nan           nan         nan         nan       nan       nan
       98       1416       0   0.000  0.000      0       nan           nan         nan         nan       nan       nan
       98       1419       0   0.000  0.000      0       nan           nan         nan         nan       nan       nan
       98       1421       0   0.000  0.000      0       nan           nan         nan         nan       nan       nan
       98       1422       0   0.000  0.000      0       nan           nan         nan         nan       nan       nan
       98       1423       0   0.000  0.000      0       nan           nan         nan         nan       nan       nan
       98       1424       0   0.000  0.000      0       nan           nan         nan         nan       nan       nan
       98       1427       0   0.000  0.000      0       nan           nan         nan         nan       nan       nan
       98       1428       0   0.000  0.000      0       nan           nan         nan         nan       nan       nan
       98       1429       0   0.000  0.000      0       nan           nan         nan         nan       nan       nan
       98       1430       0   0.000  0.000      0       nan           nan         nan         nan       nan       nan
       98       1431       0   0.000  0.000      0       nan           nan         nan         nan       nan       nan
       98       1432       0   0.000  0.000      0       nan           nan         nan         nan       nan       nan
       98       1433       0   0.000  0.000      0       nan           nan         nan         nan       nan       nan
       98       1434       0   0.000  0.000      0       nan           nan         nan         nan       nan       nan
       98       1435       0   0.000  0.000      0       nan           nan         nan         nan       nan       nan
       98       1437       0   0.000  0.000      0       nan           nan         nan         nan       nan       nan
       98       1438       0   0.000  0.000      0       nan           nan         nan         nan       nan       nan
       99       1338       0   0.092  0.130   1500     1.414           0.0        10.0        10.0      41.5      58.7
       99       1355       0   0.051  0.113    716     2.000           0.1         0.1         0.0      45.3      22.6
       99       1327       0   0.043  0.198   4364     2.000           1.3         8.8         7.5      41.5      83.0
       99       1354       0   0.043  0.185   1676     1.542           1.8        10.0        11.8      41.5      26.9
       99       1373       1   0.040  0.157   1096     1.091           2.6         7.4        10.0      38.1      34.9
       99       1386       0   0.033  0.060    428     1.834           0.0        10.0        10.0      41.5      22.6
       99       1307       0   0.031  0.034   2188     1.091           0.0        10.0        10.0      41.5      45.3
       99       1336       0   0.024  0.185   1176     1.414           4.5         5.5        10.0      41.5      58.7
       99       1357       1   0.017  0.064    400     1.000           2.7        10.0         7.3      38.1      38.1
       99       1367       0   0.015  0.137    868     1.682           4.5         4.5         0.0      41.5      69.8
       99       1345       0   0.014  0.177   1268     1.414           7.6         7.6         0.0      41.5      29.3
       99       1309       1   0.014  0.123   6056     1.189           6.2         7.7         1.5      41.5      49.4
       99       1364       1   0.011  0.128   1148     1.091          10.0        10.0         0.0      41.5      38.1
       99       1368       0   0.009  0.035    216     1.414           1.6         1.6         0.0      41.5      29.3
       99       1376       0   0.008  0.108    676     2.181           5.3         0.0         5.3      45.3      20.7
       99       1330       0   0.007  0.046   1324     1.091           4.6        10.0        14.6      41.5      38.1
       99       1321       0   0.007  0.280   4300     1.542          23.7         7.9       164.2      41.5      64.0
       99       1418       0   0.007  0.147    968     1.834          10.0        10.0        20.0      41.5      76.1
       99       1313       1   0.007  0.079   3244     1.091          10.0        10.0         0.0      41.5      45.3
       99       1387       0   0.006  0.154   1048     2.181          10.0        10.0        20.0      41.5      90.5
       99       1334       0   0.006  0.333   3744     1.682          31.1         8.4       157.3      41.5      69.8
       99       1398       0   0.006  0.135   1072     1.091          20.0        10.0       170.0      41.5      38.1
       99       1363       0   0.006  0.107    680     1.297          13.2         6.8        20.0      38.1      29.3
       99       1405       0   0.006  0.212   1668     1.189          31.2        10.0        41.2      41.5      34.9
       99       1324       0   0.005  0.101   1548     1.682          10.0        10.0         0.0      41.5      69.8
       99       1326       0   0.005  0.100   3536     1.834           9.0         9.0         0.0      41.5      76.1
       99       1426       0   0.004  0.093    576     2.000          10.0         0.0       170.0      45.3      22.6
       99       1308       0   0.004  0.119   5664     1.297          21.1         7.5       166.4      41.5      53.8
       99       1342       0   0.004  0.307   2896     1.682          45.7         5.6       139.9      45.3      76.1
       99       1362       0   0.004  0.217   1724     1.189          48.0         4.8       136.8      45.3      53.8
       99       1385       0   0.004  0.142   1596     1.297          30.0        10.0       160.0      41.5      53.8
       99       1358       0   0.003  0.113    856     1.542          20.0        10.0       170.0      41.5      64.0
       99       1350       0   0.003  0.045    280     1.189          10.0        10.0         0.0      38.1      45.3
       99       1311       0   0.003  0.060   3532     2.181           7.0         7.6         0.5      41.5      90.5
       99       1347       0   0.002  0.232   2064     2.594          40.0        10.0        50.0      41.5     107.6
       99       1317       0   0.002  0.043   1352     1.189          20.0        10.0       170.0      41.5      49.4
       99       1315       0   0.002  0.053   2504     1.189          26.2        10.0       163.8      41.5      49.4
       99       1394       0   0.001  0.047    292     1.189          30.0         0.0       150.0      45.3      53.8
       99       1310       0   0.001  0.076   2568     1.414          44.5         4.5       140.0      45.3      64.0
       99       1372       0   0.001  0.149   1124     2.181          60.0        10.0       130.0      41.5      90.5
       99       1383       0   0.001  0.114    804     2.181          47.4         7.4       140.0      41.5      90.5
       99       1381       0   0.001  0.119    740     2.378          60.0        10.0       130.0      41.5      98.7
       99       1399       0   0.001  0.030    188     2.181          16.2         6.2       170.0      38.1      83.0
       99       1392       0   0.000  0.009     56     1.000          20.0         0.0        20.0      45.3      45.3
       99       1316       0   0.000  0.010    320     2.594          10.0         0.0       170.0      45.3     117.4
       99       1371       0   0.000  0.016    168     1.091          50.0        10.0        60.0      41.5      45.3
       99       1312       0   0.000  0.017    548     2.828          20.0        10.0       170.0      41.5     117.4
       99       1314       0   0.000  0.000      0       nan           nan         nan         nan       nan       nan
       99       1318       0   0.000  0.000      0       nan           nan         nan         nan       nan       nan
       99       1319       0   0.000  0.000      0       nan           nan         nan         nan       nan       nan
       99       1320       0   0.000  0.000      0       nan           nan         nan         nan       nan       nan
       99       1322       0   0.000  0.000      0       nan           nan         nan         nan       nan       nan
       99       1323       0   0.000  0.000      0       nan           nan         nan         nan       nan       nan
       99       1325       0   0.000  0.000      0       nan           nan         nan         nan       nan       nan
       99       1328       0   0.000  0.000      0       nan           nan         nan         nan       nan       nan
       99       1329       0   0.000  0.000      0       nan           nan         nan         nan       nan       nan
       99       1331       0   0.000  0.000      0       nan           nan         nan         nan       nan       nan
       99       1332       0   0.000  0.000      0       nan           nan         nan         nan       nan       nan
       99       1333       0   0.000  0.000      0       nan           nan         nan         nan       nan       nan
       99       1335       0   0.000  0.000      0       nan           nan         nan         nan       nan       nan
       99       1337       0   0.000  0.000      0       nan           nan         nan         nan       nan       nan
       99       1339       0   0.000  0.000      0       nan           nan         nan         nan       nan       nan
       99       1340       0   0.000  0.000      0       nan           nan         nan         nan       nan       nan
       99       1341       0   0.000  0.000      0       nan           nan         nan         nan       nan       nan
       99       1343       0   0.000  0.000      0       nan           nan         nan         nan       nan       nan
       99       1344       0   0.000  0.000      0       nan           nan         nan         nan       nan       nan
       99       1346       0   0.000  0.000      0       nan           nan         nan         nan       nan       nan
       99       1348       0   0.000  0.000      0       nan           nan         nan         nan       nan       nan
       99       1349       0   0.000  0.000      0       nan           nan         nan         nan       nan       nan
       99       1351       0   0.000  0.000      0       nan           nan         nan         nan       nan       nan
       99       1352       0   0.000  0.000      0       nan           nan         nan         nan       nan       nan
       99       1353       0   0.000  0.000      0       nan           nan         nan         nan       nan       nan
       99       1356       0   0.000  0.000      0       nan           nan         nan         nan       nan       nan
       99       1359       0   0.000  0.000      0       nan           nan         nan         nan       nan       nan
       99       1360       0   0.000  0.000      0       nan           nan         nan         nan       nan       nan
       99       1361       0   0.000  0.000      0       nan           nan         nan         nan       nan       nan
       99       1365       0   0.000  0.000      0       nan           nan         nan         nan       nan       nan
       99       1366       0   0.000  0.000      0       nan           nan         nan         nan       nan       nan
       99       1369       0   0.000  0.000      0       nan           nan         nan         nan       nan       nan
       99       1370       0   0.000  0.000      0       nan           nan         nan         nan       nan       nan
       99       1374       0   0.000  0.000      0       nan           nan         nan         nan       nan       nan
       99       1375       0   0.000  0.000      0       nan           nan         nan         nan       nan       nan
       99       1377       0   0.000  0.000      0       nan           nan         nan         nan       nan       nan
       99       1378       0   0.000  0.000      0       nan           nan         nan         nan       nan       nan
       99       1379       0   0.000  0.000      0       nan           nan         nan         nan       nan       nan
       99       1380       0   0.000  0.000      0       nan           nan         nan         nan       nan       nan
       99       1382       0   0.000  0.000      0       nan           nan         nan         nan       nan       nan
       99       1384       0   0.000  0.000      0       nan           nan         nan         nan       nan       nan
       99       1388       0   0.000  0.000      0       nan           nan         nan         nan       nan       nan
       99       1389       0   0.000  0.000      0       nan           nan         nan         nan       nan       nan
       99       1390       0   0.000  0.000      0       nan           nan         nan         nan       nan       nan
       99       1391       0   0.000  0.000      0       nan           nan         nan         nan       nan       nan
       99       1393       0   0.000  0.000      0       nan           nan         nan         nan       nan       nan
       99       1395       0   0.000  0.000      0       nan           nan         nan         nan       nan       nan
       99       1396       0   0.000  0.000      0       nan           nan         nan         nan       nan       nan
       99       1397       0   0.000  0.000      0       nan           nan         nan         nan       nan       nan
       99       1400       0   0.000  0.000      0       nan           nan         nan         nan       nan       nan
       99       1401       0   0.000  0.000      0       nan           nan         nan         nan       nan       nan
       99       1402       0   0.000  0.000      0       nan           nan         nan         nan       nan       nan
       99       1403       0   0.000  0.000      0       nan           nan         nan         nan       nan       nan
       99       1404       0   0.000  0.000      0       nan           nan         nan         nan       nan       nan
       99       1406       0   0.000  0.000      0       nan           nan         nan         nan       nan       nan
       99       1407       0   0.000  0.000      0       nan           nan         nan         nan       nan       nan
       99       1408       0   0.000  0.000      0       nan           nan         nan         nan       nan       nan
       99       1409       0   0.000  0.000      0       nan           nan         nan         nan       nan       nan
       99       1410       0   0.000  0.000      0       nan           nan         nan         nan       nan       nan
       99       1411       0   0.000  0.000      0       nan           nan         nan         nan       nan       nan
       99       1412       0   0.000  0.000      0       nan           nan         nan         nan       nan       nan
       99       1413       0   0.000  0.000      0       nan           nan         nan         nan       nan       nan
       99       1414       0   0.000  0.000      0       nan           nan         nan         nan       nan       nan
       99       1415       0   0.000  0.000      0       nan           nan         nan         nan       nan       nan
       99       1416       0   0.000  0.000      0       nan           nan         nan         nan       nan       nan
       99       1417       0   0.000  0.000      0       nan           nan         nan         nan       nan       nan
       99       1419       0   0.000  0.000      0       nan           nan         nan         nan       nan       nan
       99       1420       0   0.000  0.000      0       nan           nan         nan         nan       nan       nan
       99       1421       0   0.000  0.000      0       nan           nan         nan         nan       nan       nan
       99       1422       0   0.000  0.000      0       nan           nan         nan         nan       nan       nan
       99       1423       0   0.000  0.000      0       nan           nan         nan         nan       nan       nan
       99       1424       0   0.000  0.000      0       nan           nan         nan         nan       nan       nan
       99       1425       0   0.000  0.000      0       nan           nan         nan         nan       nan       nan
       99       1427       0   0.000  0.000      0       nan           nan         nan         nan       nan       nan
       99       1428       0   0.000  0.000      0       nan           nan         nan         nan       nan       nan
       99       1429       0   0.000  0.000      0       nan           nan         nan         nan       nan       nan
       99       1430       0   0.000  0.000      0       nan           nan         nan         nan       nan       nan
       99       1431       0   0.000  0.000      0       nan           nan         nan         nan       nan       nan
       99       1432       0   0.000  0.000      0       nan           nan         nan         nan       nan       nan
       99       1433       0   0.000  0.000      0       nan           nan         nan         nan       nan       nan
       99       1434       0   0.000  0.000      0       nan           nan         nan         nan       nan       nan
       99       1435       0   0.000  0.000      0       nan           nan         nan         nan       nan       nan
       99       1436       0   0.000  0.000      0       nan           nan         nan         nan       nan       nan
       99       1437       0   0.000  0.000      0       nan           nan         nan         nan       nan       nan
       99       1438       0   0.000  0.000      0       nan           nan         nan         nan       nan       nan
       99       1439       0   0.000  0.000      0       nan           nan         nan         nan       nan       nan
       99       1440       0   0.000  0.000      0       nan           nan         nan         nan       nan       nan
      100       1420       0   0.006  0.190    120     1.542          20.0       170.0       150.0      53.8      34.9
      100       1316       0   0.003  0.006    164     1.834           0.0       170.0       170.0      53.8      98.7
      100       1337       0   0.002  0.042    164     1.542          10.0       170.0         0.0      53.8      83.0
      100       1310       0   0.002  0.005    164     1.682           0.5       170.0       169.5      53.8      90.5
      100       1352       0   0.001  0.030    148     2.000          10.0       170.0       160.0      53.8      26.9
      100       1321       0   0.001  0.011    148     1.189          10.0       170.0       160.0      53.8      64.0
      100       1320       0   0.001  0.016    164     1.091          20.0       170.0       150.0      53.8      58.7
      100       1318       0   0.001  0.013    164     2.000          10.0       170.0         0.0      53.8     107.6
      100       1397       0   0.000  0.017     32     1.297          30.0       170.0       140.0      53.8      41.5
      100       1308       0   0.000  0.003    164     1.091          10.0       170.0       160.0      53.8      58.7
      100       1311       0   0.000  0.003    164     1.834          10.0       170.0         0.0      53.8      98.7
      100       1307       0   0.000  0.000      0       nan           nan         nan         nan       nan       nan
      100       1309       0   0.000  0.000      0       nan           nan         nan         nan       nan       nan
      100       1312       0   0.000  0.000      0       nan           nan         nan         nan       nan       nan
      100       1313       0   0.000  0.000      0       nan           nan         nan         nan       nan       nan
      100       1314       0   0.000  0.000      0       nan           nan         nan         nan       nan       nan
      100       1315       0   0.000  0.000      0       nan           nan         nan         nan       nan       nan
      100       1317       0   0.000  0.000      0       nan           nan         nan         nan       nan       nan
      100       1319       0   0.000  0.000      0       nan           nan         nan         nan       nan       nan
      100       1322       0   0.000  0.000      0       nan           nan         nan         nan       nan       nan
      100       1323       0   0.000  0.000      0       nan           nan         nan         nan       nan       nan
      100       1324       0   0.000  0.000      0       nan           nan         nan         nan       nan       nan
      100       1325       0   0.000  0.000      0       nan           nan         nan         nan       nan       nan
      100       1326       0   0.000  0.000      0       nan           nan         nan         nan       nan       nan
      100       1327       0   0.000  0.000      0       nan           nan         nan         nan       nan       nan
      100       1328       0   0.000  0.000      0       nan           nan         nan         nan       nan       nan
      100       1329       0   0.000  0.000      0       nan           nan         nan         nan       nan       nan
      100       1330       0   0.000  0.000      0       nan           nan         nan         nan       nan       nan
      100       1331       0   0.000  0.000      0       nan           nan         nan         nan       nan       nan
      100       1332       0   0.000  0.000      0       nan           nan         nan         nan       nan       nan
      100       1333       0   0.000  0.000      0       nan           nan         nan         nan       nan       nan
      100       1334       0   0.000  0.000      0       nan           nan         nan         nan       nan       nan
      100       1335       0   0.000  0.000      0       nan           nan         nan         nan       nan       nan
      100       1336       0   0.000  0.000      0       nan           nan         nan         nan       nan       nan
      100       1338       0   0.000  0.000      0       nan           nan         nan         nan       nan       nan
      100       1339       0   0.000  0.000      0       nan           nan         nan         nan       nan       nan
      100       1340       0   0.000  0.000      0       nan           nan         nan         nan       nan       nan
      100       1341       0   0.000  0.000      0       nan           nan         nan         nan       nan       nan
      100       1342       0   0.000  0.000      0       nan           nan         nan         nan       nan       nan
      100       1343       0   0.000  0.000      0       nan           nan         nan         nan       nan       nan
      100       1344       0   0.000  0.000      0       nan           nan         nan         nan       nan       nan
      100       1345       0   0.000  0.000      0       nan           nan         nan         nan       nan       nan
      100       1346       0   0.000  0.000      0       nan           nan         nan         nan       nan       nan
      100       1347       0   0.000  0.000      0       nan           nan         nan         nan       nan       nan
      100       1348       0   0.000  0.000      0       nan           nan         nan         nan       nan       nan
      100       1349       0   0.000  0.000      0       nan           nan         nan         nan       nan       nan
      100       1350       0   0.000  0.000      0       nan           nan         nan         nan       nan       nan
      100       1351       0   0.000  0.000      0       nan           nan         nan         nan       nan       nan
      100       1353       0   0.000  0.000      0       nan           nan         nan         nan       nan       nan
      100       1354       0   0.000  0.000      0       nan           nan         nan         nan       nan       nan
      100       1355       0   0.000  0.000      0       nan           nan         nan         nan       nan       nan
      100       1356       0   0.000  0.000      0       nan           nan         nan         nan       nan       nan
      100       1357       0   0.000  0.000      0       nan           nan         nan         nan       nan       nan
      100       1358       0   0.000  0.000      0       nan           nan         nan         nan       nan       nan
      100       1359       0   0.000  0.000      0       nan           nan         nan         nan       nan       nan
      100       1360       0   0.000  0.000      0       nan           nan         nan         nan       nan       nan
      100       1361       0   0.000  0.000      0       nan           nan         nan         nan       nan       nan
      100       1362       0   0.000  0.000      0       nan           nan         nan         nan       nan       nan
      100       1363       0   0.000  0.000      0       nan           nan         nan         nan       nan       nan
      100       1364       0   0.000  0.000      0       nan           nan         nan         nan       nan       nan
      100       1365       0   0.000  0.000      0       nan           nan         nan         nan       nan       nan
      100       1366       0   0.000  0.000      0       nan           nan         nan         nan       nan       nan
      100       1367       0   0.000  0.000      0       nan           nan         nan         nan       nan       nan
      100       1368       0   0.000  0.000      0       nan           nan         nan         nan       nan       nan
      100       1369       0   0.000  0.000      0       nan           nan         nan         nan       nan       nan
      100       1370       0   0.000  0.000      0       nan           nan         nan         nan       nan       nan
      100       1371       0   0.000  0.000      0       nan           nan         nan         nan       nan       nan
      100       1372       0   0.000  0.000      0       nan           nan         nan         nan       nan       nan
      100       1373       0   0.000  0.000      0       nan           nan         nan         nan       nan       nan
      100       1374       0   0.000  0.000      0       nan           nan         nan         nan       nan       nan
      100       1375       0   0.000  0.000      0       nan           nan         nan         nan       nan       nan
      100       1376       0   0.000  0.000      0       nan           nan         nan         nan       nan       nan
      100       1377       0   0.000  0.000      0       nan           nan         nan         nan       nan       nan
      100       1378       0   0.000  0.000      0       nan           nan         nan         nan       nan       nan
      100       1379       0   0.000  0.000      0       nan           nan         nan         nan       nan       nan
      100       1380       0   0.000  0.000      0       nan           nan         nan         nan       nan       nan
      100       1381       0   0.000  0.000      0       nan           nan         nan         nan       nan       nan
      100       1382       0   0.000  0.000      0       nan           nan         nan         nan       nan       nan
      100       1383       0   0.000  0.000      0       nan           nan         nan         nan       nan       nan
      100       1384       0   0.000  0.000      0       nan           nan         nan         nan       nan       nan
      100       1385       0   0.000  0.000      0       nan           nan         nan         nan       nan       nan
      100       1386       0   0.000  0.000      0       nan           nan         nan         nan       nan       nan
      100       1387       0   0.000  0.000      0       nan           nan         nan         nan       nan       nan
      100       1388       0   0.000  0.000      0       nan           nan         nan         nan       nan       nan
      100       1389       0   0.000  0.000      0       nan           nan         nan         nan       nan       nan
      100       1390       0   0.000  0.000      0       nan           nan         nan         nan       nan       nan
      100       1391       0   0.000  0.000      0       nan           nan         nan         nan       nan       nan
      100       1392       0   0.000  0.000      0       nan           nan         nan         nan       nan       nan
      100       1393       0   0.000  0.000      0       nan           nan         nan         nan       nan       nan
      100       1394       0   0.000  0.000      0       nan           nan         nan         nan       nan       nan
      100       1395       0   0.000  0.000      0       nan           nan         nan         nan       nan       nan
      100       1396       0   0.000  0.000      0       nan           nan         nan         nan       nan       nan
      100       1398       0   0.000  0.000      0       nan           nan         nan         nan       nan       nan
      100       1399       0   0.000  0.000      0       nan           nan         nan         nan       nan       nan
      100       1400       0   0.000  0.000      0       nan           nan         nan         nan       nan       nan
      100       1401       0   0.000  0.000      0       nan           nan         nan         nan       nan       nan
      100       1402       0   0.000  0.000      0       nan           nan         nan         nan       nan       nan
      100       1403       0   0.000  0.000      0       nan           nan         nan         nan       nan       nan
      100       1404       0   0.000  0.000      0       nan           nan         nan         nan       nan       nan
      100       1405       0   0.000  0.000      0       nan           nan         nan         nan       nan       nan
      100       1406       0   0.000  0.000      0       nan           nan         nan         nan       nan       nan
      100       1407       0   0.000  0.000      0       nan           nan         nan         nan       nan       nan
      100       1408       0   0.000  0.000      0       nan           nan         nan         nan       nan       nan
      100       1409       0   0.000  0.000      0       nan           nan         nan         nan       nan       nan
      100       1410       0   0.000  0.000      0       nan           nan         nan         nan       nan       nan
      100       1411       0   0.000  0.000      0       nan           nan         nan         nan       nan       nan
      100       1412       0   0.000  0.000      0       nan           nan         nan         nan       nan       nan
      100       1413       0   0.000  0.000      0       nan           nan         nan         nan       nan       nan
      100       1414       0   0.000  0.000      0       nan           nan         nan         nan       nan       nan
      100       1415       0   0.000  0.000      0       nan           nan         nan         nan       nan       nan
      100       1416       0   0.000  0.000      0       nan           nan         nan         nan       nan       nan
      100       1417       0   0.000  0.000      0       nan           nan         nan         nan       nan       nan
      100       1418       0   0.000  0.000      0       nan           nan         nan         nan       nan       nan
      100       1419       0   0.000  0.000      0       nan           nan         nan         nan       nan       nan
      100       1421       0   0.000  0.000      0       nan           nan         nan         nan       nan       nan
      100       1422       0   0.000  0.000      0       nan           nan         nan         nan       nan       nan
      100       1423       0   0.000  0.000      0       nan           nan         nan         nan       nan       nan
      100       1424       0   0.000  0.000      0       nan           nan         nan         nan       nan       nan
      100       1425       0   0.000  0.000      0       nan           nan         nan         nan       nan       nan
      100       1426       0   0.000  0.000      0       nan           nan         nan         nan       nan       nan
      100       1427       0   0.000  0.000      0       nan           nan         nan         nan       nan       nan
      100       1428       0   0.000  0.000      0       nan           nan         nan         nan       nan       nan
      100       1429       0   0.000  0.000      0       nan           nan         nan         nan       nan       nan
      100       1430       0   0.000  0.000      0       nan           nan         nan         nan       nan       nan
      100       1431       0   0.000  0.000      0       nan           nan         nan         nan       nan       nan
      100       1432       0   0.000  0.000      0       nan           nan         nan         nan       nan       nan
      100       1433       0   0.000  0.000      0       nan           nan         nan         nan       nan       nan
      100       1434       0   0.000  0.000      0       nan           nan         nan         nan       nan       nan
      100       1435       0   0.000  0.000      0       nan           nan         nan         nan       nan       nan
      100       1436       0   0.000  0.000      0       nan           nan         nan         nan       nan       nan
      100       1437       0   0.000  0.000      0       nan           nan         nan         nan       nan       nan
      100       1438       0   0.000  0.000      0       nan           nan         nan         nan       nan       nan
      100       1439       0   0.000  0.000      0       nan           nan         nan         nan       nan       nan
      100       1440       0   0.000  0.000      0       nan           nan         nan         nan       nan       nan
      101       1379       0   0.214  0.303   2292     1.414           0.0        90.0        90.0      98.7      69.8
      101       1318       0   0.005  0.495   6744     1.091          90.0        90.0         0.0      98.7     107.6
      101       1320       0   0.004  0.467   5692     2.181          60.0        90.0       150.0      98.7      45.3
      101       1337       0   0.003  0.364   3060     1.189          89.7        90.0         0.3      98.7      83.0
      101       1413       0   0.003  0.151   1144     1.682          30.0        90.0       120.0      98.7      58.7
      101       1310       0   0.003  0.227   7016     1.414          55.5        90.0       145.5      98.7      69.8
      101       1340       0   0.003  0.120   1524     1.091          40.0        90.0       130.0     107.6     117.4
      101       1382       0   0.003  0.176   1332     1.091          60.0        90.0        30.0      98.7      90.5
      101       1316       0   0.003  0.222   6152     1.091          79.1        90.0       169.1      98.7     107.6
      101       1370       0   0.003  0.265   2000     1.297          80.0        90.0       170.0      98.7      76.1
      101       1352       0   0.002  0.518   4268     2.828          75.0        90.0       165.0      98.7      34.9
      101       1331       0   0.002  0.131   1648     1.189          44.7        90.0       134.7     107.6      90.5
      101       1397       0   0.002  0.231   1748     2.181          50.0        90.0       140.0      90.5      41.5
      101       1328       0   0.002  0.260   3044     2.181          65.1        90.0       155.1     107.6      49.4
      101       1366       0   0.002  0.127    960     1.091          70.0        90.0        20.0      98.7     107.6
      101       1389       0   0.002  0.130    984     1.189          70.0        90.0        20.0      98.7      83.0
      101       1311       0   0.001  0.115   6604     1.000          90.0        90.0         0.0      98.7      98.7
      101       1321       0   0.001  0.133   2464     1.542          70.0        90.0       160.0      98.7      64.0
      101       1436       0   0.001  0.282   2348     2.828          88.1        90.0         1.9      98.7      34.9
      101       1402       0   0.001  0.124    940     2.000          60.0        90.0       150.0      98.7      49.4
      101       1425       0   0.001  0.082    620     1.834          50.0        90.0       140.0      98.7      53.8
      101       1417       0   0.001  0.109    836     1.834          70.0        90.0       160.0     117.4      64.0
      101       1322       0   0.001  0.039    712     1.000          51.3        90.0       141.3     117.4     117.4
      101       1375       0   0.001  0.188   1768     3.364          76.9        90.0       166.9     107.6      32.0
      101       1308       0   0.001  0.104   5164     2.181          70.0        90.0       160.0      98.7      45.3
      101       1420       0   0.000  0.033    260     2.594          60.0        90.0       150.0      90.5      34.9
      101       1428       0   0.000  0.023    184     1.834          80.0        90.0       170.0     117.4      64.0
      101       1333       0   0.000  0.025    296     2.000          80.0        90.0        10.0     117.4      58.7
      101       1409       0   0.000  0.048    804     4.362          90.0        90.0         0.0     117.4      26.9
      101       1326       0   0.000  0.017    680     2.000          90.0        90.0         0.0     117.4      58.7
      101       1343       0   0.000  0.016    188     2.378          90.0        90.0         0.0     117.4      49.4
      101       1330       0   0.000  0.015    476     3.364          90.0        90.0         0.0     117.4      34.9
      101       1440       0   0.000  0.011     84     2.828          80.0        90.0        10.0      90.5      32.0
      101       1307       0   0.000  0.014    956     3.668          90.0        90.0         0.0     117.4      32.0
      101       1309       0   0.000  0.008    476     2.181          90.0        90.0         0.0     117.4      53.8
      101       1312       0   0.000  0.000      0       nan           nan         nan         nan       nan       nan
      101       1313       0   0.000  0.000      0       nan           nan         nan         nan       nan       nan
      101       1314       0   0.000  0.000      0       nan           nan         nan         nan       nan       nan
      101       1315       0   0.000  0.000      0       nan           nan         nan         nan       nan       nan
      101       1317       0   0.000  0.000      0       nan           nan         nan         nan       nan       nan
      101       1319       0   0.000  0.000      0       nan           nan         nan         nan       nan       nan
      101       1323       0   0.000  0.000      0       nan           nan         nan         nan       nan       nan
      101       1324       0   0.000  0.000      0       nan           nan         nan         nan       nan       nan
      101       1325       0   0.000  0.000      0       nan           nan         nan         nan       nan       nan
      101       1327       0   0.000  0.000      0       nan           nan         nan         nan       nan       nan
      101       1329       0   0.000  0.000      0       nan           nan         nan         nan       nan       nan
      101       1332       0   0.000  0.000      0       nan           nan         nan         nan       nan       nan
      101       1334       0   0.000  0.000      0       nan           nan         nan         nan       nan       nan
      101       1335       0   0.000  0.000      0       nan           nan         nan         nan       nan       nan
      101       1336       0   0.000  0.000      0       nan           nan         nan         nan       nan       nan
      101       1338       0   0.000  0.000      0       nan           nan         nan         nan       nan       nan
      101       1339       0   0.000  0.000      0       nan           nan         nan         nan       nan       nan
      101       1341       0   0.000  0.000      0       nan           nan         nan         nan       nan       nan
      101       1342       0   0.000  0.000      0       nan           nan         nan         nan       nan       nan
      101       1344       0   0.000  0.000      0       nan           nan         nan         nan       nan       nan
      101       1345       0   0.000  0.000      0       nan           nan         nan         nan       nan       nan
      101       1346       0   0.000  0.000      0       nan           nan         nan         nan       nan       nan
      101       1347       0   0.000  0.000      0       nan           nan         nan         nan       nan       nan
      101       1348       0   0.000  0.000      0       nan           nan         nan         nan       nan       nan
      101       1349       0   0.000  0.000      0       nan           nan         nan         nan       nan       nan
      101       1350       0   0.000  0.000      0       nan           nan         nan         nan       nan       nan
      101       1351       0   0.000  0.000      0       nan           nan         nan         nan       nan       nan
      101       1353       0   0.000  0.000      0       nan           nan         nan         nan       nan       nan
      101       1354       0   0.000  0.000      0       nan           nan         nan         nan       nan       nan
      101       1355       0   0.000  0.000      0       nan           nan         nan         nan       nan       nan
      101       1356       0   0.000  0.000      0       nan           nan         nan         nan       nan       nan
      101       1357       0   0.000  0.000      0       nan           nan         nan         nan       nan       nan
      101       1358       0   0.000  0.000      0       nan           nan         nan         nan       nan       nan
      101       1359       0   0.000  0.000      0       nan           nan         nan         nan       nan       nan
      101       1360       0   0.000  0.000      0       nan           nan         nan         nan       nan       nan
      101       1361       0   0.000  0.000      0       nan           nan         nan         nan       nan       nan
      101       1362       0   0.000  0.000      0       nan           nan         nan         nan       nan       nan
      101       1363       0   0.000  0.000      0       nan           nan         nan         nan       nan       nan
      101       1364       0   0.000  0.000      0       nan           nan         nan         nan       nan       nan
      101       1365       0   0.000  0.000      0       nan           nan         nan         nan       nan       nan
      101       1367       0   0.000  0.000      0       nan           nan         nan         nan       nan       nan
      101       1368       0   0.000  0.000      0       nan           nan         nan         nan       nan       nan
      101       1369       0   0.000  0.000      0       nan           nan         nan         nan       nan       nan
      101       1371       0   0.000  0.000      0       nan           nan         nan         nan       nan       nan
      101       1372       0   0.000  0.000      0       nan           nan         nan         nan       nan       nan
      101       1373       0   0.000  0.000      0       nan           nan         nan         nan       nan       nan
      101       1374       0   0.000  0.000      0       nan           nan         nan         nan       nan       nan
      101       1376       0   0.000  0.000      0       nan           nan         nan         nan       nan       nan
      101       1377       0   0.000  0.000      0       nan           nan         nan         nan       nan       nan
      101       1378       0   0.000  0.000      0       nan           nan         nan         nan       nan       nan
      101       1380       0   0.000  0.000      0       nan           nan         nan         nan       nan       nan
      101       1381       0   0.000  0.000      0       nan           nan         nan         nan       nan       nan
      101       1383       0   0.000  0.000      0       nan           nan         nan         nan       nan       nan
      101       1384       0   0.000  0.000      0       nan           nan         nan         nan       nan       nan
      101       1385       0   0.000  0.000      0       nan           nan         nan         nan       nan       nan
      101       1386       0   0.000  0.000      0       nan           nan         nan         nan       nan       nan
      101       1387       0   0.000  0.000      0       nan           nan         nan         nan       nan       nan
      101       1388       0   0.000  0.000      0       nan           nan         nan         nan       nan       nan
      101       1390       0   0.000  0.000      0       nan           nan         nan         nan       nan       nan
      101       1391       0   0.000  0.000      0       nan           nan         nan         nan       nan       nan
      101       1392       0   0.000  0.000      0       nan           nan         nan         nan       nan       nan
      101       1393       0   0.000  0.000      0       nan           nan         nan         nan       nan       nan
      101       1394       0   0.000  0.000      0       nan           nan         nan         nan       nan       nan
      101       1395       0   0.000  0.000      0       nan           nan         nan         nan       nan       nan
      101       1396       0   0.000  0.000      0       nan           nan         nan         nan       nan       nan
      101       1398       0   0.000  0.000      0       nan           nan         nan         nan       nan       nan
      101       1399       0   0.000  0.000      0       nan           nan         nan         nan       nan       nan
      101       1400       0   0.000  0.000      0       nan           nan         nan         nan       nan       nan
      101       1401       0   0.000  0.000      0       nan           nan         nan         nan       nan       nan
      101       1403       0   0.000  0.000      0       nan           nan         nan         nan       nan       nan
      101       1404       0   0.000  0.000      0       nan           nan         nan         nan       nan       nan
      101       1405       0   0.000  0.000      0       nan           nan         nan         nan       nan       nan
      101       1406       0   0.000  0.000      0       nan           nan         nan         nan       nan       nan
      101       1407       0   0.000  0.000      0       nan           nan         nan         nan       nan       nan
      101       1408       0   0.000  0.000      0       nan           nan         nan         nan       nan       nan
      101       1410       0   0.000  0.000      0       nan           nan         nan         nan       nan       nan
      101       1411       0   0.000  0.000      0       nan           nan         nan         nan       nan       nan
      101       1412       0   0.000  0.000      0       nan           nan         nan         nan       nan       nan
      101       1414       0   0.000  0.000      0       nan           nan         nan         nan       nan       nan
      101       1415       0   0.000  0.000      0       nan           nan         nan         nan       nan       nan
      101       1416       0   0.000  0.000      0       nan           nan         nan         nan       nan       nan
      101       1418       0   0.000  0.000      0       nan           nan         nan         nan       nan       nan
      101       1419       0   0.000  0.000      0       nan           nan         nan         nan       nan       nan
      101       1421       0   0.000  0.000      0       nan           nan         nan         nan       nan       nan
      101       1422       0   0.000  0.000      0       nan           nan         nan         nan       nan       nan
      101       1423       0   0.000  0.000      0       nan           nan         nan         nan       nan       nan
      101       1424       0   0.000  0.000      0       nan           nan         nan         nan       nan       nan
      101       1426       0   0.000  0.000      0       nan           nan         nan         nan       nan       nan
      101       1427       0   0.000  0.000      0       nan           nan         nan         nan       nan       nan
      101       1429       0   0.000  0.000      0       nan           nan         nan         nan       nan       nan
      101       1430       0   0.000  0.000      0       nan           nan         nan         nan       nan       nan
      101       1431       0   0.000  0.000      0       nan           nan         nan         nan       nan       nan
      101       1432       0   0.000  0.000      0       nan           nan         nan         nan       nan       nan
      101       1433       0   0.000  0.000      0       nan           nan         nan         nan       nan       nan
      101       1434       0   0.000  0.000      0       nan           nan         nan         nan       nan       nan
      101       1435       0   0.000  0.000      0       nan           nan         nan         nan       nan       nan
      101       1437       0   0.000  0.000      0       nan           nan         nan         nan       nan       nan
      101       1438       0   0.000  0.000      0       nan           nan         nan         nan       nan       nan
      101       1439       0   0.000  0.000      0       nan           nan         nan         nan       nan       nan
