saber_lat,saber_lon,saber_alt,saber_temp,saber_time,saber_local_time_pm12,saber_file,saber_i,saber_j,awe_lat,awe_lon,awe_time_nearest,awe_local_time_nearest_pm12,awe_file_nearest,awe_x_nearest,awe_temp_nearest,awe_MLCloud_nearest,distance_km_nearest,awe_temp_avg,awe_temp_std,awe_count_used,awe_temp_avg_unfiltered,awe_temp_std_unfiltered,awe_count_unfiltered,peak_altitude_km,saber_profile_mean_local_time_h,m2_center_km,m2_fwhm_km,m2_T_K,m2_T_std_K,m2_z_eff_km,m3_center_km,m3_fwhm_width_km,m3_T_K,m3_T_std_K,m3_z_eff_km,m3_z_left_km,m3_z_right_km,m4_T_K,m4_T_std_K,m4_z_eff_km,delta_temp_simple_unfiltered_K,delta_temp_m2_unfiltered_K,delta_temp_m3_unfiltered_K,delta_temp_m4_unfiltered_K,doy,year,distance_from_target_km
42.02971268,-113.4434357,87.25039673,203.8161316,2024-01-13 03:19:56.869,-4.23,SABER_L2A_2024013_119872_02.08.nc,36,191,41.1983757,-110.2811432,2024-01-13T03:11:12.245623,-4.165,awe_l3a_tmp_2024013T0309_00808_v01.nc,49,195.8200073,21,282.4544551,198.879901,2.477471367,1008,198.879901,2.477471367,1008,87.24,19.78,87,9.3,198.57,9.4,87.02,87.24,8.09,198.69,8.54,87.25,83.2,91.29,198.46,11.71,87.01,4.936230584,-0.309901008,-0.189901008,-0.419901008,13,2024,167.503960361636
42.03263855,-113.4325562,86.88237,204.4185333,2024-01-13 03:19:56.823,-4.23,SABER_L2A_2024013_119872_02.08.nc,36,192,41.1983757,-110.2811432,2024-01-13T03:11:12.245623,-4.165,awe_l3a_tmp_2024013T0309_00808_v01.nc,49,195.8200073,21,281.6940895,198.8817376,2.475132237,1013,198.8817376,2.475132237,1013,87.24,19.78,87,9.3,198.57,9.4,87.02,87.24,8.09,198.69,8.54,87.25,83.2,91.29,198.46,11.71,87.01,5.536795704,-0.311737621,-0.191737621,-0.421737621,13,2024,166.62386046599215
42.03561401,-113.4216919,86.51423645,204.9973602,2024-01-13 03:19:56.777,-4.229,SABER_L2A_2024013_119872_02.08.nc,36,193,41.1983757,-110.2811432,2024-01-13T03:11:12.245623,-4.165,awe_l3a_tmp_2024013T0309_00808_v01.nc,49,195.8200073,21,280.9381135,198.8869165,2.480647936,1015,198.8869165,2.480647936,1015,87.24,19.78,87,9.3,198.57,9.4,87.02,87.24,8.09,198.69,8.54,87.25,83.2,91.29,198.46,11.71,87.01,6.110443762,-0.316916468,-0.196916468,-0.426916468,13,2024,165.74625111153864
38.05317307,-113.5239563,87.42358398,191.3672791,2024-01-13 03:21:06.070,-4.217,SABER_L2A_2024013_119872_02.08.nc,37,191,41.1983757,-110.2811432,2024-01-13T03:11:12.245623,-4.165,awe_l3a_tmp_2024013T0309_00808_v01.nc,49,195.8200073,21,452.6159346,196.2075862,1.859340196,261,196.2075862,1.859340196,261,87.96,19.8,87,9.3,196.48,9.57,87.02,87.96,9.95,194.57,9.95,87.97,82.99,92.94,194.82,11.62,87.87,-4.840307185,0.272413763,-1.637586237,-1.387586237,13,2024,467.19447899072986
38.05091095,-113.5137939,87.05455017,192.4727631,2024-01-13 03:21:06.118,-4.216,SABER_L2A_2024013_119872_02.08.nc,37,192,41.1983757,-110.2811432,2024-01-13T03:11:12.245623,-4.165,awe_l3a_tmp_2024013T0309_00808_v01.nc,49,195.8200073,21,452.2709774,196.214313,1.858967689,262,196.214313,1.858967689,262,87.96,19.8,87,9.3,196.48,9.57,87.02,87.96,9.95,194.57,9.95,87.97,82.99,92.94,194.82,11.62,87.87,-3.741549951,0.265686988,-1.644313012,-1.394313012,13,2024,467.0972153376912
38.04843521,-113.5036316,86.68533325,193.2793732,2024-01-13 03:21:06.170,-4.215,SABER_L2A_2024013_119872_02.08.nc,37,193,41.1983757,-110.2811432,2024-01-13T03:11:12.245623,-4.165,awe_l3a_tmp_2024013T0309_00808_v01.nc,49,195.8200073,21,451.9467595,196.223346,1.861182174,263,196.223346,1.861182174,263,87.96,19.8,87,9.3,196.48,9.57,87.02,87.96,9.95,194.57,9.95,87.97,82.99,92.94,194.82,11.62,87.87,-2.94397286,0.256653972,-1.653346028,-1.403346028,13,2024,467.02372755380804
36.55072403,-102.6633301,87.20298767,178.3754578,2024-01-11 03:02:08.686,-3.808,SABER_L2A_2024011_119842_02.08.nc,39,192,37.44200134,-103.5800858,2024-01-11T03:11:30.717341,-3.713,awe_l3a_tmp_2024011T0308_00777_v01.nc,130,195.3500061,42,130.008995,192.52461,5.854853021,4282,192.7486871,5.81744259,4562,85.71,20.2,87,9.3,192.55,13.47,87.02,85.71,11.08,196.19,14.47,85.86,80.17,91.25,196.91,14.75,86.37,-14.37322929,-0.198687055,3.441312945,4.161312945,11,2024,961.9870544398289
36.54874039,-102.6533508,86.83423615,184.0414276,2024-01-11 03:02:08.731,-3.808,SABER_L2A_2024011_119842_02.08.nc,39,193,37.44200134,-103.5800858,2024-01-11T03:11:30.717341,-3.713,awe_l3a_tmp_2024011T0308_00777_v01.nc,130,195.3500061,42,130.7538261,192.5213815,5.855976986,4278,192.7458535,5.818584428,4558,85.71,20.2,87,9.3,192.55,13.47,87.02,85.71,11.08,196.19,14.47,85.86,80.17,91.25,196.91,14.75,86.37,-8.704425907,-0.195853519,3.444146481,4.164146481,11,2024,962.8034974717177
50.13469696,-116.3813782,87.15573883,198.6257324,2024-03-21 05:48:11.657,-1.956,SABER_L2A_2024081_120887_02.08.nc,19,191,48.55062866,-117.612236,2024-03-21T05:49:22.230388,-2.018,awe_l3a_tmp_2024081T0544_01863_v01.nc,189,200.7799988,47,200.1151708,200.988132,2.389289862,3683,200.9780256,2.177967446,4781,85.85,22.06,87,9.3,202.27,6.79,87.02,85.85,7.79,202.65,6.44,85.87,81.96,89.75,202.91,7.76,86.84,-2.352293182,1.291974396,1.671974396,1.931974396,81,2024,988.4505450277869
50.12783813,-116.3739319,86.78527832,199.0639343,2024-03-21 05:48:11.701,-1.955,SABER_L2A_2024081_120887_02.08.nc,19,192,48.55062866,-117.612236,2024-03-21T05:49:22.230388,-2.018,awe_l3a_tmp_2024081T0544_01863_v01.nc,189,200.7799988,47,199.6770215,200.9851005,2.391452731,3686,200.9750962,2.179341428,4788,85.85,22.06,87,9.3,202.27,6.79,87.02,85.85,7.79,202.65,6.44,85.87,81.96,89.75,202.91,7.76,86.84,-1.911161835,1.294903838,1.674903838,1.934903838,81,2024,987.5361770994585
50.82855988,-112.6409302,87.17933655,189.2936707,2024-03-21 05:48:56.771,-1.694,SABER_L2A_2024081_120887_02.08.nc,20,190,47.72740555,-115.1074066,2024-03-21T05:49:49.992097,-1.843,awe_l3a_tmp_2024081T0544_01863_v01.nc,210,198.8099976,33,393.7384741,200.5054399,2.840979948,2842,200.5306226,2.785228218,2972,85.87,22.3,87,9.3,199.62,8.98,87.02,85.87,9.28,200.41,7.99,85.92,81.23,90.51,199.08,10.12,86.66,-11.23695193,-0.910622588,-0.120622588,-1.450622588,81,2024,993.4089062716135
50.82015991,-112.6417999,86.80844116,192.7547302,2024-03-21 05:48:56.726,-1.694,SABER_L2A_2024081_120887_02.08.nc,20,191,47.72740555,-115.1074066,2024-03-21T05:49:49.992097,-1.843,awe_l3a_tmp_2024081T0544_01863_v01.nc,210,198.8099976,33,392.8761345,200.5042025,2.840351648,2846,200.5287912,2.784095472,2978,85.87,22.3,87,9.3,199.62,8.98,87.02,85.87,9.28,200.41,7.99,85.92,81.23,90.51,199.08,10.12,86.66,-7.77406102,-0.908791244,-0.118791244,-1.448791244,81,2024,992.4859858871898
49.8872261,-115.1036987,87.22501373,190.4011688,2024-03-16 06:37:34.899,-1.047,SABER_L2A_2024076_120813_02.08.nc,19,190,51.44802475,-114.6357346,2024-03-16T06:33:29.868774,-1.084,awe_l3a_tmp_2024076T0628_01786_v01.nc,237,184.0800018,33,179.0701565,184.8960424,3.509478748,4902,185.0458464,3.48026242,5251,88.33,22.97,87,9.3,183.87,6.18,87.02,88.33,7.4,183.67,6.15,88.34,84.63,92.03,184.57,6.6,88.8,5.355322375,-1.175846448,-1.375846448,-0.475846448,76,2024,928.820222882522
49.88045883,-115.0962067,86.85531616,190.5255127,2024-03-16 06:37:34.944,-1.047,SABER_L2A_2024076_120813_02.08.nc,19,191,51.42889786,-114.4967499,2024-03-16T06:33:31.158140,-1.074,awe_l3a_tmp_2024076T0628_01786_v01.nc,238,183.2799988,32,179.7081435,184.8944029,3.509342508,4899,185.0415252,3.479029336,5245,88.33,22.97,87,9.3,183.87,6.18,87.02,88.33,7.4,183.67,6.15,88.34,84.63,92.03,184.57,6.6,88.8,5.483987491,-1.171525205,-1.371525205,-0.471525205,76,2024,927.9330991103639
35.17533875,-112.9584961,87.43638611,175.0943909,2024-03-06 06:32:29.921,-0.989,SABER_L2A_2024066_120664_02.08.nc,11,189,38.5210228,-116.240448,2024-03-06T06:27:25.328745,-1.292,awe_l3a_tmp_2024066T0614_01631_v01.nc,610,175.7400055,5,479.3320788,173.3122802,3.270524718,1750,173.3122802,3.270524718,1750,88.72,23.03,87,9.3,177.58,11.51,87.02,88.72,8.46,176.7,10.22,88.72,84.49,92.94,178.18,11.04,88.36,1.782110709,4.26771984,3.38771984,4.86771984,66,2024,763.28835968102
35.17199707,-112.9492645,87.06776428,170.3138123,2024-03-06 06:32:29.964,-0.988,SABER_L2A_2024066_120664_02.08.nc,11,190,38.5210228,-116.240448,2024-03-06T06:27:25.328745,-1.292,awe_l3a_tmp_2024066T0614_01631_v01.nc,610,175.7400055,5,480.1461856,173.2929116,3.271773776,1738,173.2929116,3.271773776,1738,88.72,23.03,87,9.3,177.58,11.51,87.02,88.72,8.46,176.7,10.22,88.72,84.49,92.94,178.18,11.04,88.36,-2.979099313,4.287088431,3.407088431,4.887088431,66,2024,763.5150662216399
35.16875076,-112.9399719,86.69996643,165.3259888,2024-03-06 06:32:30.009,-0.988,SABER_L2A_2024066_120664_02.08.nc,11,191,38.5210228,-116.240448,2024-03-06T06:27:25.328745,-1.292,awe_l3a_tmp_2024066T0614_01631_v01.nc,610,175.7400055,5,480.9555408,173.273532,3.265131206,1730,173.273532,3.265131206,1730,88.72,23.03,87,9.3,177.58,11.51,87.02,88.72,8.46,176.7,10.22,88.72,84.49,92.94,178.18,11.04,88.36,-7.947543194,4.306468037,3.426468037,4.906468037,66,2024,763.7313411494732
37.12388229,-110.967392,87.1684494,162.3269348,2024-03-06 06:33:15.601,-0.843,SABER_L2A_2024066_120664_02.08.nc,12,189,40.02322388,-113.8299026,2024-03-06T06:28:00.088333,-1.122,awe_l3a_tmp_2024066T0614_01631_v01.nc,637,174.3300018,8,412.7682796,173.3285158,3.216713262,2385,173.3285158,3.216713262,2385,88.45,23.17,87,9.3,168.37,13.98,87.02,88.45,10.7,167.75,13.93,88.41,83.1,93.8,166.0,12.14,89.12,-11.00158102,-4.95851583,-5.57851583,-7.32851583,66,2024,536.2711453216632
37.11660004,-110.9619904,86.79909515,161.1082458,2024-03-06 06:33:15.556,-0.843,SABER_L2A_2024066_120664_02.08.nc,12,190,40.02322388,-113.8299026,2024-03-06T06:28:00.088333,-1.122,awe_l3a_tmp_2024066T0614_01631_v01.nc,637,174.3300018,8,413.7163839,173.3297983,3.218971596,2379,173.3297983,3.218971596,2379,88.45,23.17,87,9.3,168.37,13.98,87.02,88.45,10.7,167.75,13.93,88.41,83.1,93.8,166.0,12.14,89.12,-12.2215525,-4.959798348,-5.579798348,-7.329798348,66,2024,537.112607123929
40.00165176,-107.5782013,87.42776489,177.1724701,2024-03-06 06:34:26.345,-0.598,SABER_L2A_2024066_120664_02.08.nc,13,189,42.3557663,-109.669014,2024-03-06T06:28:56.733588,-0.829,awe_l3a_tmp_2024066T0614_01631_v01.nc,681,174.0899963,24,319.1405975,176.0200338,3.579907183,3242,176.1349835,3.60220796,3355,89.26,23.42,87,9.3,174.89,10.64,87.02,89.26,7.36,171.16,8.47,89.27,85.58,92.95,170.61,12.7,89.49,1.037486638,-1.244983455,-4.974983455,-5.524983455,66,2024,387.58033152795593
39.99700928,-107.5695038,87.05871582,178.0908508,2024-03-06 06:34:26.376,-0.597,SABER_L2A_2024066_120664_02.08.nc,13,190,42.3557663,-109.669014,2024-03-06T06:28:56.733588,-0.829,awe_l3a_tmp_2024066T0614_01631_v01.nc,681,174.0899963,24,319.9890991,176.0165542,3.581586253,3236,176.1318273,3.603964356,3349,89.26,23.42,87,9.3,174.89,10.64,87.02,89.26,7.36,171.16,8.47,89.27,85.58,92.95,170.61,12.7,89.49,1.959023572,-1.241827258,-4.971827258,-5.521827258,66,2024,388.4833044518564
39.99274063,-107.5603333,86.68962097,178.0875549,2024-03-06 06:34:26.415,-0.597,SABER_L2A_2024066_120664_02.08.nc,13,191,42.3557663,-109.669014,2024-03-06T06:28:56.733588,-0.829,awe_l3a_tmp_2024066T0614_01631_v01.nc,681,174.0899963,24,320.8250644,176.0078889,3.578987403,3226,176.1202275,3.596418038,3338,89.26,23.42,87,9.3,174.89,10.64,87.02,89.26,7.36,171.16,8.47,89.27,85.58,92.95,170.61,12.7,89.49,1.967327408,-1.230227523,-4.960227523,-5.510227523,66,2024,389.39556559995464
41.62702179,-105.3542328,87.40956116,196.3673401,2024-03-06 06:35:08.768,-0.438,SABER_L2A_2024066_120664_02.08.nc,14,187,43.60980225,-107.1679459,2024-03-06T06:29:28.918392,-0.653,awe_l3a_tmp_2024066T0614_01631_v01.nc,706,174.9299927,48,269.3843799,178.2722347,4.20519087,3705,178.3744301,4.160097074,3905,88.51,23.57,87,9.3,180.72,10.73,87.02,88.51,7.39,180.04,10.07,88.52,84.82,92.2,178.44,12.84,89.32,17.99290997,2.345569878,1.665569878,0.065569878,66,2024,504.0969457181101
41.61937332,-105.3495331,87.03981018,196.4811096,2024-03-06 06:35:08.725,-0.438,SABER_L2A_2024066_120664_02.08.nc,14,188,43.60980225,-107.1679459,2024-03-06T06:29:28.918392,-0.653,awe_l3a_tmp_2024066T0614_01631_v01.nc,706,174.9299927,48,270.3222733,178.2707739,4.209356612,3695,178.3733067,4.164006403,3895,88.51,23.57,87,9.3,180.72,10.73,87.02,88.51,7.39,180.04,10.07,88.52,84.82,92.2,178.44,12.84,89.32,18.10780291,2.346693295,1.666693295,0.066693295,66,2024,504.57361395884743
41.61167145,-105.3449097,86.66995239,194.1077423,2024-03-06 06:35:08.680,-0.437,SABER_L2A_2024066_120664_02.08.nc,14,189,43.60980225,-107.1679459,2024-03-06T06:29:28.918392,-0.653,awe_l3a_tmp_2024066T0614_01631_v01.nc,706,174.9299927,48,271.2617812,178.2636237,4.211476978,3684,178.366815,4.166074535,3884,88.51,23.57,87,9.3,180.72,10.73,87.02,88.51,7.39,180.04,10.07,88.52,84.82,92.2,178.44,12.84,89.32,15.74092727,2.353184957,1.673184957,0.073184957,66,2024,505.04597619342746
44.12957001,-101.2596741,87.15960693,191.4839325,2024-03-06 06:36:19.652,-0.145,SABER_L2A_2024066_120664_02.08.nc,15,189,45.67449188,-102.5100174,2024-03-06T06:30:25.563647,-0.327,awe_l3a_tmp_2024066T0614_01631_v01.nc,750,184.5800018,16,200.7099149,181.5508371,3.508899779,4503,181.5003576,3.484196077,4696,89.55,23.87,87,9.3,184.11,5.99,87.02,89.55,8.48,181.49,5.91,89.54,85.31,93.79,182.31,7.06,89.26,9.983574849,2.609642354,-0.010357646,0.809642354,66,2024,860.5877013963178
44.12412262,-101.2512512,86.78999329,188.9050598,2024-03-06 06:36:19.684,-0.145,SABER_L2A_2024066_120664_02.08.nc,15,190,45.67449188,-102.5100174,2024-03-06T06:30:25.563647,-0.327,awe_l3a_tmp_2024066T0614_01631_v01.nc,750,184.5800018,16,201.5794803,181.5575939,3.505595609,4497,181.5067717,3.481067571,4690,89.55,23.87,87,9.3,184.11,5.99,87.02,89.55,8.48,181.49,5.91,89.54,85.31,93.79,182.31,7.06,89.26,7.398288068,2.603228254,-0.016771746,0.803228254,66,2024,861.1074564882775
46.35879135,-121.0616913,87.25453186,190.5340118,2024-03-06 08:14:08.362,0.165,SABER_L2A_2024066_120665_02.08.nc,16,189,47.38103104,-121.5547791,2024-03-06T08:04:08.934333,-0.035,awe_l3a_tmp_2024066T0746_01632_v01.nc,790,181.6499939,11,121.3226603,180.4324459,3.339849525,2633,180.4324459,3.339849525,2633,89.47,0.17,87,9.3,184.31,11.48,87.02,89.47,7.39,178.21,11.62,89.47,85.77,93.17,177.88,11.59,89.88,10.10156596,3.877554119,-2.222445881,-2.552445881,66,2024,912.1296546124206
46.35054016,-121.0588837,86.88405609,191.7463837,2024-03-06 08:14:08.315,0.165,SABER_L2A_2024066_120665_02.08.nc,16,190,47.38103104,-121.5547791,2024-03-06T08:04:08.934333,-0.035,awe_l3a_tmp_2024066T0746_01632_v01.nc,790,181.6499939,11,122.2745836,180.4224096,3.333837364,2627,180.4224096,3.333837364,2627,89.47,0.17,87,9.3,184.31,11.48,87.02,89.47,7.39,178.21,11.62,89.47,85.77,93.17,177.88,11.59,89.88,11.32397407,3.887590408,-2.212409592,-2.542409592,66,2024,911.4945478827573
46.34226608,-121.0561218,86.51346588,191.2037659,2024-03-06 08:14:08.268,0.165,SABER_L2A_2024066_120665_02.08.nc,16,191,47.38103104,-121.5547791,2024-03-06T08:04:08.934333,-0.035,awe_l3a_tmp_2024066T0746_01632_v01.nc,790,181.6499939,11,123.227926,180.4187352,3.33244667,2625,180.4187352,3.33244667,2625,89.47,0.17,87,9.3,184.31,11.48,87.02,89.47,7.39,178.21,11.62,89.47,85.77,93.17,177.88,11.59,89.88,10.78503063,3.891264765,-2.208735235,-2.538735235,66,2024,910.8617448434774
48.26543808,-116.0164642,87.1530838,192.0825653,2024-03-06 08:15:19.576,0.521,SABER_L2A_2024066_120665_02.08.nc,17,190,49.39951324,-114.860878,2024-03-06T08:05:19.740901,0.431,awe_l3a_tmp_2024066T0746_01632_v01.nc,845,184.1999969,0,153.9127984,185.1787061,3.296849775,2048,185.1787061,3.296849775,2048,88.81,0.54,87,9.3,187.79,10.44,87.02,88.81,8.5,183.82,10.35,88.81,84.56,93.06,183.86,10.6,89.43,6.903859191,2.611293883,-1.358706117,-1.318706117,66,2024,790.685697028825
48.2592659,-116.0080719,86.78272247,194.6130829,2024-03-06 08:15:19.620,0.522,SABER_L2A_2024066_120665_02.08.nc,17,191,49.39951324,-114.860878,2024-03-06T08:05:19.740901,0.431,awe_l3a_tmp_2024066T0746_01632_v01.nc,845,184.1999969,0,154.149283,185.1742196,3.298220884,2050,185.1742196,3.298220884,2050,88.81,0.54,87,9.3,187.79,10.44,87.02,88.81,8.5,183.82,10.35,88.81,84.56,93.06,183.86,10.6,89.43,9.43886331,2.615780424,-1.354219576,-1.314219576,66,2024,789.7850966879652
49.23442078,-112.8296967,87.35917664,177.2711792,2024-03-06 08:16:01.671,0.745,SABER_L2A_2024066_120665_02.08.nc,18,188,50.41246796,-110.5948257,2024-03-06T08:06:02.224842,0.728,awe_l3a_tmp_2024066T0746_01632_v01.nc,878,183.8699951,12,209.8435064,184.1289848,2.879152212,1645,184.1289848,2.879152212,1645,89.01,0.75,87,9.3,185.78,8.36,87.02,89.01,9.99,182.75,8.44,88.98,84.02,94.01,182.63,8.38,89.34,-6.857805589,1.651015211,-1.378984789,-1.498984789,66,2024,819.097402242905
49.22599792,-112.8287506,86.98839569,179.4116669,2024-03-06 08:16:01.626,0.745,SABER_L2A_2024066_120665_02.08.nc,18,189,50.41246796,-110.5948257,2024-03-06T08:06:02.224842,0.728,awe_l3a_tmp_2024066T0746_01632_v01.nc,878,183.8699951,12,210.403169,184.1242805,2.880855498,1640,184.1242805,2.880855498,1640,89.01,0.75,87,9.3,185.78,8.36,87.02,89.01,9.99,182.75,8.44,88.98,84.02,94.01,182.63,8.38,89.34,-4.712613604,1.655719526,-1.374280474,-1.494280474,66,2024,818.1606028592729
49.21757126,-112.8278198,86.61750793,183.1730957,2024-03-06 08:16:01.581,0.745,SABER_L2A_2024066_120665_02.08.nc,18,190,50.41246796,-110.5948257,2024-03-06T08:06:02.224842,0.728,awe_l3a_tmp_2024066T0746_01632_v01.nc,878,183.8699951,12,210.966756,184.1232032,2.881403939,1639,184.1232032,2.881403939,1639,89.01,0.75,87,9.3,185.78,8.36,87.02,89.01,9.99,182.75,8.44,88.98,84.02,94.01,182.63,8.38,89.34,-0.950107456,1.656796841,-1.373203159,-1.493203159,66,2024,817.2235466706745
49.32649994,-113.8811493,87.16720581,202.9284363,2024-03-09 10:28:41.794,2.886,SABER_L2A_2024069_120711_02.08.nc,26,190,47.98678589,-114.6636887,2024-03-09T10:31:16.724335,2.877,awe_l3a_tmp_2024069T1009_01680_v01.nc,997,202.8399963,8,161.8518529,201.9714146,4.714943047,4722,201.9714146,4.714943047,4722,87.34,2.87,87,9.3,198.26,8.29,87.02,87.34,8.51,198.17,8.01,87.36,83.09,91.6,196.41,10.36,88.21,0.957021656,-3.711414623,-3.801414623,-5.561414623,69,2024,843.8473361339861
49.31997681,-113.8891602,86.79685974,202.5645142,2024-03-09 10:28:41.751,2.886,SABER_L2A_2024069_120711_02.08.nc,26,191,47.98678589,-114.6636887,2024-03-09T10:31:16.724335,2.877,awe_l3a_tmp_2024069T1009_01680_v01.nc,997,202.8399963,8,160.9528517,201.9735447,4.713105154,4731,201.9735447,4.713105154,4731,87.34,2.87,87,9.3,198.26,8.29,87.02,87.34,8.51,198.17,8.01,87.36,83.09,91.6,196.41,10.36,88.21,0.590969485,-3.713544675,-3.803544675,-5.563544675,69,2024,843.2842643540378
47.64517593,-108.5211945,87.35917664,200.8783569,2024-03-09 10:29:53.271,3.263,SABER_L2A_2024069_120711_02.08.nc,27,190,46.44972229,-109.3787994,2024-03-09T10:32:13.456433,3.245,awe_l3a_tmp_2024069T1009_01680_v01.nc,1041,206.8800049,6,149.9779886,204.4133408,2.616687885,2661,204.4133408,2.616687885,2661,87.54,3.26,87,9.3,199.13,5.69,87.02,87.54,7.78,199.23,5.07,87.55,83.65,91.43,198.0,6.67,88.03,-3.534983885,-5.283340818,-5.183340818,-6.413340818,69,2024,674.8947230378529
47.63689423,-108.5234833,86.98852539,201.1705475,2024-03-09 10:29:53.315,3.263,SABER_L2A_2024069_120711_02.08.nc,27,191,46.44972229,-109.3787994,2024-03-09T10:32:13.456433,3.245,awe_l3a_tmp_2024069T1009_01680_v01.nc,1041,206.8800049,6,149.0646549,204.4228577,2.619143206,2670,204.4228577,2.619143206,2670,87.54,3.26,87,9.3,199.13,5.69,87.02,87.54,7.78,199.23,5.07,87.55,83.65,91.43,198.0,6.67,88.03,-3.252310169,-5.292857655,-5.192857655,-6.422857655,69,2024,673.9731311305268
47.62855911,-108.5256195,86.61773682,201.2520447,2024-03-09 10:29:53.361,3.263,SABER_L2A_2024069_120711_02.08.nc,27,192,46.44972229,-109.3787994,2024-03-09T10:32:13.456433,3.245,awe_l3a_tmp_2024069T1009_01680_v01.nc,1041,206.8800049,6,148.1515552,204.4277216,2.615802862,2673,204.4277216,2.615802862,2673,87.54,3.26,87,9.3,199.13,5.69,87.02,87.54,7.78,199.23,5.07,87.55,83.65,91.43,198.0,6.67,88.03,-3.175676962,-5.297721639,-5.197721639,-6.427721639,69,2024,673.0500911555849
46.39896011,-105.3582458,87.1756897,205.2387238,2024-03-09 10:30:38.531,3.487,SABER_L2A_2024069_120711_02.08.nc,28,189,46.25979233,-108.7979584,2024-03-09T10:32:19.903263,3.286,awe_l3a_tmp_2024069T1009_01680_v01.nc,1046,206.0399933,4,268.1503173,205.1658892,1.946228049,1102,205.1658892,1.946228049,1102,86.8,3.47,87,9.3,201.2,5.61,87.02,86.8,6.65,202.97,3.35,86.81,83.47,90.13,201.47,6.32,87.85,0.072834603,-3.965889152,-2.195889152,-3.695889152,69,2024,692.6629269933501
46.39342499,-105.3673096,86.80606842,205.2855682,2024-03-09 10:30:38.485,3.486,SABER_L2A_2024069_120711_02.08.nc,28,190,46.25979233,-108.7979584,2024-03-09T10:32:19.903263,3.286,awe_l3a_tmp_2024069T1009_01680_v01.nc,1046,206.0399933,4,267.4239113,205.167303,1.944993398,1105,205.167303,1.944993398,1105,86.8,3.47,87,9.3,201.2,5.61,87.02,86.8,6.65,202.97,3.35,86.81,83.47,90.13,201.47,6.32,87.85,0.118265226,-3.967303011,-2.197303011,-3.697303011,69,2024,691.7351300717966
43.29750061,-113.8610535,87.29368591,208.9894562,2024-02-28 08:42:59.840,1.126,SABER_L2A_2024059_120561_02.08.nc,15,187,39.98723602,-109.9563751,2024-02-28T08:50:12.345734,1.506,awe_l3a_tmp_2024059T0828_01524_v01.nc,990,206.3800049,35,497.2574933,210.8821822,3.09714192,1833,210.8821822,3.09714192,1833,86.18,1.14,87,9.3,202.77,6.64,87.02,86.18,8.13,203.71,6.19,86.19,82.11,90.24,203.28,6.51,86.61,-1.892725993,-8.11218217,-7.17218217,-7.60218217,59,2024,250.68906811818897
43.29272842,-113.8516998,86.92456818,209.6980438,2024-02-28 08:42:59.884,1.127,SABER_L2A_2024059_120561_02.08.nc,15,188,39.98723602,-109.9563751,2024-02-28T08:50:12.345734,1.506,awe_l3a_tmp_2024059T0828_01524_v01.nc,990,206.3800049,35,496.3418321,210.87195,3.099321536,1841,210.87195,3.099321536,1841,86.18,1.14,87,9.3,202.77,6.64,87.02,86.18,8.13,203.71,6.19,86.19,82.11,90.24,203.28,6.51,86.61,-1.173906168,-8.101949991,-7.161949991,-7.591949991,59,2024,249.76485955551308
43.28792953,-113.842392,86.555336,209.8422852,2024-02-28 08:42:59.927,1.127,SABER_L2A_2024059_120561_02.08.nc,15,189,39.98723602,-109.9563751,2024-02-28T08:50:12.345734,1.506,awe_l3a_tmp_2024059T0828_01524_v01.nc,990,206.3800049,35,495.4265634,210.8611424,3.101893521,1847,210.8611424,3.101893521,1847,86.18,1.14,87,9.3,202.77,6.64,87.02,86.18,8.13,203.71,6.19,86.19,82.11,90.24,203.28,6.51,86.61,-1.018857203,-8.091142359,-7.151142359,-7.581142359,59,2024,248.8418359376028
44.72605896,-111.2921143,87.41925049,205.9212646,2024-02-28 08:43:42.231,1.309,SABER_L2A_2024059_120561_02.08.nc,16,187,41.51569748,-107.5212936,2024-02-28T08:50:47.262550,1.678,awe_l3a_tmp_2024059T0828_01524_v01.nc,1017,205.7899933,22,476.5189423,209.9507096,2.05647434,1931,209.9507096,2.05647434,1931,86.49,1.32,87,9.3,205.68,4.87,87.02,86.49,7.78,206.4,4.65,86.5,82.6,90.38,206.19,4.86,86.75,-4.029444951,-4.270709599,-3.550709599,-3.760709599,59,2024,310.63764071489715
44.71801376,-111.2884827,87.04927063,205.8957825,2024-02-28 08:43:42.186,1.309,SABER_L2A_2024059_120561_02.08.nc,16,188,41.51569748,-107.5212936,2024-02-28T08:50:47.262550,1.678,awe_l3a_tmp_2024059T0828_01524_v01.nc,1017,205.7899933,22,475.649994,209.941807,2.064675096,1937,209.941807,2.064675096,1937,86.49,1.32,87,9.3,205.68,4.87,87.02,86.49,7.78,206.4,4.65,86.5,82.6,90.38,206.19,4.86,86.75,-4.046024573,-4.261807043,-3.541807043,-3.751807043,59,2024,309.75360374392886
44.70993805,-111.2849121,86.67917633,206.0489197,2024-02-28 08:43:42.139,1.309,SABER_L2A_2024059_120561_02.08.nc,16,189,41.51569748,-107.5212936,2024-02-28T08:50:47.262550,1.678,awe_l3a_tmp_2024059T0828_01524_v01.nc,1017,205.7899933,22,474.7820356,209.9395931,2.067339823,1941,209.9395931,2.067339823,1941,86.49,1.32,87,9.3,205.68,4.87,87.02,86.49,7.78,206.4,4.65,86.5,82.6,90.38,206.19,4.86,86.75,-3.890673441,-4.259593119,-3.539593119,-3.749593119,59,2024,308.8663433913641
46.87878799,-106.6059418,87.17046356,207.5720673,2024-02-28 08:44:53.308,1.641,SABER_L2A_2024059_120561_02.08.nc,17,188,43.8353157,-103.400238,2024-02-28T08:51:42.870811,1.969,awe_l3a_tmp_2024059T0828_01524_v01.nc,1060,216.1799927,23,426.6974097,211.4052509,2.793442191,1196,211.4052509,2.793442191,1196,85.87,1.66,87,9.3,208.1,7.3,87.02,85.87,8.52,210.06,6.8,85.9,81.61,90.13,209.28,7.9,86.82,-3.833183671,-3.305250932,-1.345250932,-2.125250932,59,2024,669.4968979504052
46.87303543,-106.5971832,86.80049896,209.803421,2024-02-28 08:44:53.352,1.642,SABER_L2A_2024059_120561_02.08.nc,17,189,43.8353157,-103.400238,2024-02-28T08:51:42.870811,1.969,awe_l3a_tmp_2024059T0828_01524_v01.nc,1060,216.1799927,23,425.7718392,211.4068334,2.793535065,1200,211.4068334,2.793535065,1200,85.87,1.66,87,9.3,208.1,7.3,87.02,85.87,8.52,210.06,6.8,85.9,81.61,90.13,209.28,7.9,86.82,-1.603412412,-3.306833433,-1.346833433,-2.126833433,59,2024,669.3799485077166
48.07595444,-103.3803101,87.14154053,213.3712616,2024-02-28 08:45:38.547,1.869,SABER_L2A_2024059_120561_02.08.nc,18,188,43.88743591,-103.3006668,2024-02-28T08:51:44.164027,1.976,awe_l3a_tmp_2024059T0828_01524_v01.nc,1061,215.9400024,23,472.1431411,213.098775,2.654727002,400,213.098775,2.654727002,400,86.02,1.87,87,9.3,205.41,8.33,87.02,86.02,9.64,206.93,8.25,86.07,81.2,90.84,206.03,8.87,86.68,0.272486572,-7.688775024,-6.168775024,-7.068775024,59,2024,929.6180645986532
48.0676918,-103.3781738,86.77098083,213.4139099,2024-02-28 08:45:38.503,1.869,SABER_L2A_2024059_120561_02.08.nc,18,189,43.88743591,-103.3006668,2024-02-28T08:51:44.164027,1.976,awe_l3a_tmp_2024059T0828_01524_v01.nc,1061,215.9400024,23,471.209738,213.0854951,2.653965596,404,213.0854951,2.653965596,404,86.02,1.87,87,9.3,205.41,8.33,87.02,86.02,9.64,206.93,8.25,86.07,81.2,90.84,206.03,8.87,86.68,0.328414841,-7.675495071,-6.155495071,-7.055495071,59,2024,929.0902874637068
41.22768402,-119.5500641,87.49151611,186.9685822,2024-03-04 07:52:42.432,-0.092,SABER_L2A_2024064_120635_02.08.nc,13,188,42.72714233,-121.7500229,2024-03-04T08:02:41.576330,-0.072,awe_l3a_tmp_2024064T0745_01601_v01.nc,809,189.6999969,10,250.0728537,189.9486055,2.627376288,1936,189.9486055,2.627376288,1936,88.22,23.92,87,9.3,191.1,6.6,87.02,88.22,6.64,191.86,4.65,88.23,84.91,91.54,192.63,3.9,88.98,-2.980023313,1.151394534,1.911394534,2.681394534,64,2024,680.4267663291498
41.22359467,-119.5402985,87.12260437,187.701828,2024-03-04 07:52:42.481,-0.091,SABER_L2A_2024064_120635_02.08.nc,13,189,42.72714233,-121.7500229,2024-03-04T08:02:41.576330,-0.072,awe_l3a_tmp_2024064T0745_01601_v01.nc,809,189.6999969,10,250.9917736,189.9541525,2.628779502,1929,189.9541525,2.628779502,1929,88.22,23.92,87,9.3,191.1,6.6,87.02,88.22,6.64,191.86,4.65,88.23,84.91,91.54,192.63,3.9,88.98,-2.252324501,1.145847496,1.905847496,2.675847496,64,2024,679.6946324470474
41.21965408,-119.5303345,86.75360107,189.5541992,2024-03-04 07:52:42.533,-0.09,SABER_L2A_2024064_120635_02.08.nc,13,190,42.72714233,-121.7500229,2024-03-04T08:02:41.576330,-0.072,awe_l3a_tmp_2024064T0745_01601_v01.nc,809,189.6999969,10,251.9117178,189.9589028,2.62984805,1923,189.9589028,2.62984805,1923,88.22,23.92,87,9.3,191.1,6.6,87.02,88.22,6.64,191.86,4.65,88.23,84.91,91.54,192.63,3.9,88.98,-0.404703625,1.141097156,1.901097156,2.671097156,64,2024,678.9438057446386
42.76270676,-117.217041,87.13292694,192.081543,2024-03-04 07:53:24.417,0.076,SABER_L2A_2024064_120635_02.08.nc,14,189,44.30537796,-118.6434174,2024-03-04T08:03:21.423290,0.146,awe_l3a_tmp_2024064T0745_01601_v01.nc,840,191.6799927,46,209.3216817,191.8120203,2.400997163,2564,191.8120203,2.400997163,2564,88.05,0.08,87,9.3,191.49,3.72,87.02,88.05,7.76,191.24,2.88,88.06,84.17,91.93,191.34,2.62,88.78,0.269522639,-0.32202033,-0.57202033,-0.47202033,64,2024,485.04565186924344
42.75533676,-117.2119904,86.76305389,191.3078613,2024-03-04 07:53:24.386,0.076,SABER_L2A_2024064_120635_02.08.nc,14,190,44.30537796,-118.6434174,2024-03-04T08:03:21.423290,0.146,awe_l3a_tmp_2024064T0745_01601_v01.nc,840,191.6799927,46,210.2454063,191.8007509,2.392683688,2557,191.8007509,2.392683688,2557,88.05,0.08,87,9.3,191.49,3.72,87.02,88.05,7.76,191.24,2.88,88.06,84.17,91.93,191.34,2.62,88.78,-0.492889601,-0.310750929,-0.560750929,-0.460750929,64,2024,484.5109150473743
45.18121338,-112.8855133,87.35328674,203.9987946,2024-03-04 07:54:35.989,0.384,SABER_L2A_2024064_120635_02.08.nc,15,188,46.20814896,-114.3865967,2024-03-04T08:04:12.838722,0.444,awe_l3a_tmp_2024064T0745_01601_v01.nc,880,207.6799927,46,165.4143473,198.4368644,4.420376951,3154,199.1385572,4.70102242,3514,87.35,0.4,87,9.3,203.67,8.4,87.02,87.35,6.65,204.91,7.01,87.35,84.02,90.67,203.87,8.85,88.0,4.860237317,4.531442761,5.771442761,4.731442761,64,2024,379.85100250767846
45.17602921,-112.876236,86.98358154,204.2242126,2024-03-04 07:54:36.035,0.385,SABER_L2A_2024064_120635_02.08.nc,15,189,46.20814896,-114.3865967,2024-03-04T08:04:12.838722,0.444,awe_l3a_tmp_2024064T0745_01601_v01.nc,880,207.6799927,46,166.3488759,198.4456145,4.417663542,3149,199.1474096,4.697872624,3509,87.35,0.4,87,9.3,203.67,8.4,87.02,87.35,6.65,204.91,7.01,87.35,84.02,90.67,203.87,8.85,88.0,5.076803095,4.522590448,5.762590448,4.722590448,64,2024,379.0730233492754
45.17077637,-112.8670959,86.61367798,204.7001801,2024-03-04 07:54:36.079,0.386,SABER_L2A_2024064_120635_02.08.nc,15,190,46.20814896,-114.3865967,2024-03-04T08:04:12.838722,0.444,awe_l3a_tmp_2024064T0745_01601_v01.nc,880,207.6799927,46,167.2812373,198.4505659,4.416762248,3146,199.152453,4.69663572,3506,87.35,0.4,87,9.3,203.67,8.4,87.02,87.35,6.65,204.91,7.01,87.35,84.02,90.67,203.87,8.85,88.0,5.547727081,4.517547027,5.757547027,4.717547027,64,2024,378.29191578177426
46.96400452,-108.9040985,87.31286621,205.3750763,2024-03-04 07:55:35.771,0.666,SABER_L2A_2024064_120635_02.08.nc,16,188,47.98154831,-109.7199249,2024-03-04T08:05:05.539540,0.77,awe_l3a_tmp_2024064T0745_01601_v01.nc,921,204.4400024,24,130.4485303,203.4506781,3.011022113,3775,203.6152009,2.953374477,4155,86.57,0.67,87,9.3,202.67,7.47,87.02,86.57,7.41,203.72,7.19,86.58,82.86,90.27,203.05,7.71,87.52,1.759875345,-0.945200949,0.104799051,-0.565200949,64,2024,593.8365109974466
46.95578384,-108.901413,86.94242859,207.199585,2024-03-04 07:55:35.726,0.666,SABER_L2A_2024064_120635_02.08.nc,16,189,47.98154831,-109.7199249,2024-03-04T08:05:05.539540,0.77,awe_l3a_tmp_2024064T0745_01601_v01.nc,921,204.4400024,24,131.3632057,203.4506781,3.011022113,3775,203.6152009,2.953374477,4155,86.57,0.67,87,9.3,202.67,7.47,87.02,86.57,7.41,203.72,7.19,86.58,82.86,90.27,203.05,7.71,87.52,3.584384012,-0.945200949,0.104799051,-0.565200949,64,2024,593.0523328478979
46.94755554,-108.8987274,86.57183838,208.7984619,2024-03-04 07:55:35.681,0.667,SABER_L2A_2024064_120635_02.08.nc,16,190,47.98154831,-109.7199249,2024-03-04T08:05:05.539540,0.77,awe_l3a_tmp_2024064T0745_01601_v01.nc,921,204.4400024,24,132.2791527,203.4489404,3.014557735,3775,203.6136221,2.956737448,4155,86.57,0.67,87,9.3,202.67,7.47,87.02,86.57,7.41,203.72,7.19,86.58,82.86,90.27,203.05,7.71,87.52,5.184839789,-0.943622125,0.106377875,-0.563622125,64,2024,592.2678345126342
48.76525116,-103.7206726,87.37778473,196.1473083,2024-03-04 07:56:46.986,1.032,SABER_L2A_2024064_120635_02.08.nc,17,189,49.33548737,-105.4883041,2024-03-04T08:05:50.528043,1.065,awe_l3a_tmp_2024064T0745_01601_v01.nc,956,203.3300018,49,145.5342802,204.3452937,3.285398052,3882,203.7015913,4.087659217,4864,86.63,1.05,87,9.3,202.93,5.65,87.02,86.63,8.15,203.17,5.36,86.64,82.55,90.7,202.39,5.59,87.51,-7.554282957,-0.771591307,-0.531591307,-1.311591307,64,2024,968.0214435659
48.75896072,-103.7123108,87.00743866,199.70047,2024-03-04 07:56:47.032,1.032,SABER_L2A_2024064_120635_02.08.nc,17,190,49.33548737,-105.4883041,2024-03-04T08:05:50.528043,1.065,awe_l3a_tmp_2024064T0745_01601_v01.nc,956,203.3300018,49,146.4093921,204.3438738,3.28545088,3880,203.7001934,4.087791392,4862,86.63,1.05,87,9.3,202.93,5.65,87.02,86.63,8.15,203.17,5.36,86.64,82.55,90.7,202.39,5.59,87.51,-3.99972339,-0.77019336,-0.53019336,-1.31019336,64,2024,967.8992000557923
48.75266266,-103.7039795,86.63687897,203.6997528,2024-03-04 07:56:47.077,1.033,SABER_L2A_2024064_120635_02.08.nc,17,191,49.33548737,-105.4883041,2024-03-04T08:05:50.528043,1.065,awe_l3a_tmp_2024064T0745_01601_v01.nc,956,203.3300018,49,147.2838202,204.3435319,3.285805339,3879,203.6997881,4.088114193,4861,86.63,1.05,87,9.3,202.93,5.65,87.02,86.63,8.15,203.17,5.36,86.64,82.55,90.7,202.39,5.59,87.51,-3.53e-05,-0.769788134,-0.529788134,-1.309788134,64,2024,967.7758673561354
48.21614075,-118.6802979,87.37736511,207.6894989,2024-03-11 07:25:49.232,-0.482,SABER_L2A_2024071_120739_02.08.nc,18,188,50.90150833,-119.3217545,2024-03-11T07:18:14.554407,-0.651,awe_l3a_tmp_2024071T0706_01709_v01.nc,527,204.25,21,306.2853224,209.1234944,4.79744223,3145,208.7434583,4.795849591,3415,86.82,23.52,87,9.3,202.93,7.26,87.02,86.82,7.04,204.78,6.5,86.82,83.29,90.34,203.83,7.53,87.85,-1.05395935,-5.813458251,-3.963458251,-4.913458251,71,2024,900.7579898649936
48.20780182,-118.6784363,87.00689697,208.5365906,2024-03-11 07:25:49.187,-0.482,SABER_L2A_2024071_120739_02.08.nc,18,189,50.90150833,-119.3217545,2024-03-11T07:18:14.554407,-0.651,awe_l3a_tmp_2024071T0706_01709_v01.nc,527,204.25,21,307.2355726,209.1276161,4.79782285,3142,208.7479976,4.796776482,3411,86.82,23.52,87,9.3,202.93,7.26,87.02,86.82,7.04,204.78,6.5,86.82,83.29,90.34,203.83,7.53,87.85,-0.211407056,-5.817997632,-3.967997632,-4.917997632,71,2024,899.9753296967906
48.19943619,-118.676651,86.63631439,209.9059143,2024-03-11 07:25:49.142,-0.481,SABER_L2A_2024071_120739_02.08.nc,18,190,50.90150833,-119.3217545,2024-03-11T07:18:14.554407,-0.651,awe_l3a_tmp_2024071T0706_01709_v01.nc,527,204.25,21,308.1879493,209.1338596,4.797049454,3135,208.7574735,4.797447195,3400,86.82,23.52,87,9.3,202.93,7.26,87.02,86.82,7.04,204.78,6.5,86.82,83.29,90.34,203.83,7.53,87.85,1.148440799,-5.827473508,-3.977473508,-4.927473508,71,2024,899.1945035224676
49.77493286,-113.1802673,87.41297913,203.6010437,2024-03-11 07:27:00.741,-0.095,SABER_L2A_2024071_120739_02.08.nc,19,189,51.15711212,-116.244751,2024-03-11T07:18:42.920456,-0.438,awe_l3a_tmp_2024071T0706_01709_v01.nc,549,204.4299927,48,269.4281037,205.3234648,2.734822864,3775,205.128788,2.568562896,4728,86.85,23.92,87,9.3,205.08,5.81,87.02,86.85,7.78,205.94,4.55,86.86,82.96,90.74,204.8,6.84,87.75,-1.527744284,-0.048787985,0.811212015,-0.328787985,71,2024,882.3841941298259
49.76824951,-113.1725006,87.0428009,203.8232117,2024-03-11 07:27:00.787,-0.095,SABER_L2A_2024071_120739_02.08.nc,19,190,51.15711212,-116.244751,2024-03-11T07:18:42.920456,-0.438,awe_l3a_tmp_2024071T0706_01709_v01.nc,549,204.4299927,48,270.3307903,205.3233164,2.735130207,3772,205.1285435,2.568973353,4724,86.85,23.92,87,9.3,205.08,5.81,87.02,86.85,7.78,205.94,4.55,86.86,82.96,90.74,204.8,6.84,87.75,-1.305331851,-0.048543521,0.811456479,-0.328543521,71,2024,881.5591362381825
49.76153946,-113.1648102,86.67230225,204.1432495,2024-03-11 07:27:00.831,-0.094,SABER_L2A_2024071_120739_02.08.nc,19,191,51.15711212,-116.244751,2024-03-11T07:18:42.920456,-0.438,awe_l3a_tmp_2024071T0706_01709_v01.nc,549,204.4299927,48,271.2311705,205.3241077,2.736272972,3766,205.1290351,2.570258771,4716,86.85,23.92,87,9.3,205.08,5.81,87.02,86.85,7.78,205.94,4.55,86.86,82.96,90.74,204.8,6.84,87.75,-0.9857856,-0.049035112,0.810964888,-0.329035112,71,2024,880.7322878003647
50.50149155,-109.7563629,87.42579651,205.7367706,2024-03-11 07:27:42.822,0.145,SABER_L2A_2024071_120739_02.08.nc,20,188,51.42518997,-109.730629,2024-03-11T07:19:42.231287,0.013,awe_l3a_tmp_2024071T0706_01709_v01.nc,595,203.3699951,46,104.12918,204.90902,2.719330555,4296,204.5929774,2.960026495,5263,87.05,0.14,87,9.3,203.93,6.26,87.02,87.05,8.16,204.34,5.17,87.06,82.97,91.13,202.58,8.53,87.78,1.14379323,-0.6629774,-0.2529774,-2.0129774,71,2024,961.1637802546865
50.49307251,-109.7567291,87.05498505,206.9924316,2024-03-11 07:27:42.775,0.145,SABER_L2A_2024071_120739_02.08.nc,20,189,51.42518997,-109.730629,2024-03-11T07:19:42.231287,0.013,awe_l3a_tmp_2024071T0706_01709_v01.nc,595,203.3699951,46,105.0784313,204.911742,2.719099197,4294,204.5948688,2.960414032,5260,87.05,0.14,87,9.3,203.93,6.26,87.02,87.05,8.16,204.34,5.17,87.06,82.97,91.13,202.58,8.53,87.78,2.397562806,-0.664868835,-0.254868835,-2.014868835,71,2024,960.2336350150529
50.48468399,-109.7569427,86.68408203,207.1702881,2024-03-11 07:27:42.732,0.145,SABER_L2A_2024071_120739_02.08.nc,20,190,51.42518997,-109.730629,2024-03-11T07:19:42.231287,0.013,awe_l3a_tmp_2024071T0706_01709_v01.nc,595,203.3699951,46,106.0240529,204.9146794,2.718372724,4289,204.5969648,2.960330682,5255,87.05,0.14,87,9.3,203.93,6.26,87.02,87.05,8.16,204.34,5.17,87.06,82.97,91.13,202.58,8.53,87.78,2.573323281,-0.666964805,-0.256964805,-2.016964805,71,2024,959.3084139550983
33.9826088,-111.5870361,87.35173035,205.5529022,2024-03-01 07:21:25.168,-0.082,SABER_L2A_2024061_120590_02.08.nc,12,188,31.64788437,-108.5388489,2024-03-01T07:13:38.784073,-0.008,awe_l3a_tmp_2024061T0656_01554_v01.nc,769,198.8899994,26,390.6307902,199.2612373,3.397841124,3354,199.2612373,3.397841124,3354,87.16,23.93,87,9.3,202.66,14.22,87.02,87.16,4.79,202.72,13.43,87.17,84.77,89.56,202.16,13.38,87.55,6.291664961,3.398762739,3.458762739,2.898762739,61,2024,884.2736415574599
33.97577667,-111.581131,86.98308563,201.6869965,2024-03-01 07:21:25.129,-0.082,SABER_L2A_2024061_120590_02.08.nc,12,189,31.64788437,-108.5388489,2024-03-01T07:13:38.784073,-0.008,awe_l3a_tmp_2024061T0656_01554_v01.nc,769,198.8899994,26,389.7071645,199.2541212,3.397084605,3363,199.2541212,3.397084605,3363,87.16,23.93,87,9.3,202.66,14.22,87.02,87.16,4.79,202.72,13.43,87.17,84.77,89.56,202.16,13.38,87.55,2.432875212,3.405878752,3.465878752,2.905878752,61,2024,885.0249209879729
33.96886444,-111.5753021,86.61431122,197.9418945,2024-03-01 07:21:25.088,-0.081,SABER_L2A_2024061_120590_02.08.nc,12,190,31.64788437,-108.5388489,2024-03-01T07:13:38.784073,-0.008,awe_l3a_tmp_2024061T0656_01554_v01.nc,769,198.8899994,26,388.7829755,199.2376945,3.398777831,3379,199.2376945,3.398777831,3379,87.16,23.93,87,9.3,202.66,14.22,87.02,87.16,4.79,202.72,13.43,87.17,84.77,89.56,202.16,13.38,87.55,-1.29579998,3.422305489,3.482305489,2.922305489,61,2024,885.7855219618452
37.0509758,-108.5865326,87.46334839,207.0083771,2024-03-01 07:22:36.022,0.138,SABER_L2A_2024061_120590_02.08.nc,13,187,34.4397049,-105.28302,2024-03-01T07:14:35.516171,0.224,awe_l3a_tmp_2024061T0656_01554_v01.nc,813,204.3000031,6,421.7908195,203.3827008,4.086329013,2962,203.3827008,4.086329013,2962,86.72,0.15,87,9.3,202.85,7.68,87.02,86.72,5.16,204.55,6.29,86.73,84.14,89.3,203.51,7.8,87.58,3.625676296,-0.532700779,1.167299221,0.127299221,61,2024,594.8602883180558
37.04747772,-108.5771027,87.09484863,206.4558563,2024-03-01 07:22:36.068,0.138,SABER_L2A_2024061_120590_02.08.nc,13,188,34.4397049,-105.28302,2024-03-01T07:14:35.516171,0.224,awe_l3a_tmp_2024061T0656_01554_v01.nc,813,204.3000031,6,420.9029918,203.3864641,4.090045301,2964,203.3864641,4.090045301,2964,86.72,0.15,87,9.3,202.85,7.68,87.02,86.72,5.16,204.55,6.29,86.73,84.14,89.3,203.51,7.8,87.58,3.06939218,-0.536464143,1.163535857,0.123535857,61,2024,595.5481866871713
37.04395676,-108.5677032,86.72624207,206.2131348,2024-03-01 07:22:36.114,0.139,SABER_L2A_2024061_120590_02.08.nc,13,189,34.4397049,-105.28302,2024-03-01T07:14:35.516171,0.224,awe_l3a_tmp_2024061T0656_01554_v01.nc,813,204.3000031,6,420.0155964,203.3914944,4.098827124,2971,203.3914944,4.098827124,2971,86.72,0.15,87,9.3,202.85,7.68,87.02,86.72,5.16,204.55,6.29,86.73,84.14,89.3,203.51,7.8,87.58,2.821640415,-0.54149435,1.15850565,0.11850565,61,2024,596.2379390087511
38.80523682,-106.5872498,87.17962646,205.115509,2024-03-01 07:23:18.699,0.283,SABER_L2A_2024061_120590_02.08.nc,14,188,36.10747147,-103.1765747,2024-03-01T07:15:10.329050,0.374,awe_l3a_tmp_2024061T0656_01554_v01.nc,840,209.0099945,6,430.7315806,207.5986776,5.022971693,2798,207.5986776,5.022971693,2798,86.44,0.29,87,9.3,204.69,6.53,87.02,86.44,5.18,205.84,5.08,86.44,83.85,89.03,205.87,6.73,87.6,-2.483168536,-2.908677569,-1.758677569,-1.728677569,61,2024,537.1730813636939
38.79774475,-106.5821533,86.81011963,207.3982849,2024-03-01 07:23:18.654,0.283,SABER_L2A_2024061_120590_02.08.nc,14,189,36.10747147,-103.1765747,2024-03-01T07:15:10.329050,0.374,awe_l3a_tmp_2024061T0656_01554_v01.nc,840,209.0099945,6,429.8238267,207.5918055,5.025159536,2808,207.5918055,5.025159536,2808,86.44,0.29,87,9.3,204.69,6.53,87.02,86.44,5.18,205.84,5.08,86.44,83.85,89.03,205.87,6.73,87.6,-0.193520587,-2.901805499,-1.751805499,-1.721805499,61,2024,538.0582491428332
41.56180573,-102.9289856,87.23994446,208.8177185,2024-03-01 07:24:29.867,0.546,SABER_L2A_2024061_120590_02.08.nc,15,189,38.73978043,-99.54563141,2024-03-01T07:16:07.061148,0.632,awe_l3a_tmp_2024061T0656_01554_v01.nc,884,209.9299927,10,431.3627781,210.9572722,2.759726087,2680,210.9572722,2.759726087,2680,86.86,0.56,87,9.3,203.6,5.5,87.02,86.86,7.39,204.48,4.2,86.87,83.17,90.56,202.82,7.46,87.75,-2.139553736,-7.357272242,-6.477272242,-8.137272242,61,2024,705.4264660891192
41.55736923,-102.9196167,86.87081146,209.7673798,2024-03-01 07:24:29.910,0.547,SABER_L2A_2024061_120590_02.08.nc,15,190,38.73978043,-99.54563141,2024-03-01T07:16:07.061148,0.632,awe_l3a_tmp_2024061T0656_01554_v01.nc,884,209.9299927,10,430.4557941,210.9581065,2.763589699,2683,210.9581065,2.763589699,2683,86.86,0.56,87,9.3,203.6,5.5,87.02,86.86,7.39,204.48,4.2,86.87,83.17,90.56,202.82,7.46,87.75,-1.190726691,-7.358106452,-6.478106452,-8.138106452,61,2024,706.2547477692964
41.55293655,-102.9102783,86.50156403,209.8702393,2024-03-01 07:24:29.954,0.548,SABER_L2A_2024061_120590_02.08.nc,15,191,38.73978043,-99.54563141,2024-03-01T07:16:07.061148,0.632,awe_l3a_tmp_2024061T0656_01554_v01.nc,884,209.9299927,10,429.5510025,210.9625564,2.771598364,2695,210.9625564,2.771598364,2695,86.86,0.56,87,9.3,203.6,5.5,87.02,86.86,7.39,204.48,4.2,86.87,83.17,90.56,202.82,7.46,87.75,-1.09231718,-7.362556438,-6.482556438,-8.142556438,61,2024,707.0807898124007
43.71619797,-99.51748657,87.31834412,187.1062622,2024-03-01 07:25:29.857,0.79,SABER_L2A_2024061_120590_02.08.nc,16,188,40.85939407,-96.28227997,2024-03-01T07:16:54.767685,0.863,awe_l3a_tmp_2024061T0656_01554_v01.nc,921,206.0,41,419.9915668,207.4670821,3.942880846,2663,207.4670821,3.942880846,2663,86.57,0.8,87,9.3,201.99,7.52,87.02,86.57,7.4,201.18,7.5,86.58,82.87,90.27,201.52,7.69,87.22,-20.36081993,-5.477082139,-6.287082139,-5.947082139,61,2024,989.8696071312426
43.70819855,-99.51361084,86.94816589,189.8014221,2024-03-01 07:25:29.812,0.791,SABER_L2A_2024061_120590_02.08.nc,16,189,40.85939407,-96.28227997,2024-03-01T07:16:54.767685,0.863,awe_l3a_tmp_2024061T0656_01554_v01.nc,921,206.0,41,419.1044075,207.4687289,3.939425325,2675,207.4687289,3.939425325,2675,86.57,0.8,87,9.3,201.99,7.52,87.02,86.57,7.4,201.18,7.5,86.58,82.87,90.27,201.52,7.69,87.22,-17.66730676,-5.478728883,-6.288728883,-5.948728883,61,2024,990.0637182377259
43.7002449,-99.50970459,86.57931519,194.0371857,2024-03-01 07:25:29.768,0.791,SABER_L2A_2024061_120590_02.08.nc,16,190,40.85939407,-96.28227997,2024-03-01T07:16:54.767685,0.863,awe_l3a_tmp_2024061T0656_01554_v01.nc,921,206.0,41,418.2197529,207.4666852,3.939585824,2685,207.4666852,3.939585824,2685,86.57,0.8,87,9.3,201.99,7.52,87.02,86.57,7.4,201.18,7.5,86.58,82.87,90.27,201.52,7.69,87.22,-13.42949953,-5.476685199,-6.286685199,-5.946685199,61,2024,990.2618485824431
36.01715088,-118.2149963,87.19945526,183.0895691,2024-07-04 07:04:34.992,-0.805,SABER_L2A_2024186_122453_02.08.nc,12,192,38.83177185,-121.3320007,2024-07-04T07:07:42.544411,-0.96,awe_l3a_tmp_2024186T0646_03491_v01.nc,979,174.5,26,422.4220799,172.2778901,2.32996728,1801,172.2778901,2.32996728,1801,88.11,23.21,87,9.3,180.32,4.11,87.03,88.11,7.72,180.43,3.35,88.12,84.25,91.97,181.12,4.0,88.51,10.81167904,8.04210995,8.15210995,8.84210995,186,2024,881.3171589485025
36.01368332,-118.2057037,86.83144379,182.3856201,2024-07-04 07:04:35.034,-0.804,SABER_L2A_2024186_122453_02.08.nc,12,193,38.83177185,-121.3320007,2024-07-04T07:07:42.544411,-0.96,awe_l3a_tmp_2024186T0646_03491_v01.nc,979,174.5,26,423.2689217,172.2856594,2.325935897,1797,172.2856594,2.325935897,1797,88.11,23.21,87,9.3,180.32,4.11,87.03,88.11,7.72,180.43,3.35,88.12,84.25,91.97,181.12,4.0,88.51,10.09996068,8.034340567,8.144340567,8.834340567,186,2024,881.0809861023836
37.79293823,-116.3162079,87.32098389,168.6197357,2024-07-04 07:05:17.231,-0.666,SABER_L2A_2024186_122453_02.08.nc,13,190,39.01020813,-121.0781631,2024-07-04T07:07:46.375513,-0.942,awe_l3a_tmp_2024186T0646_03491_v01.nc,982,174.5599976,26,442.3724579,173.7387513,1.732752645,841,173.7387513,1.732752645,841,87.13,23.35,87,9.3,177.2,11.79,87.02,87.13,7.01,174.41,9.92,87.14,83.63,90.64,176.49,12.28,87.51,-5.119015561,3.461248721,0.671248721,2.751248721,186,2024,621.5405119951837
37.78540421,-116.311142,86.95223999,167.419281,2024-07-04 07:05:17.183,-0.666,SABER_L2A_2024186_122453_02.08.nc,13,191,39.01020813,-121.0781631,2024-07-04T07:07:46.375513,-0.942,awe_l3a_tmp_2024186T0646_03491_v01.nc,982,174.5599976,26,443.0821724,173.7387513,1.732752645,841,173.7387513,1.732752645,841,87.13,23.35,87,9.3,177.2,11.79,87.02,87.13,7.01,174.41,9.92,87.14,83.63,90.64,176.49,12.28,87.51,-6.319470273,3.461248721,0.671248721,2.751248721,186,2024,621.8863719965103
37.77817917,-116.3057251,86.58344269,167.1584778,2024-07-04 07:05:17.143,-0.666,SABER_L2A_2024186_122453_02.08.nc,13,192,39.01020813,-121.0781631,2024-07-04T07:07:46.375513,-0.942,awe_l3a_tmp_2024186T0646_03491_v01.nc,982,174.5599976,26,443.8106032,173.7365791,1.734190843,839,173.7365791,1.734190843,839,87.13,23.35,87,9.3,177.2,11.79,87.02,87.13,7.01,174.41,9.92,87.14,83.63,90.64,176.49,12.28,87.51,-6.578101284,3.463420932,0.673420932,2.753420932,186,2024,622.1872447754
49.69487,-117.1833191,87.28432465,210.0841064,2024-11-19 05:22:19.063,-2.44,SABER_L2A_2024324_124510_02.08.nc,16,192,50.62997818,-120.7767181,2024-11-19T05:20:48.258346,-2.705,awe_l3a_tmp_2024324T0517_05628_v01.nc,158,223.2700043,49,280.0170374,221.5848686,4.294528615,1596,221.4699143,4.612201619,5597,83.76,21.58,87,9.3,208.53,13.81,87.02,83.76,9.99,217.47,12.28,83.97,78.77,88.76,216.46,13.26,84.34,-11.38580784,-12.93991428,-3.999914281,-5.009914281,324,2024,970.9759333308895
49.68810272,-117.175827,86.91537476,213.2577209,2024-11-19 05:22:19.107,-2.44,SABER_L2A_2024324_124510_02.08.nc,16,193,50.62997818,-120.7767181,2024-11-19T05:20:48.258346,-2.705,awe_l3a_tmp_2024324T0517_05628_v01.nc,158,223.2700043,49,280.8224383,221.5526232,4.310609242,1605,221.460867,4.615798199,5606,83.76,21.58,87,9.3,208.53,13.81,87.02,83.76,9.99,217.47,12.28,83.97,78.77,88.76,216.46,13.26,84.34,-8.203146024,-12.93086697,-3.990866971,-5.000866971,324,2024,970.0556830612287
49.68133545,-117.1683197,86.54631042,215.0045166,2024-11-19 05:22:19.150,-2.439,SABER_L2A_2024324_124510_02.08.nc,16,194,50.62997818,-120.7767181,2024-11-19T05:20:48.258346,-2.705,awe_l3a_tmp_2024324T0517_05628_v01.nc,158,223.2700043,49,281.6297973,221.52604,4.306302287,1606,221.4517737,4.613741398,5610,83.76,21.58,87,9.3,208.53,13.81,87.02,83.76,9.99,217.47,12.28,83.97,78.77,88.76,216.46,13.26,84.34,-6.44725706,-12.92177366,-3.981773662,-4.991773662,324,2024,969.1348791710392
50.36207581,-113.9897308,87.17240906,204.3969421,2024-11-19 05:22:58.285,-2.216,SABER_L2A_2024324_124510_02.08.nc,17,192,48.21339035,-112.1220169,2024-11-19T05:22:18.114840,-2.103,awe_l3a_tmp_2024324T0517_05628_v01.nc,227,212.8200073,46,278.3813554,220.3914503,3.842402526,1255,220.4886914,4.168218625,4929,83.83,21.78,87,9.3,209.05,12.32,87.02,83.83,9.63,217.83,11.68,84.02,79.02,88.65,216.77,13.02,84.58,-16.09174931,-11.43869145,-2.658691448,-3.718691448,324,2024,957.6645932834281
50.35371399,-113.9898224,86.80324554,206.2676239,2024-11-19 05:22:58.242,-2.216,SABER_L2A_2024324_124510_02.08.nc,17,193,48.21339035,-112.1220169,2024-11-19T05:22:18.114840,-2.103,awe_l3a_tmp_2024324T0517_05628_v01.nc,227,212.8200073,46,277.5710464,220.3965477,3.840394606,1260,220.4949059,4.16939761,4939,83.83,21.78,87,9.3,209.05,12.32,87.02,83.83,9.63,217.83,11.68,84.02,79.02,88.65,216.77,13.02,84.58,-14.22728198,-11.44490588,-2.664905878,-3.724905878,324,2024,956.7596090975256
47.77815628,-113.9436646,87.39723206,189.5359802,2024-11-12 06:03:27.593,-1.539,SABER_L2A_2024317_124406_02.08.nc,16,184,51.10541534,-113.9430847,2024-11-12T06:10:53.552332,-1.415,awe_l3a_tmp_2024317T0601_05520_v01.nc,421,214.3000031,38,375.0265614,215.6784498,7.070240484,2419,215.6784498,7.070240484,2419,84.26,22.48,87,9.3,193.28,12.92,87.02,84.26,7.74,201.59,11.97,84.3,80.4,88.13,200.87,12.74,84.52,-26.14246961,-22.39844983,-14.08844983,-14.80844983,317,2024,679.4801138102788
47.77248764,-113.9356232,87.05143738,190.0439301,2024-11-12 06:03:27.638,-1.538,SABER_L2A_2024317_124406_02.08.nc,16,185,51.10541534,-113.9430847,2024-11-12T06:10:53.552332,-1.415,awe_l3a_tmp_2024317T0601_05520_v01.nc,421,214.3000031,38,375.6658879,215.6731388,7.078110861,2415,215.6731388,7.078110861,2415,84.26,22.48,87,9.3,193.28,12.92,87.02,84.26,7.74,201.59,11.97,84.3,80.4,88.13,200.87,12.74,84.52,-25.62920872,-22.39313878,-14.08313878,-14.80313878,317,2024,678.6956376016599
47.76618958,-113.9263,86.66238403,191.4212646,2024-11-12 06:03:27.675,-1.537,SABER_L2A_2024317_124406_02.08.nc,16,186,51.10541534,-113.9430847,2024-11-12T06:10:53.552332,-1.415,awe_l3a_tmp_2024317T0601_05520_v01.nc,421,214.3000031,38,376.3773744,215.6634801,7.093048144,2408,215.6634801,7.093048144,2408,84.26,22.48,87,9.3,193.28,12.92,87.02,84.26,7.74,201.59,11.97,84.3,80.4,88.13,200.87,12.74,84.52,-24.24221548,-22.38348012,-14.07348012,-14.79348012,317,2024,677.8154239052061
45.69484711,-118.5964813,87.28446198,212.6531982,2024-11-07 07:00:03.680,-0.905,SABER_L2A_2024312_124332_02.08.nc,17,191,49.42008591,-118.1165009,2024-11-07T07:04:19.788463,-0.802,awe_l3a_tmp_2024312T0650_05443_v01.nc,610,212.8000031,49,421.465923,213.139132,5.309266326,1659,213.8872549,5.114952953,2652,84.15,23.11,87,9.3,210.62,12.74,87.02,84.15,7.74,217.97,8.56,84.18,80.27,88.02,214.66,13.23,85.36,-1.234056637,-3.267254879,4.082745121,0.772745121,312,2024,711.1244189489723
45.68942261,-118.5874634,86.91673279,215.4947205,2024-11-07 07:00:03.724,-0.905,SABER_L2A_2024312_124332_02.08.nc,17,192,49.42008591,-118.1165009,2024-11-07T07:04:19.788463,-0.802,awe_l3a_tmp_2024312T0650_05443_v01.nc,610,212.8000031,49,422.0165099,213.1452412,5.305034547,1658,213.893758,5.115741847,2645,84.15,23.11,87,9.3,210.62,12.74,87.02,84.15,7.74,217.97,8.56,84.18,80.27,88.02,214.66,13.23,85.36,1.60096244,-3.273758019,4.076241981,0.766241981,312,2024,710.2074975207457
45.68400192,-118.5784454,86.54888916,217.8013611,2024-11-07 07:00:03.768,-0.904,SABER_L2A_2024312_124332_02.08.nc,17,193,49.42008591,-118.1165009,2024-11-07T07:04:19.788463,-0.802,awe_l3a_tmp_2024312T0650_05443_v01.nc,610,212.8000031,49,422.5679357,213.154713,5.297222573,1655,213.8997536,5.110604837,2638,84.15,23.11,87,9.3,210.62,12.74,87.02,84.15,7.74,217.97,8.56,84.18,80.27,88.02,214.66,13.23,85.36,3.901607493,-3.279753591,4.070246409,0.760246409,312,2024,709.2907525303688
48.01045609,-112.7769012,87.14996338,207.4954529,2024-11-07 07:01:27.205,-0.494,SABER_L2A_2024312_124332_02.08.nc,18,191,50.27450943,-113.6291962,2024-11-07T07:05:03.491580,-0.491,awe_l3a_tmp_2024312T0650_05443_v01.nc,644,205.0700073,27,262.8082783,210.8551413,5.400803011,3645,211.2339251,5.581628861,3949,85.11,23.51,87,9.3,207.57,9.33,87.02,85.11,7.02,212.1,8.77,85.13,81.6,88.62,211.26,10.39,85.76,-3.738472184,-3.663925065,0.866074935,0.026074935,312,2024,684.0067593891198
48.00216675,-112.7748413,86.78121948,208.7340851,2024-11-07 07:01:27.162,-0.494,SABER_L2A_2024312_124332_02.08.nc,18,192,50.27450943,-113.6291962,2024-11-07T07:05:03.491580,-0.491,awe_l3a_tmp_2024312T0650_05443_v01.nc,644,205.0700073,27,263.7530397,210.8563425,5.402198153,3639,211.235401,5.583463827,3940,85.11,23.51,87,9.3,207.57,9.33,87.02,85.11,7.02,212.1,8.77,85.13,81.6,88.62,211.26,10.39,85.76,-2.501315954,-3.665401037,0.864598963,0.024598963,312,2024,683.0723744856633
49.64616394,-107.0850067,87.22730255,208.3964081,2024-11-07 07:02:41.400,-0.094,SABER_L2A_2024312_124332_02.08.nc,19,191,51.12733841,-107.4691162,2024-11-07T07:06:01.333941,-0.064,awe_l3a_tmp_2024312T0650_05443_v01.nc,689,207.8399963,41,169.2142615,212.0140576,7.798211589,4966,212.0140576,7.798211589,4966,85.01,23.92,87,9.3,209.81,7.91,87.02,85.01,7.38,211.34,3.61,85.02,81.32,88.7,210.05,8.5,86.03,-3.617649501,-2.204057582,-0.674057582,-1.964057582,312,2024,920.6967201564952
49.63950348,-107.0771637,86.85875702,207.7169189,2024-11-07 07:02:41.448,-0.094,SABER_L2A_2024312_124332_02.08.nc,19,192,51.12733841,-107.4691162,2024-11-07T07:06:01.333941,-0.064,awe_l3a_tmp_2024312T0650_05443_v01.nc,689,207.8399963,41,170.0477271,212.031151,7.800277236,4952,212.031151,7.800277236,4952,85.01,23.92,87,9.3,209.81,7.91,87.02,85.01,7.38,211.34,3.61,85.02,81.32,88.7,210.05,8.5,86.03,-4.314232097,-2.221151043,-0.691151043,-1.981151043,312,2024,920.2358808589256
48.80735397,-116.8592682,87.37000275,220.9492645,2024-11-07 10:23:21.427,2.599,SABER_L2A_2024312_124334_02.08.nc,27,191,48.46635818,-117.0798874,2024-11-07T10:17:30.254124,2.486,awe_l3a_tmp_2024312T0956_05445_v01.nc,967,212.7400055,27,41.80024907,214.177677,7.07109798,5299,214.7158606,7.413847082,5532,85.52,2.6,87,9.3,214.42,7.02,87.02,85.52,6.65,213.6,6.12,85.53,82.19,88.85,212.64,6.79,86.74,6.233403968,-0.295860559,-1.115860559,-2.075860559,312,2024,873.8678841655316
48.79893494,-116.8604584,87.0009079,218.397583,2024-11-07 10:23:21.473,2.599,SABER_L2A_2024312_124334_02.08.nc,27,192,48.46635818,-117.0798874,2024-11-07T10:17:30.254124,2.486,awe_l3a_tmp_2024312T0956_05445_v01.nc,967,212.7400055,27,40.89444969,214.1772297,7.066743625,5306,214.7128152,7.408768286,5538,85.52,2.6,87,9.3,214.42,7.02,87.02,85.52,6.65,213.6,6.12,85.53,82.19,88.85,212.64,6.79,86.74,3.684767801,-0.292815207,-1.112815207,-2.072815207,312,2024,873.1109014422799
48.79051208,-116.8616333,86.63169861,214.9427795,2024-11-07 10:23:21.519,2.599,SABER_L2A_2024312_124334_02.08.nc,27,193,48.46635818,-117.0798874,2024-11-07T10:17:30.254124,2.486,awe_l3a_tmp_2024312T0956_05445_v01.nc,967,212.7400055,27,39.99090502,214.1782684,7.065401358,5307,214.7111052,7.405537241,5538,85.52,2.6,87,9.3,214.42,7.02,87.02,85.52,6.65,213.6,6.12,85.53,82.19,88.85,212.64,6.79,86.74,0.23167434,-0.291105201,-1.111105201,-2.071105201,312,2024,872.3533454429501
47.8763237,-113.918869,87.18162537,207.5986023,2024-11-07 10:24:00.750,2.806,SABER_L2A_2024312_124334_02.08.nc,28,191,47.68035507,-113.9754868,2024-11-07T10:18:02.584509,2.702,awe_l3a_tmp_2024312T0956_05445_v01.nc,992,211.7599945,11,22.50072744,212.2052618,6.041628474,5540,212.2052618,6.041628474,5540,86.44,2.79,87,9.3,207.37,6.25,87.03,86.44,6.64,207.81,4.6,86.45,83.12,89.76,207.7,7.56,86.86,-4.606659553,-4.835261847,-4.395261847,-4.505261847,312,2024,689.3169954857138
47.87031555,-113.927536,86.81307983,206.2281189,2024-11-07 10:24:00.703,2.805,SABER_L2A_2024312_124334_02.08.nc,28,192,47.68035507,-113.9754868,2024-11-07T10:18:02.584509,2.702,awe_l3a_tmp_2024312T0956_05445_v01.nc,992,211.7599945,11,21.71697731,212.206834,6.039262742,5543,212.206834,6.039262742,5543,86.44,2.79,87,9.3,207.37,6.25,87.03,86.44,6.64,207.81,4.6,86.45,83.12,89.76,207.7,7.56,86.86,-5.978715063,-4.836833959,-4.396833959,-4.506833959,312,2024,688.8743586393992
45.82122421,-108.7760468,87.26197815,199.8745422,2024-11-07 10:25:14.673,3.169,SABER_L2A_2024312_124334_02.08.nc,29,191,46.06138229,-108.6354675,2024-11-07T10:19:00.779201,3.075,awe_l3a_tmp_2024312T0956_05445_v01.nc,1037,210.0800018,19,29.22570454,209.4909279,2.844131008,4300,209.4909279,2.844131008,4300,85.96,3.16,87,9.3,201.94,8.77,87.02,85.96,8.49,203.98,7.3,85.99,81.72,90.21,202.88,9.33,86.59,-9.616385693,-7.55092793,-5.51092793,-6.61092793,312,2024,481.3576251420479
45.81301117,-108.7790527,86.89329529,203.0283661,2024-11-07 10:25:14.719,3.169,SABER_L2A_2024312_124334_02.08.nc,29,192,46.06138229,-108.6354675,2024-11-07T10:19:00.779201,3.075,awe_l3a_tmp_2024312T0956_05445_v01.nc,1037,210.0800018,19,30.17253399,209.4926837,2.844923075,4300,209.4926837,2.844923075,4300,85.96,3.16,87,9.3,201.94,8.77,87.02,85.96,8.49,203.98,7.3,85.99,81.72,90.21,202.88,9.33,86.59,-6.464317655,-7.552683744,-5.512683744,-6.612683744,312,2024,480.43838682106775
45.80483246,-108.7821198,86.52450562,206.0291443,2024-11-07 10:25:14.764,3.169,SABER_L2A_2024312_124334_02.08.nc,29,193,46.06138229,-108.6354675,2024-11-07T10:19:00.779201,3.075,awe_l3a_tmp_2024312T0956_05445_v01.nc,1037,210.0800018,19,31.11807226,209.4919335,2.84534133,4298,209.4919335,2.84534133,4298,85.96,3.16,87,9.3,201.94,8.77,87.02,85.96,8.49,203.98,7.3,85.99,81.72,90.21,202.88,9.33,86.59,-3.462789192,-7.551933479,-5.511933479,-6.611933479,312,2024,479.520452618247
44.48888397,-106.0591278,87.36357117,206.9597626,2024-11-07 10:25:56.976,3.362,SABER_L2A_2024312_124334_02.08.nc,30,191,45.09894562,-105.9214706,2024-11-07T10:19:31.816371,3.264,awe_l3a_tmp_2024312T0956_05445_v01.nc,1061,210.2400055,17,69.63804823,209.0400147,2.1959185,2737,209.0400147,2.1959185,2737,85.33,3.35,87,9.3,207.22,6.71,87.02,85.33,8.48,209.41,4.99,85.36,81.09,89.57,207.73,7.61,86.55,-2.080252087,-1.820014661,0.369985339,-1.310014661,312,2024,518.9919353698056
44.48378372,-106.0683136,86.99545288,208.3748474,2024-11-07 10:25:56.931,3.361,SABER_L2A_2024312_124334_02.08.nc,30,192,45.09894562,-105.9214706,2024-11-07T10:19:31.816371,3.264,awe_l3a_tmp_2024312T0956_05445_v01.nc,1061,210.2400055,17,70.3248008,209.0400147,2.1959185,2737,209.0400147,2.1959185,2737,85.33,3.35,87,9.3,207.22,6.71,87.02,85.33,8.48,209.41,4.99,85.36,81.09,89.57,207.73,7.61,86.55,-0.665167249,-1.820014661,0.369985339,-1.310014661,312,2024,518.0746373417006
44.47870636,-106.0775604,86.62724304,210.0750427,2024-11-07 10:25:56.886,3.361,SABER_L2A_2024312_124334_02.08.nc,30,193,45.09894562,-105.9214706,2024-11-07T10:19:31.816371,3.264,awe_l3a_tmp_2024312T0956_05445_v01.nc,1061,210.2400055,17,71.01550737,209.0418365,2.19615102,2739,209.0418365,2.19615102,2739,85.33,3.35,87,9.3,207.22,6.71,87.02,85.33,8.48,209.41,4.99,85.36,81.09,89.57,207.73,7.61,86.55,1.033206239,-1.821836485,0.368163515,-1.311836485,312,2024,517.1544821626153
41.92456818,-101.7319336,87.18308258,210.3799133,2024-11-07 10:27:10.629,3.671,SABER_L2A_2024312_124334_02.08.nc,31,191,45.09894562,-105.9214706,2024-11-07T10:19:31.816371,3.264,awe_l3a_tmp_2024312T0956_05445_v01.nc,1061,210.2400055,17,495.1413975,209.7151764,1.299499413,85,209.7151764,1.299499413,85,84.59,3.66,87,9.3,208.1,10.83,87.03,84.59,8.12,212.44,6.69,84.64,80.53,88.66,209.58,12.43,85.79,0.664736938,-1.615176392,2.724823608,-0.135176392,312,2024,801.1084601177647
41.91686249,-101.7364807,86.81481934,210.2544861,2024-11-07 10:27:10.672,3.671,SABER_L2A_2024312_124334_02.08.nc,31,192,45.09894562,-105.9214706,2024-11-07T10:19:31.816371,3.264,awe_l3a_tmp_2024312T0956_05445_v01.nc,1061,210.2400055,17,495.5275785,209.7224998,1.305466765,84,209.7224998,1.305466765,84,84.59,3.66,87,9.3,208.1,10.83,87.03,84.59,8.12,212.44,6.69,84.64,80.53,88.66,209.58,12.43,85.79,0.531986237,-1.622499847,2.717500153,-0.142499847,312,2024,800.7828974542081
43.61334991,-118.8900757,87.24781799,224.7047424,2024-11-05 11:47:21.521,3.863,SABER_L2A_2024310_124305_02.08.nc,27,192,45.05447769,-117.8440933,2024-11-05T11:57:08.776348,4.096,awe_l3a_tmp_2024310T1126_05415_v01.nc,1355,214.3000031,46,183.0155848,217.5812768,4.507351267,462,212.7959259,3.864378044,3375,84.29,3.86,87,9.3,215.73,9.21,87.02,84.29,5.91,213.11,10.55,84.3,81.34,87.25,212.76,10.0,85.47,11.90881649,2.934074056,0.314074056,-0.035925944,310,2024,637.3318511205557
43.60542679,-118.8940277,86.88053894,226.0248108,2024-11-05 11:47:21.565,3.863,SABER_L2A_2024310_124305_02.08.nc,27,193,45.05447769,-117.8440933,2024-11-05T11:57:08.776348,4.096,awe_l3a_tmp_2024310T1126_05415_v01.nc,1355,214.3000031,46,183.9576087,217.5812768,4.507351267,462,212.7955559,3.86548427,3373,84.29,3.86,87,9.3,215.73,9.21,87.02,84.29,5.91,213.11,10.55,84.3,81.34,87.25,212.76,10.0,85.47,13.22925489,2.9344441,0.3144441,-0.0355559,310,2024,637.4205271608247
43.59754562,-118.8981628,86.51072693,227.0512695,2024-11-05 11:47:21.608,3.863,SABER_L2A_2024310_124305_02.08.nc,27,194,45.05447769,-117.8440933,2024-11-05T11:57:08.776348,4.096,awe_l3a_tmp_2024310T1126_05415_v01.nc,1355,214.3000031,46,184.9023039,217.5812768,4.507351267,462,212.7947092,3.867082214,3370,84.29,3.86,87,9.3,215.73,9.21,87.02,84.29,5.91,213.11,10.55,84.3,81.34,87.25,212.76,10.0,85.47,14.25656031,2.935290784,0.315290784,-0.034709216,310,2024,637.5260874391141
42.22483444,-116.5888519,87.38881683,227.891449,2024-11-05 11:48:01.102,4.028,SABER_L2A_2024310_124305_02.08.nc,28,191,44.0270195,-115.2272263,2024-11-05T11:57:40.988830,4.28,awe_l3a_tmp_2024310T1126_05415_v01.nc,1379,220.1699982,30,231.9586607,220.7705077,7.215254062,1812,217.4671926,7.167197379,3626,84.07,4.01,87,9.3,218.49,11.37,87.02,84.07,4.42,217.76,11.1,84.08,81.86,86.29,217.02,11.08,85.89,10.42425642,1.022807444,0.292807444,-0.447192556,310,2024,427.66450307001094
42.22018814,-116.5980988,87.02138519,227.8883972,2024-11-05 11:48:01.059,4.027,SABER_L2A_2024310_124305_02.08.nc,28,192,44.0270195,-115.2272263,2024-11-05T11:57:40.988830,4.28,awe_l3a_tmp_2024310T1126_05415_v01.nc,1379,220.1699982,30,232.786882,220.7705077,7.215254062,1812,217.4652413,7.167172455,3627,84.07,4.01,87,9.3,218.49,11.37,87.02,84.07,4.42,217.76,11.1,84.08,81.86,86.29,217.02,11.08,85.89,10.42315591,1.024758697,0.294758697,-0.445241303,310,2024,428.4020877306257
42.21551895,-116.6072845,86.65383148,228.1661072,2024-11-05 11:48:01.017,4.026,SABER_L2A_2024310_124305_02.08.nc,28,193,44.0270195,-115.2272263,2024-11-05T11:57:40.988830,4.28,awe_l3a_tmp_2024310T1126_05415_v01.nc,1379,220.1699982,30,233.6156968,220.7705077,7.215254062,1812,217.4658782,7.166728081,3627,84.07,4.01,87,9.3,218.49,11.37,87.02,84.07,4.42,217.76,11.1,84.08,81.86,86.29,217.02,11.08,85.89,10.70022899,1.024121808,0.294121808,-0.445878192,310,2024,429.135348219142
39.4136467,-112.6833496,87.41451263,221.4067841,2024-11-05 11:49:14.898,4.309,SABER_L2A_2024310_124305_02.08.nc,29,191,41.94438553,-110.5694122,2024-11-05T11:58:41.387235,4.607,awe_l3a_tmp_2024310T1126_05415_v01.nc,1424,221.1199951,23,337.6376056,220.5992486,7.769767215,3953,220.7281864,7.677590702,4097,84.83,4.3,87,9.3,212.31,16.22,87.02,84.83,5.9,217.59,17.66,84.84,81.88,87.78,216.08,15.23,86.23,0.678597627,-8.418186431,-3.138186431,-4.648186431,310,2024,299.7794809657013
39.40610886,-112.6883392,87.04671478,223.78125,2024-11-05 11:49:14.943,4.308,SABER_L2A_2024310_124305_02.08.nc,29,192,41.94438553,-110.5694122,2024-11-05T11:58:41.387235,4.607,awe_l3a_tmp_2024310T1126_05415_v01.nc,1424,221.1199951,23,338.5888488,220.5416359,7.811349827,4010,220.6708016,7.720418512,4154,84.83,4.3,87,9.3,212.31,16.22,87.02,84.83,5.9,217.59,17.66,84.84,81.88,87.78,216.08,15.23,86.23,3.110448412,-8.360801588,-3.080801588,-4.590801588,310,2024,300.7145031309521
39.39860153,-112.6933594,86.67882538,225.3223572,2024-11-05 11:49:14.987,4.308,SABER_L2A_2024310_124305_02.08.nc,29,193,41.94438553,-110.5694122,2024-11-05T11:58:41.387235,4.607,awe_l3a_tmp_2024310T1126_05415_v01.nc,1424,221.1199951,23,339.5386036,220.5440733,7.810799103,4009,220.673131,7.720747764,4152,84.83,4.3,87,9.3,212.31,16.22,87.02,84.83,5.9,217.59,17.66,84.84,81.88,87.78,216.08,15.23,86.23,4.649226205,-8.363130973,-3.083130973,-4.593130973,310,2024,301.64731367550036
37.12394333,-109.9901428,87.44384003,212.0808868,2024-11-05 11:50:11.232,4.504,SABER_L2A_2024310_124305_02.08.nc,30,190,40.6569252,-108.0213852,2024-11-05T11:59:16.284091,4.786,awe_l3a_tmp_2024310T1126_05415_v01.nc,1450,213.7599945,23,434.0248563,222.0943456,6.279534623,1956,222.0943456,6.279534623,1956,84.32,4.49,87,9.3,210.39,12.85,87.02,84.32,6.25,216.35,11.13,84.33,81.19,87.44,214.16,12.38,85.72,-10.01345878,-11.70434562,-5.744345623,-7.934345623,310,2024,548.7267220394882
37.12033844,-109.9994812,87.07720184,211.5371552,2024-11-05 11:50:11.187,4.503,SABER_L2A_2024310_124305_02.08.nc,30,191,40.6569252,-108.0213852,2024-11-05T11:59:16.284091,4.786,awe_l3a_tmp_2024310T1126_05415_v01.nc,1450,213.7599945,23,434.7254356,222.0925218,6.282026113,1955,222.0925218,6.282026113,1955,84.32,4.49,87,9.3,210.39,12.85,87.02,84.32,6.25,216.35,11.13,84.33,81.19,87.44,214.16,12.38,85.72,-10.55536661,-11.70252177,-5.742521765,-7.932521765,310,2024,548.9400019790579
37.11677933,-110.0088654,86.71046448,211.7082062,2024-11-05 11:50:11.141,4.503,SABER_L2A_2024310_124305_02.08.nc,30,192,40.6569252,-108.0213852,2024-11-05T11:59:16.284091,4.786,awe_l3a_tmp_2024310T1126_05415_v01.nc,1450,213.7599945,23,435.4236952,222.1079263,6.254906479,1953,222.1079263,6.254906479,1953,84.32,4.49,87,9.3,210.39,12.85,87.02,84.32,6.25,216.35,11.13,84.33,81.19,87.44,214.16,12.38,85.72,-10.39972012,-11.7179263,-5.757926298,-7.947926298,310,2024,549.1488014584411
33.24634552,-110.5200806,87.34155273,211.4342499,2024-11-02 06:15:43.514,-1.106,SABER_L2A_2024307_124257_02.08.nc,12,191,34.66478348,-112.0415955,2024-11-02T06:20:31.503492,-1.127,awe_l3a_tmp_2024307T0606_05365_v01.nc,616,199.5,47,213.9928279,203.3122334,2.981671819,4088,203.2118338,2.958906428,4308,86.6,22.91,87,9.3,203.59,7.97,87.02,86.6,6.6,206.06,5.53,86.61,83.3,89.91,203.3,8.48,87.52,8.222416073,0.378166195,2.848166195,0.088166195,307,2024,969.2616888665848
33.23928833,-110.5143738,86.974823,210.5273438,2024-11-02 06:15:43.468,-1.106,SABER_L2A_2024307_124257_02.08.nc,12,192,34.66478348,-112.0415955,2024-11-02T06:20:31.503492,-1.127,awe_l3a_tmp_2024307T0606_05365_v01.nc,616,199.5,47,214.9456398,203.309544,2.97906296,4079,203.2090719,2.95627383,4299,86.6,22.91,87,9.3,203.59,7.97,87.02,86.6,6.6,206.06,5.53,86.61,83.3,89.91,203.3,8.48,87.52,7.318271865,0.380928115,2.850928115,0.090928115,307,2024,970.0851332390912
33.23220062,-110.5086975,86.60797119,209.2524414,2024-11-02 06:15:43.422,-1.105,SABER_L2A_2024307_124257_02.08.nc,12,193,34.66478348,-112.0415955,2024-11-02T06:20:31.503492,-1.127,awe_l3a_tmp_2024307T0606_05365_v01.nc,616,199.5,47,215.8992484,203.3053878,2.975794905,4074,203.2050117,2.952986538,4294,86.6,22.91,87,9.3,203.59,7.97,87.02,86.6,6.6,206.06,5.53,86.61,83.3,89.91,203.3,8.48,87.52,6.047429753,0.384988347,2.854988347,0.094988347,307,2024,970.9119416174524
36.53534698,-107.4002991,87.39833069,200.7314758,2024-11-02 06:16:58.625,-0.877,SABER_L2A_2024307_124257_02.08.nc,13,191,37.4083519,-108.3041,2024-11-02T06:21:30.991400,-0.862,awe_l3a_tmp_2024307T0606_05365_v01.nc,662,206.1000061,12,127.6947543,202.1980855,3.263735048,5150,202.1975146,3.260560716,5162,86.84,23.14,87,9.3,201.9,5.94,87.02,86.84,6.96,202.48,5.26,86.85,83.36,90.32,202.05,6.24,87.36,-1.466038736,-0.297514566,0.282485434,-0.147514566,307,2024,692.8172944642607
36.53177643,-107.3909302,87.02919006,198.8326263,2024-11-02 06:16:58.668,-0.876,SABER_L2A_2024307_124257_02.08.nc,13,192,37.4083519,-108.3041,2024-11-02T06:21:30.991400,-0.862,awe_l3a_tmp_2024307T0606_05365_v01.nc,662,206.1000061,12,128.5443856,202.1964672,3.263722435,5146,202.1963642,3.260690773,5157,86.84,23.14,87,9.3,201.9,5.94,87.02,86.84,6.96,202.48,5.26,86.85,83.36,90.32,202.05,6.24,87.36,-3.36373786,-0.296364202,0.283635798,-0.146364202,307,2024,693.5679517768193
36.52825165,-107.3816376,86.66294861,198.2731323,2024-11-02 06:16:58.711,-0.876,SABER_L2A_2024307_124257_02.08.nc,13,193,37.4083519,-108.3041,2024-11-02T06:21:30.991400,-0.862,awe_l3a_tmp_2024307T0606_05365_v01.nc,662,206.1000061,12,129.3868575,202.1905004,3.263591611,5136,202.1903926,3.260870588,5146,86.84,23.14,87,9.3,201.9,5.94,87.02,86.84,6.96,202.48,5.26,86.85,83.36,90.32,202.05,6.24,87.36,-3.917260251,-0.290392575,0.289607425,-0.140392575,307,2024,694.3112534504792
39.88893127,-103.4912415,87.35843658,197.4359436,2024-11-02 06:18:20.725,-0.594,SABER_L2A_2024307_124257_02.08.nc,14,191,40.24435806,-103.9238586,2024-11-02T06:22:35.652169,-0.552,awe_l3a_tmp_2024307T0606_05365_v01.nc,712,198.0299988,19,54.74912385,200.0884209,3.958760533,5535,200.0884209,3.958760533,5535,87.53,23.42,87,9.3,197.08,8.29,87.02,87.53,8.45,196.32,8.05,87.55,83.31,91.76,197.2,8.65,87.44,-2.652477333,-3.008420936,-3.768420936,-2.888420936,307,2024,703.7655699925418
39.88136292,-103.4862976,86.9907608,195.0963135,2024-11-02 06:18:20.681,-0.593,SABER_L2A_2024307_124257_02.08.nc,14,192,40.24435806,-103.9238586,2024-11-02T06:22:35.652169,-0.552,awe_l3a_tmp_2024307T0606_05365_v01.nc,712,198.0299988,19,55.66606135,200.0846347,3.957947164,5530,200.0846347,3.957947164,5530,87.53,23.42,87,9.3,197.08,8.29,87.02,87.53,8.45,196.32,8.05,87.55,83.31,91.76,197.2,8.65,87.44,-4.988321221,-3.004634697,-3.764634697,-2.884634697,307,2024,704.465826226029
39.87382507,-103.4813538,86.62298584,192.3181915,2024-11-02 06:18:20.638,-0.593,SABER_L2A_2024307_124257_02.08.nc,14,193,40.24435806,-103.9238586,2024-11-02T06:22:35.652169,-0.552,awe_l3a_tmp_2024307T0606_05365_v01.nc,712,198.0299988,19,56.58173294,200.0801447,3.954384929,5526,200.0801447,3.954384929,5526,87.53,23.42,87,9.3,197.08,8.29,87.02,87.53,8.45,196.32,8.05,87.55,83.31,91.76,197.2,8.65,87.44,-7.761953221,-3.000144749,-3.760144749,-2.880144749,307,2024,705.1654674634995
42.72284698,-99.40139771,87.32233429,204.9996643,2024-11-02 06:19:36.262,-0.3,SABER_L2A_2024307_124257_02.08.nc,15,191,42.74540329,-99.46759033,2024-11-02T06:23:36.433292,-0.238,awe_l3a_tmp_2024307T0606_05365_v01.nc,759,209.8500061,35,6.041069972,205.0955604,6.850929612,5638,205.0955604,6.850929612,5638,86.95,23.71,87,9.3,203.45,7.53,87.02,86.95,6.61,204.81,7.02,86.96,83.64,90.26,204.24,6.93,87.78,-0.095896082,-1.645560388,-0.285560388,-0.855560388,307,2024,991.1230519687651
42.71826172,-99.39193726,86.95507813,202.867218,2024-11-02 06:19:36.310,-0.299,SABER_L2A_2024307_124257_02.08.nc,15,192,42.74540329,-99.46759033,2024-11-02T06:23:36.433292,-0.238,awe_l3a_tmp_2024307T0606_05365_v01.nc,759,209.8500061,35,6.970657225,205.0983752,6.851619028,5638,205.0983752,6.851619028,5638,86.95,23.71,87,9.3,203.45,7.53,87.02,86.95,6.61,204.81,7.02,86.96,83.64,90.26,204.24,6.93,87.78,-2.231157201,-1.648375218,-0.288375218,-0.858375218,307,2024,991.8870481345735
42.71362305,-99.38253784,86.58770752,201.7258759,2024-11-02 06:19:36.355,-0.299,SABER_L2A_2024307_124257_02.08.nc,15,193,42.74540329,-99.46759033,2024-11-02T06:23:36.433292,-0.238,awe_l3a_tmp_2024307T0606_05365_v01.nc,759,209.8500061,35,7.900642673,205.1059165,6.850924442,5635,205.1059165,6.850924442,5635,86.95,23.71,87,9.3,203.45,7.53,87.02,86.95,6.61,204.81,7.02,86.96,83.64,90.26,204.24,6.93,87.78,-3.380040646,-1.6559165,-0.2959165,-0.8659165,307,2024,992.6463516807901
43.34780121,-122.7080231,87.32731628,208.7379608,2024-11-02 07:56:25.239,-0.24,SABER_L2A_2024307_124258_02.08.nc,15,190,43.0918045,-122.4926071,2024-11-02T07:56:35.270034,-0.223,awe_l3a_tmp_2024307T0738_05366_v01.nc,799,203.6399994,15,33.84724785,203.1454208,5.19131714,5453,202.8032624,5.446854261,5643,85.85,23.77,87,9.3,202.55,7.24,87.02,85.85,10.29,204.2,7.77,85.93,80.7,90.99,203.21,7.31,86.58,5.934698453,-0.253262362,1.396737638,0.406737638,307,2024,935.7695424973384
43.34297943,-122.6987152,86.96000671,205.9590302,2024-11-02 07:56:25.281,-0.24,SABER_L2A_2024307_124258_02.08.nc,15,191,43.0918045,-122.4926071,2024-11-02T07:56:35.270034,-0.223,awe_l3a_tmp_2024307T0738_05366_v01.nc,799,203.6399994,15,32.9866767,203.145785,5.191723567,5452,202.8012721,5.447726964,5644,85.85,23.77,87,9.3,202.55,7.24,87.02,85.85,10.29,204.2,7.77,85.93,80.7,90.99,203.21,7.31,86.58,3.157758092,-0.251272059,1.398727941,0.408727941,307,2024,934.9666016364213
43.33815765,-122.6894226,86.59259033,202.736618,2024-11-02 07:56:25.324,-0.239,SABER_L2A_2024307_124258_02.08.nc,15,192,43.0918045,-122.4926071,2024-11-02T07:56:35.270034,-0.223,awe_l3a_tmp_2024307T0738_05366_v01.nc,799,203.6399994,15,32.13100897,203.1458612,5.192196708,5451,202.7996349,5.449136343,5644,85.85,23.77,87,9.3,202.55,7.24,87.02,85.85,10.29,204.2,7.77,85.93,80.7,90.99,203.21,7.31,86.58,-0.063016882,-0.249634924,1.400365076,0.410365076,307,2024,934.1650037570718
44.62503052,-120.4020538,87.32003784,207.1743164,2024-11-02 07:57:03.167,-0.076,SABER_L2A_2024307_124258_02.08.nc,16,190,44.28881073,-120.0569763,2024-11-02T07:57:06.482580,-0.052,awe_l3a_tmp_2024307T0738_05366_v01.nc,823,199.6100006,24,46.97738895,203.7427968,5.66817159,5002,202.5486266,6.384143282,5636,87.13,23.93,87,9.3,198.16,9.0,87.02,87.13,7.73,197.63,8.43,87.14,83.26,90.99,198.81,9.37,86.83,4.625689781,-4.388626626,-4.918626626,-3.738626626,307,2024,785.653015839542
44.61697006,-120.3984528,86.95193481,202.9564209,2024-11-02 07:57:03.122,-0.076,SABER_L2A_2024307_124258_02.08.nc,16,191,44.28881073,-120.0569763,2024-11-02T07:57:06.482580,-0.052,awe_l3a_tmp_2024307T0738_05366_v01.nc,823,199.6100006,24,46.07541106,203.7419308,5.667936045,5003,202.5480698,6.383713838,5637,87.13,23.93,87,9.3,198.16,9.0,87.02,87.13,7.73,197.63,8.43,87.14,83.26,90.99,198.81,9.37,86.83,0.408351062,-4.388069836,-4.918069836,-3.738069836,307,2024,785.0888612220082
44.60890961,-120.3948517,86.58372498,197.9160461,2024-11-02 07:57:03.077,-0.075,SABER_L2A_2024307_124258_02.08.nc,16,192,44.28881073,-120.0569763,2024-11-02T07:57:06.482580,-0.052,awe_l3a_tmp_2024307T0738_05366_v01.nc,823,199.6100006,24,45.1755047,203.7376334,5.669124522,5003,202.5419528,6.385712521,5638,87.13,23.93,87,9.3,198.16,9.0,87.02,87.13,7.73,197.63,8.43,87.14,83.26,90.99,198.81,9.37,86.83,-4.625906618,-4.38195276,-4.91195276,-3.73195276,307,2024,784.5253470085736
46.92227554,-115.3832245,87.16737366,212.3327332,2024-11-02 07:58:19.093,0.28,SABER_L2A_2024307_124258_02.08.nc,17,191,46.47129059,-114.9963684,2024-11-02T07:58:07.607150,0.302,awe_l3a_tmp_2024307T0738_05366_v01.nc,870,201.9600067,30,58.97667589,202.9558566,6.741019639,4798,201.6290306,7.168248543,5581,87.16,0.3,87,9.3,197.89,13.57,87.03,87.16,6.62,200.45,11.74,87.17,83.85,90.47,198.77,14.47,87.88,10.70370257,-3.739030584,-1.179030584,-2.859030584,307,2024,637.4871987362578
46.91656113,-115.3743134,86.79937744,213.500824,2024-11-02 07:58:19.138,0.28,SABER_L2A_2024307_124258_02.08.nc,17,192,46.47129059,-114.9963684,2024-11-02T07:58:07.607150,0.302,awe_l3a_tmp_2024307T0738_05366_v01.nc,870,201.9600067,30,58.07361957,202.9522018,6.743885845,4796,201.6254131,7.170088802,5579,87.16,0.3,87,9.3,197.89,13.57,87.03,87.16,6.62,200.45,11.74,87.17,83.85,90.47,198.77,14.47,87.88,11.87541087,-3.7354131,-1.1754131,-2.8554131,307,2024,636.5941699713704
48.00945663,-112.43396,87.36277771,215.7142792,2024-11-02 07:59:00.319,0.488,SABER_L2A_2024307_124258_02.08.nc,18,190,47.57647705,-112.0258179,2024-11-02T07:58:41.420742,0.51,awe_l3a_tmp_2024307T0738_05366_v01.nc,896,201.3500061,43,57.76514643,204.7184303,7.830199284,5173,203.9992663,8.054896889,5561,87.54,0.49,87,9.3,201.15,10.89,87.02,87.54,6.27,202.75,9.88,87.55,84.41,90.68,200.35,12.65,88.27,11.71501289,-2.84926628,-1.24926628,-3.64926628,307,2024,680.2257598049339
48.00114822,-112.4319458,86.994133,216.0940247,2024-11-02 07:59:00.274,0.488,SABER_L2A_2024307_124258_02.08.nc,18,191,47.53541565,-112.1423569,2024-11-02T07:58:40.120219,0.502,awe_l3a_tmp_2024307T0738_05366_v01.nc,895,201.0700073,42,56.89414662,204.7109762,7.82730224,5173,203.9864647,8.053542749,5564,87.54,0.49,87,9.3,201.15,10.89,87.02,87.54,6.27,202.75,9.88,87.55,84.41,90.68,200.35,12.65,88.27,12.10755992,-2.836464736,-1.236464736,-3.636464736,307,2024,679.290477382871
47.99282455,-112.4299774,86.62537384,214.9318085,2024-11-02 07:59:00.229,0.488,SABER_L2A_2024307_124258_02.08.nc,18,192,47.53541565,-112.1423569,2024-11-02T07:58:40.120219,0.502,awe_l3a_tmp_2024307T0738_05366_v01.nc,895,201.0700073,42,55.97214316,204.7094375,7.827328145,5174,203.9808189,8.053708717,5568,87.54,0.49,87,9.3,201.15,10.89,87.02,87.54,6.27,202.75,9.88,87.55,84.41,90.68,200.35,12.65,88.27,10.95098955,-2.830818927,-1.230818927,-3.630818927,307,2024,678.3539308617228
49.64661789,-106.772995,87.44667053,211.3202209,2024-11-02 08:00:14.207,0.886,SABER_L2A_2024307_124258_02.08.nc,19,190,49.2953186,-106.5923309,2024-11-02T07:59:39.944267,0.888,awe_l3a_tmp_2024307T0738_05366_v01.nc,941,216.6799927,18,41.74871283,211.6878328,9.455165809,5094,211.3472428,9.378348158,5549,85.78,0.9,87,9.3,207.79,12.85,87.02,85.78,6.27,213.65,9.25,85.79,82.65,88.92,209.43,14.56,86.91,-0.027021842,-3.557242789,2.302757211,-1.917242789,307,2024,929.7871715790978
49.63993835,-106.7652435,87.07819366,213.0524139,2024-11-02 08:00:14.253,0.886,SABER_L2A_2024307_124258_02.08.nc,19,191,49.2953186,-106.5923309,2024-11-02T07:59:39.944267,0.888,awe_l3a_tmp_2024307T0738_05366_v01.nc,941,216.6799927,18,40.85607446,211.6943514,9.456138065,5095,211.3534445,9.378642793,5551,85.78,0.9,87,9.3,207.79,12.85,87.02,85.78,6.27,213.65,9.25,85.79,82.65,88.92,209.43,14.56,86.91,1.698969472,-3.563444469,2.296555531,-1.923444469,307,2024,929.343023279092
49.63319397,-106.757782,86.7095871,215.1319122,2024-11-02 08:00:14.295,0.887,SABER_L2A_2024307_124258_02.08.nc,19,192,49.2953186,-106.5923309,2024-11-02T07:59:39.944267,0.888,awe_l3a_tmp_2024307T0738_05366_v01.nc,941,216.6799927,18,39.96517033,211.6975677,9.460588801,5098,211.3565809,9.382914537,5554,85.78,0.9,87,9.3,207.79,12.85,87.02,85.78,6.27,213.65,9.25,85.79,82.65,88.92,209.43,14.56,86.91,3.775331345,-3.566580886,2.293419114,-1.926580886,307,2024,928.8844528763274
50.55952072,-109.5317535,87.22633362,186.7104797,2025-03-18 05:18:10.788,-1.999,SABER_L2A_2025077_126286_02.08.nc,17,192,51.38830185,-114.3460159,2025-03-18T05:28:09.832980,-2.154,awe_l3a_tmp_2025077T0523_07472_v01.nc,179,184.4299927,19,354.1462215,187.066277,3.56311079,642,187.066277,3.56311079,642,87.77,22.02,87,9.3,186.17,11.45,87.02,87.77,8.45,183.97,10.93,87.78,83.55,91.99,183.69,10.93,88.39,-0.355797266,-0.896277002,-3.096277002,-3.376277002,77,2025,969.9659985426238
50.55253983,-109.5245514,86.85888672,187.6313782,2025-03-18 05:18:10.832,-1.999,SABER_L2A_2025077_126286_02.08.nc,17,193,51.38830185,-114.3460159,2025-03-18T05:28:09.832980,-2.154,awe_l3a_tmp_2025077T0523_07472_v01.nc,179,184.4299927,19,354.8716131,187.0604236,3.560035443,637,187.0604236,3.560035443,637,87.77,22.02,87,9.3,186.17,11.45,87.02,87.77,8.45,183.97,10.93,87.78,83.55,91.99,183.69,10.93,88.39,0.570954591,-0.890423583,-3.090423583,-3.370423583,77,2025,969.2824851497355
36.83880234,-105.4210205,87.18489075,213.4039612,2025-01-10 02:30:37.290,-4.518,SABER_L2A_2025010_125284_02.08.nc,31,194,37.78217697,-101.2974777,2025-01-10T02:22:45.769000,-4.374,awe_l3a_tmp_2025010T0226_06432_v01.nc,234,207.9299927,49,384.6167404,209.3459078,2.436132867,3057,208.0666789,2.452904313,9503,86.82,19.49,87,9.3,204.92,8.55,87.02,86.82,5.85,207.94,7.63,86.82,83.89,89.74,205.82,8.5,87.46,5.337282252,-3.14667893,-0.12667893,-2.24667893,10,2025,765.6699143477975
36.83685303,-105.4109955,86.81938171,215.7347107,2025-01-10 02:30:37.333,-4.517,SABER_L2A_2025010_125284_02.08.nc,31,195,37.78217697,-101.2974777,2025-01-10T02:22:45.769000,-4.374,awe_l3a_tmp_2025010T0226_06432_v01.nc,234,207.9299927,49,383.8188416,209.3443758,2.439854047,3108,208.0738913,2.454296255,9583,86.82,19.5,87,9.3,204.92,8.55,87.02,86.82,5.85,207.94,7.63,86.82,83.89,89.74,205.82,8.5,87.46,7.660819441,-3.153891252,-0.133891252,-2.253891252,10,2025,766.4136961586543
47.71395493,-120.5457916,87.28840637,192.173233,2025-03-13 06:17:56.204,-1.737,SABER_L2A_2025072_126212_02.08.nc,15,193,51.3482666,-120.9418411,2025-03-13T06:15:03.398090,-1.812,awe_l3a_tmp_2025072T0609_07395_v01.nc,252,194.75,49,410.6570651,194.9858455,2.250180869,2525,194.9646611,2.215354607,2641,87.27,22.28,87,9.3,193.42,10.6,87.02,87.27,11.01,192.95,11.2,87.3,81.77,92.78,191.41,11.31,88.11,-2.791428046,-1.544661078,-2.014661078,-3.554661078,72,2025,963.6803021825435
47.7080307,-120.5372009,86.9225769,198.1058655,2025-03-13 06:17:56.248,-1.737,SABER_L2A_2025072_126212_02.08.nc,15,194,51.3482666,-120.9418411,2025-03-13T06:15:03.398090,-1.812,awe_l3a_tmp_2025072T0609_07395_v01.nc,252,194.75,49,411.367937,194.9851587,2.251213233,2520,194.9639643,2.216284034,2636,87.27,22.28,87,9.3,193.42,10.6,87.02,87.27,11.01,192.95,11.2,87.3,81.77,92.78,191.41,11.31,88.11,3.141901175,-1.543964303,-2.013964303,-3.553964303,72,2025,962.7672580880518
47.702034,-120.5286102,86.55400085,203.0855408,2025-03-13 06:17:56.292,-1.736,SABER_L2A_2025072_126212_02.08.nc,15,195,51.3482666,-120.9418411,2025-03-13T06:15:03.398090,-1.812,awe_l3a_tmp_2025072T0609_07395_v01.nc,252,194.75,49,412.0877809,194.9833982,2.252468021,2516,194.9622492,2.217432721,2632,87.27,22.28,87,9.3,193.42,10.6,87.02,87.27,11.01,192.95,11.2,87.3,81.77,92.78,191.41,11.31,88.11,8.123291572,-1.542249199,-2.012249199,-3.552249199,72,2025,961.849144675102
48.68121719,-117.7258301,87.23610687,179.483963,2025-03-13 06:18:34.503,-1.539,SABER_L2A_2025072_126212_02.08.nc,16,192,51.4466629,-117.8171768,2025-03-13T06:15:31.848829,-1.596,awe_l3a_tmp_2025072T0609_07395_v01.nc,274,196.1000061,29,311.7726787,194.0229274,3.450390295,3375,194.043152,3.393215088,3512,87.03,22.46,87,9.3,190.77,10.01,87.02,87.03,13.6,192.04,11.05,87.11,80.23,93.83,191.87,10.77,87.38,-14.559189,-3.273152012,-2.003152012,-2.173152012,72,2025,897.0646581254051
48.67287445,-117.7241364,86.86846924,183.6820374,2025-03-13 06:18:34.459,-1.539,SABER_L2A_2025072_126212_02.08.nc,16,193,51.4466629,-117.8171768,2025-03-13T06:15:31.848829,-1.596,awe_l3a_tmp_2025072T0609_07395_v01.nc,274,196.1000061,29,312.7154304,194.0199881,3.450642654,3371,194.0399258,3.393803295,3507,87.03,22.46,87,9.3,190.77,10.01,87.02,87.03,13.6,192.04,11.05,87.11,80.23,93.83,191.87,10.77,87.38,-10.35788847,-3.269925825,-1.999925825,-2.169925825,72,2025,896.2380821902008
48.66455078,-117.7223663,86.50071716,188.0044861,2025-03-13 06:18:34.416,-1.539,SABER_L2A_2025072_126212_02.08.nc,16,194,51.4466629,-117.8171768,2025-03-13T06:15:31.848829,-1.596,awe_l3a_tmp_2025072T0609_07395_v01.nc,274,196.1000061,29,313.6561877,194.0118571,3.449204884,3360,194.0321739,3.39226415,3496,87.03,22.46,87,9.3,190.77,10.01,87.02,87.03,13.6,192.04,11.05,87.11,80.23,93.83,191.87,10.77,87.38,-6.027687793,-3.262173877,-1.992173877,-2.162173877,72,2025,895.410150970356
50.25337601,-111.7549896,87.23982239,190.157608,2025-03-13 06:19:50.422,-1.12,SABER_L2A_2025072_126212_02.08.nc,17,192,51.39552689,-111.6981812,2025-03-13T06:16:27.457091,-1.172,awe_l3a_tmp_2025072T0609_07395_v01.nc,317,195.8000031,15,128.7991825,191.5949127,4.413785741,4641,191.1465948,4.519580267,5104,88.7,22.9,87,9.3,187.47,15.9,87.02,88.7,8.07,181.48,16.33,88.71,84.67,92.74,185.1,18.87,87.83,-0.988986787,-3.676594819,-9.666594819,-6.046594819,72,2025,925.4281714766358
50.24658966,-111.7472687,86.87242126,190.1962891,2025-03-13 06:19:50.470,-1.119,SABER_L2A_2025072_126212_02.08.nc,17,193,51.39552689,-111.6981812,2025-03-13T06:16:27.457091,-1.172,awe_l3a_tmp_2025072T0609_07395_v01.nc,317,195.8000031,15,129.5477323,191.5889776,4.412981539,4636,191.140759,4.518411338,5099,88.7,22.9,87,9.3,187.47,15.9,87.02,88.7,8.07,181.48,16.33,88.71,84.67,92.74,185.1,18.87,87.83,-0.9444699,-3.670758963,-9.660758963,-6.040758963,72,2025,924.6576317898331
50.23978806,-111.7396088,86.50491333,190.3745575,2025-03-13 06:19:50.518,-1.119,SABER_L2A_2025072_126212_02.08.nc,17,194,51.39552689,-111.6981812,2025-03-13T06:16:27.457091,-1.172,awe_l3a_tmp_2025072T0609_07395_v01.nc,317,195.8000031,15,130.3006049,191.5839425,4.415500253,4629,191.1355656,4.520306044,5092,88.7,22.9,87,9.3,187.47,15.9,87.02,88.7,8.07,181.48,16.33,88.71,84.67,92.74,185.1,18.87,87.83,-0.761008084,-3.665565579,-9.655565579,-6.035565579,72,2025,923.8858714035127
48.71155167,-112.2175751,87.24530029,189.9664612,2025-03-11 09:26:28.212,1.96,SABER_L2A_2025070_126184_02.08.nc,26,192,45.75240326,-114.4671326,2025-03-11T09:28:54.444420,1.851,awe_l3a_tmp_2025070T0912_07366_v01.nc,731,203.6300049,25,375.3097739,199.2801624,2.71804432,3202,199.1581438,2.769028189,3378,86.13,1.96,87,9.3,197.14,15.38,87.02,86.13,9.57,199.68,15.33,86.18,81.35,90.92,200.68,16.25,86.88,-9.191682665,-2.018143847,0.521856153,1.521856153,70,2025,756.1860504550996
48.70314789,-112.2190704,86.87745667,191.8088837,2025-03-11 09:26:28.259,1.96,SABER_L2A_2025070_126184_02.08.nc,26,193,45.75240326,-114.4671326,2025-03-11T09:28:54.444420,1.851,awe_l3a_tmp_2025070T0912_07366_v01.nc,731,203.6300049,25,374.4221876,199.283246,2.716541189,3207,199.1615662,2.767340719,3384,86.13,1.96,87,9.3,197.14,15.38,87.02,86.13,9.57,199.68,15.33,86.18,81.35,90.92,200.68,16.25,86.88,-7.352682497,-2.021566164,0.518433836,1.518433836,70,2025,755.2647727433016
48.6947937,-112.2207642,86.50889587,194.5756531,2025-03-11 09:26:28.303,1.96,SABER_L2A_2025070_126184_02.08.nc,26,194,45.75240326,-114.4671326,2025-03-11T09:28:54.444420,1.851,awe_l3a_tmp_2025070T0912_07366_v01.nc,731,203.6300049,25,373.5328532,199.2841376,2.717931547,3212,199.1571214,2.771929705,3394,86.13,1.96,87,9.3,197.14,15.38,87.02,86.13,9.57,199.68,15.33,86.18,81.35,90.92,200.68,16.25,86.88,-4.581468284,-2.01712136,0.52287864,1.52287864,70,2025,754.3503218747037
47.70217514,-109.2660675,87.4443512,198.8464661,2025-03-11 09:27:08.273,2.168,SABER_L2A_2025070_126184_02.08.nc,27,193,44.71581268,-111.6823273,2025-03-11T09:29:26.678567,2.045,awe_l3a_tmp_2025070T0912_07366_v01.nc,756,198.2799988,49,385.7275178,199.1995427,2.418916763,2471,198.2219336,3.088223373,3196,87.98,2.15,87,9.3,201.6,8.01,87.02,87.98,10.64,200.4,8.15,87.98,82.66,93.3,200.15,8.27,88.61,0.624532454,3.378066389,2.178066389,1.928066389,70,2025,663.4573100816316
47.69626236,-109.274765,87.07772827,196.3459473,2025-03-11 09:27:08.228,2.167,SABER_L2A_2025070_126184_02.08.nc,27,194,44.71581268,-111.6823273,2025-03-11T09:29:26.678567,2.045,awe_l3a_tmp_2025070T0912_07366_v01.nc,756,198.2799988,49,384.8200367,199.2040185,2.420475969,2481,198.2284466,3.088882022,3206,87.98,2.15,87,9.3,201.6,8.01,87.02,87.98,10.64,200.4,8.15,87.98,82.66,93.3,200.15,8.27,88.61,-1.882499338,3.371553397,2.171553397,1.921553397,70,2025,662.6491145245606
47.69036865,-109.2835236,86.71047974,194.5015564,2025-03-11 09:27:08.183,2.167,SABER_L2A_2025070_126184_02.08.nc,27,195,44.71581268,-111.6823273,2025-03-11T09:29:26.678567,2.045,awe_l3a_tmp_2025070T0912_07366_v01.nc,756,198.2799988,49,383.9122331,199.2042908,2.417596262,2489,198.2310858,3.086099505,3214,87.98,2.15,87,9.3,201.6,8.01,87.02,87.98,10.64,200.4,8.15,87.98,82.66,93.3,200.15,8.27,88.61,-3.729529418,3.368914185,2.168914185,1.918914185,70,2025,661.8420745733059
45.56964493,-104.2431488,87.24560547,190.9489899,2025-03-11 09:28:21.732,2.523,SABER_L2A_2025070_126184_02.08.nc,28,193,42.68744278,-106.9241409,2025-03-11T09:30:24.700031,2.379,awe_l3a_tmp_2025070T0912_07366_v01.nc,801,196.2100067,44,390.5634651,195.0044471,2.885571447,2125,194.6260509,2.672692217,2988,88.89,2.52,87,9.3,195.78,6.79,87.02,88.89,7.7,194.5,4.91,88.9,85.04,92.74,195.44,6.59,88.4,-3.677061048,1.153949084,-0.126050916,0.813949084,70,2025,703.6984715784354
45.5619545,-104.2473755,86.87823486,187.6620026,2025-03-11 09:28:21.765,2.523,SABER_L2A_2025070_126184_02.08.nc,28,194,42.68744278,-106.9241409,2025-03-11T09:30:24.700031,2.379,awe_l3a_tmp_2025070T0912_07366_v01.nc,801,196.2100067,44,389.6608953,194.9994429,2.896566825,2136,194.6239787,2.681675525,3001,88.89,2.52,87,9.3,195.78,6.79,87.02,88.89,7.7,194.5,4.91,88.9,85.04,92.74,195.44,6.59,88.4,-6.961976155,1.156021281,-0.123978719,0.816021281,70,2025,702.9615682405677
45.55413818,-104.251358,86.51072693,184.8885956,2025-03-11 09:28:21.801,2.523,SABER_L2A_2025070_126184_02.08.nc,28,195,42.68744278,-106.9241409,2025-03-11T09:30:24.700031,2.379,awe_l3a_tmp_2025070T0912_07366_v01.nc,801,196.2100067,44,388.7577284,195.0035885,2.894548746,2143,194.6278059,2.681117396,3008,88.89,2.52,87,9.3,195.78,6.79,87.02,88.89,7.7,194.5,4.91,88.9,85.04,92.74,195.44,6.59,88.4,-9.739210306,1.152194113,-0.127805887,0.812194113,70,2025,702.2335604126713
40.03403854,-119.5977631,87.26377106,190.537262,2025-03-11 11:07:24.774,3.15,SABER_L2A_2025070_126185_02.08.nc,30,194,37.5169487,-122.2503891,2025-03-11T11:05:18.529600,2.938,awe_l3a_tmp_2025070T1045_07367_v01.nc,898,201.4199982,42,367.1421851,195.2095626,3.531017774,3452,195.281067,3.56874165,3496,87.8,3.14,87,9.3,196.9,8.54,87.02,87.8,9.9,195.77,8.28,87.81,82.85,92.75,194.75,8.06,88.57,-4.743805001,1.618933036,0.488933036,-0.531066964,70,2025,717.8003182698201
40.02642441,-119.6026459,86.89696503,193.4388275,2025-03-11 11:07:24.817,3.15,SABER_L2A_2025070_126185_02.08.nc,30,195,37.46252441,-122.1620865,2025-03-11T11:05:19.830123,2.945,awe_l3a_tmp_2025070T1045_07367_v01.nc,899,202.0,42,366.2105253,195.2164499,3.531971733,3459,195.2917261,3.572426444,3505,87.8,3.14,87,9.3,196.9,8.54,87.02,87.8,9.9,195.77,8.28,87.81,82.85,92.75,194.75,8.06,88.57,-1.852898621,1.608273864,0.478273864,-0.541726136,70,2025,718.4781827944513
40.01877594,-119.6074829,86.53003693,195.9849091,2025-03-11 11:07:24.861,3.15,SABER_L2A_2025070_126185_02.08.nc,30,196,37.46252441,-122.1620865,2025-03-11T11:05:19.830123,2.945,awe_l3a_tmp_2025070T1045_07367_v01.nc,899,202.0,42,365.2767857,195.2247347,3.533707051,3468,195.3017525,3.575389846,3515,87.8,3.14,87,9.3,196.9,8.54,87.02,87.8,9.9,195.77,8.28,87.81,82.85,92.75,194.75,8.06,88.57,0.683156541,1.598247484,0.468247484,-0.551752516,70,2025,719.1543527795318
38.47123718,-117.6708374,87.29484558,196.2881622,2025-03-11 11:08:03.766,3.29,SABER_L2A_2025070_126185_02.08.nc,31,193,36.13658905,-120.0812454,2025-03-11T11:05:51.042669,3.092,awe_l3a_tmp_2025070T1045_07367_v01.nc,923,198.0099945,33,340.4818366,196.0771537,4.134271721,3334,196.5787848,4.438559927,3637,87.47,3.28,87,9.3,195.23,7.23,87.02,87.47,8.41,194.57,6.72,87.48,83.26,91.68,193.86,7.61,88.07,-0.290622576,-1.348784807,-2.008784807,-2.718784807,70,2025,655.437377681973
38.46734619,-117.6801147,86.92887878,194.1889496,2025-03-11 11:08:03.723,3.289,SABER_L2A_2025070_126185_02.08.nc,31,194,36.13658905,-120.0812454,2025-03-11T11:05:51.042669,3.092,awe_l3a_tmp_2025070T1045_07367_v01.nc,923,198.0099945,33,339.6190235,196.0744907,4.132128836,3347,196.5732302,4.433694529,3650,87.47,3.28,87,9.3,195.23,7.23,87.02,87.47,8.41,194.57,6.72,87.48,83.26,91.68,193.86,7.61,88.07,-2.384280638,-1.343230223,-2.003230223,-2.713230223,70,2025,656.3403613922177
38.46349335,-117.6894379,86.56282043,191.9836121,2025-03-11 11:08:03.680,3.288,SABER_L2A_2025070_126185_02.08.nc,31,195,36.13658905,-120.0812454,2025-03-11T11:05:51.042669,3.092,awe_l3a_tmp_2025070T1045_07367_v01.nc,923,198.0099945,33,338.7572619,196.0820567,4.138799718,3355,196.5808172,4.438683873,3659,87.47,3.28,87,9.3,195.23,7.23,87.02,87.47,8.41,194.57,6.72,87.48,83.26,91.68,193.86,7.61,88.07,-4.597205188,-1.350817248,-2.010817248,-2.720817248,70,2025,657.2439449793964
35.27623749,-114.3136597,87.13549042,209.6942139,2025-03-11 11:09:18.971,3.534,SABER_L2A_2025070_126185_02.08.nc,32,193,33.49776459,-116.288063,2025-03-11T11:06:50.866717,3.362,awe_l3a_tmp_2025070T1045_07367_v01.nc,969,221.0899963,35,271.8515252,205.8012887,9.059638177,3694,205.6590281,8.778379259,4074,88.59,3.52,87,9.3,205.48,8.5,87.03,88.59,6.58,208.14,7.58,88.6,85.3,91.88,203.88,13.49,88.54,4.035185779,-0.179028088,2.480971912,-1.779028088,70,2025,781.6816037386731
35.26903915,-114.3192291,86.76927948,206.6272736,2025-03-11 11:09:19.018,3.534,SABER_L2A_2025070_126185_02.08.nc,32,194,33.49776459,-116.288063,2025-03-11T11:06:50.866717,3.362,awe_l3a_tmp_2025070T1045_07367_v01.nc,969,221.0899963,35,270.9088445,205.8021806,9.061542971,3701,205.660081,8.780667151,4081,88.59,3.52,87,9.3,205.48,8.5,87.03,88.59,6.58,208.14,7.58,88.6,85.3,91.88,203.88,13.49,88.54,0.967192598,-0.180080962,2.479919038,-1.780080962,70,2025,782.5985542337369
36.4903717,-105.4963531,87.34806061,190.7322083,2025-03-06 05:24:07.640,-1.631,SABER_L2A_2025065_126107_02.08.nc,12,191,38.42933273,-107.3589249,2025-03-06T05:25:53.582366,-1.726,awe_l3a_tmp_2025065T0512_07286_v01.nc,605,192.2799988,39,274.8172998,192.9973808,2.316039132,2810,192.9973808,2.316039132,2810,87.16,22.38,87,9.3,196.87,4.61,87.02,87.16,8.41,196.49,4.32,87.17,82.95,91.36,196.86,4.86,87.75,-2.265172574,3.872619174,3.492619174,3.862619174,65,2025,791.3650997236664
36.48312378,-105.4908752,86.98217773,191.9756012,2025-03-06 05:24:07.596,-1.631,SABER_L2A_2025065_126107_02.08.nc,12,192,38.42933273,-107.3589249,2025-03-06T05:25:53.582366,-1.726,awe_l3a_tmp_2025065T0512_07286_v01.nc,605,192.2799988,39,275.7688874,193.0040707,2.313473571,2803,193.0040707,2.313473571,2803,87.16,22.38,87,9.3,196.87,4.61,87.02,87.16,8.41,196.49,4.32,87.17,82.95,91.36,196.86,4.86,87.75,-1.028469487,3.865929317,3.485929317,3.855929317,65,2025,792.3011087863187
36.47579193,-105.4854889,86.61619568,193.7961884,2025-03-06 05:24:07.550,-1.63,SABER_L2A_2025065_126107_02.08.nc,12,193,38.42933273,-107.3589249,2025-03-06T05:25:53.582366,-1.726,awe_l3a_tmp_2025065T0512_07286_v01.nc,605,192.2799988,39,276.7231594,193.0028873,2.312039291,2795,193.0028873,2.312039291,2795,87.16,22.38,87,9.3,196.87,4.61,87.02,87.16,8.41,196.49,4.32,87.17,82.95,91.36,196.86,4.86,87.75,0.793301009,3.867112655,3.487112655,3.857112655,65,2025,793.2394222468156
39.60382462,-101.9723511,87.30751038,195.9577332,2025-03-06 05:25:22.838,-1.375,SABER_L2A_2025065_126107_02.08.nc,13,191,40.82465744,-103.0674896,2025-03-06T05:26:54.918794,-1.423,awe_l3a_tmp_2025065T0512_07286_v01.nc,651,197.7100067,29,166.7897385,197.3998747,3.829112761,3831,197.3998747,3.829112761,3831,86.56,22.64,87,9.3,196.96,8.24,87.02,86.56,10.97,197.9,8.41,86.63,81.08,92.05,197.84,8.35,86.95,-1.442141564,-0.439874718,0.500125282,0.440125282,65,2025,836.2915296640527
39.60004807,-101.962677,86.94223022,192.4031219,2025-03-06 05:25:22.886,-1.374,SABER_L2A_2025065_126107_02.08.nc,13,192,40.82465744,-103.0674896,2025-03-06T05:26:54.918794,-1.423,awe_l3a_tmp_2025065T0512_07286_v01.nc,651,197.7100067,29,167.6135096,197.4045714,3.830644609,3826,197.4045714,3.830644609,3826,86.56,22.64,87,9.3,196.96,8.24,87.02,86.56,10.97,197.9,8.41,86.63,81.08,92.05,197.84,8.35,86.95,-5.001449413,-0.444571362,0.495428638,0.435428638,65,2025,837.2159496934454
39.59616089,-101.953125,86.57681274,188.9312592,2025-03-06 05:25:22.932,-1.374,SABER_L2A_2025065_126107_02.08.nc,13,193,40.82465744,-103.0674896,2025-03-06T05:26:54.918794,-1.423,awe_l3a_tmp_2025065T0512_07286_v01.nc,651,197.7100067,29,168.4428056,197.4065566,3.8298835,3816,197.4065566,3.8298835,3816,86.56,22.64,87,9.3,196.96,8.24,87.02,86.56,10.97,197.9,8.41,86.63,81.08,92.05,197.84,8.35,86.95,-8.475297456,-0.446556611,0.493443389,0.433443389,65,2025,838.1351038019391
41.11893082,-99.9744873,87.28866577,190.4159851,2025-03-06 05:26:01.607,-1.231,SABER_L2A_2025065_126107_02.08.nc,14,191,42.00615692,-100.7051697,2025-03-06T05:27:26.920408,-1.256,awe_l3a_tmp_2025065T0512_07286_v01.nc,675,200.6300049,30,117.4628442,201.8296403,5.727993656,4308,201.8296403,5.727993656,4308,86.36,22.78,87,9.3,198.37,7.07,87.02,86.36,9.17,197.91,6.9,86.39,81.78,90.95,198.32,6.93,87.12,-11.41365516,-3.459640264,-3.919640264,-3.509640264,65,2025,956.4556455150542
41.11127472,-99.96972656,86.92195129,187.6135559,2025-03-06 05:26:01.563,-1.231,SABER_L2A_2025065_126107_02.08.nc,14,192,42.00615692,-100.7051697,2025-03-06T05:27:26.920408,-1.256,awe_l3a_tmp_2025065T0512_07286_v01.nc,675,200.6300049,30,118.4100878,201.8270887,5.729362489,4297,201.8270887,5.729362489,4297,86.36,22.78,87,9.3,198.37,7.07,87.02,86.36,9.17,197.91,6.9,86.39,81.78,90.95,198.32,6.93,87.12,-14.21353282,-3.457088723,-3.917088723,-3.507088723,65,2025,956.9860081245523
41.10365677,-99.9649353,86.55537415,186.2516174,2025-03-06 05:26:01.520,-1.231,SABER_L2A_2025065_126107_02.08.nc,14,193,42.00615692,-100.7051697,2025-03-06T05:27:26.920408,-1.256,awe_l3a_tmp_2025065T0512_07286_v01.nc,675,200.6300049,30,119.3551244,201.8310451,5.731780636,4287,201.8310451,5.731780636,4287,86.36,22.78,87,9.3,198.37,7.07,87.02,86.36,9.17,197.91,6.9,86.39,81.78,90.95,198.32,6.93,87.12,-15.57942765,-3.461045081,-3.921045081,-3.511045081,65,2025,957.5189203603728
42.5519371,-122.1843719,87.38840485,206.1710205,2025-03-06 07:03:07.811,-1.093,SABER_L2A_2025065_126108_02.08.nc,14,190,42.83874893,-122.4723969,2025-03-06T07:00:39.855977,-1.154,awe_l3a_tmp_2025065T0645_07287_v01.nc,685,197.5299988,30,40.17929086,196.3784361,2.474460618,5045,196.3784361,2.474460618,5045,87.38,22.92,87,9.3,199.08,11.96,87.02,87.38,8.8,198.24,12.11,87.39,82.98,91.78,199.2,11.84,87.56,9.792584359,2.701563851,1.861563851,2.821563851,65,2025,888.0731297255617
42.54375839,-122.180542,87.02156067,205.1186523,2025-03-06 07:03:07.756,-1.093,SABER_L2A_2025065_126108_02.08.nc,14,191,42.83874893,-122.4723969,2025-03-06T07:00:39.855977,-1.154,awe_l3a_tmp_2025065T0645_07287_v01.nc,685,197.5299988,30,41.11137742,196.378174,2.476242418,5038,196.378174,2.476242418,5038,87.38,22.92,87,9.3,199.08,11.96,87.02,87.38,8.8,198.24,12.11,87.39,82.98,91.78,199.2,11.84,87.56,8.740478391,2.701826048,1.861826048,2.821826048,65,2025,887.7471980333901
42.53596497,-122.1761169,86.65470886,203.4883423,2025-03-06 07:03:07.712,-1.093,SABER_L2A_2025065_126108_02.08.nc,14,192,42.83874893,-122.4723969,2025-03-06T07:00:39.855977,-1.154,awe_l3a_tmp_2025065T0645_07287_v01.nc,685,197.5299988,30,42.03889493,196.3799484,2.476364821,5029,196.3799484,2.476364821,5029,87.38,22.92,87,9.3,199.08,11.96,87.02,87.38,8.8,198.24,12.11,87.39,82.98,91.78,199.2,11.84,87.56,7.108393914,2.700051628,1.860051628,2.820051628,65,2025,887.373852206052
45.13684464,-117.6412964,87.24276733,200.478714,2025-03-06 07:04:23.284,-0.77,SABER_L2A_2025065_126108_02.08.nc,15,192,44.91109085,-117.4509201,2025-03-06T07:01:42.525805,-0.802,awe_l3a_tmp_2025065T0645_07287_v01.nc,732,198.2299957,28,29.6226227,197.4443005,2.309029077,5411,197.4443005,2.309029077,5411,87.23,23.24,87,9.3,198.75,10.29,87.02,87.23,8.79,198.11,10.2,87.25,82.84,91.63,198.8,9.97,87.16,3.034413448,1.305699459,0.665699459,1.355699459,65,2025,614.7354302412257
45.13170242,-117.6320038,86.87625122,203.3026428,2025-03-06 07:04:23.330,-0.769,SABER_L2A_2025065_126108_02.08.nc,15,193,44.91109085,-117.4509201,2025-03-06T07:01:42.525805,-0.802,awe_l3a_tmp_2025065T0645_07287_v01.nc,732,198.2299957,28,28.74804688,197.4442549,2.307638693,5408,197.4442549,2.307638693,5408,87.23,23.25,87,9.3,198.75,10.29,87.02,87.23,8.79,198.11,10.2,87.25,82.84,91.63,198.8,9.97,87.16,5.85838797,1.305745147,0.665745147,1.355745147,65,2025,613.812381631271
45.12656021,-117.6227112,86.50964355,203.6333008,2025-03-06 07:04:23.375,-0.768,SABER_L2A_2025065_126108_02.08.nc,15,194,44.91109085,-117.4509201,2025-03-06T07:01:42.525805,-0.802,awe_l3a_tmp_2025065T0645_07287_v01.nc,732,198.2299957,28,27.8776767,197.4437683,2.308180716,5403,197.4437683,2.308180716,5403,87.23,23.25,87,9.3,198.75,10.29,87.02,87.23,8.79,198.11,10.2,87.25,82.84,91.63,198.8,9.97,87.16,6.189532458,1.306231676,0.666231676,1.356231676,65,2025,612.8892797156935
46.40621567,-114.9731903,87.28147888,182.7252197,2025-03-06 07:05:04.067,-0.58,SABER_L2A_2025065_126108_02.08.nc,16,191,45.91685486,-114.6344833,2025-03-06T07:02:15.860821,-0.605,awe_l3a_tmp_2025065T0645_07287_v01.nc,757,199.3500061,30,61.16801821,198.8120873,3.104240932,5524,198.8120873,3.104240932,5524,87.09,23.43,87,9.3,198.68,11.84,87.02,87.09,8.44,197.53,11.49,87.1,82.87,91.31,198.4,11.6,86.84,-16.08686761,-0.132087333,-1.282087333,-0.412087333,65,2025,572.1823209306198
46.39805603,-114.9701233,86.91444397,183.6581726,2025-03-06 07:05:04.023,-0.58,SABER_L2A_2025065_126108_02.08.nc,16,192,45.91685486,-114.6344833,2025-03-06T07:02:15.860821,-0.605,awe_l3a_tmp_2025065T0645_07287_v01.nc,757,199.3500061,30,60.23631085,198.812525,3.104381538,5521,198.812525,3.104381538,5521,87.09,23.43,87,9.3,198.68,11.84,87.02,87.09,8.44,197.53,11.49,87.1,82.87,91.31,198.4,11.6,86.84,-15.15435237,-0.132524982,-1.282524982,-0.412524982,65,2025,571.2831829342285
46.38986969,-114.9671173,86.5471344,185.8233795,2025-03-06 07:05:03.978,-0.58,SABER_L2A_2025065_126108_02.08.nc,16,193,45.91685486,-114.6344833,2025-03-06T07:02:15.860821,-0.605,awe_l3a_tmp_2025065T0645_07287_v01.nc,757,199.3500061,30,59.30454755,198.8087288,3.102390618,5522,198.8087288,3.102390618,5522,87.09,23.43,87,9.3,198.68,11.84,87.02,87.09,8.44,197.53,11.49,87.1,82.87,91.31,198.4,11.6,86.84,-12.98534928,-0.128728797,-1.278728797,-0.408728797,65,2025,570.3840011695731
48.46572113,-109.5876007,87.18685913,191.5584717,2025-03-06 07:06:19.860,-0.2,SABER_L2A_2025065_126108_02.08.nc,17,191,47.60483932,-109.0664673,2025-03-06T07:03:18.530649,-0.216,awe_l3a_tmp_2025065T0645_07287_v01.nc,804,199.5,26,104.6800783,203.6199573,5.444456613,5149,203.9509168,5.563721259,5629,86.45,23.82,87,9.3,203.31,9.38,87.02,86.45,6.61,200.23,8.21,86.46,83.14,89.75,202.75,9.46,86.29,-12.39244508,-0.640916761,-3.720916761,-1.200916761,65,2025,740.302287619702
48.45953369,-109.5792236,86.82012939,191.1651611,2025-03-06 07:06:19.904,-0.2,SABER_L2A_2025065_126108_02.08.nc,17,192,47.60483932,-109.0664673,2025-03-06T07:03:18.530649,-0.216,awe_l3a_tmp_2025065T0645_07287_v01.nc,804,199.5,26,103.7981243,203.6224831,5.440881791,5147,203.9535591,5.559951794,5628,86.45,23.82,87,9.3,203.31,9.38,87.02,86.45,6.61,200.23,8.21,86.46,83.14,89.75,202.75,9.46,86.29,-12.78839794,-0.64355907,-3.72355907,-1.20355907,65,2025,739.756145192156
49.34676743,-106.6485138,87.2699585,218.3137207,2025-03-06 07:06:58.359,0.006,SABER_L2A_2025065_126108_02.08.nc,18,191,48.29631424,-106.3410416,2025-03-06T07:03:47.865462,-0.026,awe_l3a_tmp_2025065T0645_07287_v01.nc,826,205.4299927,49,120.5784803,208.6290957,7.407495393,5098,208.5227091,7.285209664,5644,87.45,0.01,87,9.3,207.53,12.46,87.02,87.45,6.98,208.75,12.61,87.46,83.96,90.94,208.3,11.9,87.41,9.791011586,-0.992709117,0.227290883,-0.222709117,65,2025,903.4563784519501
49.3383522,-106.6474609,86.90247345,213.8900146,2025-03-06 07:06:58.314,0.006,SABER_L2A_2025065_126108_02.08.nc,18,192,48.29631424,-106.3410416,2025-03-06T07:03:47.865462,-0.026,awe_l3a_tmp_2025065T0645_07287_v01.nc,826,205.4299927,49,119.6327361,208.6220683,7.401918444,5096,208.516324,7.279951482,5642,87.45,0.01,87,9.3,207.53,12.46,87.02,87.45,6.98,208.75,12.61,87.46,83.96,90.94,208.3,11.9,87.41,5.373690608,-0.98632404,0.23367596,-0.21632404,65,2025,902.6486798969238
49.32994461,-106.6463928,86.53488922,209.478302,2025-03-06 07:06:58.269,0.006,SABER_L2A_2025065_126108_02.08.nc,18,193,48.29631424,-106.3410416,2025-03-06T07:03:47.865462,-0.026,awe_l3a_tmp_2025065T0645_07287_v01.nc,826,205.4299927,49,118.6877098,208.6105671,7.398225078,5096,208.5059359,7.276409536,5642,87.45,0.01,87,9.3,207.53,12.46,87.02,87.45,6.98,208.75,12.61,87.46,83.96,90.94,208.3,11.9,87.41,0.972366122,-0.97593588,0.24406412,-0.20593588,65,2025,901.8424927784984
50.76280212,-111.720108,87.24677277,211.612915,2025-03-04 10:12:34.175,2.761,SABER_L2A_2025063_126080_02.08.nc,25,190,51.73661804,-111.6152649,2025-03-04T10:15:43.804347,2.821,awe_l3a_tmp_2025063T0948_07258_v01.nc,1210,203.6399994,35,110.0109788,202.9834307,4.252514799,5518,202.9834307,4.252514799,5518,87.42,2.74,87,9.3,204.78,10.04,87.02,87.42,7.71,204.32,8.98,87.43,83.57,91.28,203.64,10.42,87.53,8.629484358,1.796569319,1.336569319,0.656569319,63,2025,981.984123152155
50.75576782,-111.7273407,86.87939453,208.8879852,2025-03-04 10:12:34.128,2.761,SABER_L2A_2025063_126080_02.08.nc,25,191,51.73661804,-111.6152649,2025-03-04T10:15:43.804347,2.821,awe_l3a_tmp_2025063T0948_07258_v01.nc,1210,203.6399994,35,110.8373281,202.9802248,4.251235489,5518,202.9802248,4.251235489,5518,87.42,2.74,87,9.3,204.78,10.04,87.02,87.42,7.71,204.32,8.98,87.43,83.57,91.28,203.64,10.42,87.53,5.907760421,1.799775192,1.339775192,0.659775192,63,2025,981.2152311572496
50.74874115,-111.7346039,86.51205444,205.5509033,2025-03-04 10:12:34.080,2.76,SABER_L2A_2025063_126080_02.08.nc,25,192,51.73661804,-111.6152649,2025-03-04T10:15:43.804347,2.821,awe_l3a_tmp_2025063T0948_07258_v01.nc,1210,203.6399994,35,111.6648393,202.9800418,4.250323329,5515,202.9800418,4.250323329,5515,87.42,2.74,87,9.3,204.78,10.04,87.02,87.42,7.71,204.32,8.98,87.43,83.57,91.28,203.64,10.42,87.53,2.570861526,1.799958206,1.339958206,0.659958206,63,2025,980.4475807923078
49.43664551,-105.7894592,87.17092896,203.8076019,2025-03-04 10:13:47.251,3.177,SABER_L2A_2025063_126080_02.08.nc,26,191,51.3444252,-105.3685989,2025-03-04T10:16:42.671238,3.254,awe_l3a_tmp_2025063T0948_07258_v01.nc,1254,206.7200012,21,217.1475815,206.3880826,3.364073437,5231,206.3880826,3.364073437,5231,86.43,3.18,87,9.3,202.73,12.35,87.03,86.43,9.56,204.38,12.58,86.47,81.64,91.21,203.19,12.2,87.04,-2.580480688,-3.658082616,-2.008082616,-3.198082616,63,2025,941.3510423875621
49.42824936,-105.7904968,86.80323792,202.491333,2025-03-04 10:13:47.296,3.177,SABER_L2A_2025063_126080_02.08.nc,26,192,51.3444252,-105.3685989,2025-03-04T10:16:42.671238,3.254,awe_l3a_tmp_2025063T0948_07258_v01.nc,1254,206.7200012,21,218.095472,206.3873173,3.364988064,5226,206.3873173,3.364988064,5226,86.43,3.18,87,9.3,202.73,12.35,87.03,86.43,9.56,204.38,12.58,86.47,81.64,91.21,203.19,12.2,87.04,-3.895984286,-3.657317294,-2.007317294,-3.197317294,63,2025,940.5031717371543
48.5083847,-102.701355,86.55066681,202.5949402,2025-03-04 10:14:27.692,3.394,SABER_L2A_2025063_126080_02.08.nc,27,193,50.99003983,-102.0199051,2025-03-04T10:17:14.780451,3.486,awe_l3a_tmp_2025063T0948_07258_v01.nc,1278,209.0500031,17,284.0807215,207.2716242,2.859310744,4827,207.2621031,2.857439001,4888,86.35,3.38,87,9.3,203.24,11.69,87.02,86.35,11.39,205.76,13.33,86.45,80.66,92.04,204.04,12.12,86.99,-4.667162953,-4.022103139,-1.502103139,-3.222103139,63,2025,999.151868896662
45.59867477,-119.7020416,87.29415894,186.2775574,2025-03-04 11:52:40.004,3.898,SABER_L2A_2025063_126081_02.08.nc,28,191,49.60958099,-117.9007645,2025-03-04T11:51:21.459829,3.996,awe_l3a_tmp_2025063T1121_07259_v01.nc,1324,201.5,25,472.3155936,202.1797557,2.806083256,3316,202.1797557,2.806083256,3316,86.73,3.89,87,9.3,200.77,9.0,87.02,86.73,10.65,201.96,9.37,86.78,81.4,92.06,201.53,8.85,87.16,-15.90219837,-1.409755741,-0.219755741,-0.649755741,63,2025,779.3025387220854
45.59056473,-119.7054291,86.92674255,187.3908691,2025-03-04 11:52:40.048,3.897,SABER_L2A_2025063_126081_02.08.nc,28,192,49.60958099,-117.9007645,2025-03-04T11:51:21.459829,3.996,awe_l3a_tmp_2025063T1121_07259_v01.nc,1324,201.5,25,473.2679443,202.1769445,2.804862577,3312,202.1769445,2.804862577,3312,86.73,3.89,87,9.3,200.77,9.0,87.02,86.73,10.65,201.96,9.37,86.78,81.4,92.06,201.53,8.85,87.16,-14.78607532,-1.406944456,-0.216944456,-0.646944456,63,2025,779.103101334795
45.58242416,-119.708725,86.55939484,190.5512238,2025-03-04 11:52:40.094,3.897,SABER_L2A_2025063_126081_02.08.nc,28,193,49.60958099,-117.9007645,2025-03-04T11:51:21.459829,3.996,awe_l3a_tmp_2025063T1121_07259_v01.nc,1324,201.5,25,474.2215967,202.1744932,2.805249976,3305,202.1744932,2.805249976,3305,86.73,3.89,87,9.3,200.77,9.0,87.02,86.73,10.65,201.96,9.37,86.78,81.4,92.06,201.53,8.85,87.16,-11.62326945,-1.404493205,-0.214493205,-0.644493205,63,2025,778.8969280134412
39.84960938,-120.723465,87.28631592,189.1770782,2025-07-02 07:08:45.585,-0.902,SABER_L2A_2025183_127870_02.08.nc,14,193,37.07312012,-117.3061142,2025-07-02T07:00:21.213173,-0.815,awe_l3a_tmp_2025183T0637_09115_v01.nc,1035,173.6300049,31,434.5586705,173.6582553,3.839766659,2499,173.6582553,3.839766659,2499,88.56,23.11,87,9.3,179.79,10.36,87.02,88.56,5.48,179.03,11.61,88.57,85.82,91.31,180.65,11.69,89.33,15.51882292,6.131744669,5.371744669,6.991744669,183,2025,815.0807350721226
39.84197998,-120.7186127,86.92025757,185.654541,2025-07-02 07:08:45.539,-0.902,SABER_L2A_2025183_127870_02.08.nc,14,194,37.07312012,-117.3061142,2025-07-02T07:00:21.213173,-0.815,awe_l3a_tmp_2025183T0637_09115_v01.nc,1035,173.6300049,31,433.6538827,173.6786927,3.888060523,2509,173.6786927,3.888060523,2509,88.56,23.11,87,9.3,179.79,10.36,87.02,88.56,5.48,179.03,11.61,88.57,85.82,91.31,180.65,11.69,89.33,11.97584828,6.111307265,5.351307265,6.971307265,183,2025,814.9743373615048
39.83433533,-120.7137909,86.55407715,182.4547424,2025-07-02 07:08:45.492,-0.902,SABER_L2A_2025183_127870_02.08.nc,14,195,37.07312012,-117.3061142,2025-07-02T07:00:21.213173,-0.815,awe_l3a_tmp_2025183T0637_09115_v01.nc,1035,173.6300049,31,432.7499257,173.7030568,4.012481369,2519,173.7030568,4.012481369,2519,88.56,23.11,87,9.3,179.79,10.36,87.02,88.56,5.48,179.03,11.61,88.57,85.82,91.31,180.65,11.69,89.33,8.751685639,6.086943207,5.326943207,6.946943207,183,2025,814.8719422497561
42.65364075,-116.7156677,87.17594147,186.4043121,2025-07-02 07:09:59.892,-0.614,SABER_L2A_2025183_127870_02.08.nc,15,193,39.86169815,-113.3450165,2025-07-02T07:01:23.088981,-0.533,awe_l3a_tmp_2025183T0637_09115_v01.nc,1082,182.4900055,35,424.8941607,181.1927967,6.385061569,2435,181.1999836,6.384495717,2438,87.72,23.4,87,9.3,185.67,5.01,87.02,87.72,5.48,186.67,3.63,87.73,84.98,90.46,186.92,4.1,88.13,5.20432856,4.470016427,5.470016427,5.720016427,183,2025,442.7051413936367
42.64899063,-116.7063293,86.81044006,189.776947,2025-07-02 07:09:59.938,-0.614,SABER_L2A_2025183_127870_02.08.nc,15,194,39.86169815,-113.3450165,2025-07-02T07:01:23.088981,-0.533,awe_l3a_tmp_2025183T0637_09115_v01.nc,1082,182.4900055,35,423.9816739,181.1956564,6.387857893,2445,181.2028104,6.38728799,2448,87.72,23.4,87,9.3,185.67,5.01,87.02,87.72,5.48,186.67,3.63,87.73,84.98,90.46,186.92,4.1,88.13,8.574136578,4.467189557,5.467189557,5.717189557,183,2025,441.87268929580745
44.04130173,-114.376709,87.46109009,181.0050964,2025-07-02 07:10:39.584,-0.447,SABER_L2A_2025183_127870_02.08.nc,16,192,41.23040009,-111.1982574,2025-07-02T07:01:54.685138,-0.381,awe_l3a_tmp_2025183T0637_09115_v01.nc,1106,190.6300049,45,412.0486106,184.4732958,4.512098277,2224,184.7109537,4.501919347,2464,87.27,23.56,87,9.3,185.93,7.43,87.02,87.27,8.43,186.26,7.1,87.28,83.06,91.48,186.75,6.88,87.73,-3.705857246,1.219046319,1.549046319,2.039046319,183,2025,335.67293257726504
44.03326416,-114.3729401,87.0947113,179.0011597,2025-07-02 07:10:39.536,-0.447,SABER_L2A_2025183_127870_02.08.nc,16,193,41.23040009,-111.1982574,2025-07-02T07:01:54.685138,-0.381,awe_l3a_tmp_2025183T0637_09115_v01.nc,1106,190.6300049,45,411.1636914,184.459906,4.513617147,2236,184.6995359,4.5040632,2478,87.27,23.56,87,9.3,185.93,7.43,87.02,87.27,8.43,186.26,7.1,87.28,83.06,91.48,186.75,6.88,87.73,-5.698376191,1.230464141,1.560464141,2.050464141,183,2025,334.84141535645983
44.02529526,-114.3690491,86.72824097,178.6532135,2025-07-02 07:10:39.491,-0.447,SABER_L2A_2025183_127870_02.08.nc,16,194,41.23040009,-111.1982574,2025-07-02T07:01:54.685138,-0.381,awe_l3a_tmp_2025183T0637_09115_v01.nc,1106,190.6300049,45,410.2784112,184.4553766,4.514029071,2243,184.6974517,4.504548122,2488,87.27,23.56,87,9.3,185.93,7.43,87.02,87.27,8.43,186.26,7.1,87.28,83.06,91.48,186.75,6.88,87.73,-6.04423821,1.232548289,1.562548289,2.052548289,183,2025,334.0085303077744
46.38546753,-109.5832825,87.33072662,181.1152802,2025-07-02 07:11:53.927,-0.107,SABER_L2A_2025183_127870_02.08.nc,17,192,43.78559875,-106.7263565,2025-07-02T07:02:56.560945,-0.066,awe_l3a_tmp_2025183T0637_09115_v01.nc,1153,183.8800049,38,370.8409735,181.2479596,4.259233955,1632,180.9367204,3.902571168,2665,87.32,23.91,87,9.3,179.81,11.66,87.02,87.32,7.32,180.6,11.38,87.33,83.66,90.98,180.57,11.57,87.61,0.178559747,-1.126720405,-0.336720405,-0.366720405,183,2025,516.1920199866714
46.37991333,-109.5742645,86.96473694,180.2711487,2025-07-02 07:11:53.972,-0.107,SABER_L2A_2025183_127870_02.08.nc,17,193,43.78559875,-106.7263565,2025-07-02T07:02:56.560945,-0.066,awe_l3a_tmp_2025183T0637_09115_v01.nc,1153,183.8800049,38,369.9136892,181.2378973,4.259939583,1636,180.9495403,3.927829978,2676,87.32,23.91,87,9.3,179.81,11.66,87.02,87.32,7.32,180.6,11.38,87.33,83.66,90.98,180.57,11.57,87.61,-0.678391638,-1.139540319,-0.349540319,-0.379540319,183,2025,515.8064976803308
46.37435532,-109.5652771,86.59849548,178.0283508,2025-07-02 07:11:54.018,-0.106,SABER_L2A_2025183_127870_02.08.nc,17,194,43.78559875,-106.7263565,2025-07-02T07:02:56.560945,-0.066,awe_l3a_tmp_2025183T0637_09115_v01.nc,1153,183.8800049,38,368.9875929,181.2200609,4.26017981,1643,180.9416163,3.93074482,2685,87.32,23.91,87,9.3,179.81,11.66,87.02,87.32,7.32,180.6,11.38,87.33,83.66,90.98,180.57,11.57,87.61,-2.91326552,-1.13161635,-0.34161635,-0.37161635,183,2025,515.4213653782567
47.92730713,-105.6059723,87.25541687,168.6542969,2025-07-02 07:12:50.314,0.174,SABER_L2A_2025183_127870_02.08.nc,18,192,44.81679916,-104.7085266,2025-07-02T07:03:22.891076,0.076,awe_l3a_tmp_2025183T0637_09115_v01.nc,1173,178.0200043,49,357.4679969,177.2591012,4.862774801,801,177.1477624,4.11362318,2038,87.25,0.18,87,9.3,174.9,13.84,87.02,87.25,5.87,173.4,10.66,87.26,84.32,90.19,176.66,12.89,87.62,-8.493465562,-2.247762437,-3.747762437,-0.487762437,183,2025,807.975126736236
47.91907501,-105.6036835,86.88864136,171.1387177,2025-07-02 07:12:50.273,0.174,SABER_L2A_2025183_127870_02.08.nc,18,193,44.81679916,-104.7085266,2025-07-02T07:03:22.891076,0.076,awe_l3a_tmp_2025183T0637_09115_v01.nc,1173,178.0200043,49,356.5243123,177.2603612,4.857534827,803,177.1470225,4.111498055,2042,87.25,0.18,87,9.3,174.9,13.84,87.02,87.25,5.87,173.4,10.66,87.26,84.32,90.19,176.66,12.89,87.62,-6.008304801,-2.247022453,-3.747022453,-0.487022453,183,2025,807.3419671829702
47.91073608,-105.6017151,86.52172852,172.9645386,2025-07-02 07:12:50.228,0.174,SABER_L2A_2025183_127870_02.08.nc,18,194,44.81679916,-104.7085266,2025-07-02T07:03:22.891076,0.076,awe_l3a_tmp_2025183T0637_09115_v01.nc,1173,178.0200043,49,355.5736925,177.26,4.852178356,805,177.141647,4.111382503,2046,87.25,0.18,87,9.3,174.9,13.84,87.02,87.25,5.87,173.4,10.66,87.26,84.32,90.19,176.66,12.89,87.62,-4.177108474,-2.241647048,-3.741647048,-0.481647048,183,2025,806.6856297656807
