cluster_a  cluster_c  passes  score    iou    inter  lam_ratio  ang_diff_deg  thetaA_deg  thetaC_deg  lamA_med  lamC_med
        0         54       0   0.130  0.340  12816     1.297           1.0        96.8        97.8      20.7      26.9
        0         57       1   0.047  0.246   5120     1.000           4.2        95.0        99.2      19.0      19.0
        0         56       1   0.043  0.344   6400     1.000           7.1        96.4        89.3      19.0      19.0
        0        110       0   0.035  0.101   1808     1.682           0.7       100.7       100.0      20.7      34.9
        0         90       0   0.035  0.114   2060     1.297           1.5        99.0       100.6      20.7      26.9
        0         77       0   0.014  0.031    548     1.414           0.6        90.6        90.0      19.0      26.9
        0         58       0   0.012  0.212  15348     3.668           3.7        95.6        91.9      19.0      69.8
        0         55       0   0.011  0.274   8724     1.297          18.6        96.7       115.3      20.7      26.9
        0        181       1   0.011  0.062   1024     1.091           4.4        97.8        93.4      20.7      19.0
        0         68       0   0.009  0.240   5052     1.834          13.8        96.1        82.3      20.7      38.1
        0        158       0   0.008  0.094   1632     2.828           3.0        93.0        90.0      16.0      45.3
        0         79       0   0.006  0.076   1276     1.297           8.6        97.4        88.8      20.7      16.0
        0         65       0   0.006  0.349   7068     2.828          20.9        97.4        76.5      20.7      58.7
        0        100       0   0.005  0.124   2552     2.378           8.9        93.2        84.2      17.4      41.5
        0         75       1   0.004  0.065   1136     1.189          11.4        98.6       110.0      20.7      24.7
        0         70       0   0.004  0.117   2108     1.000          27.6        99.6       127.2      20.7      20.7
        0        165       0   0.004  0.015    248     1.241           2.2       100.0       102.2      20.7      16.7
        0         95       0   0.003  0.086   2092     2.000          12.7        97.3       110.0      20.7      41.5
        0        160       0   0.003  0.040    676     1.682           7.0        93.0       100.0      16.0      26.9
        0        109       0   0.003  0.151   2540     1.834          27.3        97.1        69.8      20.7      38.1
        0         96       0   0.003  0.053    880     1.091          16.3        95.4        79.1      19.0      17.4
        0         74       0   0.003  0.029    492     1.000          10.0       100.0       110.0      20.7      20.7
        0         98       0   0.003  0.241   6044     5.657          15.1        93.7        78.6      19.0     107.6
        0         89       0   0.003  0.103   1764     1.414          27.0        97.0        70.0      19.0      26.9
        0        127       0   0.002  0.054   1136     4.000           4.6        97.9       102.5      19.0      76.1
        0        188       0   0.002  0.040    676     1.091          14.3        94.3        80.0      19.0      20.7
        0        171       0   0.002  0.038    632     1.682           8.5        98.5        90.0      16.0      26.9
        0        189       0   0.002  0.030    512     1.414           8.4        98.4        90.0      20.7      29.3
        0        136       0   0.002  0.053    888     1.000          22.8        95.4        72.6      19.0      19.0
        0        138       0   0.002  0.063   1264     2.828           9.0        87.8        78.8      17.4      49.4
        0        105       0   0.002  0.066   1104     1.091          28.3        98.2        69.9      20.7      22.6
        0        106       0   0.002  0.137   3288     2.181          30.4        89.6       120.0      19.0      41.5
        0        174       0   0.002  0.050    844     1.091          22.0       100.0       122.0      20.7      19.0
        0         80       0   0.002  0.035    632     1.542          11.1        91.1        80.0      19.0      29.3
        0        170       0   0.002  0.058    960     2.181          13.2        93.2        80.0      19.0      41.5
        0         69       0   0.002  0.036    608     1.091          17.3        92.7       110.0      17.4      16.0
        0        132       0   0.002  0.010    248     5.657           0.0       100.0       100.0      17.4      98.7
        0        128       0   0.002  0.053    912     1.297          24.8        94.8        70.0      19.0      24.7
        0        145       0   0.002  0.029    484     1.189          15.3        95.3        80.0      20.7      17.4
        0        140       0   0.001  0.039    656     1.000          27.1        97.1        70.0      20.7      20.7
        0        167       0   0.001  0.087   1460     1.682          36.1        96.1        60.0      19.0      32.0
        0        118       0   0.001  0.034    628     1.834          12.7        97.3       110.0      19.0      34.9
        0        149       0   0.001  0.230   4484     3.084          57.4        94.4       151.8      19.0      58.7
        0        137       0   0.001  0.061   1016     1.542          32.6        97.4       130.0      20.7      32.0
        0         71       0   0.001  0.015    256     1.297          10.0       100.0       110.0      20.7      16.0
        0         78       0   0.001  0.036    952     2.594          12.3        92.3        80.0      19.0      49.4
        0        178       0   0.001  0.102   1752     5.187          17.6        87.6        70.0      17.4      90.5
        0         99       0   0.001  0.020    336     1.189          15.4        94.6       110.0      19.0      16.0
        0        173       0   0.001  0.124   2104     4.362          27.9        97.9        70.0      20.7      90.5
        0         66       0   0.001  0.145   6764     3.364          42.9        93.5       136.4      19.0      64.0
        0        192       0   0.001  0.027    460     5.657           4.4        94.4        90.0      19.0     107.6
        0        155       0   0.001  0.255   4700     5.657          51.4        98.6       150.0      20.7     117.4
        0        168       0   0.001  0.091   1820     2.594          43.6        96.4       140.0      20.7      53.8
        0        122       0   0.001  0.039    656     1.189          41.2        92.7       133.9      19.0      16.0
        0         88       0   0.001  0.011    456     5.187           1.9        98.1       100.0      17.4      90.5
        0        162       0   0.001  0.014    232     1.682          12.1       107.9       120.0      16.0      26.9
        0        200       0   0.001  0.007    112     1.000          10.0       100.0       110.0      19.0      19.0
        0        101       0   0.001  0.031    628     1.542          34.1        73.7       107.8      19.0      29.3
        0        152       0   0.001  0.078   1524     2.378          61.5        98.5       160.0      19.0      45.3
        0        198       0   0.000  0.051    924     3.084          51.8        78.2       130.0      19.0      58.7
        0        153       0   0.000  0.009    156     1.414          23.7       107.5       131.3      17.4      24.7
        0        129       0   0.000  0.024    552     5.657          17.0        93.0       110.0      17.4      98.7
        0        143       0   0.000  0.015    308     3.084          20.9        80.9        60.0      17.4      53.8
        0        116       0   0.000  0.041    904     5.187          44.8        75.2       120.0      19.0      98.7
        0         60       0   0.000  0.007    176     1.414          42.5        79.5       122.0      17.4      24.7
        0        103       0   0.000  0.012    420     5.187          30.0        90.0       120.0      19.0      98.7
        0        190       0   0.000  0.002     28     1.091          20.0        80.0       100.0      17.4      16.0
        0         62       0   0.000  0.003     84     3.084          30.0       100.0       130.0      20.7      64.0
        0         61       0   0.000  0.001     28     1.091          40.0        80.0       120.0      16.0      17.4
        0         67       0   0.000  0.003     92     3.364          40.0        80.0       120.0      16.0      53.8
        0         59       0   0.000  0.000      0       nan           nan         nan         nan       nan       nan
        0         63       0   0.000  0.000      0       nan           nan         nan         nan       nan       nan
        0         64       0   0.000  0.000      0       nan           nan         nan         nan       nan       nan
        0         72       0   0.000  0.000      0       nan           nan         nan         nan       nan       nan
        0         73       0   0.000  0.000      0       nan           nan         nan         nan       nan       nan
        0         76       0   0.000  0.000      0       nan           nan         nan         nan       nan       nan
        0         81       0   0.000  0.000      0       nan           nan         nan         nan       nan       nan
        0         82       0   0.000  0.000      0       nan           nan         nan         nan       nan       nan
        0         83       0   0.000  0.000      0       nan           nan         nan         nan       nan       nan
        0         84       0   0.000  0.000      0       nan           nan         nan         nan       nan       nan
        0         85       0   0.000  0.000      0       nan           nan         nan         nan       nan       nan
        0         86       0   0.000  0.000      0       nan           nan         nan         nan       nan       nan
        0         87       0   0.000  0.000      0       nan           nan         nan         nan       nan       nan
        0         91       0   0.000  0.000      0       nan           nan         nan         nan       nan       nan
        0         92       0   0.000  0.000      0       nan           nan         nan         nan       nan       nan
        0         93       0   0.000  0.000      0       nan           nan         nan         nan       nan       nan
        0         94       0   0.000  0.000      0       nan           nan         nan         nan       nan       nan
        0         97       0   0.000  0.000      0       nan           nan         nan         nan       nan       nan
        0        102       0   0.000  0.000      0       nan           nan         nan         nan       nan       nan
        0        104       0   0.000  0.000      0       nan           nan         nan         nan       nan       nan
        0        107       0   0.000  0.000      0       nan           nan         nan         nan       nan       nan
        0        108       0   0.000  0.000      0       nan           nan         nan         nan       nan       nan
        0        111       0   0.000  0.000      0       nan           nan         nan         nan       nan       nan
        0        112       0   0.000  0.000      0       nan           nan         nan         nan       nan       nan
        0        113       0   0.000  0.000      0       nan           nan         nan         nan       nan       nan
        0        114       0   0.000  0.000      0       nan           nan         nan         nan       nan       nan
        0        115       0   0.000  0.000      0       nan           nan         nan         nan       nan       nan
        0        117       0   0.000  0.000      0       nan           nan         nan         nan       nan       nan
        0        119       0   0.000  0.000      0       nan           nan         nan         nan       nan       nan
        0        120       0   0.000  0.000      0       nan           nan         nan         nan       nan       nan
        0        121       0   0.000  0.000      0       nan           nan         nan         nan       nan       nan
        0        123       0   0.000  0.000      0       nan           nan         nan         nan       nan       nan
        0        124       0   0.000  0.000      0       nan           nan         nan         nan       nan       nan
        0        125       0   0.000  0.000      0       nan           nan         nan         nan       nan       nan
        0        126       0   0.000  0.000      0       nan           nan         nan         nan       nan       nan
        0        130       0   0.000  0.000      0       nan           nan         nan         nan       nan       nan
        0        131       0   0.000  0.000      0       nan           nan         nan         nan       nan       nan
        0        133       0   0.000  0.000      0       nan           nan         nan         nan       nan       nan
        0        134       0   0.000  0.000      0       nan           nan         nan         nan       nan       nan
        0        135       0   0.000  0.000      0       nan           nan         nan         nan       nan       nan
        0        139       0   0.000  0.000      0       nan           nan         nan         nan       nan       nan
        0        141       0   0.000  0.000      0       nan           nan         nan         nan       nan       nan
        0        142       0   0.000  0.000      0       nan           nan         nan         nan       nan       nan
        0        144       0   0.000  0.000      0       nan           nan         nan         nan       nan       nan
        0        146       0   0.000  0.000      0       nan           nan         nan         nan       nan       nan
        0        147       0   0.000  0.000      0       nan           nan         nan         nan       nan       nan
        0        148       0   0.000  0.000      0       nan           nan         nan         nan       nan       nan
        0        150       0   0.000  0.000      0       nan           nan         nan         nan       nan       nan
        0        151       0   0.000  0.000      0       nan           nan         nan         nan       nan       nan
        0        154       0   0.000  0.000      0       nan           nan         nan         nan       nan       nan
        0        156       0   0.000  0.000      0       nan           nan         nan         nan       nan       nan
        0        157       0   0.000  0.000      0       nan           nan         nan         nan       nan       nan
        0        159       0   0.000  0.000      0       nan           nan         nan         nan       nan       nan
        0        161       0   0.000  0.000      0       nan           nan         nan         nan       nan       nan
        0        163       0   0.000  0.000      0       nan           nan         nan         nan       nan       nan
        0        164       0   0.000  0.000      0       nan           nan         nan         nan       nan       nan
        0        166       0   0.000  0.000      0       nan           nan         nan         nan       nan       nan
        0        169       0   0.000  0.000      0       nan           nan         nan         nan       nan       nan
        0        172       0   0.000  0.000      0       nan           nan         nan         nan       nan       nan
        0        175       0   0.000  0.000      0       nan           nan         nan         nan       nan       nan
        0        176       0   0.000  0.000      0       nan           nan         nan         nan       nan       nan
        0        177       0   0.000  0.000      0       nan           nan         nan         nan       nan       nan
        0        179       0   0.000  0.000      0       nan           nan         nan         nan       nan       nan
        0        180       0   0.000  0.000      0       nan           nan         nan         nan       nan       nan
        0        182       0   0.000  0.000      0       nan           nan         nan         nan       nan       nan
        0        183       0   0.000  0.000      0       nan           nan         nan         nan       nan       nan
        0        184       0   0.000  0.000      0       nan           nan         nan         nan       nan       nan
        0        185       0   0.000  0.000      0       nan           nan         nan         nan       nan       nan
        0        186       0   0.000  0.000      0       nan           nan         nan         nan       nan       nan
        0        187       0   0.000  0.000      0       nan           nan         nan         nan       nan       nan
        0        191       0   0.000  0.000      0       nan           nan         nan         nan       nan       nan
        0        193       0   0.000  0.000      0       nan           nan         nan         nan       nan       nan
        0        194       0   0.000  0.000      0       nan           nan         nan         nan       nan       nan
        0        195       0   0.000  0.000      0       nan           nan         nan         nan       nan       nan
        0        196       0   0.000  0.000      0       nan           nan         nan         nan       nan       nan
        0        197       0   0.000  0.000      0       nan           nan         nan         nan       nan       nan
        0        199       0   0.000  0.000      0       nan           nan         nan         nan       nan       nan
        0        201       0   0.000  0.000      0       nan           nan         nan         nan       nan       nan
        0        202       0   0.000  0.000      0       nan           nan         nan         nan       nan       nan
        1         54       1   0.084  0.326  13680     1.091           2.6        93.9        96.4      24.7      26.9
        1        120       1   0.063  0.064   1396     1.000           0.0        84.0        84.0      26.9      26.9
        1         77       0   0.041  0.049   1092     1.091           0.1        90.1        90.0      24.7      26.9
        1         56       0   0.029  0.248   5980     1.297           5.5        94.2        88.6      24.7      19.0
        1         57       1   0.026  0.115   3208     1.091           3.0        95.2        98.2      24.7      22.6
        1         68       0   0.016  0.297   7156     1.542          11.2        94.1        82.9      24.7      38.1
        1         58       0   0.015  0.242  18048     2.594           5.4        92.1        97.6      24.7      64.0
        1         65       0   0.011  0.388   9048     2.378          13.4        91.1        77.6      24.7      58.7
        1         90       1   0.010  0.050   1208     1.091           3.4        97.0       100.5      24.7      26.9
        1         55       0   0.009  0.245   8976     1.189          20.9        95.4       116.3      24.7      29.3
        1        181       0   0.008  0.041    900     1.189           3.4        89.2        92.6      22.6      19.0
        1        110       0   0.007  0.049   1148     1.414           3.7        96.3       100.0      24.7      34.9
        1         80       1   0.005  0.067   1480     1.000          13.0        92.9        79.9      29.3      29.3
        1        127       0   0.004  0.020    532     3.084           0.5       100.0       100.5      24.7      76.1
        1         79       0   0.004  0.063   1372     1.542           8.6        97.2        88.6      24.7      16.0
        1        109       0   0.003  0.115   2524     1.542          20.4        90.3        69.9      24.7      38.1
        1         75       0   0.003  0.058   1292     1.000          15.9        94.1       110.0      24.7      24.7
        1        170       0   0.003  0.043    936     2.000           6.0        86.0        80.0      20.7      41.5
        1         82       0   0.003  0.005    228     1.682           0.0        90.0        90.0      38.1      64.0
        1        189       0   0.003  0.014    308     1.414           2.2        87.8        90.0      20.7      29.3
        1         89       0   0.003  0.071   1576     1.297          18.6        88.6        70.0      20.7      26.9
        1         78       0   0.003  0.076   2260     1.682          16.4        96.4        80.0      29.3      49.4
        1        136       0   0.002  0.038    824     1.091          12.9        85.6        72.8      17.4      19.0
        1         96       0   0.002  0.044    956     1.414          13.0        92.1        79.2      24.7      17.4
        1         70       0   0.002  0.084   1948     1.189          31.1        95.9       126.9      24.7      20.7
        1        128       0   0.002  0.069   1508     1.091          29.6        99.6        70.0      26.9      24.7
        1        105       0   0.002  0.055   1196     1.091          25.8        95.7        69.9      24.7      22.6
        1        165       0   0.002  0.010    220     1.542           2.5       100.0       102.5      24.7      16.0
        1         74       0   0.002  0.024    524     1.189          10.0       100.0       110.0      24.7      20.7
        1         62       0   0.002  0.170   4488     2.181          42.3        85.4       127.7      26.9      58.7
        1         95       0   0.002  0.033   1020     1.682          10.1        99.9       110.0      24.7      41.5
        1        112       0   0.002  0.021    488     1.189          10.0        90.0       100.0      41.5      49.4
        1        167       0   0.001  0.058   1284     1.542          27.4        87.4        60.0      20.7      32.0
        1        118       0   0.001  0.038    888     1.682          16.7        93.3       110.0      20.7      34.9
        1        174       0   0.001  0.052   1124     1.414          29.9        92.6       122.5      26.9      19.0
        1         94       0   0.001  0.142   3508     2.594          46.4        85.3       131.7      29.3      76.1
        1        137       0   0.001  0.049   1072     1.297          35.5        94.5       130.0      24.7      32.0
        1         98       0   0.001  0.064   2168     4.757          13.8        93.8        80.0      22.6     107.6
        1        140       0   0.001  0.031    672     1.189          28.7        98.7        70.0      24.7      20.7
        1        173       0   0.001  0.063   1440     4.000          18.5        88.5        70.0      22.6      90.5
        1         66       0   0.001  0.083   4456     2.378          45.1        94.9       140.0      24.7      58.7
        1        130       0   0.001  0.015    336     1.834          10.0        90.0       100.0      41.5      22.6
        1        149       0   0.001  0.083   2236     2.000          56.9        96.9       153.8      24.7      49.4
        1        106       0   0.001  0.026    816     1.682          20.7        99.3       120.0      24.7      41.5
        1         71       0   0.001  0.012    256     1.542          10.0       100.0       110.0      24.7      16.0
        1        155       0   0.001  0.175   4204     4.757          54.8        95.2       150.0      24.7     117.4
        1        145       0   0.001  0.022    484     1.414          23.0       103.0        80.0      24.7      17.4
        1        193       0   0.001  0.011    248     2.594           5.8        85.8        80.0      41.5      16.0
        1        168       0   0.001  0.065   1636     2.181          46.2        93.8       140.0      24.7      53.8
        1         99       0   0.001  0.015    328     1.297          22.3        87.7       110.0      20.7      16.0
        1        188       0   0.000  0.012    276     1.189          20.0       100.0        80.0      24.7      20.7
        1        200       0   0.000  0.007    156     1.297          11.0        99.0       110.0      24.7      19.0
        1        166       0   0.000  0.015    332     2.181          15.2        85.2        70.0      41.5      19.0
        1        100       0   0.000  0.008    212     1.682          10.0       100.0        90.0      24.7      41.5
        1        171       0   0.000  0.005    108     1.091          10.0       100.0        90.0      24.7      26.9
        1         88       0   0.000  0.003    136     3.668           1.1        98.9       100.0      24.7      90.5
        1        184       0   0.000  0.015    316     2.378          20.0        90.0       110.0      41.5      17.4
        1        152       0   0.000  0.032    820     1.834          60.0       100.0       160.0      24.7      45.3
        1        162       0   0.000  0.006    136     1.091          20.0       100.0       120.0      24.7      26.9
        1        153       0   0.000  0.008    176     1.000          31.6       100.0       131.6      24.7      24.7
        1        194       0   0.000  0.016    340     1.682          41.9       101.9        60.0      32.0      19.0
        1        141       0   0.000  0.011    248     1.189          54.0        86.0       140.0      38.1      32.0
        1        150       0   0.000  0.015    328     2.594          40.2        89.8       130.0      41.5      16.0
        1        103       0   0.000  0.018    688     5.187          34.4        85.6       120.0      19.0      98.7
        1        133       0   0.000  0.001     32     1.682          10.0        90.0        80.0      32.0      19.0
        1        158       0   0.000  0.001     32     1.834          10.0       100.0        90.0      24.7      45.3
        1        179       0   0.000  0.001     32     2.181          10.0        90.0        80.0      38.1      17.4
        1        126       0   0.000  0.001     28     1.682          10.0        90.0        80.0      38.1      64.0
        1        122       0   0.000  0.002     56     1.542          33.6       100.0       133.6      24.7      16.0
        1        178       0   0.000  0.005    112     3.668          30.0       100.0        70.0      24.7      90.5
        1        129       0   0.000  0.005    140     4.757          25.0        85.0       110.0      19.0      90.5
        1        195       0   0.000  0.009    188     4.362          60.0        80.0       140.0      24.7     107.6
        1         69       0   0.000  0.000      4     1.542          10.0       100.0       110.0      24.7      16.0
        1         59       0   0.000  0.000      0       nan           nan         nan         nan       nan       nan
        1         60       0   0.000  0.000      0       nan           nan         nan         nan       nan       nan
        1         61       0   0.000  0.000      0       nan           nan         nan         nan       nan       nan
        1         63       0   0.000  0.000      0       nan           nan         nan         nan       nan       nan
        1         64       0   0.000  0.000      0       nan           nan         nan         nan       nan       nan
        1         67       0   0.000  0.000      0       nan           nan         nan         nan       nan       nan
        1         72       0   0.000  0.000      0       nan           nan         nan         nan       nan       nan
        1         73       0   0.000  0.000      0       nan           nan         nan         nan       nan       nan
        1         76       0   0.000  0.000      0       nan           nan         nan         nan       nan       nan
        1         81       0   0.000  0.000      0       nan           nan         nan         nan       nan       nan
        1         83       0   0.000  0.000      0       nan           nan         nan         nan       nan       nan
        1         84       0   0.000  0.000      0       nan           nan         nan         nan       nan       nan
        1         85       0   0.000  0.000      0       nan           nan         nan         nan       nan       nan
        1         86       0   0.000  0.000      0       nan           nan         nan         nan       nan       nan
        1         87       0   0.000  0.000      0       nan           nan         nan         nan       nan       nan
        1         91       0   0.000  0.000      0       nan           nan         nan         nan       nan       nan
        1         92       0   0.000  0.000      0       nan           nan         nan         nan       nan       nan
        1         93       0   0.000  0.000      0       nan           nan         nan         nan       nan       nan
        1         97       0   0.000  0.000      0       nan           nan         nan         nan       nan       nan
        1        101       0   0.000  0.000      0       nan           nan         nan         nan       nan       nan
        1        102       0   0.000  0.000      0       nan           nan         nan         nan       nan       nan
        1        104       0   0.000  0.000      0       nan           nan         nan         nan       nan       nan
        1        107       0   0.000  0.000      0       nan           nan         nan         nan       nan       nan
        1        108       0   0.000  0.000      0       nan           nan         nan         nan       nan       nan
        1        111       0   0.000  0.000      0       nan           nan         nan         nan       nan       nan
        1        113       0   0.000  0.000      0       nan           nan         nan         nan       nan       nan
        1        114       0   0.000  0.000      0       nan           nan         nan         nan       nan       nan
        1        115       0   0.000  0.000      0       nan           nan         nan         nan       nan       nan
        1        116       0   0.000  0.000      0       nan           nan         nan         nan       nan       nan
        1        117       0   0.000  0.000      0       nan           nan         nan         nan       nan       nan
        1        119       0   0.000  0.000      0       nan           nan         nan         nan       nan       nan
        1        121       0   0.000  0.000      0       nan           nan         nan         nan       nan       nan
        1        123       0   0.000  0.000      0       nan           nan         nan         nan       nan       nan
        1        124       0   0.000  0.000      0       nan           nan         nan         nan       nan       nan
        1        125       0   0.000  0.000      0       nan           nan         nan         nan       nan       nan
        1        131       0   0.000  0.000      0       nan           nan         nan         nan       nan       nan
        1        132       0   0.000  0.000      0       nan           nan         nan         nan       nan       nan
        1        134       0   0.000  0.000      0       nan           nan         nan         nan       nan       nan
        1        135       0   0.000  0.000      0       nan           nan         nan         nan       nan       nan
        1        138       0   0.000  0.000      0       nan           nan         nan         nan       nan       nan
        1        139       0   0.000  0.000      0       nan           nan         nan         nan       nan       nan
        1        142       0   0.000  0.000      0       nan           nan         nan         nan       nan       nan
        1        143       0   0.000  0.000      0       nan           nan         nan         nan       nan       nan
        1        144       0   0.000  0.000      0       nan           nan         nan         nan       nan       nan
        1        146       0   0.000  0.000      0       nan           nan         nan         nan       nan       nan
        1        147       0   0.000  0.000      0       nan           nan         nan         nan       nan       nan
        1        148       0   0.000  0.000      0       nan           nan         nan         nan       nan       nan
        1        151       0   0.000  0.000      0       nan           nan         nan         nan       nan       nan
        1        154       0   0.000  0.000      0       nan           nan         nan         nan       nan       nan
        1        156       0   0.000  0.000      0       nan           nan         nan         nan       nan       nan
        1        157       0   0.000  0.000      0       nan           nan         nan         nan       nan       nan
        1        159       0   0.000  0.000      0       nan           nan         nan         nan       nan       nan
        1        160       0   0.000  0.000      0       nan           nan         nan         nan       nan       nan
        1        161       0   0.000  0.000      0       nan           nan         nan         nan       nan       nan
        1        163       0   0.000  0.000      0       nan           nan         nan         nan       nan       nan
        1        164       0   0.000  0.000      0       nan           nan         nan         nan       nan       nan
        1        169       0   0.000  0.000      0       nan           nan         nan         nan       nan       nan
        1        172       0   0.000  0.000      0       nan           nan         nan         nan       nan       nan
        1        175       0   0.000  0.000      0       nan           nan         nan         nan       nan       nan
        1        176       0   0.000  0.000      0       nan           nan         nan         nan       nan       nan
        1        177       0   0.000  0.000      0       nan           nan         nan         nan       nan       nan
        1        180       0   0.000  0.000      0       nan           nan         nan         nan       nan       nan
        1        182       0   0.000  0.000      0       nan           nan         nan         nan       nan       nan
        1        183       0   0.000  0.000      0       nan           nan         nan         nan       nan       nan
        1        185       0   0.000  0.000      0       nan           nan         nan         nan       nan       nan
        1        186       0   0.000  0.000      0       nan           nan         nan         nan       nan       nan
        1        187       0   0.000  0.000      0       nan           nan         nan         nan       nan       nan
        1        190       0   0.000  0.000      0       nan           nan         nan         nan       nan       nan
        1        191       0   0.000  0.000      0       nan           nan         nan         nan       nan       nan
        1        192       0   0.000  0.000      0       nan           nan         nan         nan       nan       nan
        1        196       0   0.000  0.000      0       nan           nan         nan         nan       nan       nan
        1        197       0   0.000  0.000      0       nan           nan         nan         nan       nan       nan
        1        198       0   0.000  0.000      0       nan           nan         nan         nan       nan       nan
        1        199       0   0.000  0.000      0       nan           nan         nan         nan       nan       nan
        1        201       0   0.000  0.000      0       nan           nan         nan         nan       nan       nan
        1        202       0   0.000  0.000      0       nan           nan         nan         nan       nan       nan
        2         56       1   0.257  0.304   4552     1.091           0.1        88.8        88.9      17.4      19.0
        2        181       1   0.066  0.087    976     1.091           0.2        93.1        93.3      17.4      19.0
        2         77       0   0.038  0.058    700     1.542           0.0        90.0        90.0      17.4      26.9
        2         79       1   0.032  0.091   1052     1.091           1.6        90.0        88.4      17.4      16.0
        2         54       0   0.023  0.215   7976     1.542           5.0        90.6        95.7      17.4      26.9
        2        189       0   0.020  0.038    432     1.682           0.1        89.9        90.0      17.4      29.3
        2         57       0   0.016  0.061   1188     1.297           1.9        90.8        92.7      17.4      22.6
        2         58       0   0.015  0.130   9452     3.668           1.4        90.4        91.8      17.4      64.0
        2         68       0   0.015  0.264   4324     2.181           7.3        90.1        82.9      17.4      38.1
        2        133       0   0.008  0.034    388     1.000           3.4        80.0        83.4      16.0      16.0
        2         65       0   0.008  0.385   6080     3.364          14.0        90.5        76.5      17.4      58.7
        2         96       1   0.006  0.064    736     1.000          10.4        90.0        79.6      17.4      17.4
        2         89       0   0.004  0.154   1792     1.542          22.5        92.5        70.0      17.4      26.9
        2        145       0   0.004  0.043    484     1.000          10.0        90.0        80.0      17.4      17.4
        2         75       0   0.004  0.142   1636     1.682          21.6        88.4       110.0      16.0      26.9
        2        110       0   0.004  0.023    320     2.000           2.1        97.9       100.0      17.4      34.9
        2        136       0   0.004  0.076    860     1.091          18.1        90.9        72.8      17.4      19.0
        2        170       0   0.004  0.084    944     2.378           8.7        88.7        80.0      17.4      41.5
        2        109       0   0.003  0.185   2180     2.378          21.6        91.4        69.7      16.0      38.1
        2         55       0   0.003  0.176   5264     1.834          27.7        89.5       117.2      17.4      32.0
        2         80       0   0.003  0.058    716     1.682          10.0        90.0        80.0      17.4      29.3
        2        128       0   0.003  0.086   1004     1.414          20.0        90.0        70.0      17.4      24.7
        2        140       0   0.002  0.057    636     1.189          20.0        90.0        70.0      17.4      20.7
        2        118       0   0.002  0.118   1432     2.181          22.9        87.1       110.0      16.0      34.9
        2        167       0   0.002  0.128   1460     1.834          31.8        91.8        60.0      17.4      32.0
        2         78       0   0.002  0.054   1116     2.828          10.0        90.0        80.0      17.4      49.4
        2        173       0   0.001  0.149   1764     5.187          22.0        92.0        70.0      17.4      90.5
        2         98       0   0.001  0.089   2104     6.169          10.8        90.8        80.0      17.4     107.6
        2         99       0   0.001  0.028    312     1.091          20.0        90.0       110.0      17.4      16.0
        2         90       0   0.001  0.017    244     1.834           6.6        96.4       103.0      17.4      32.0
        2        200       0   0.001  0.034    380     1.189          25.1        84.9       110.0      16.0      19.0
        2         70       0   0.001  0.041    580     1.189          32.9        93.2       126.0      17.4      20.7
        2        105       0   0.001  0.026    312     1.189          20.3        90.0        69.7      17.4      20.7
        2        192       0   0.001  0.028    332     6.727           5.3        84.7        90.0      16.0     107.6
        2        137       0   0.001  0.044    516     1.834          40.0        90.0       130.0      17.4      32.0
        2        155       0   0.000  0.139   2152     6.727          58.3        91.7       150.0      17.4     117.4
        2         66       0   0.000  0.046   2100     3.364          49.4        90.6       140.0      17.4      58.7
        2        168       0   0.000  0.040    632     3.084          50.0        90.0       140.0      17.4      53.8
        2        149       0   0.000  0.031    560     2.828          65.9        90.0       155.9      17.4      49.4
        2        103       0   0.000  0.017    492     5.657          30.0        90.0       120.0      17.4      98.7
        2        106       0   0.000  0.003     64     2.378          30.0        90.0       120.0      17.4      41.5
        2        127       0   0.000  0.005     84     4.757          28.6        81.4       110.0      16.0      76.1
        2         95       0   0.000  0.002     36     2.594          20.0        90.0       110.0      16.0      41.5
        2        129       0   0.000  0.002     32     5.187          20.0        90.0       110.0      17.4      90.5
        2         59       0   0.000  0.000      0       nan           nan         nan         nan       nan       nan
        2         60       0   0.000  0.000      0       nan           nan         nan         nan       nan       nan
        2         61       0   0.000  0.000      0       nan           nan         nan         nan       nan       nan
        2         62       0   0.000  0.000      0       nan           nan         nan         nan       nan       nan
        2         63       0   0.000  0.000      0       nan           nan         nan         nan       nan       nan
        2         64       0   0.000  0.000      0       nan           nan         nan         nan       nan       nan
        2         67       0   0.000  0.000      0       nan           nan         nan         nan       nan       nan
        2         69       0   0.000  0.000      0       nan           nan         nan         nan       nan       nan
        2         71       0   0.000  0.000      0       nan           nan         nan         nan       nan       nan
        2         72       0   0.000  0.000      0       nan           nan         nan         nan       nan       nan
        2         73       0   0.000  0.000      0       nan           nan         nan         nan       nan       nan
        2         74       0   0.000  0.000      0       nan           nan         nan         nan       nan       nan
        2         76       0   0.000  0.000      0       nan           nan         nan         nan       nan       nan
        2         81       0   0.000  0.000      0       nan           nan         nan         nan       nan       nan
        2         82       0   0.000  0.000      0       nan           nan         nan         nan       nan       nan
        2         83       0   0.000  0.000      0       nan           nan         nan         nan       nan       nan
        2         84       0   0.000  0.000      0       nan           nan         nan         nan       nan       nan
        2         85       0   0.000  0.000      0       nan           nan         nan         nan       nan       nan
        2         86       0   0.000  0.000      0       nan           nan         nan         nan       nan       nan
        2         87       0   0.000  0.000      0       nan           nan         nan         nan       nan       nan
        2         88       0   0.000  0.000      0       nan           nan         nan         nan       nan       nan
        2         91       0   0.000  0.000      0       nan           nan         nan         nan       nan       nan
        2         92       0   0.000  0.000      0       nan           nan         nan         nan       nan       nan
        2         93       0   0.000  0.000      0       nan           nan         nan         nan       nan       nan
        2         94       0   0.000  0.000      0       nan           nan         nan         nan       nan       nan
        2         97       0   0.000  0.000      0       nan           nan         nan         nan       nan       nan
        2        100       0   0.000  0.000      0       nan           nan         nan         nan       nan       nan
        2        101       0   0.000  0.000      0       nan           nan         nan         nan       nan       nan
        2        102       0   0.000  0.000      0       nan           nan         nan         nan       nan       nan
        2        104       0   0.000  0.000      0       nan           nan         nan         nan       nan       nan
        2        107       0   0.000  0.000      0       nan           nan         nan         nan       nan       nan
        2        108       0   0.000  0.000      0       nan           nan         nan         nan       nan       nan
        2        111       0   0.000  0.000      0       nan           nan         nan         nan       nan       nan
        2        112       0   0.000  0.000      0       nan           nan         nan         nan       nan       nan
        2        113       0   0.000  0.000      0       nan           nan         nan         nan       nan       nan
        2        114       0   0.000  0.000      0       nan           nan         nan         nan       nan       nan
        2        115       0   0.000  0.000      0       nan           nan         nan         nan       nan       nan
        2        116       0   0.000  0.000      0       nan           nan         nan         nan       nan       nan
        2        117       0   0.000  0.000      0       nan           nan         nan         nan       nan       nan
        2        119       0   0.000  0.000      0       nan           nan         nan         nan       nan       nan
        2        120       0   0.000  0.000      0       nan           nan         nan         nan       nan       nan
        2        121       0   0.000  0.000      0       nan           nan         nan         nan       nan       nan
        2        122       0   0.000  0.000      0       nan           nan         nan         nan       nan       nan
        2        123       0   0.000  0.000      0       nan           nan         nan         nan       nan       nan
        2        124       0   0.000  0.000      0       nan           nan         nan         nan       nan       nan
        2        125       0   0.000  0.000      0       nan           nan         nan         nan       nan       nan
        2        126       0   0.000  0.000      0       nan           nan         nan         nan       nan       nan
        2        130       0   0.000  0.000      0       nan           nan         nan         nan       nan       nan
        2        131       0   0.000  0.000      0       nan           nan         nan         nan       nan       nan
        2        132       0   0.000  0.000      0       nan           nan         nan         nan       nan       nan
        2        134       0   0.000  0.000      0       nan           nan         nan         nan       nan       nan
        2        135       0   0.000  0.000      0       nan           nan         nan         nan       nan       nan
        2        138       0   0.000  0.000      0       nan           nan         nan         nan       nan       nan
        2        139       0   0.000  0.000      0       nan           nan         nan         nan       nan       nan
        2        141       0   0.000  0.000      0       nan           nan         nan         nan       nan       nan
        2        142       0   0.000  0.000      0       nan           nan         nan         nan       nan       nan
        2        143       0   0.000  0.000      0       nan           nan         nan         nan       nan       nan
        2        144       0   0.000  0.000      0       nan           nan         nan         nan       nan       nan
        2        146       0   0.000  0.000      0       nan           nan         nan         nan       nan       nan
        2        147       0   0.000  0.000      0       nan           nan         nan         nan       nan       nan
        2        148       0   0.000  0.000      0       nan           nan         nan         nan       nan       nan
        2        150       0   0.000  0.000      0       nan           nan         nan         nan       nan       nan
        2        151       0   0.000  0.000      0       nan           nan         nan         nan       nan       nan
        2        152       0   0.000  0.000      0       nan           nan         nan         nan       nan       nan
        2        153       0   0.000  0.000      0       nan           nan         nan         nan       nan       nan
        2        154       0   0.000  0.000      0       nan           nan         nan         nan       nan       nan
        2        156       0   0.000  0.000      0       nan           nan         nan         nan       nan       nan
        2        157       0   0.000  0.000      0       nan           nan         nan         nan       nan       nan
        2        158       0   0.000  0.000      0       nan           nan         nan         nan       nan       nan
        2        159       0   0.000  0.000      0       nan           nan         nan         nan       nan       nan
        2        160       0   0.000  0.000      0       nan           nan         nan         nan       nan       nan
        2        161       0   0.000  0.000      0       nan           nan         nan         nan       nan       nan
        2        162       0   0.000  0.000      0       nan           nan         nan         nan       nan       nan
        2        163       0   0.000  0.000      0       nan           nan         nan         nan       nan       nan
        2        164       0   0.000  0.000      0       nan           nan         nan         nan       nan       nan
        2        165       0   0.000  0.000      0       nan           nan         nan         nan       nan       nan
        2        166       0   0.000  0.000      0       nan           nan         nan         nan       nan       nan
        2        169       0   0.000  0.000      0       nan           nan         nan         nan       nan       nan
        2        171       0   0.000  0.000      0       nan           nan         nan         nan       nan       nan
        2        172       0   0.000  0.000      0       nan           nan         nan         nan       nan       nan
        2        174       0   0.000  0.000      0       nan           nan         nan         nan       nan       nan
        2        175       0   0.000  0.000      0       nan           nan         nan         nan       nan       nan
        2        176       0   0.000  0.000      0       nan           nan         nan         nan       nan       nan
        2        177       0   0.000  0.000      0       nan           nan         nan         nan       nan       nan
        2        178       0   0.000  0.000      0       nan           nan         nan         nan       nan       nan
        2        179       0   0.000  0.000      0       nan           nan         nan         nan       nan       nan
        2        180       0   0.000  0.000      0       nan           nan         nan         nan       nan       nan
        2        182       0   0.000  0.000      0       nan           nan         nan         nan       nan       nan
        2        183       0   0.000  0.000      0       nan           nan         nan         nan       nan       nan
        2        184       0   0.000  0.000      0       nan           nan         nan         nan       nan       nan
        2        185       0   0.000  0.000      0       nan           nan         nan         nan       nan       nan
        2        186       0   0.000  0.000      0       nan           nan         nan         nan       nan       nan
        2        187       0   0.000  0.000      0       nan           nan         nan         nan       nan       nan
        2        188       0   0.000  0.000      0       nan           nan         nan         nan       nan       nan
        2        190       0   0.000  0.000      0       nan           nan         nan         nan       nan       nan
        2        191       0   0.000  0.000      0       nan           nan         nan         nan       nan       nan
        2        193       0   0.000  0.000      0       nan           nan         nan         nan       nan       nan
        2        194       0   0.000  0.000      0       nan           nan         nan         nan       nan       nan
        2        195       0   0.000  0.000      0       nan           nan         nan         nan       nan       nan
        2        196       0   0.000  0.000      0       nan           nan         nan         nan       nan       nan
        2        197       0   0.000  0.000      0       nan           nan         nan         nan       nan       nan
        2        198       0   0.000  0.000      0       nan           nan         nan         nan       nan       nan
        2        199       0   0.000  0.000      0       nan           nan         nan         nan       nan       nan
        2        201       0   0.000  0.000      0       nan           nan         nan         nan       nan       nan
        2        202       0   0.000  0.000      0       nan           nan         nan         nan       nan       nan
        3         90       1   0.064  0.137   1680     1.189           0.8       101.4       100.6      22.6      26.9
        3         95       0   0.060  0.114   2068     1.834           0.0       110.0       110.0      22.6      41.5
        3         54       1   0.047  0.305  10344     1.091           4.9       107.3       102.4      22.6      24.7
        3        110       0   0.041  0.135   1592     1.542           1.1       101.1       100.0      22.6      34.9
        3         57       1   0.040  0.226   3640     1.000           4.7       106.1       101.4      22.6      22.6
        3         75       0   0.033  0.097   1092     1.414           1.1       111.1       110.0      19.0      26.9
        3        200       0   0.032  0.032    336     1.000           0.0       110.0       110.0      19.0      19.0
        3         55       0   0.027  0.332   8556     1.297           8.4       107.5       115.8      22.6      29.3
        3        118       0   0.017  0.048    588     1.682           0.7       110.7       110.0      19.0      32.0
        3         56       0   0.015  0.367   5036     1.189          19.4       108.9        89.5      22.6      19.0
        3         70       0   0.010  0.235   2636     1.091          20.1       107.2       127.3      22.6      20.7
        3        181       1   0.009  0.097   1008     1.189           8.1       101.5        93.4      22.6      19.0
        3         74       0   0.009  0.068    704     1.297           4.9       114.9       110.0      26.9      20.7
        3         68       0   0.007  0.296   4540     1.682          25.0       109.1        84.2      22.6      38.1
        3        127       0   0.006  0.044    660     3.364           1.3       102.6       101.3      22.6      76.1
        3        165       0   0.005  0.024    248     1.353           2.2       100.0       102.2      22.6      16.7
        3         79       0   0.005  0.143   1488     1.414          18.9       107.6        88.7      22.6      16.0
        3         99       0   0.005  0.032    336     1.414           3.7       106.3       110.0      22.6      16.0
        3        156       0   0.004  0.014    160     1.091           2.6       107.4       110.0      17.4      16.0
        3         77       0   0.004  0.076    840     1.189          17.0       107.0        90.0      22.6      26.9
        3        137       0   0.003  0.105   1084     1.414          20.5       109.5       130.0      22.6      32.0
        3        105       0   0.003  0.124   1288     1.000          39.7       109.6        69.9      22.6      22.6
        3         58       0   0.003  0.146  10372     3.084          14.8       107.3        92.5      22.6      69.8
        3         65       0   0.003  0.313   5024     3.364          32.1       107.0        74.9      22.6      76.1
        3         96       0   0.003  0.092    960     1.297          25.2       104.3        79.1      22.6      17.4
        3        129       0   0.002  0.050    832     3.364           5.1       115.1       110.0      26.9      90.5
        3        168       0   0.002  0.155   2088     2.181          29.0       111.0       140.0      24.7      53.8
        3        106       0   0.002  0.056   1112     1.834          12.1       107.9       120.0      22.6      41.5
        3        128       0   0.002  0.098   1064     1.091          38.3       108.3        70.0      22.6      24.7
        3         89       0   0.002  0.115   1300     1.414          37.1       107.1        70.0      19.0      26.9
        3        189       0   0.002  0.028    308     1.297          10.0       100.0        90.0      22.6      29.3
        3         80       0   0.002  0.079    896     1.297          30.1       110.1        80.0      22.6      29.3
        3         69       0   0.002  0.006     64     1.414           1.3       108.7       110.0      22.6      16.0
        3         71       0   0.002  0.026    272     1.682           8.1       118.1       110.0      26.9      16.0
        3        155       0   0.002  0.420   4984     5.187          46.1       103.9       150.0      22.6     117.4
        3        140       0   0.002  0.065    672     1.091          35.0       105.0        70.0      22.6      20.7
        3        109       0   0.002  0.128   1492     2.000          39.5       109.1        69.6      19.0      38.1
        3        149       0   0.001  0.164   2504     2.181          49.5       104.1       153.5      22.6      49.4
        3        136       0   0.001  0.049    528     1.000          33.3       106.7        73.3      19.0      19.0
        3        173       0   0.001  0.174   1896     4.000          31.2       101.2        70.0      22.6      90.5
        3         66       0   0.001  0.120   5024     2.594          34.1       105.9       140.0      22.6      58.7
        3        188       0   0.001  0.036    392     1.091          24.5       104.5        80.0      22.6      20.7
        3         98       0   0.001  0.132   2904     4.757          20.6       100.6        80.0      22.6     107.6
        3        145       0   0.001  0.047    484     1.297          29.2       109.2        80.0      22.6      17.4
        3        171       0   0.001  0.022    236     1.189          14.7       104.7        90.0      22.6      26.9
        3        167       0   0.001  0.089    988     1.682          47.9       107.9        60.0      19.0      32.0
        3        170       0   0.001  0.063    676     2.181          26.6       106.6        80.0      19.0      41.5
        3         78       0   0.001  0.060   1172     2.181          27.0       107.0        80.0      22.6      49.4
        3        133       0   0.001  0.024    252     1.189          25.4       110.0        84.6      19.0      16.0
        3        164       0   0.001  0.028    308     1.682          22.8       107.2       130.0      17.4      29.3
        3        103       0   0.001  0.033    900     4.362          10.6       109.4       120.0      22.6      98.7
        3        100       0   0.001  0.018    304     1.834          14.7       104.5        89.7      22.6      41.5
        3        152       0   0.001  0.075   1036     2.000          58.7       101.3       160.0      22.6      45.3
        3        158       0   0.001  0.015    192     2.000          13.9       103.9        90.0      22.6      45.3
        3         88       0   0.001  0.027    888     3.364          14.6       114.6       100.0      26.9      90.5
        3        185       0   0.000  0.011    120     1.414          17.2       112.8       130.0      26.9      19.0
        3        162       0   0.000  0.008     88     1.189          16.8       103.2       120.0      22.6      26.9
        3        153       0   0.000  0.011    124     1.091          31.0       101.3       132.2      22.6      24.7
        3        132       0   0.000  0.018    348     3.668          14.2       114.2       100.0      26.9      98.7
        3        122       0   0.000  0.012    132     1.414          31.8       100.0       131.8      22.6      16.0
        3         64       0   0.000  0.003     48     1.542          10.0       100.0       110.0      17.4      26.9
        3         97       0   0.000  0.002     24     1.414          10.0       100.0       110.0      17.4      24.7
        3        194       0   0.000  0.010    104     1.414          57.3       117.3        60.0      29.3      20.7
        3         63       0   0.000  0.002     40     1.414          20.0       100.0       120.0      17.4      24.7
        3        178       0   0.000  0.008    104     4.000          36.9       106.9        70.0      22.6      90.5
        3         67       0   0.000  0.002     44     3.364          10.0       100.0       110.0      17.4      58.7
        3         59       0   0.000  0.000      0       nan           nan         nan         nan       nan       nan
        3         60       0   0.000  0.000      0       nan           nan         nan         nan       nan       nan
        3         61       0   0.000  0.000      0       nan           nan         nan         nan       nan       nan
        3         62       0   0.000  0.000      0       nan           nan         nan         nan       nan       nan
        3         72       0   0.000  0.000      0       nan           nan         nan         nan       nan       nan
        3         73       0   0.000  0.000      0       nan           nan         nan         nan       nan       nan
        3         76       0   0.000  0.000      0       nan           nan         nan         nan       nan       nan
        3         81       0   0.000  0.000      0       nan           nan         nan         nan       nan       nan
        3         82       0   0.000  0.000      0       nan           nan         nan         nan       nan       nan
        3         83       0   0.000  0.000      0       nan           nan         nan         nan       nan       nan
        3         84       0   0.000  0.000      0       nan           nan         nan         nan       nan       nan
        3         85       0   0.000  0.000      0       nan           nan         nan         nan       nan       nan
        3         86       0   0.000  0.000      0       nan           nan         nan         nan       nan       nan
        3         87       0   0.000  0.000      0       nan           nan         nan         nan       nan       nan
        3         91       0   0.000  0.000      0       nan           nan         nan         nan       nan       nan
        3         92       0   0.000  0.000      0       nan           nan         nan         nan       nan       nan
        3         93       0   0.000  0.000      0       nan           nan         nan         nan       nan       nan
        3         94       0   0.000  0.000      0       nan           nan         nan         nan       nan       nan
        3        101       0   0.000  0.000      0       nan           nan         nan         nan       nan       nan
        3        102       0   0.000  0.000      0       nan           nan         nan         nan       nan       nan
        3        104       0   0.000  0.000      0       nan           nan         nan         nan       nan       nan
        3        107       0   0.000  0.000      0       nan           nan         nan         nan       nan       nan
        3        108       0   0.000  0.000      0       nan           nan         nan         nan       nan       nan
        3        111       0   0.000  0.000      0       nan           nan         nan         nan       nan       nan
        3        112       0   0.000  0.000      0       nan           nan         nan         nan       nan       nan
        3        113       0   0.000  0.000      0       nan           nan         nan         nan       nan       nan
        3        114       0   0.000  0.000      0       nan           nan         nan         nan       nan       nan
        3        115       0   0.000  0.000      0       nan           nan         nan         nan       nan       nan
        3        116       0   0.000  0.000      0       nan           nan         nan         nan       nan       nan
        3        117       0   0.000  0.000      0       nan           nan         nan         nan       nan       nan
        3        119       0   0.000  0.000      0       nan           nan         nan         nan       nan       nan
        3        120       0   0.000  0.000      0       nan           nan         nan         nan       nan       nan
        3        121       0   0.000  0.000      0       nan           nan         nan         nan       nan       nan
        3        123       0   0.000  0.000      0       nan           nan         nan         nan       nan       nan
        3        124       0   0.000  0.000      0       nan           nan         nan         nan       nan       nan
        3        125       0   0.000  0.000      0       nan           nan         nan         nan       nan       nan
        3        126       0   0.000  0.000      0       nan           nan         nan         nan       nan       nan
        3        130       0   0.000  0.000      0       nan           nan         nan         nan       nan       nan
        3        131       0   0.000  0.000      0       nan           nan         nan         nan       nan       nan
        3        134       0   0.000  0.000      0       nan           nan         nan         nan       nan       nan
        3        135       0   0.000  0.000      0       nan           nan         nan         nan       nan       nan
        3        138       0   0.000  0.000      0       nan           nan         nan         nan       nan       nan
        3        139       0   0.000  0.000      0       nan           nan         nan         nan       nan       nan
        3        141       0   0.000  0.000      0       nan           nan         nan         nan       nan       nan
        3        142       0   0.000  0.000      0       nan           nan         nan         nan       nan       nan
        3        143       0   0.000  0.000      0       nan           nan         nan         nan       nan       nan
        3        144       0   0.000  0.000      0       nan           nan         nan         nan       nan       nan
        3        146       0   0.000  0.000      0       nan           nan         nan         nan       nan       nan
        3        147       0   0.000  0.000      0       nan           nan         nan         nan       nan       nan
        3        148       0   0.000  0.000      0       nan           nan         nan         nan       nan       nan
        3        150       0   0.000  0.000      0       nan           nan         nan         nan       nan       nan
        3        151       0   0.000  0.000      0       nan           nan         nan         nan       nan       nan
        3        154       0   0.000  0.000      0       nan           nan         nan         nan       nan       nan
        3        157       0   0.000  0.000      0       nan           nan         nan         nan       nan       nan
        3        159       0   0.000  0.000      0       nan           nan         nan         nan       nan       nan
        3        160       0   0.000  0.000      0       nan           nan         nan         nan       nan       nan
        3        161       0   0.000  0.000      0       nan           nan         nan         nan       nan       nan
        3        163       0   0.000  0.000      0       nan           nan         nan         nan       nan       nan
        3        166       0   0.000  0.000      0       nan           nan         nan         nan       nan       nan
        3        169       0   0.000  0.000      0       nan           nan         nan         nan       nan       nan
        3        172       0   0.000  0.000      0       nan           nan         nan         nan       nan       nan
        3        174       0   0.000  0.000      0       nan           nan         nan         nan       nan       nan
        3        175       0   0.000  0.000      0       nan           nan         nan         nan       nan       nan
        3        176       0   0.000  0.000      0       nan           nan         nan         nan       nan       nan
        3        177       0   0.000  0.000      0       nan           nan         nan         nan       nan       nan
        3        179       0   0.000  0.000      0       nan           nan         nan         nan       nan       nan
        3        180       0   0.000  0.000      0       nan           nan         nan         nan       nan       nan
        3        182       0   0.000  0.000      0       nan           nan         nan         nan       nan       nan
        3        183       0   0.000  0.000      0       nan           nan         nan         nan       nan       nan
        3        184       0   0.000  0.000      0       nan           nan         nan         nan       nan       nan
        3        186       0   0.000  0.000      0       nan           nan         nan         nan       nan       nan
        3        187       0   0.000  0.000      0       nan           nan         nan         nan       nan       nan
        3        190       0   0.000  0.000      0       nan           nan         nan         nan       nan       nan
        3        191       0   0.000  0.000      0       nan           nan         nan         nan       nan       nan
        3        192       0   0.000  0.000      0       nan           nan         nan         nan       nan       nan
        3        193       0   0.000  0.000      0       nan           nan         nan         nan       nan       nan
        3        195       0   0.000  0.000      0       nan           nan         nan         nan       nan       nan
        3        196       0   0.000  0.000      0       nan           nan         nan         nan       nan       nan
        3        197       0   0.000  0.000      0       nan           nan         nan         nan       nan       nan
        3        198       0   0.000  0.000      0       nan           nan         nan         nan       nan       nan
        3        199       0   0.000  0.000      0       nan           nan         nan         nan       nan       nan
        3        201       0   0.000  0.000      0       nan           nan         nan         nan       nan       nan
        3        202       0   0.000  0.000      0       nan           nan         nan         nan       nan       nan
        4         96       1   0.123  0.226    636     1.091           0.7        80.7        80.0      16.0      17.4
        4         77       0   0.043  0.504   1360     1.682           5.9        84.1        90.0      16.0      26.9
        4         80       0   0.040  0.471   1380     1.834           5.5        85.5        80.0      16.0      29.3
        4         79       1   0.029  0.218    712     1.000           6.5        80.8        87.3      16.0      16.0
        4         68       0   0.015  0.200   2004     2.000           5.9        84.1        90.0      16.0      32.0
        4        105       0   0.010  0.163    528     1.414          10.1        80.0        69.9      16.0      22.6
        4         57       0   0.010  0.152   1564     1.542           9.3        82.5        91.8      16.0      24.7
        4         56       1   0.007  0.082    824     1.189           9.2        80.8        90.0      16.0      19.0
        4        128       0   0.005  0.176    604     1.682          19.9        89.9        70.0      16.0      26.9
        4         78       0   0.004  0.097   1140     3.084           7.2        87.2        80.0      16.0      49.4
        4         99       0   0.003  0.103    264     1.091          30.0        80.0       110.0      17.4      16.0
        4        156       0   0.003  0.098    328     1.091          30.0        80.0       110.0      17.4      16.0
        4        140       0   0.002  0.038    116     1.091          13.1        83.1        70.0      16.0      17.4
        4         54       0   0.002  0.073   2484     1.834          18.3        83.3       101.6      16.0      29.3
        4        164       0   0.002  0.162    476     1.682          50.0        80.0       130.0      17.4      29.3
        4         70       0   0.002  0.077    424     1.091          40.7        80.0       120.7      16.0      17.4
        4        137       0   0.002  0.149    464     1.834          50.0        80.0       130.0      17.4      32.0
        4         74       0   0.001  0.054    164     1.297          30.0        80.0       110.0      16.0      20.7
        4         97       0   0.001  0.057    192     1.414          30.0        80.0       110.0      17.4      24.7
        4         55       0   0.001  0.089   2172     2.000          34.1        82.4       116.5      16.0      32.0
        4         71       0   0.001  0.027     72     1.000          30.0        80.0       110.0      16.0      16.0
        4        168       0   0.001  0.174   1132     3.364          59.2        80.8       140.0      16.0      53.8
        4         95       0   0.001  0.063    728     2.378          30.0        80.0       110.0      16.0      38.1
        4         64       0   0.001  0.038    244     1.542          30.0        80.0       110.0      17.4      26.9
        4        129       0   0.001  0.089    776     5.187          29.6        80.4       110.0      17.4      90.5
        4         58       0   0.000  0.035   2484     4.362          22.9        83.3       106.2      16.0      69.8
        4         63       0   0.000  0.019    252     1.414          40.0        80.0       120.0      17.4      24.7
        4         66       0   0.000  0.065   2384     3.668          56.6        83.4       140.0      16.0      58.7
        4        103       0   0.000  0.071   1320     6.169          37.0        83.0       120.0      16.0      98.7
        4         88       0   0.000  0.024    620     5.187          20.0        80.0       100.0      17.4      90.5
        4        149       0   0.000  0.045    428     2.828          73.9        80.0       153.9      17.4      49.4
        4        155       0   0.000  0.098    804     7.336          69.8        80.2       150.0      16.0     117.4
        4        132       0   0.000  0.021    252     5.657          20.0        80.0       100.0      17.4      98.7
        4         90       0   0.000  0.005     28     1.542          20.0        80.0       100.0      17.4      26.9
        4         83       0   0.000  0.005     32     1.297          40.0        80.0       120.0      16.0      20.7
        4        185       0   0.000  0.003      8     1.091          30.0        80.0       110.0      17.4      16.0
        4        106       0   0.000  0.003     36     2.378          40.0        80.0       120.0      17.4      41.5
        4         92       0   0.000  0.002     16     3.084          40.0        80.0       120.0      16.0      49.4
        4         82       0   0.000  0.000     12     4.000          20.0        80.0       100.0      16.0      64.0
        4         59       0   0.000  0.000      0       nan           nan         nan         nan       nan       nan
        4         60       0   0.000  0.000      0       nan           nan         nan         nan       nan       nan
        4         61       0   0.000  0.000      0       nan           nan         nan         nan       nan       nan
        4         62       0   0.000  0.000      0       nan           nan         nan         nan       nan       nan
        4         65       0   0.000  0.000      0       nan           nan         nan         nan       nan       nan
        4         67       0   0.000  0.000      0       nan           nan         nan         nan       nan       nan
        4         69       0   0.000  0.000      0       nan           nan         nan         nan       nan       nan
        4         72       0   0.000  0.000      0       nan           nan         nan         nan       nan       nan
        4         73       0   0.000  0.000      0       nan           nan         nan         nan       nan       nan
        4         75       0   0.000  0.000      0       nan           nan         nan         nan       nan       nan
        4         76       0   0.000  0.000      0       nan           nan         nan         nan       nan       nan
        4         81       0   0.000  0.000      0       nan           nan         nan         nan       nan       nan
        4         84       0   0.000  0.000      0       nan           nan         nan         nan       nan       nan
        4         85       0   0.000  0.000      0       nan           nan         nan         nan       nan       nan
        4         86       0   0.000  0.000      0       nan           nan         nan         nan       nan       nan
        4         87       0   0.000  0.000      0       nan           nan         nan         nan       nan       nan
        4         89       0   0.000  0.000      0       nan           nan         nan         nan       nan       nan
        4         91       0   0.000  0.000      0       nan           nan         nan         nan       nan       nan
        4         93       0   0.000  0.000      0       nan           nan         nan         nan       nan       nan
        4         94       0   0.000  0.000      0       nan           nan         nan         nan       nan       nan
        4         98       0   0.000  0.000      0       nan           nan         nan         nan       nan       nan
        4        100       0   0.000  0.000      0       nan           nan         nan         nan       nan       nan
        4        101       0   0.000  0.000      0       nan           nan         nan         nan       nan       nan
        4        102       0   0.000  0.000      0       nan           nan         nan         nan       nan       nan
        4        104       0   0.000  0.000      0       nan           nan         nan         nan       nan       nan
        4        107       0   0.000  0.000      0       nan           nan         nan         nan       nan       nan
        4        108       0   0.000  0.000      0       nan           nan         nan         nan       nan       nan
        4        109       0   0.000  0.000      0       nan           nan         nan         nan       nan       nan
        4        110       0   0.000  0.000      0       nan           nan         nan         nan       nan       nan
        4        111       0   0.000  0.000      0       nan           nan         nan         nan       nan       nan
        4        112       0   0.000  0.000      0       nan           nan         nan         nan       nan       nan
        4        113       0   0.000  0.000      0       nan           nan         nan         nan       nan       nan
        4        114       0   0.000  0.000      0       nan           nan         nan         nan       nan       nan
        4        115       0   0.000  0.000      0       nan           nan         nan         nan       nan       nan
        4        116       0   0.000  0.000      0       nan           nan         nan         nan       nan       nan
        4        117       0   0.000  0.000      0       nan           nan         nan         nan       nan       nan
        4        118       0   0.000  0.000      0       nan           nan         nan         nan       nan       nan
        4        119       0   0.000  0.000      0       nan           nan         nan         nan       nan       nan
        4        120       0   0.000  0.000      0       nan           nan         nan         nan       nan       nan
        4        121       0   0.000  0.000      0       nan           nan         nan         nan       nan       nan
        4        122       0   0.000  0.000      0       nan           nan         nan         nan       nan       nan
        4        123       0   0.000  0.000      0       nan           nan         nan         nan       nan       nan
        4        124       0   0.000  0.000      0       nan           nan         nan         nan       nan       nan
        4        125       0   0.000  0.000      0       nan           nan         nan         nan       nan       nan
        4        126       0   0.000  0.000      0       nan           nan         nan         nan       nan       nan
        4        127       0   0.000  0.000      0       nan           nan         nan         nan       nan       nan
        4        130       0   0.000  0.000      0       nan           nan         nan         nan       nan       nan
        4        131       0   0.000  0.000      0       nan           nan         nan         nan       nan       nan
        4        133       0   0.000  0.000      0       nan           nan         nan         nan       nan       nan
        4        134       0   0.000  0.000      0       nan           nan         nan         nan       nan       nan
        4        135       0   0.000  0.000      0       nan           nan         nan         nan       nan       nan
        4        136       0   0.000  0.000      0       nan           nan         nan         nan       nan       nan
        4        138       0   0.000  0.000      0       nan           nan         nan         nan       nan       nan
        4        139       0   0.000  0.000      0       nan           nan         nan         nan       nan       nan
        4        141       0   0.000  0.000      0       nan           nan         nan         nan       nan       nan
        4        142       0   0.000  0.000      0       nan           nan         nan         nan       nan       nan
        4        143       0   0.000  0.000      0       nan           nan         nan         nan       nan       nan
        4        144       0   0.000  0.000      0       nan           nan         nan         nan       nan       nan
        4        145       0   0.000  0.000      0       nan           nan         nan         nan       nan       nan
        4        146       0   0.000  0.000      0       nan           nan         nan         nan       nan       nan
        4        147       0   0.000  0.000      0       nan           nan         nan         nan       nan       nan
        4        148       0   0.000  0.000      0       nan           nan         nan         nan       nan       nan
        4        150       0   0.000  0.000      0       nan           nan         nan         nan       nan       nan
        4        151       0   0.000  0.000      0       nan           nan         nan         nan       nan       nan
        4        152       0   0.000  0.000      0       nan           nan         nan         nan       nan       nan
        4        153       0   0.000  0.000      0       nan           nan         nan         nan       nan       nan
        4        154       0   0.000  0.000      0       nan           nan         nan         nan       nan       nan
        4        157       0   0.000  0.000      0       nan           nan         nan         nan       nan       nan
        4        158       0   0.000  0.000      0       nan           nan         nan         nan       nan       nan
        4        159       0   0.000  0.000      0       nan           nan         nan         nan       nan       nan
        4        160       0   0.000  0.000      0       nan           nan         nan         nan       nan       nan
        4        161       0   0.000  0.000      0       nan           nan         nan         nan       nan       nan
        4        162       0   0.000  0.000      0       nan           nan         nan         nan       nan       nan
        4        163       0   0.000  0.000      0       nan           nan         nan         nan       nan       nan
        4        165       0   0.000  0.000      0       nan           nan         nan         nan       nan       nan
        4        166       0   0.000  0.000      0       nan           nan         nan         nan       nan       nan
        4        167       0   0.000  0.000      0       nan           nan         nan         nan       nan       nan
        4        169       0   0.000  0.000      0       nan           nan         nan         nan       nan       nan
        4        170       0   0.000  0.000      0       nan           nan         nan         nan       nan       nan
        4        171       0   0.000  0.000      0       nan           nan         nan         nan       nan       nan
        4        172       0   0.000  0.000      0       nan           nan         nan         nan       nan       nan
        4        173       0   0.000  0.000      0       nan           nan         nan         nan       nan       nan
        4        174       0   0.000  0.000      0       nan           nan         nan         nan       nan       nan
        4        175       0   0.000  0.000      0       nan           nan         nan         nan       nan       nan
        4        176       0   0.000  0.000      0       nan           nan         nan         nan       nan       nan
        4        177       0   0.000  0.000      0       nan           nan         nan         nan       nan       nan
        4        178       0   0.000  0.000      0       nan           nan         nan         nan       nan       nan
        4        179       0   0.000  0.000      0       nan           nan         nan         nan       nan       nan
        4        180       0   0.000  0.000      0       nan           nan         nan         nan       nan       nan
        4        181       0   0.000  0.000      0       nan           nan         nan         nan       nan       nan
        4        182       0   0.000  0.000      0       nan           nan         nan         nan       nan       nan
        4        183       0   0.000  0.000      0       nan           nan         nan         nan       nan       nan
        4        184       0   0.000  0.000      0       nan           nan         nan         nan       nan       nan
        4        186       0   0.000  0.000      0       nan           nan         nan         nan       nan       nan
        4        187       0   0.000  0.000      0       nan           nan         nan         nan       nan       nan
        4        188       0   0.000  0.000      0       nan           nan         nan         nan       nan       nan
        4        189       0   0.000  0.000      0       nan           nan         nan         nan       nan       nan
        4        190       0   0.000  0.000      0       nan           nan         nan         nan       nan       nan
        4        191       0   0.000  0.000      0       nan           nan         nan         nan       nan       nan
        4        192       0   0.000  0.000      0       nan           nan         nan         nan       nan       nan
        4        193       0   0.000  0.000      0       nan           nan         nan         nan       nan       nan
        4        194       0   0.000  0.000      0       nan           nan         nan         nan       nan       nan
        4        195       0   0.000  0.000      0       nan           nan         nan         nan       nan       nan
        4        196       0   0.000  0.000      0       nan           nan         nan         nan       nan       nan
        4        197       0   0.000  0.000      0       nan           nan         nan         nan       nan       nan
        4        198       0   0.000  0.000      0       nan           nan         nan         nan       nan       nan
        4        199       0   0.000  0.000      0       nan           nan         nan         nan       nan       nan
        4        200       0   0.000  0.000      0       nan           nan         nan         nan       nan       nan
        4        201       0   0.000  0.000      0       nan           nan         nan         nan       nan       nan
        4        202       0   0.000  0.000      0       nan           nan         nan         nan       nan       nan
        5         61       1   0.050  0.234   1232     1.091           3.3       123.3       120.0      19.0      17.4
        5         60       1   0.048  0.297   3080     1.000           5.3       125.4       120.1      22.6      22.6
        5         81       1   0.031  0.117    504     1.189           2.2       112.2       110.0      19.0      22.6
        5         57       1   0.025  0.123   1436     1.000           3.9       123.9       120.0      19.0      19.0
        5        198       0   0.013  0.028    164     2.181           0.0       130.0       130.0      26.9      58.7
        5        106       0   0.011  0.170   2108     1.542           9.1       129.1       120.0      26.9      41.5
        5        101       0   0.009  0.205   1420     1.297          16.7       127.8       111.1      26.9      34.9
        5         66       0   0.007  0.094   3476     3.364           3.3       126.0       122.7      22.6      76.1
        5         72       0   0.005  0.101    712     1.000          18.0       117.5        99.5      19.0      19.0
        5         54       0   0.005  0.045   1608     1.297           6.4       126.2       119.8      20.7      26.9
        5         55       0   0.005  0.056   1468     1.297           8.5       125.8       117.3      22.6      29.3
        5        190       0   0.004  0.072    276     1.000          16.9       116.9       100.0      16.0      16.0
        5         67       0   0.004  0.073   1528     2.594           6.4       126.4       119.9      20.7      53.8
        5        102       0   0.002  0.133    608     1.091          47.8       121.4        73.6      19.0      20.7
        5        175       0   0.002  0.163    692     1.297          50.6       120.6        70.0      19.0      24.7
        5        138       0   0.002  0.290   1908     2.181          54.6       125.3        70.7      22.6      49.4
        5        100       0   0.002  0.237   1976     2.000          52.0       126.2        74.2      20.7      41.5
        5         58       0   0.002  0.032   2320     3.364           3.6       123.6       120.0      19.0      64.0
        5        116       0   0.002  0.082    764     3.668           9.9       129.9       120.0      26.9      98.7
        5        143       0   0.002  0.299   1712     2.378          64.0       124.0        60.0      22.6      53.8
        5        168       0   0.002  0.057    480     2.828           9.6       130.4       140.0      19.0      53.8
        5         85       0   0.002  0.037    200     1.000          20.0       110.0       130.0      19.0      19.0
        5        158       0   0.001  0.107    600     2.000          37.8       127.8        90.0      22.6      45.3
        5        149       0   0.001  0.082    848     3.084          21.4       128.6       150.0      22.6      69.8
        5         73       0   0.001  0.016    160     1.297          10.0       110.0       120.0      19.0      24.7
        5        129       0   0.001  0.064    652     4.362          19.8       129.8       110.0      22.6      98.7
        5        163       0   0.000  0.114    704     4.757          61.7       121.7        60.0      19.0      90.5
        5         98       0   0.000  0.073   1252     3.668          52.7       126.2        73.6      26.9      98.7
        5        178       0   0.000  0.071    408     3.668          53.2       123.2        70.0      24.7      90.5
        5         76       0   0.000  0.112   1492     5.187          62.6       121.4        58.8      19.0      98.7
        5        157       0   0.000  0.032    140     1.542          64.0       124.0        60.0      16.0      24.7
        5        160       0   0.000  0.003     12     1.189          26.7       126.7       100.0      22.6      26.9
        5        132       0   0.000  0.008    108     4.362          29.3       129.3       100.0      22.6      98.7
        5         88       0   0.000  0.008    220     4.362          29.6       129.6       100.0      20.7      90.5
        5        151       0   0.000  0.002      8     1.091          30.0       110.0        80.0      17.4      19.0
        5         87       0   0.000  0.001      4     1.414          20.0       110.0       130.0      19.0      26.9
        5         56       0   0.000  0.000      0       nan           nan         nan         nan       nan       nan
        5         59       0   0.000  0.000      0       nan           nan         nan         nan       nan       nan
        5         62       0   0.000  0.000      0       nan           nan         nan         nan       nan       nan
        5         63       0   0.000  0.000      0       nan           nan         nan         nan       nan       nan
        5         64       0   0.000  0.000      0       nan           nan         nan         nan       nan       nan
        5         65       0   0.000  0.000      0       nan           nan         nan         nan       nan       nan
        5         68       0   0.000  0.000      0       nan           nan         nan         nan       nan       nan
        5         69       0   0.000  0.000      0       nan           nan         nan         nan       nan       nan
        5         70       0   0.000  0.000      0       nan           nan         nan         nan       nan       nan
        5         71       0   0.000  0.000      0       nan           nan         nan         nan       nan       nan
        5         74       0   0.000  0.000      0       nan           nan         nan         nan       nan       nan
        5         75       0   0.000  0.000      0       nan           nan         nan         nan       nan       nan
        5         77       0   0.000  0.000      0       nan           nan         nan         nan       nan       nan
        5         78       0   0.000  0.000      0       nan           nan         nan         nan       nan       nan
        5         79       0   0.000  0.000      0       nan           nan         nan         nan       nan       nan
        5         80       0   0.000  0.000      0       nan           nan         nan         nan       nan       nan
        5         82       0   0.000  0.000      0       nan           nan         nan         nan       nan       nan
        5         83       0   0.000  0.000      0       nan           nan         nan         nan       nan       nan
        5         84       0   0.000  0.000      0       nan           nan         nan         nan       nan       nan
        5         86       0   0.000  0.000      0       nan           nan         nan         nan       nan       nan
        5         89       0   0.000  0.000      0       nan           nan         nan         nan       nan       nan
        5         90       0   0.000  0.000      0       nan           nan         nan         nan       nan       nan
        5         91       0   0.000  0.000      0       nan           nan         nan         nan       nan       nan
        5         92       0   0.000  0.000      0       nan           nan         nan         nan       nan       nan
        5         93       0   0.000  0.000      0       nan           nan         nan         nan       nan       nan
        5         94       0   0.000  0.000      0       nan           nan         nan         nan       nan       nan
        5         95       0   0.000  0.000      0       nan           nan         nan         nan       nan       nan
        5         96       0   0.000  0.000      0       nan           nan         nan         nan       nan       nan
        5         97       0   0.000  0.000      0       nan           nan         nan         nan       nan       nan
        5         99       0   0.000  0.000      0       nan           nan         nan         nan       nan       nan
        5        103       0   0.000  0.000      0       nan           nan         nan         nan       nan       nan
        5        104       0   0.000  0.000      0       nan           nan         nan         nan       nan       nan
        5        105       0   0.000  0.000      0       nan           nan         nan         nan       nan       nan
        5        107       0   0.000  0.000      0       nan           nan         nan         nan       nan       nan
        5        108       0   0.000  0.000      0       nan           nan         nan         nan       nan       nan
        5        109       0   0.000  0.000      0       nan           nan         nan         nan       nan       nan
        5        110       0   0.000  0.000      0       nan           nan         nan         nan       nan       nan
        5        111       0   0.000  0.000      0       nan           nan         nan         nan       nan       nan
        5        112       0   0.000  0.000      0       nan           nan         nan         nan       nan       nan
        5        113       0   0.000  0.000      0       nan           nan         nan         nan       nan       nan
        5        114       0   0.000  0.000      0       nan           nan         nan         nan       nan       nan
        5        115       0   0.000  0.000      0       nan           nan         nan         nan       nan       nan
        5        117       0   0.000  0.000      0       nan           nan         nan         nan       nan       nan
        5        118       0   0.000  0.000      0       nan           nan         nan         nan       nan       nan
        5        119       0   0.000  0.000      0       nan           nan         nan         nan       nan       nan
        5        120       0   0.000  0.000      0       nan           nan         nan         nan       nan       nan
        5        121       0   0.000  0.000      0       nan           nan         nan         nan       nan       nan
        5        122       0   0.000  0.000      0       nan           nan         nan         nan       nan       nan
        5        123       0   0.000  0.000      0       nan           nan         nan         nan       nan       nan
        5        124       0   0.000  0.000      0       nan           nan         nan         nan       nan       nan
        5        125       0   0.000  0.000      0       nan           nan         nan         nan       nan       nan
        5        126       0   0.000  0.000      0       nan           nan         nan         nan       nan       nan
        5        127       0   0.000  0.000      0       nan           nan         nan         nan       nan       nan
        5        128       0   0.000  0.000      0       nan           nan         nan         nan       nan       nan
        5        130       0   0.000  0.000      0       nan           nan         nan         nan       nan       nan
        5        131       0   0.000  0.000      0       nan           nan         nan         nan       nan       nan
        5        133       0   0.000  0.000      0       nan           nan         nan         nan       nan       nan
        5        134       0   0.000  0.000      0       nan           nan         nan         nan       nan       nan
        5        135       0   0.000  0.000      0       nan           nan         nan         nan       nan       nan
        5        136       0   0.000  0.000      0       nan           nan         nan         nan       nan       nan
        5        137       0   0.000  0.000      0       nan           nan         nan         nan       nan       nan
        5        139       0   0.000  0.000      0       nan           nan         nan         nan       nan       nan
        5        140       0   0.000  0.000      0       nan           nan         nan         nan       nan       nan
        5        141       0   0.000  0.000      0       nan           nan         nan         nan       nan       nan
        5        142       0   0.000  0.000      0       nan           nan         nan         nan       nan       nan
        5        144       0   0.000  0.000      0       nan           nan         nan         nan       nan       nan
        5        145       0   0.000  0.000      0       nan           nan         nan         nan       nan       nan
        5        146       0   0.000  0.000      0       nan           nan         nan         nan       nan       nan
        5        147       0   0.000  0.000      0       nan           nan         nan         nan       nan       nan
        5        148       0   0.000  0.000      0       nan           nan         nan         nan       nan       nan
        5        150       0   0.000  0.000      0       nan           nan         nan         nan       nan       nan
        5        152       0   0.000  0.000      0       nan           nan         nan         nan       nan       nan
        5        153       0   0.000  0.000      0       nan           nan         nan         nan       nan       nan
        5        154       0   0.000  0.000      0       nan           nan         nan         nan       nan       nan
        5        155       0   0.000  0.000      0       nan           nan         nan         nan       nan       nan
        5        156       0   0.000  0.000      0       nan           nan         nan         nan       nan       nan
        5        159       0   0.000  0.000      0       nan           nan         nan         nan       nan       nan
        5        161       0   0.000  0.000      0       nan           nan         nan         nan       nan       nan
        5        162       0   0.000  0.000      0       nan           nan         nan         nan       nan       nan
        5        164       0   0.000  0.000      0       nan           nan         nan         nan       nan       nan
        5        165       0   0.000  0.000      0       nan           nan         nan         nan       nan       nan
        5        166       0   0.000  0.000      0       nan           nan         nan         nan       nan       nan
        5        167       0   0.000  0.000      0       nan           nan         nan         nan       nan       nan
        5        169       0   0.000  0.000      0       nan           nan         nan         nan       nan       nan
        5        170       0   0.000  0.000      0       nan           nan         nan         nan       nan       nan
        5        171       0   0.000  0.000      0       nan           nan         nan         nan       nan       nan
        5        172       0   0.000  0.000      0       nan           nan         nan         nan       nan       nan
        5        173       0   0.000  0.000      0       nan           nan         nan         nan       nan       nan
        5        174       0   0.000  0.000      0       nan           nan         nan         nan       nan       nan
        5        176       0   0.000  0.000      0       nan           nan         nan         nan       nan       nan
        5        177       0   0.000  0.000      0       nan           nan         nan         nan       nan       nan
        5        179       0   0.000  0.000      0       nan           nan         nan         nan       nan       nan
        5        180       0   0.000  0.000      0       nan           nan         nan         nan       nan       nan
        5        181       0   0.000  0.000      0       nan           nan         nan         nan       nan       nan
        5        182       0   0.000  0.000      0       nan           nan         nan         nan       nan       nan
        5        183       0   0.000  0.000      0       nan           nan         nan         nan       nan       nan
        5        184       0   0.000  0.000      0       nan           nan         nan         nan       nan       nan
        5        185       0   0.000  0.000      0       nan           nan         nan         nan       nan       nan
        5        186       0   0.000  0.000      0       nan           nan         nan         nan       nan       nan
        5        187       0   0.000  0.000      0       nan           nan         nan         nan       nan       nan
        5        188       0   0.000  0.000      0       nan           nan         nan         nan       nan       nan
        5        189       0   0.000  0.000      0       nan           nan         nan         nan       nan       nan
        5        191       0   0.000  0.000      0       nan           nan         nan         nan       nan       nan
        5        192       0   0.000  0.000      0       nan           nan         nan         nan       nan       nan
        5        193       0   0.000  0.000      0       nan           nan         nan         nan       nan       nan
        5        194       0   0.000  0.000      0       nan           nan         nan         nan       nan       nan
        5        195       0   0.000  0.000      0       nan           nan         nan         nan       nan       nan
        5        196       0   0.000  0.000      0       nan           nan         nan         nan       nan       nan
        5        197       0   0.000  0.000      0       nan           nan         nan         nan       nan       nan
        5        199       0   0.000  0.000      0       nan           nan         nan         nan       nan       nan
        5        200       0   0.000  0.000      0       nan           nan         nan         nan       nan       nan
        5        201       0   0.000  0.000      0       nan           nan         nan         nan       nan       nan
        5        202       0   0.000  0.000      0       nan           nan         nan         nan       nan       nan
        6        182       0   0.199  0.515    204     2.594           0.0        90.0        90.0      17.4      45.3
        6        107       0   0.008  0.023    100     2.828           0.0        90.0        90.0      17.4      49.4
        6        142       0   0.007  0.289    224     1.682          23.4        90.0       113.4      17.4      29.3
        6         59       0   0.003  0.058    220     1.091          20.0        90.0        70.0      17.4      19.0
        6         82       0   0.002  0.007    156     3.668           0.0        90.0        90.0      17.4      64.0
        6         73       0   0.000  0.027    172     2.000          30.0        90.0       120.0      17.4      34.9
        6         93       0   0.000  0.041    224     5.187          20.0        90.0       110.0      17.4      90.5
        6        191       0   0.000  0.041     20     6.727          30.0        90.0       120.0      17.4     117.4
        6         88       0   0.000  0.007    164     5.187          10.0        90.0       100.0      17.4      90.5
        6         67       0   0.000  0.008    144     4.000          20.0        90.0       110.0      17.4      69.8
        6        103       0   0.000  0.013    224     5.657          30.0        90.0       120.0      17.4      98.7
        6         66       0   0.000  0.006    224     5.187          32.2        90.0       122.2      17.4      90.5
        6         58       0   0.000  0.003    224     5.187          30.0        90.0       120.0      17.4      90.5
        6         54       0   0.000  0.000      0       nan           nan         nan         nan       nan       nan
        6         55       0   0.000  0.000      0       nan           nan         nan         nan       nan       nan
        6         56       0   0.000  0.000      0       nan           nan         nan         nan       nan       nan
        6         57       0   0.000  0.000      0       nan           nan         nan         nan       nan       nan
        6         60       0   0.000  0.000      0       nan           nan         nan         nan       nan       nan
        6         61       0   0.000  0.000      0       nan           nan         nan         nan       nan       nan
        6         62       0   0.000  0.000      0       nan           nan         nan         nan       nan       nan
        6         63       0   0.000  0.000      0       nan           nan         nan         nan       nan       nan
        6         64       0   0.000  0.000      0       nan           nan         nan         nan       nan       nan
        6         65       0   0.000  0.000      0       nan           nan         nan         nan       nan       nan
        6         68       0   0.000  0.000      0       nan           nan         nan         nan       nan       nan
        6         69       0   0.000  0.000      0       nan           nan         nan         nan       nan       nan
        6         70       0   0.000  0.000      0       nan           nan         nan         nan       nan       nan
        6         71       0   0.000  0.000      0       nan           nan         nan         nan       nan       nan
        6         72       0   0.000  0.000      0       nan           nan         nan         nan       nan       nan
        6         74       0   0.000  0.000      0       nan           nan         nan         nan       nan       nan
        6         75       0   0.000  0.000      0       nan           nan         nan         nan       nan       nan
        6         76       0   0.000  0.000      0       nan           nan         nan         nan       nan       nan
        6         77       0   0.000  0.000      0       nan           nan         nan         nan       nan       nan
        6         78       0   0.000  0.000      0       nan           nan         nan         nan       nan       nan
        6         79       0   0.000  0.000      0       nan           nan         nan         nan       nan       nan
        6         80       0   0.000  0.000      0       nan           nan         nan         nan       nan       nan
        6         81       0   0.000  0.000      0       nan           nan         nan         nan       nan       nan
        6         83       0   0.000  0.000      0       nan           nan         nan         nan       nan       nan
        6         84       0   0.000  0.000      0       nan           nan         nan         nan       nan       nan
        6         85       0   0.000  0.000      0       nan           nan         nan         nan       nan       nan
        6         86       0   0.000  0.000      0       nan           nan         nan         nan       nan       nan
        6         87       0   0.000  0.000      0       nan           nan         nan         nan       nan       nan
        6         89       0   0.000  0.000      0       nan           nan         nan         nan       nan       nan
        6         90       0   0.000  0.000      0       nan           nan         nan         nan       nan       nan
        6         91       0   0.000  0.000      0       nan           nan         nan         nan       nan       nan
        6         92       0   0.000  0.000      0       nan           nan         nan         nan       nan       nan
        6         94       0   0.000  0.000      0       nan           nan         nan         nan       nan       nan
        6         95       0   0.000  0.000      0       nan           nan         nan         nan       nan       nan
        6         96       0   0.000  0.000      0       nan           nan         nan         nan       nan       nan
        6         97       0   0.000  0.000      0       nan           nan         nan         nan       nan       nan
        6         98       0   0.000  0.000      0       nan           nan         nan         nan       nan       nan
        6         99       0   0.000  0.000      0       nan           nan         nan         nan       nan       nan
        6        100       0   0.000  0.000      0       nan           nan         nan         nan       nan       nan
        6        101       0   0.000  0.000      0       nan           nan         nan         nan       nan       nan
        6        102       0   0.000  0.000      0       nan           nan         nan         nan       nan       nan
        6        104       0   0.000  0.000      0       nan           nan         nan         nan       nan       nan
        6        105       0   0.000  0.000      0       nan           nan         nan         nan       nan       nan
        6        106       0   0.000  0.000      0       nan           nan         nan         nan       nan       nan
        6        108       0   0.000  0.000      0       nan           nan         nan         nan       nan       nan
        6        109       0   0.000  0.000      0       nan           nan         nan         nan       nan       nan
        6        110       0   0.000  0.000      0       nan           nan         nan         nan       nan       nan
        6        111       0   0.000  0.000      0       nan           nan         nan         nan       nan       nan
        6        112       0   0.000  0.000      0       nan           nan         nan         nan       nan       nan
        6        113       0   0.000  0.000      0       nan           nan         nan         nan       nan       nan
        6        114       0   0.000  0.000      0       nan           nan         nan         nan       nan       nan
        6        115       0   0.000  0.000      0       nan           nan         nan         nan       nan       nan
        6        116       0   0.000  0.000      0       nan           nan         nan         nan       nan       nan
        6        117       0   0.000  0.000      0       nan           nan         nan         nan       nan       nan
        6        118       0   0.000  0.000      0       nan           nan         nan         nan       nan       nan
        6        119       0   0.000  0.000      0       nan           nan         nan         nan       nan       nan
        6        120       0   0.000  0.000      0       nan           nan         nan         nan       nan       nan
        6        121       0   0.000  0.000      0       nan           nan         nan         nan       nan       nan
        6        122       0   0.000  0.000      0       nan           nan         nan         nan       nan       nan
        6        123       0   0.000  0.000      0       nan           nan         nan         nan       nan       nan
        6        124       0   0.000  0.000      0       nan           nan         nan         nan       nan       nan
        6        125       0   0.000  0.000      0       nan           nan         nan         nan       nan       nan
        6        126       0   0.000  0.000      0       nan           nan         nan         nan       nan       nan
        6        127       0   0.000  0.000      0       nan           nan         nan         nan       nan       nan
        6        128       0   0.000  0.000      0       nan           nan         nan         nan       nan       nan
        6        129       0   0.000  0.000      0       nan           nan         nan         nan       nan       nan
        6        130       0   0.000  0.000      0       nan           nan         nan         nan       nan       nan
        6        131       0   0.000  0.000      0       nan           nan         nan         nan       nan       nan
        6        132       0   0.000  0.000      0       nan           nan         nan         nan       nan       nan
        6        133       0   0.000  0.000      0       nan           nan         nan         nan       nan       nan
        6        134       0   0.000  0.000      0       nan           nan         nan         nan       nan       nan
        6        135       0   0.000  0.000      0       nan           nan         nan         nan       nan       nan
        6        136       0   0.000  0.000      0       nan           nan         nan         nan       nan       nan
        6        137       0   0.000  0.000      0       nan           nan         nan         nan       nan       nan
        6        138       0   0.000  0.000      0       nan           nan         nan         nan       nan       nan
        6        139       0   0.000  0.000      0       nan           nan         nan         nan       nan       nan
        6        140       0   0.000  0.000      0       nan           nan         nan         nan       nan       nan
        6        141       0   0.000  0.000      0       nan           nan         nan         nan       nan       nan
        6        143       0   0.000  0.000      0       nan           nan         nan         nan       nan       nan
        6        144       0   0.000  0.000      0       nan           nan         nan         nan       nan       nan
        6        145       0   0.000  0.000      0       nan           nan         nan         nan       nan       nan
        6        146       0   0.000  0.000      0       nan           nan         nan         nan       nan       nan
        6        147       0   0.000  0.000      0       nan           nan         nan         nan       nan       nan
        6        148       0   0.000  0.000      0       nan           nan         nan         nan       nan       nan
        6        149       0   0.000  0.000      0       nan           nan         nan         nan       nan       nan
        6        150       0   0.000  0.000      0       nan           nan         nan         nan       nan       nan
        6        151       0   0.000  0.000      0       nan           nan         nan         nan       nan       nan
        6        152       0   0.000  0.000      0       nan           nan         nan         nan       nan       nan
        6        153       0   0.000  0.000      0       nan           nan         nan         nan       nan       nan
        6        154       0   0.000  0.000      0       nan           nan         nan         nan       nan       nan
        6        155       0   0.000  0.000      0       nan           nan         nan         nan       nan       nan
        6        156       0   0.000  0.000      0       nan           nan         nan         nan       nan       nan
        6        157       0   0.000  0.000      0       nan           nan         nan         nan       nan       nan
        6        158       0   0.000  0.000      0       nan           nan         nan         nan       nan       nan
        6        159       0   0.000  0.000      0       nan           nan         nan         nan       nan       nan
        6        160       0   0.000  0.000      0       nan           nan         nan         nan       nan       nan
        6        161       0   0.000  0.000      0       nan           nan         nan         nan       nan       nan
        6        162       0   0.000  0.000      0       nan           nan         nan         nan       nan       nan
        6        163       0   0.000  0.000      0       nan           nan         nan         nan       nan       nan
        6        164       0   0.000  0.000      0       nan           nan         nan         nan       nan       nan
        6        165       0   0.000  0.000      0       nan           nan         nan         nan       nan       nan
        6        166       0   0.000  0.000      0       nan           nan         nan         nan       nan       nan
        6        167       0   0.000  0.000      0       nan           nan         nan         nan       nan       nan
        6        168       0   0.000  0.000      0       nan           nan         nan         nan       nan       nan
        6        169       0   0.000  0.000      0       nan           nan         nan         nan       nan       nan
        6        170       0   0.000  0.000      0       nan           nan         nan         nan       nan       nan
        6        171       0   0.000  0.000      0       nan           nan         nan         nan       nan       nan
        6        172       0   0.000  0.000      0       nan           nan         nan         nan       nan       nan
        6        173       0   0.000  0.000      0       nan           nan         nan         nan       nan       nan
        6        174       0   0.000  0.000      0       nan           nan         nan         nan       nan       nan
        6        175       0   0.000  0.000      0       nan           nan         nan         nan       nan       nan
        6        176       0   0.000  0.000      0       nan           nan         nan         nan       nan       nan
        6        177       0   0.000  0.000      0       nan           nan         nan         nan       nan       nan
        6        178       0   0.000  0.000      0       nan           nan         nan         nan       nan       nan
        6        179       0   0.000  0.000      0       nan           nan         nan         nan       nan       nan
        6        180       0   0.000  0.000      0       nan           nan         nan         nan       nan       nan
        6        181       0   0.000  0.000      0       nan           nan         nan         nan       nan       nan
        6        183       0   0.000  0.000      0       nan           nan         nan         nan       nan       nan
        6        184       0   0.000  0.000      0       nan           nan         nan         nan       nan       nan
        6        185       0   0.000  0.000      0       nan           nan         nan         nan       nan       nan
        6        186       0   0.000  0.000      0       nan           nan         nan         nan       nan       nan
        6        187       0   0.000  0.000      0       nan           nan         nan         nan       nan       nan
        6        188       0   0.000  0.000      0       nan           nan         nan         nan       nan       nan
        6        189       0   0.000  0.000      0       nan           nan         nan         nan       nan       nan
        6        190       0   0.000  0.000      0       nan           nan         nan         nan       nan       nan
        6        192       0   0.000  0.000      0       nan           nan         nan         nan       nan       nan
        6        193       0   0.000  0.000      0       nan           nan         nan         nan       nan       nan
        6        194       0   0.000  0.000      0       nan           nan         nan         nan       nan       nan
        6        195       0   0.000  0.000      0       nan           nan         nan         nan       nan       nan
        6        196       0   0.000  0.000      0       nan           nan         nan         nan       nan       nan
        6        197       0   0.000  0.000      0       nan           nan         nan         nan       nan       nan
        6        198       0   0.000  0.000      0       nan           nan         nan         nan       nan       nan
        6        199       0   0.000  0.000      0       nan           nan         nan         nan       nan       nan
        6        200       0   0.000  0.000      0       nan           nan         nan         nan       nan       nan
        6        201       0   0.000  0.000      0       nan           nan         nan         nan       nan       nan
        6        202       0   0.000  0.000      0       nan           nan         nan         nan       nan       nan
        7         54       0   0.000  0.000      0       nan           nan         nan         nan       nan       nan
        7         55       0   0.000  0.000      0       nan           nan         nan         nan       nan       nan
        7         56       0   0.000  0.000      0       nan           nan         nan         nan       nan       nan
        7         57       0   0.000  0.000      0       nan           nan         nan         nan       nan       nan
        7         58       0   0.000  0.000      0       nan           nan         nan         nan       nan       nan
        7         59       0   0.000  0.000      0       nan           nan         nan         nan       nan       nan
        7         60       0   0.000  0.000      0       nan           nan         nan         nan       nan       nan
        7         61       0   0.000  0.000      0       nan           nan         nan         nan       nan       nan
        7         62       0   0.000  0.000      0       nan           nan         nan         nan       nan       nan
        7         63       0   0.000  0.000      0       nan           nan         nan         nan       nan       nan
        7         64       0   0.000  0.000      0       nan           nan         nan         nan       nan       nan
        7         65       0   0.000  0.000      0       nan           nan         nan         nan       nan       nan
        7         66       0   0.000  0.000      0       nan           nan         nan         nan       nan       nan
        7         67       0   0.000  0.000      0       nan           nan         nan         nan       nan       nan
        7         68       0   0.000  0.000      0       nan           nan         nan         nan       nan       nan
        7         69       0   0.000  0.000      0       nan           nan         nan         nan       nan       nan
        7         70       0   0.000  0.000      0       nan           nan         nan         nan       nan       nan
        7         71       0   0.000  0.000      0       nan           nan         nan         nan       nan       nan
        7         72       0   0.000  0.000      0       nan           nan         nan         nan       nan       nan
        7         73       0   0.000  0.000      0       nan           nan         nan         nan       nan       nan
        7         74       0   0.000  0.000      0       nan           nan         nan         nan       nan       nan
        7         75       0   0.000  0.000      0       nan           nan         nan         nan       nan       nan
        7         76       0   0.000  0.000      0       nan           nan         nan         nan       nan       nan
        7         77       0   0.000  0.000      0       nan           nan         nan         nan       nan       nan
        7         78       0   0.000  0.000      0       nan           nan         nan         nan       nan       nan
        7         79       0   0.000  0.000      0       nan           nan         nan         nan       nan       nan
        7         80       0   0.000  0.000      0       nan           nan         nan         nan       nan       nan
        7         81       0   0.000  0.000      0       nan           nan         nan         nan       nan       nan
        7         82       0   0.000  0.000      0       nan           nan         nan         nan       nan       nan
        7         83       0   0.000  0.000      0       nan           nan         nan         nan       nan       nan
        7         84       0   0.000  0.000      0       nan           nan         nan         nan       nan       nan
        7         85       0   0.000  0.000      0       nan           nan         nan         nan       nan       nan
        7         86       0   0.000  0.000      0       nan           nan         nan         nan       nan       nan
        7         87       0   0.000  0.000      0       nan           nan         nan         nan       nan       nan
        7         88       0   0.000  0.000      0       nan           nan         nan         nan       nan       nan
        7         89       0   0.000  0.000      0       nan           nan         nan         nan       nan       nan
        7         90       0   0.000  0.000      0       nan           nan         nan         nan       nan       nan
        7         91       0   0.000  0.000      0       nan           nan         nan         nan       nan       nan
        7         92       0   0.000  0.000      0       nan           nan         nan         nan       nan       nan
        7         93       0   0.000  0.000      0       nan           nan         nan         nan       nan       nan
        7         94       0   0.000  0.000      0       nan           nan         nan         nan       nan       nan
        7         95       0   0.000  0.000      0       nan           nan         nan         nan       nan       nan
        7         96       0   0.000  0.000      0       nan           nan         nan         nan       nan       nan
        7         97       0   0.000  0.000      0       nan           nan         nan         nan       nan       nan
        7         98       0   0.000  0.000      0       nan           nan         nan         nan       nan       nan
        7         99       0   0.000  0.000      0       nan           nan         nan         nan       nan       nan
        7        100       0   0.000  0.000      0       nan           nan         nan         nan       nan       nan
        7        101       0   0.000  0.000      0       nan           nan         nan         nan       nan       nan
        7        102       0   0.000  0.000      0       nan           nan         nan         nan       nan       nan
        7        103       0   0.000  0.000      0       nan           nan         nan         nan       nan       nan
        7        104       0   0.000  0.000      0       nan           nan         nan         nan       nan       nan
        7        105       0   0.000  0.000      0       nan           nan         nan         nan       nan       nan
        7        106       0   0.000  0.000      0       nan           nan         nan         nan       nan       nan
        7        107       0   0.000  0.000      0       nan           nan         nan         nan       nan       nan
        7        108       0   0.000  0.000      0       nan           nan         nan         nan       nan       nan
        7        109       0   0.000  0.000      0       nan           nan         nan         nan       nan       nan
        7        110       0   0.000  0.000      0       nan           nan         nan         nan       nan       nan
        7        111       0   0.000  0.000      0       nan           nan         nan         nan       nan       nan
        7        112       0   0.000  0.000      0       nan           nan         nan         nan       nan       nan
        7        113       0   0.000  0.000      0       nan           nan         nan         nan       nan       nan
        7        114       0   0.000  0.000      0       nan           nan         nan         nan       nan       nan
        7        115       0   0.000  0.000      0       nan           nan         nan         nan       nan       nan
        7        116       0   0.000  0.000      0       nan           nan         nan         nan       nan       nan
        7        117       0   0.000  0.000      0       nan           nan         nan         nan       nan       nan
        7        118       0   0.000  0.000      0       nan           nan         nan         nan       nan       nan
        7        119       0   0.000  0.000      0       nan           nan         nan         nan       nan       nan
        7        120       0   0.000  0.000      0       nan           nan         nan         nan       nan       nan
        7        121       0   0.000  0.000      0       nan           nan         nan         nan       nan       nan
        7        122       0   0.000  0.000      0       nan           nan         nan         nan       nan       nan
        7        123       0   0.000  0.000      0       nan           nan         nan         nan       nan       nan
        7        124       0   0.000  0.000      0       nan           nan         nan         nan       nan       nan
        7        125       0   0.000  0.000      0       nan           nan         nan         nan       nan       nan
        7        126       0   0.000  0.000      0       nan           nan         nan         nan       nan       nan
        7        127       0   0.000  0.000      0       nan           nan         nan         nan       nan       nan
        7        128       0   0.000  0.000      0       nan           nan         nan         nan       nan       nan
        7        129       0   0.000  0.000      0       nan           nan         nan         nan       nan       nan
        7        130       0   0.000  0.000      0       nan           nan         nan         nan       nan       nan
        7        131       0   0.000  0.000      0       nan           nan         nan         nan       nan       nan
        7        132       0   0.000  0.000      0       nan           nan         nan         nan       nan       nan
        7        133       0   0.000  0.000      0       nan           nan         nan         nan       nan       nan
        7        134       0   0.000  0.000      0       nan           nan         nan         nan       nan       nan
        7        135       0   0.000  0.000      0       nan           nan         nan         nan       nan       nan
        7        136       0   0.000  0.000      0       nan           nan         nan         nan       nan       nan
        7        137       0   0.000  0.000      0       nan           nan         nan         nan       nan       nan
        7        138       0   0.000  0.000      0       nan           nan         nan         nan       nan       nan
        7        139       0   0.000  0.000      0       nan           nan         nan         nan       nan       nan
        7        140       0   0.000  0.000      0       nan           nan         nan         nan       nan       nan
        7        141       0   0.000  0.000      0       nan           nan         nan         nan       nan       nan
        7        142       0   0.000  0.000      0       nan           nan         nan         nan       nan       nan
        7        143       0   0.000  0.000      0       nan           nan         nan         nan       nan       nan
        7        144       0   0.000  0.000      0       nan           nan         nan         nan       nan       nan
        7        145       0   0.000  0.000      0       nan           nan         nan         nan       nan       nan
        7        146       0   0.000  0.000      0       nan           nan         nan         nan       nan       nan
        7        147       0   0.000  0.000      0       nan           nan         nan         nan       nan       nan
        7        148       0   0.000  0.000      0       nan           nan         nan         nan       nan       nan
        7        149       0   0.000  0.000      0       nan           nan         nan         nan       nan       nan
        7        150       0   0.000  0.000      0       nan           nan         nan         nan       nan       nan
        7        151       0   0.000  0.000      0       nan           nan         nan         nan       nan       nan
        7        152       0   0.000  0.000      0       nan           nan         nan         nan       nan       nan
        7        153       0   0.000  0.000      0       nan           nan         nan         nan       nan       nan
        7        154       0   0.000  0.000      0       nan           nan         nan         nan       nan       nan
        7        155       0   0.000  0.000      0       nan           nan         nan         nan       nan       nan
        7        156       0   0.000  0.000      0       nan           nan         nan         nan       nan       nan
        7        157       0   0.000  0.000      0       nan           nan         nan         nan       nan       nan
        7        158       0   0.000  0.000      0       nan           nan         nan         nan       nan       nan
        7        159       0   0.000  0.000      0       nan           nan         nan         nan       nan       nan
        7        160       0   0.000  0.000      0       nan           nan         nan         nan       nan       nan
        7        161       0   0.000  0.000      0       nan           nan         nan         nan       nan       nan
        7        162       0   0.000  0.000      0       nan           nan         nan         nan       nan       nan
        7        163       0   0.000  0.000      0       nan           nan         nan         nan       nan       nan
        7        164       0   0.000  0.000      0       nan           nan         nan         nan       nan       nan
        7        165       0   0.000  0.000      0       nan           nan         nan         nan       nan       nan
        7        166       0   0.000  0.000      0       nan           nan         nan         nan       nan       nan
        7        167       0   0.000  0.000      0       nan           nan         nan         nan       nan       nan
        7        168       0   0.000  0.000      0       nan           nan         nan         nan       nan       nan
        7        169       0   0.000  0.000      0       nan           nan         nan         nan       nan       nan
        7        170       0   0.000  0.000      0       nan           nan         nan         nan       nan       nan
        7        171       0   0.000  0.000      0       nan           nan         nan         nan       nan       nan
        7        172       0   0.000  0.000      0       nan           nan         nan         nan       nan       nan
        7        173       0   0.000  0.000      0       nan           nan         nan         nan       nan       nan
        7        174       0   0.000  0.000      0       nan           nan         nan         nan       nan       nan
        7        175       0   0.000  0.000      0       nan           nan         nan         nan       nan       nan
        7        176       0   0.000  0.000      0       nan           nan         nan         nan       nan       nan
        7        177       0   0.000  0.000      0       nan           nan         nan         nan       nan       nan
        7        178       0   0.000  0.000      0       nan           nan         nan         nan       nan       nan
        7        179       0   0.000  0.000      0       nan           nan         nan         nan       nan       nan
        7        180       0   0.000  0.000      0       nan           nan         nan         nan       nan       nan
        7        181       0   0.000  0.000      0       nan           nan         nan         nan       nan       nan
        7        182       0   0.000  0.000      0       nan           nan         nan         nan       nan       nan
        7        183       0   0.000  0.000      0       nan           nan         nan         nan       nan       nan
        7        184       0   0.000  0.000      0       nan           nan         nan         nan       nan       nan
        7        185       0   0.000  0.000      0       nan           nan         nan         nan       nan       nan
        7        186       0   0.000  0.000      0       nan           nan         nan         nan       nan       nan
        7        187       0   0.000  0.000      0       nan           nan         nan         nan       nan       nan
        7        188       0   0.000  0.000      0       nan           nan         nan         nan       nan       nan
        7        189       0   0.000  0.000      0       nan           nan         nan         nan       nan       nan
        7        190       0   0.000  0.000      0       nan           nan         nan         nan       nan       nan
        7        191       0   0.000  0.000      0       nan           nan         nan         nan       nan       nan
        7        192       0   0.000  0.000      0       nan           nan         nan         nan       nan       nan
        7        193       0   0.000  0.000      0       nan           nan         nan         nan       nan       nan
        7        194       0   0.000  0.000      0       nan           nan         nan         nan       nan       nan
        7        195       0   0.000  0.000      0       nan           nan         nan         nan       nan       nan
        7        196       0   0.000  0.000      0       nan           nan         nan         nan       nan       nan
        7        197       0   0.000  0.000      0       nan           nan         nan         nan       nan       nan
        7        198       0   0.000  0.000      0       nan           nan         nan         nan       nan       nan
        7        199       0   0.000  0.000      0       nan           nan         nan         nan       nan       nan
        7        200       0   0.000  0.000      0       nan           nan         nan         nan       nan       nan
        7        201       0   0.000  0.000      0       nan           nan         nan         nan       nan       nan
        7        202       0   0.000  0.000      0       nan           nan         nan         nan       nan       nan
        8         54       0   0.144  0.565  21124     2.181           0.8        96.7        95.9      64.0      29.3
        8         58       1   0.075  0.346  24600     1.091           3.2        95.8        92.6      64.0      69.8
        8         82       0   0.024  0.066   2924     1.297           1.1        90.0        91.1      83.0      64.0
        8         65       0   0.020  0.404  10160     1.091          17.2        94.6        77.4      64.0      58.7
        8         90       0   0.020  0.088   2284     2.378           0.9       102.7       101.8      64.0      26.9
        8         68       0   0.015  0.353   8908     1.682          13.0        95.7        82.7      64.0      38.1
        8        110       0   0.014  0.082   2084     1.834           2.1       102.1       100.0      64.0      34.9
        8         74       0   0.010  0.029    712     2.828           0.0       110.0       110.0      58.7      20.7
        8         88       1   0.010  0.090   4008     1.091           7.1        92.9       100.0      83.0      90.5
        8         55       0   0.010  0.407  14060     2.181          17.7        98.2       115.9      64.0      29.3
        8         78       0   0.010  0.233   6620     1.682          13.0        93.0        80.0      83.0      49.4
        8        127       0   0.008  0.038   1084     1.189           2.9       100.5       103.5      64.0      76.1
        8         95       0   0.008  0.099   3112     1.414           8.2       101.8       110.0      58.7      41.5
        8         56       0   0.007  0.273   7068     3.364          10.1        99.0        88.9      64.0      19.0
        8         57       0   0.007  0.139   4148     2.594           6.6       106.7       100.2      58.7      22.6
        8        126       0   0.004  0.059   1676     1.297          10.0        90.0        80.0      83.0      64.0
        8         99       0   0.004  0.014    336     3.668           0.0       110.0       110.0      58.7      16.0
        8        129       0   0.003  0.047   1412     1.091          11.7        98.3       110.0      83.0      90.5
        8         71       0   0.003  0.011    272     3.668           0.0       110.0       110.0      58.7      16.0
        8         66       0   0.003  0.100   5592     1.000          34.1       105.9       140.0      58.7      58.7
        8         98       0   0.003  0.120   4196     1.834          22.1       102.1        80.0      58.7     107.6
        8        148       0   0.003  0.044   1136     1.414          10.0        90.0       100.0      83.0      58.7
        8        109       0   0.003  0.113   2788     1.682          23.9        93.6        69.8      64.0      38.1
        8        155       0   0.003  0.229   5796     2.000          44.2       105.8       150.0      58.7     117.4
        8        168       0   0.002  0.080   2212     1.091          30.4       109.6       140.0      58.7      53.8
        8        106       0   0.002  0.037   1252     1.414          10.3       109.7       120.0      58.7      41.5
        8        173       0   0.002  0.099   2432     1.542          30.2       100.2        70.0      58.7      90.5
        8        113       0   0.002  0.107   2836     2.378          22.7        90.0       112.7      83.0      34.9
        8         62       0   0.002  0.081   2532     1.189          35.2        90.2       125.4      45.3      53.8
        8        149       0   0.002  0.092   2688     1.091          45.7       107.7       153.3      58.7      53.8
        8        181       0   0.002  0.042   1024     3.084           6.7       100.1        93.4      58.7      19.0
        8        159       0   0.002  0.002     60     1.297           0.0        90.0        90.0      83.0     107.6
        8         69       0   0.002  0.006    156     3.668           0.0       110.0       110.0      58.7      16.0
        8         70       0   0.002  0.101   2568     2.828          20.6       106.7       127.2      58.7      20.7
        8         77       0   0.002  0.051   1272     2.181          13.2       103.2        90.0      58.7      26.9
        8         63       0   0.002  0.052   1760     3.084          10.0        90.0       100.0      83.0      26.9
        8        170       0   0.002  0.040    976     1.414          17.3        97.3        80.0      58.7      41.5
        8         89       0   0.002  0.090   2204     2.181          26.2        96.2        70.0      58.7      26.9
        8        118       0   0.002  0.055   1416     1.834          19.1        90.9       110.0      64.0      34.9
        8        103       0   0.001  0.040   1612     1.189          21.5        98.5       120.0      83.0      98.7
        8         75       0   0.001  0.074   1832     2.481          20.0        90.0       110.0      64.0      25.8
        8        189       0   0.001  0.030    744     2.000          10.3       100.3        90.0      58.7      29.3
        8        112       0   0.001  0.016    420     1.091          10.0        90.0       100.0      45.3      49.4
        8         80       0   0.001  0.072   1768     2.828          19.1        99.0        79.9      83.0      29.3
        8         64       0   0.001  0.083   2216     3.084          20.8        90.0       110.8      83.0      26.9
        8        137       0   0.001  0.044   1084     1.834          20.0       110.0       130.0      58.7      32.0
        8        111       0   0.001  0.075   1888     3.084          21.2        90.0        68.8      83.0      26.9
        8        167       0   0.001  0.068   1664     1.834          36.3        96.3        60.0      58.7      32.0
        8         94       0   0.001  0.054   1584     1.682          40.9        90.0       130.9      45.3      76.1
        8         79       0   0.001  0.060   1488     3.668          21.2       110.0        88.7      58.7      16.0
        8        133       0   0.001  0.022    540     3.668           7.6        90.0        82.4      64.0      17.4
        8        128       0   0.001  0.063   1544     3.364          29.1        99.1        70.0      83.0      24.7
        8        152       0   0.001  0.046   1272     1.414          55.3       104.7       160.0      64.0      45.3
        8        100       0   0.001  0.014    428     1.542          15.7       103.8        88.2      64.0      41.5
        8        130       0   0.001  0.012    304     2.000          10.0        90.0       100.0      45.3      22.6
        8        136       0   0.000  0.038    940     3.084          24.2        97.0        72.9      58.7      19.0
        8        105       0   0.000  0.052   1288     2.594          40.1       110.0        69.9      58.7      22.6
        8        158       0   0.000  0.010    268     1.297          16.0       106.0        90.0      58.7      45.3
        8        174       0   0.000  0.046   1124     3.668          32.5        90.0       122.5      69.8      19.0
        8         96       0   0.000  0.039    968     3.364          30.9       110.0        79.1      58.7      17.4
        8        156       0   0.000  0.001     32     3.668           0.0       110.0       110.0      58.7      16.0
        8        165       0   0.000  0.010    248     3.509           7.8       110.0       102.2      58.7      16.7
        8        171       0   0.000  0.011    272     2.378          13.2       103.2        90.0      64.0      26.9
        8        192       0   0.000  0.006    156     1.834          10.0       100.0        90.0      58.7     107.6
        8        140       0   0.000  0.027    672     2.828          39.4       109.4        70.0      58.7      20.7
        8        184       0   0.000  0.013    312     2.594          20.0        90.0       110.0      45.3      17.4
        8        188       0   0.000  0.020    504     2.828          30.0       110.0        80.0      58.7      20.7
        8        200       0   0.000  0.015    380     3.364          20.0        90.0       110.0      64.0      19.0
        8        166       0   0.000  0.017    412     3.668          20.0        90.0        70.0      69.8      19.0
        8        145       0   0.000  0.020    484     3.364          26.5       106.5        80.0      58.7      17.4
        8        193       0   0.000  0.010    248     4.362          10.0        90.0        80.0      69.8      16.0
        8        132       0   0.000  0.004    128     1.682          10.0       110.0       100.0      58.7      98.7
        8        183       0   0.000  0.007    164     3.084          10.0        90.0        80.0      83.0      26.9
        8        194       0   0.000  0.017    412     4.362          32.5        92.5        60.0      83.0      19.0
        8        122       0   0.000  0.009    236     3.668          22.2       110.0       132.2      58.7      16.0
        8         67       0   0.000  0.004    160     1.682          20.0        90.0       110.0      83.0      49.4
        8        162       0   0.000  0.005    120     2.378          20.0       100.0       120.0      64.0      26.9
        8        153       0   0.000  0.008    196     2.594          31.6       100.0       131.6      64.0      24.7
        8        178       0   0.000  0.004    108     1.414          30.0       100.0        70.0      64.0      90.5
        8        150       0   0.000  0.009    228     2.828          40.0        90.0       130.0      45.3      16.0
        8         92       0   0.000  0.003     92     1.682          30.0        90.0       120.0      83.0      49.4
        8        164       0   0.000  0.002     60     2.000          20.0       110.0       130.0      58.7      29.3
        8        141       0   0.000  0.003     80     1.414          50.0        90.0       140.0      45.3      32.0
        8        185       0   0.000  0.002     60     3.084          20.0       110.0       130.0      58.7      19.0
        8         83       0   0.000  0.002     68     1.682          40.0        90.0       130.0      83.0      49.4
        8        138       0   0.000  0.001     16     1.189          30.0       110.0        80.0      58.7      49.4
        8        179       0   0.000  0.000      4     2.594          10.0        90.0        80.0      45.3      17.4
        8         59       0   0.000  0.000      0       nan           nan         nan         nan       nan       nan
        8         60       0   0.000  0.000      0       nan           nan         nan         nan       nan       nan
        8         61       0   0.000  0.000      0       nan           nan         nan         nan       nan       nan
        8         72       0   0.000  0.000      0       nan           nan         nan         nan       nan       nan
        8         73       0   0.000  0.000      0       nan           nan         nan         nan       nan       nan
        8         76       0   0.000  0.000      0       nan           nan         nan         nan       nan       nan
        8         81       0   0.000  0.000      0       nan           nan         nan         nan       nan       nan
        8         84       0   0.000  0.000      0       nan           nan         nan         nan       nan       nan
        8         85       0   0.000  0.000      0       nan           nan         nan         nan       nan       nan
        8         86       0   0.000  0.000      0       nan           nan         nan         nan       nan       nan
        8         87       0   0.000  0.000      0       nan           nan         nan         nan       nan       nan
        8         91       0   0.000  0.000      0       nan           nan         nan         nan       nan       nan
        8         93       0   0.000  0.000      0       nan           nan         nan         nan       nan       nan
        8         97       0   0.000  0.000      0       nan           nan         nan         nan       nan       nan
        8        101       0   0.000  0.000      0       nan           nan         nan         nan       nan       nan
        8        102       0   0.000  0.000      0       nan           nan         nan         nan       nan       nan
        8        104       0   0.000  0.000      0       nan           nan         nan         nan       nan       nan
        8        107       0   0.000  0.000      0       nan           nan         nan         nan       nan       nan
        8        108       0   0.000  0.000      0       nan           nan         nan         nan       nan       nan
        8        114       0   0.000  0.000      0       nan           nan         nan         nan       nan       nan
        8        115       0   0.000  0.000      0       nan           nan         nan         nan       nan       nan
        8        116       0   0.000  0.000      0       nan           nan         nan         nan       nan       nan
        8        117       0   0.000  0.000      0       nan           nan         nan         nan       nan       nan
        8        119       0   0.000  0.000      0       nan           nan         nan         nan       nan       nan
        8        120       0   0.000  0.000      0       nan           nan         nan         nan       nan       nan
        8        121       0   0.000  0.000      0       nan           nan         nan         nan       nan       nan
        8        123       0   0.000  0.000      0       nan           nan         nan         nan       nan       nan
        8        124       0   0.000  0.000      0       nan           nan         nan         nan       nan       nan
        8        125       0   0.000  0.000      0       nan           nan         nan         nan       nan       nan
        8        131       0   0.000  0.000      0       nan           nan         nan         nan       nan       nan
        8        134       0   0.000  0.000      0       nan           nan         nan         nan       nan       nan
        8        135       0   0.000  0.000      0       nan           nan         nan         nan       nan       nan
        8        139       0   0.000  0.000      0       nan           nan         nan         nan       nan       nan
        8        142       0   0.000  0.000      0       nan           nan         nan         nan       nan       nan
        8        143       0   0.000  0.000      0       nan           nan         nan         nan       nan       nan
        8        144       0   0.000  0.000      0       nan           nan         nan         nan       nan       nan
        8        146       0   0.000  0.000      0       nan           nan         nan         nan       nan       nan
        8        147       0   0.000  0.000      0       nan           nan         nan         nan       nan       nan
        8        151       0   0.000  0.000      0       nan           nan         nan         nan       nan       nan
        8        154       0   0.000  0.000      0       nan           nan         nan         nan       nan       nan
        8        157       0   0.000  0.000      0       nan           nan         nan         nan       nan       nan
        8        160       0   0.000  0.000      0       nan           nan         nan         nan       nan       nan
        8        161       0   0.000  0.000      0       nan           nan         nan         nan       nan       nan
        8        163       0   0.000  0.000      0       nan           nan         nan         nan       nan       nan
        8        169       0   0.000  0.000      0       nan           nan         nan         nan       nan       nan
        8        172       0   0.000  0.000      0       nan           nan         nan         nan       nan       nan
        8        175       0   0.000  0.000      0       nan           nan         nan         nan       nan       nan
        8        176       0   0.000  0.000      0       nan           nan         nan         nan       nan       nan
        8        177       0   0.000  0.000      0       nan           nan         nan         nan       nan       nan
        8        180       0   0.000  0.000      0       nan           nan         nan         nan       nan       nan
        8        182       0   0.000  0.000      0       nan           nan         nan         nan       nan       nan
        8        186       0   0.000  0.000      0       nan           nan         nan         nan       nan       nan
        8        187       0   0.000  0.000      0       nan           nan         nan         nan       nan       nan
        8        190       0   0.000  0.000      0       nan           nan         nan         nan       nan       nan
        8        191       0   0.000  0.000      0       nan           nan         nan         nan       nan       nan
        8        195       0   0.000  0.000      0       nan           nan         nan         nan       nan       nan
        8        196       0   0.000  0.000      0       nan           nan         nan         nan       nan       nan
        8        197       0   0.000  0.000      0       nan           nan         nan         nan       nan       nan
        8        198       0   0.000  0.000      0       nan           nan         nan         nan       nan       nan
        8        199       0   0.000  0.000      0       nan           nan         nan         nan       nan       nan
        8        201       0   0.000  0.000      0       nan           nan         nan         nan       nan       nan
        8        202       0   0.000  0.000      0       nan           nan         nan         nan       nan       nan
        9        134       1   0.144  0.213    836     1.189           0.2       104.0       104.3      22.6      19.0
        9         63       1   0.097  0.306   3412     1.000           2.2       100.5        98.4      24.7      24.7
        9        119       0   0.051  0.217    868     1.297           2.3        97.7       100.0      26.9      34.9
        9        147       1   0.028  0.109    472     1.091           2.6       107.4       110.0      24.7      26.9
        9        132       0   0.024  0.255   2704     4.000           1.6       101.6       100.0      24.7      98.7
        9         88       0   0.020  0.153   3648     3.668           1.0       101.0       100.0      24.7      90.5
        9        107       0   0.014  0.296   1820     2.181           8.6        98.6        90.0      24.7      53.8
        9        108       1   0.009  0.164    668     1.189          14.4        94.4        80.0      24.7      20.7
        9         95       0   0.009  0.144   1700     1.682           8.6       101.4       110.0      24.7      41.5
        9         86       0   0.007  0.223    864     1.000          31.6        98.4       130.0      24.7      24.7
        9         82       0   0.006  0.118   2796     2.594           6.4        98.8        92.5      24.7      64.0
        9         83       0   0.006  0.250   1552     1.297          30.7        98.1       128.7      24.7      32.0
        9         97       1   0.005  0.093    404     1.189          13.5        96.5       110.0      29.3      24.7
        9         73       0   0.005  0.044    416     1.091           7.1       110.0       117.1      20.7      22.6
        9         92       0   0.005  0.224   1560     2.000          23.0        97.0       120.0      24.7      49.4
        9         67       0   0.005  0.121   2400     2.378          10.1       101.8       111.9      22.6      53.8
        9        123       1   0.005  0.050    244     1.000          10.0       110.0       120.0      20.7      20.7
        9         64       1   0.004  0.063    472     1.091          14.1        95.9       110.0      29.3      26.9
        9        154       0   0.003  0.072    316     1.189          16.8        96.8        80.0      24.7      29.3
        9        156       0   0.003  0.057    264     1.542          11.5        99.3       110.7      29.3      19.0
        9        114       0   0.003  0.068    432     1.297          17.8        92.1       109.9      24.7      32.0
        9        187       0   0.003  0.251   1272     2.828          33.1        96.9       130.0      24.7      69.8
        9         55       0   0.002  0.061   1584     1.189          20.8        96.9       117.7      24.7      29.3
        9        186       0   0.002  0.003     16     1.542           0.0       110.0       110.0      20.7      32.0
        9         58       0   0.002  0.052   3672     3.084           7.3       101.1       108.4      24.7      76.1
        9        103       0   0.002  0.210   3672     4.000          27.6       101.1       128.7      24.7      98.7
        9         54       0   0.002  0.043   1560     1.091          22.1        97.9       120.0      24.7      26.9
        9         66       0   0.001  0.095   3492     2.594          28.7       101.2       129.9      24.7      64.0
        9         60       0   0.001  0.013    176     1.091          10.4       109.6       120.0      22.6      24.7
        9         59       0   0.001  0.029    212     1.414          21.4        91.4        70.0      26.9      19.0
        9        106       0   0.001  0.019    264     1.682          11.5       108.5       120.0      24.7      41.5
        9        129       0   0.001  0.032    332     3.084          11.7        98.3       110.0      29.3      90.5
        9        124       0   0.000  0.011     68     1.189          20.0        90.0        70.0      24.7      20.7
        9         93       0   0.000  0.006     52     3.084          20.0        90.0       110.0      26.9      83.0
        9        121       0   0.000  0.001      4     1.414          10.0       110.0       100.0      20.7      29.3
        9         56       0   0.000  0.000      0       nan           nan         nan         nan       nan       nan
        9         57       0   0.000  0.000      0       nan           nan         nan         nan       nan       nan
        9         61       0   0.000  0.000      0       nan           nan         nan         nan       nan       nan
        9         62       0   0.000  0.000      0       nan           nan         nan         nan       nan       nan
        9         65       0   0.000  0.000      0       nan           nan         nan         nan       nan       nan
        9         68       0   0.000  0.000      0       nan           nan         nan         nan       nan       nan
        9         69       0   0.000  0.000      0       nan           nan         nan         nan       nan       nan
        9         70       0   0.000  0.000      0       nan           nan         nan         nan       nan       nan
        9         71       0   0.000  0.000      0       nan           nan         nan         nan       nan       nan
        9         72       0   0.000  0.000      0       nan           nan         nan         nan       nan       nan
        9         74       0   0.000  0.000      0       nan           nan         nan         nan       nan       nan
        9         75       0   0.000  0.000      0       nan           nan         nan         nan       nan       nan
        9         76       0   0.000  0.000      0       nan           nan         nan         nan       nan       nan
        9         77       0   0.000  0.000      0       nan           nan         nan         nan       nan       nan
        9         78       0   0.000  0.000      0       nan           nan         nan         nan       nan       nan
        9         79       0   0.000  0.000      0       nan           nan         nan         nan       nan       nan
        9         80       0   0.000  0.000      0       nan           nan         nan         nan       nan       nan
        9         81       0   0.000  0.000      0       nan           nan         nan         nan       nan       nan
        9         84       0   0.000  0.000      0       nan           nan         nan         nan       nan       nan
        9         85       0   0.000  0.000      0       nan           nan         nan         nan       nan       nan
        9         87       0   0.000  0.000      0       nan           nan         nan         nan       nan       nan
        9         89       0   0.000  0.000      0       nan           nan         nan         nan       nan       nan
        9         90       0   0.000  0.000      0       nan           nan         nan         nan       nan       nan
        9         91       0   0.000  0.000      0       nan           nan         nan         nan       nan       nan
        9         94       0   0.000  0.000      0       nan           nan         nan         nan       nan       nan
        9         96       0   0.000  0.000      0       nan           nan         nan         nan       nan       nan
        9         98       0   0.000  0.000      0       nan           nan         nan         nan       nan       nan
        9         99       0   0.000  0.000      0       nan           nan         nan         nan       nan       nan
        9        100       0   0.000  0.000      0       nan           nan         nan         nan       nan       nan
        9        101       0   0.000  0.000      0       nan           nan         nan         nan       nan       nan
        9        102       0   0.000  0.000      0       nan           nan         nan         nan       nan       nan
        9        104       0   0.000  0.000      0       nan           nan         nan         nan       nan       nan
        9        105       0   0.000  0.000      0       nan           nan         nan         nan       nan       nan
        9        109       0   0.000  0.000      0       nan           nan         nan         nan       nan       nan
        9        110       0   0.000  0.000      0       nan           nan         nan         nan       nan       nan
        9        111       0   0.000  0.000      0       nan           nan         nan         nan       nan       nan
        9        112       0   0.000  0.000      0       nan           nan         nan         nan       nan       nan
        9        113       0   0.000  0.000      0       nan           nan         nan         nan       nan       nan
        9        115       0   0.000  0.000      0       nan           nan         nan         nan       nan       nan
        9        116       0   0.000  0.000      0       nan           nan         nan         nan       nan       nan
        9        117       0   0.000  0.000      0       nan           nan         nan         nan       nan       nan
        9        118       0   0.000  0.000      0       nan           nan         nan         nan       nan       nan
        9        120       0   0.000  0.000      0       nan           nan         nan         nan       nan       nan
        9        122       0   0.000  0.000      0       nan           nan         nan         nan       nan       nan
        9        125       0   0.000  0.000      0       nan           nan         nan         nan       nan       nan
        9        126       0   0.000  0.000      0       nan           nan         nan         nan       nan       nan
        9        127       0   0.000  0.000      0       nan           nan         nan         nan       nan       nan
        9        128       0   0.000  0.000      0       nan           nan         nan         nan       nan       nan
        9        130       0   0.000  0.000      0       nan           nan         nan         nan       nan       nan
        9        131       0   0.000  0.000      0       nan           nan         nan         nan       nan       nan
        9        133       0   0.000  0.000      0       nan           nan         nan         nan       nan       nan
        9        135       0   0.000  0.000      0       nan           nan         nan         nan       nan       nan
        9        136       0   0.000  0.000      0       nan           nan         nan         nan       nan       nan
        9        137       0   0.000  0.000      0       nan           nan         nan         nan       nan       nan
        9        138       0   0.000  0.000      0       nan           nan         nan         nan       nan       nan
        9        139       0   0.000  0.000      0       nan           nan         nan         nan       nan       nan
        9        140       0   0.000  0.000      0       nan           nan         nan         nan       nan       nan
        9        141       0   0.000  0.000      0       nan           nan         nan         nan       nan       nan
        9        142       0   0.000  0.000      0       nan           nan         nan         nan       nan       nan
        9        143       0   0.000  0.000      0       nan           nan         nan         nan       nan       nan
        9        144       0   0.000  0.000      0       nan           nan         nan         nan       nan       nan
        9        145       0   0.000  0.000      0       nan           nan         nan         nan       nan       nan
        9        146       0   0.000  0.000      0       nan           nan         nan         nan       nan       nan
        9        148       0   0.000  0.000      0       nan           nan         nan         nan       nan       nan
        9        149       0   0.000  0.000      0       nan           nan         nan         nan       nan       nan
        9        150       0   0.000  0.000      0       nan           nan         nan         nan       nan       nan
        9        151       0   0.000  0.000      0       nan           nan         nan         nan       nan       nan
        9        152       0   0.000  0.000      0       nan           nan         nan         nan       nan       nan
        9        153       0   0.000  0.000      0       nan           nan         nan         nan       nan       nan
        9        155       0   0.000  0.000      0       nan           nan         nan         nan       nan       nan
        9        157       0   0.000  0.000      0       nan           nan         nan         nan       nan       nan
        9        158       0   0.000  0.000      0       nan           nan         nan         nan       nan       nan
        9        159       0   0.000  0.000      0       nan           nan         nan         nan       nan       nan
        9        160       0   0.000  0.000      0       nan           nan         nan         nan       nan       nan
        9        161       0   0.000  0.000      0       nan           nan         nan         nan       nan       nan
        9        162       0   0.000  0.000      0       nan           nan         nan         nan       nan       nan
        9        163       0   0.000  0.000      0       nan           nan         nan         nan       nan       nan
        9        164       0   0.000  0.000      0       nan           nan         nan         nan       nan       nan
        9        165       0   0.000  0.000      0       nan           nan         nan         nan       nan       nan
        9        166       0   0.000  0.000      0       nan           nan         nan         nan       nan       nan
        9        167       0   0.000  0.000      0       nan           nan         nan         nan       nan       nan
        9        168       0   0.000  0.000      0       nan           nan         nan         nan       nan       nan
        9        169       0   0.000  0.000      0       nan           nan         nan         nan       nan       nan
        9        170       0   0.000  0.000      0       nan           nan         nan         nan       nan       nan
        9        171       0   0.000  0.000      0       nan           nan         nan         nan       nan       nan
        9        172       0   0.000  0.000      0       nan           nan         nan         nan       nan       nan
        9        173       0   0.000  0.000      0       nan           nan         nan         nan       nan       nan
        9        174       0   0.000  0.000      0       nan           nan         nan         nan       nan       nan
        9        175       0   0.000  0.000      0       nan           nan         nan         nan       nan       nan
        9        176       0   0.000  0.000      0       nan           nan         nan         nan       nan       nan
        9        177       0   0.000  0.000      0       nan           nan         nan         nan       nan       nan
        9        178       0   0.000  0.000      0       nan           nan         nan         nan       nan       nan
        9        179       0   0.000  0.000      0       nan           nan         nan         nan       nan       nan
        9        180       0   0.000  0.000      0       nan           nan         nan         nan       nan       nan
        9        181       0   0.000  0.000      0       nan           nan         nan         nan       nan       nan
        9        182       0   0.000  0.000      0       nan           nan         nan         nan       nan       nan
        9        183       0   0.000  0.000      0       nan           nan         nan         nan       nan       nan
        9        184       0   0.000  0.000      0       nan           nan         nan         nan       nan       nan
        9        185       0   0.000  0.000      0       nan           nan         nan         nan       nan       nan
        9        188       0   0.000  0.000      0       nan           nan         nan         nan       nan       nan
        9        189       0   0.000  0.000      0       nan           nan         nan         nan       nan       nan
        9        190       0   0.000  0.000      0       nan           nan         nan         nan       nan       nan
        9        191       0   0.000  0.000      0       nan           nan         nan         nan       nan       nan
        9        192       0   0.000  0.000      0       nan           nan         nan         nan       nan       nan
        9        193       0   0.000  0.000      0       nan           nan         nan         nan       nan       nan
        9        194       0   0.000  0.000      0       nan           nan         nan         nan       nan       nan
        9        195       0   0.000  0.000      0       nan           nan         nan         nan       nan       nan
        9        196       0   0.000  0.000      0       nan           nan         nan         nan       nan       nan
        9        197       0   0.000  0.000      0       nan           nan         nan         nan       nan       nan
        9        198       0   0.000  0.000      0       nan           nan         nan         nan       nan       nan
        9        199       0   0.000  0.000      0       nan           nan         nan         nan       nan       nan
        9        200       0   0.000  0.000      0       nan           nan         nan         nan       nan       nan
        9        201       0   0.000  0.000      0       nan           nan         nan         nan       nan       nan
        9        202       0   0.000  0.000      0       nan           nan         nan         nan       nan       nan
       10         56       0   0.031  0.037    392     1.189           0.0        90.0        90.0      16.0      19.0
       10        133       1   0.015  0.127    364     1.000           7.5        90.0        82.5      16.0      16.0
       10        118       0   0.005  0.232    948     2.181          20.0        90.0       110.0      16.0      34.9
       10         58       0   0.004  0.015   1092     4.000           0.1        90.0        89.9      16.0      64.0
       10         75       0   0.002  0.091    392     1.834          20.0        90.0       110.0      16.0      29.3
       10        200       0   0.001  0.028     84     1.189          20.0        90.0       110.0      16.0      19.0
       10         65       0   0.001  0.038    488     3.668          10.0        90.0        80.0      16.0      58.7
       10         54       0   0.001  0.013    468     2.000           6.5        90.0        96.5      16.0      32.0
       10         55       0   0.000  0.014    356     2.000          30.0        90.0       120.0      16.0      32.0
       10         57       0   0.000  0.000      0       nan           nan         nan         nan       nan       nan
       10         59       0   0.000  0.000      0       nan           nan         nan         nan       nan       nan
       10         60       0   0.000  0.000      0       nan           nan         nan         nan       nan       nan
       10         61       0   0.000  0.000      0       nan           nan         nan         nan       nan       nan
       10         62       0   0.000  0.000      0       nan           nan         nan         nan       nan       nan
       10         63       0   0.000  0.000      0       nan           nan         nan         nan       nan       nan
       10         64       0   0.000  0.000      0       nan           nan         nan         nan       nan       nan
       10         66       0   0.000  0.000      0       nan           nan         nan         nan       nan       nan
       10         67       0   0.000  0.000      0       nan           nan         nan         nan       nan       nan
       10         68       0   0.000  0.000      0       nan           nan         nan         nan       nan       nan
       10         69       0   0.000  0.000      0       nan           nan         nan         nan       nan       nan
       10         70       0   0.000  0.000      0       nan           nan         nan         nan       nan       nan
       10         71       0   0.000  0.000      0       nan           nan         nan         nan       nan       nan
       10         72       0   0.000  0.000      0       nan           nan         nan         nan       nan       nan
       10         73       0   0.000  0.000      0       nan           nan         nan         nan       nan       nan
       10         74       0   0.000  0.000      0       nan           nan         nan         nan       nan       nan
       10         76       0   0.000  0.000      0       nan           nan         nan         nan       nan       nan
       10         77       0   0.000  0.000      0       nan           nan         nan         nan       nan       nan
       10         78       0   0.000  0.000      0       nan           nan         nan         nan       nan       nan
       10         79       0   0.000  0.000      0       nan           nan         nan         nan       nan       nan
       10         80       0   0.000  0.000      0       nan           nan         nan         nan       nan       nan
       10         81       0   0.000  0.000      0       nan           nan         nan         nan       nan       nan
       10         82       0   0.000  0.000      0       nan           nan         nan         nan       nan       nan
       10         83       0   0.000  0.000      0       nan           nan         nan         nan       nan       nan
       10         84       0   0.000  0.000      0       nan           nan         nan         nan       nan       nan
       10         85       0   0.000  0.000      0       nan           nan         nan         nan       nan       nan
       10         86       0   0.000  0.000      0       nan           nan         nan         nan       nan       nan
       10         87       0   0.000  0.000      0       nan           nan         nan         nan       nan       nan
       10         88       0   0.000  0.000      0       nan           nan         nan         nan       nan       nan
       10         89       0   0.000  0.000      0       nan           nan         nan         nan       nan       nan
       10         90       0   0.000  0.000      0       nan           nan         nan         nan       nan       nan
       10         91       0   0.000  0.000      0       nan           nan         nan         nan       nan       nan
       10         92       0   0.000  0.000      0       nan           nan         nan         nan       nan       nan
       10         93       0   0.000  0.000      0       nan           nan         nan         nan       nan       nan
       10         94       0   0.000  0.000      0       nan           nan         nan         nan       nan       nan
       10         95       0   0.000  0.000      0       nan           nan         nan         nan       nan       nan
       10         96       0   0.000  0.000      0       nan           nan         nan         nan       nan       nan
       10         97       0   0.000  0.000      0       nan           nan         nan         nan       nan       nan
       10         98       0   0.000  0.000      0       nan           nan         nan         nan       nan       nan
       10         99       0   0.000  0.000      0       nan           nan         nan         nan       nan       nan
       10        100       0   0.000  0.000      0       nan           nan         nan         nan       nan       nan
       10        101       0   0.000  0.000      0       nan           nan         nan         nan       nan       nan
       10        102       0   0.000  0.000      0       nan           nan         nan         nan       nan       nan
       10        103       0   0.000  0.000      0       nan           nan         nan         nan       nan       nan
       10        104       0   0.000  0.000      0       nan           nan         nan         nan       nan       nan
       10        105       0   0.000  0.000      0       nan           nan         nan         nan       nan       nan
       10        106       0   0.000  0.000      0       nan           nan         nan         nan       nan       nan
       10        107       0   0.000  0.000      0       nan           nan         nan         nan       nan       nan
       10        108       0   0.000  0.000      0       nan           nan         nan         nan       nan       nan
       10        109       0   0.000  0.000      0       nan           nan         nan         nan       nan       nan
       10        110       0   0.000  0.000      0       nan           nan         nan         nan       nan       nan
       10        111       0   0.000  0.000      0       nan           nan         nan         nan       nan       nan
       10        112       0   0.000  0.000      0       nan           nan         nan         nan       nan       nan
       10        113       0   0.000  0.000      0       nan           nan         nan         nan       nan       nan
       10        114       0   0.000  0.000      0       nan           nan         nan         nan       nan       nan
       10        115       0   0.000  0.000      0       nan           nan         nan         nan       nan       nan
       10        116       0   0.000  0.000      0       nan           nan         nan         nan       nan       nan
       10        117       0   0.000  0.000      0       nan           nan         nan         nan       nan       nan
       10        119       0   0.000  0.000      0       nan           nan         nan         nan       nan       nan
       10        120       0   0.000  0.000      0       nan           nan         nan         nan       nan       nan
       10        121       0   0.000  0.000      0       nan           nan         nan         nan       nan       nan
       10        122       0   0.000  0.000      0       nan           nan         nan         nan       nan       nan
       10        123       0   0.000  0.000      0       nan           nan         nan         nan       nan       nan
       10        124       0   0.000  0.000      0       nan           nan         nan         nan       nan       nan
       10        125       0   0.000  0.000      0       nan           nan         nan         nan       nan       nan
       10        126       0   0.000  0.000      0       nan           nan         nan         nan       nan       nan
       10        127       0   0.000  0.000      0       nan           nan         nan         nan       nan       nan
       10        128       0   0.000  0.000      0       nan           nan         nan         nan       nan       nan
       10        129       0   0.000  0.000      0       nan           nan         nan         nan       nan       nan
       10        130       0   0.000  0.000      0       nan           nan         nan         nan       nan       nan
       10        131       0   0.000  0.000      0       nan           nan         nan         nan       nan       nan
       10        132       0   0.000  0.000      0       nan           nan         nan         nan       nan       nan
       10        134       0   0.000  0.000      0       nan           nan         nan         nan       nan       nan
       10        135       0   0.000  0.000      0       nan           nan         nan         nan       nan       nan
       10        136       0   0.000  0.000      0       nan           nan         nan         nan       nan       nan
       10        137       0   0.000  0.000      0       nan           nan         nan         nan       nan       nan
       10        138       0   0.000  0.000      0       nan           nan         nan         nan       nan       nan
       10        139       0   0.000  0.000      0       nan           nan         nan         nan       nan       nan
       10        140       0   0.000  0.000      0       nan           nan         nan         nan       nan       nan
       10        141       0   0.000  0.000      0       nan           nan         nan         nan       nan       nan
       10        142       0   0.000  0.000      0       nan           nan         nan         nan       nan       nan
       10        143       0   0.000  0.000      0       nan           nan         nan         nan       nan       nan
       10        144       0   0.000  0.000      0       nan           nan         nan         nan       nan       nan
       10        145       0   0.000  0.000      0       nan           nan         nan         nan       nan       nan
       10        146       0   0.000  0.000      0       nan           nan         nan         nan       nan       nan
       10        147       0   0.000  0.000      0       nan           nan         nan         nan       nan       nan
       10        148       0   0.000  0.000      0       nan           nan         nan         nan       nan       nan
       10        149       0   0.000  0.000      0       nan           nan         nan         nan       nan       nan
       10        150       0   0.000  0.000      0       nan           nan         nan         nan       nan       nan
       10        151       0   0.000  0.000      0       nan           nan         nan         nan       nan       nan
       10        152       0   0.000  0.000      0       nan           nan         nan         nan       nan       nan
       10        153       0   0.000  0.000      0       nan           nan         nan         nan       nan       nan
       10        154       0   0.000  0.000      0       nan           nan         nan         nan       nan       nan
       10        155       0   0.000  0.000      0       nan           nan         nan         nan       nan       nan
       10        156       0   0.000  0.000      0       nan           nan         nan         nan       nan       nan
       10        157       0   0.000  0.000      0       nan           nan         nan         nan       nan       nan
       10        158       0   0.000  0.000      0       nan           nan         nan         nan       nan       nan
       10        159       0   0.000  0.000      0       nan           nan         nan         nan       nan       nan
       10        160       0   0.000  0.000      0       nan           nan         nan         nan       nan       nan
       10        161       0   0.000  0.000      0       nan           nan         nan         nan       nan       nan
       10        162       0   0.000  0.000      0       nan           nan         nan         nan       nan       nan
       10        163       0   0.000  0.000      0       nan           nan         nan         nan       nan       nan
       10        164       0   0.000  0.000      0       nan           nan         nan         nan       nan       nan
       10        165       0   0.000  0.000      0       nan           nan         nan         nan       nan       nan
       10        166       0   0.000  0.000      0       nan           nan         nan         nan       nan       nan
       10        167       0   0.000  0.000      0       nan           nan         nan         nan       nan       nan
       10        168       0   0.000  0.000      0       nan           nan         nan         nan       nan       nan
       10        169       0   0.000  0.000      0       nan           nan         nan         nan       nan       nan
       10        170       0   0.000  0.000      0       nan           nan         nan         nan       nan       nan
       10        171       0   0.000  0.000      0       nan           nan         nan         nan       nan       nan
       10        172       0   0.000  0.000      0       nan           nan         nan         nan       nan       nan
       10        173       0   0.000  0.000      0       nan           nan         nan         nan       nan       nan
       10        174       0   0.000  0.000      0       nan           nan         nan         nan       nan       nan
       10        175       0   0.000  0.000      0       nan           nan         nan         nan       nan       nan
       10        176       0   0.000  0.000      0       nan           nan         nan         nan       nan       nan
       10        177       0   0.000  0.000      0       nan           nan         nan         nan       nan       nan
       10        178       0   0.000  0.000      0       nan           nan         nan         nan       nan       nan
       10        179       0   0.000  0.000      0       nan           nan         nan         nan       nan       nan
       10        180       0   0.000  0.000      0       nan           nan         nan         nan       nan       nan
       10        181       0   0.000  0.000      0       nan           nan         nan         nan       nan       nan
       10        182       0   0.000  0.000      0       nan           nan         nan         nan       nan       nan
       10        183       0   0.000  0.000      0       nan           nan         nan         nan       nan       nan
       10        184       0   0.000  0.000      0       nan           nan         nan         nan       nan       nan
       10        185       0   0.000  0.000      0       nan           nan         nan         nan       nan       nan
       10        186       0   0.000  0.000      0       nan           nan         nan         nan       nan       nan
       10        187       0   0.000  0.000      0       nan           nan         nan         nan       nan       nan
       10        188       0   0.000  0.000      0       nan           nan         nan         nan       nan       nan
       10        189       0   0.000  0.000      0       nan           nan         nan         nan       nan       nan
       10        190       0   0.000  0.000      0       nan           nan         nan         nan       nan       nan
       10        191       0   0.000  0.000      0       nan           nan         nan         nan       nan       nan
       10        192       0   0.000  0.000      0       nan           nan         nan         nan       nan       nan
       10        193       0   0.000  0.000      0       nan           nan         nan         nan       nan       nan
       10        194       0   0.000  0.000      0       nan           nan         nan         nan       nan       nan
       10        195       0   0.000  0.000      0       nan           nan         nan         nan       nan       nan
       10        196       0   0.000  0.000      0       nan           nan         nan         nan       nan       nan
       10        197       0   0.000  0.000      0       nan           nan         nan         nan       nan       nan
       10        198       0   0.000  0.000      0       nan           nan         nan         nan       nan       nan
       10        199       0   0.000  0.000      0       nan           nan         nan         nan       nan       nan
       10        201       0   0.000  0.000      0       nan           nan         nan         nan       nan       nan
       10        202       0   0.000  0.000      0       nan           nan         nan         nan       nan       nan
       11        133       1   0.054  0.185    440     1.091           2.1        85.0        82.9      17.4      16.0
       11         56       1   0.007  0.052    528     1.091           5.7        84.3        90.0      17.4      19.0
       11        118       0   0.006  0.288   1036     2.000          24.3        85.7       110.0      17.4      34.9
       11         65       0   0.003  0.068    820     3.364           6.3        86.3        80.0      17.4      58.7
       11         75       0   0.003  0.135    508     1.682          28.3        81.7       110.0      17.4      29.3
       11        200       0   0.003  0.082    200     1.091          28.4        81.6       110.0      17.4      19.0
       11         58       0   0.001  0.018   1292     3.364           4.5        86.7        91.2      19.0      64.0
       11         89       0   0.001  0.013     56     1.542          10.0        80.0        70.0      17.4      26.9
       11         54       0   0.001  0.015    536     1.834          11.3        84.7        96.0      17.4      32.0
       11         55       0   0.000  0.017    444     1.834          36.0        84.0       120.0      17.4      32.0
       11         62       0   0.000  0.002     20     2.828          40.0        90.0       130.0      20.7      58.7
       11         57       0   0.000  0.000      0       nan           nan         nan         nan       nan       nan
       11         59       0   0.000  0.000      0       nan           nan         nan         nan       nan       nan
       11         60       0   0.000  0.000      0       nan           nan         nan         nan       nan       nan
       11         61       0   0.000  0.000      0       nan           nan         nan         nan       nan       nan
       11         63       0   0.000  0.000      0       nan           nan         nan         nan       nan       nan
       11         64       0   0.000  0.000      0       nan           nan         nan         nan       nan       nan
       11         66       0   0.000  0.000      0       nan           nan         nan         nan       nan       nan
       11         67       0   0.000  0.000      0       nan           nan         nan         nan       nan       nan
       11         68       0   0.000  0.000      0       nan           nan         nan         nan       nan       nan
       11         69       0   0.000  0.000      0       nan           nan         nan         nan       nan       nan
       11         70       0   0.000  0.000      0       nan           nan         nan         nan       nan       nan
       11         71       0   0.000  0.000      0       nan           nan         nan         nan       nan       nan
       11         72       0   0.000  0.000      0       nan           nan         nan         nan       nan       nan
       11         73       0   0.000  0.000      0       nan           nan         nan         nan       nan       nan
       11         74       0   0.000  0.000      0       nan           nan         nan         nan       nan       nan
       11         76       0   0.000  0.000      0       nan           nan         nan         nan       nan       nan
       11         77       0   0.000  0.000      0       nan           nan         nan         nan       nan       nan
       11         78       0   0.000  0.000      0       nan           nan         nan         nan       nan       nan
       11         79       0   0.000  0.000      0       nan           nan         nan         nan       nan       nan
       11         80       0   0.000  0.000      0       nan           nan         nan         nan       nan       nan
       11         81       0   0.000  0.000      0       nan           nan         nan         nan       nan       nan
       11         82       0   0.000  0.000      0       nan           nan         nan         nan       nan       nan
       11         83       0   0.000  0.000      0       nan           nan         nan         nan       nan       nan
       11         84       0   0.000  0.000      0       nan           nan         nan         nan       nan       nan
       11         85       0   0.000  0.000      0       nan           nan         nan         nan       nan       nan
       11         86       0   0.000  0.000      0       nan           nan         nan         nan       nan       nan
       11         87       0   0.000  0.000      0       nan           nan         nan         nan       nan       nan
       11         88       0   0.000  0.000      0       nan           nan         nan         nan       nan       nan
       11         90       0   0.000  0.000      0       nan           nan         nan         nan       nan       nan
       11         91       0   0.000  0.000      0       nan           nan         nan         nan       nan       nan
       11         92       0   0.000  0.000      0       nan           nan         nan         nan       nan       nan
       11         93       0   0.000  0.000      0       nan           nan         nan         nan       nan       nan
       11         94       0   0.000  0.000      0       nan           nan         nan         nan       nan       nan
       11         95       0   0.000  0.000      0       nan           nan         nan         nan       nan       nan
       11         96       0   0.000  0.000      0       nan           nan         nan         nan       nan       nan
       11         97       0   0.000  0.000      0       nan           nan         nan         nan       nan       nan
       11         98       0   0.000  0.000      0       nan           nan         nan         nan       nan       nan
       11         99       0   0.000  0.000      0       nan           nan         nan         nan       nan       nan
       11        100       0   0.000  0.000      0       nan           nan         nan         nan       nan       nan
       11        101       0   0.000  0.000      0       nan           nan         nan         nan       nan       nan
       11        102       0   0.000  0.000      0       nan           nan         nan         nan       nan       nan
       11        103       0   0.000  0.000      0       nan           nan         nan         nan       nan       nan
       11        104       0   0.000  0.000      0       nan           nan         nan         nan       nan       nan
       11        105       0   0.000  0.000      0       nan           nan         nan         nan       nan       nan
       11        106       0   0.000  0.000      0       nan           nan         nan         nan       nan       nan
       11        107       0   0.000  0.000      0       nan           nan         nan         nan       nan       nan
       11        108       0   0.000  0.000      0       nan           nan         nan         nan       nan       nan
       11        109       0   0.000  0.000      0       nan           nan         nan         nan       nan       nan
       11        110       0   0.000  0.000      0       nan           nan         nan         nan       nan       nan
       11        111       0   0.000  0.000      0       nan           nan         nan         nan       nan       nan
       11        112       0   0.000  0.000      0       nan           nan         nan         nan       nan       nan
       11        113       0   0.000  0.000      0       nan           nan         nan         nan       nan       nan
       11        114       0   0.000  0.000      0       nan           nan         nan         nan       nan       nan
       11        115       0   0.000  0.000      0       nan           nan         nan         nan       nan       nan
       11        116       0   0.000  0.000      0       nan           nan         nan         nan       nan       nan
       11        117       0   0.000  0.000      0       nan           nan         nan         nan       nan       nan
       11        119       0   0.000  0.000      0       nan           nan         nan         nan       nan       nan
       11        120       0   0.000  0.000      0       nan           nan         nan         nan       nan       nan
       11        121       0   0.000  0.000      0       nan           nan         nan         nan       nan       nan
       11        122       0   0.000  0.000      0       nan           nan         nan         nan       nan       nan
       11        123       0   0.000  0.000      0       nan           nan         nan         nan       nan       nan
       11        124       0   0.000  0.000      0       nan           nan         nan         nan       nan       nan
       11        125       0   0.000  0.000      0       nan           nan         nan         nan       nan       nan
       11        126       0   0.000  0.000      0       nan           nan         nan         nan       nan       nan
       11        127       0   0.000  0.000      0       nan           nan         nan         nan       nan       nan
       11        128       0   0.000  0.000      0       nan           nan         nan         nan       nan       nan
       11        129       0   0.000  0.000      0       nan           nan         nan         nan       nan       nan
       11        130       0   0.000  0.000      0       nan           nan         nan         nan       nan       nan
       11        131       0   0.000  0.000      0       nan           nan         nan         nan       nan       nan
       11        132       0   0.000  0.000      0       nan           nan         nan         nan       nan       nan
       11        134       0   0.000  0.000      0       nan           nan         nan         nan       nan       nan
       11        135       0   0.000  0.000      0       nan           nan         nan         nan       nan       nan
       11        136       0   0.000  0.000      0       nan           nan         nan         nan       nan       nan
       11        137       0   0.000  0.000      0       nan           nan         nan         nan       nan       nan
       11        138       0   0.000  0.000      0       nan           nan         nan         nan       nan       nan
       11        139       0   0.000  0.000      0       nan           nan         nan         nan       nan       nan
       11        140       0   0.000  0.000      0       nan           nan         nan         nan       nan       nan
       11        141       0   0.000  0.000      0       nan           nan         nan         nan       nan       nan
       11        142       0   0.000  0.000      0       nan           nan         nan         nan       nan       nan
       11        143       0   0.000  0.000      0       nan           nan         nan         nan       nan       nan
       11        144       0   0.000  0.000      0       nan           nan         nan         nan       nan       nan
       11        145       0   0.000  0.000      0       nan           nan         nan         nan       nan       nan
       11        146       0   0.000  0.000      0       nan           nan         nan         nan       nan       nan
       11        147       0   0.000  0.000      0       nan           nan         nan         nan       nan       nan
       11        148       0   0.000  0.000      0       nan           nan         nan         nan       nan       nan
       11        149       0   0.000  0.000      0       nan           nan         nan         nan       nan       nan
       11        150       0   0.000  0.000      0       nan           nan         nan         nan       nan       nan
       11        151       0   0.000  0.000      0       nan           nan         nan         nan       nan       nan
       11        152       0   0.000  0.000      0       nan           nan         nan         nan       nan       nan
       11        153       0   0.000  0.000      0       nan           nan         nan         nan       nan       nan
       11        154       0   0.000  0.000      0       nan           nan         nan         nan       nan       nan
       11        155       0   0.000  0.000      0       nan           nan         nan         nan       nan       nan
       11        156       0   0.000  0.000      0       nan           nan         nan         nan       nan       nan
       11        157       0   0.000  0.000      0       nan           nan         nan         nan       nan       nan
       11        158       0   0.000  0.000      0       nan           nan         nan         nan       nan       nan
       11        159       0   0.000  0.000      0       nan           nan         nan         nan       nan       nan
       11        160       0   0.000  0.000      0       nan           nan         nan         nan       nan       nan
       11        161       0   0.000  0.000      0       nan           nan         nan         nan       nan       nan
       11        162       0   0.000  0.000      0       nan           nan         nan         nan       nan       nan
       11        163       0   0.000  0.000      0       nan           nan         nan         nan       nan       nan
       11        164       0   0.000  0.000      0       nan           nan         nan         nan       nan       nan
       11        165       0   0.000  0.000      0       nan           nan         nan         nan       nan       nan
       11        166       0   0.000  0.000      0       nan           nan         nan         nan       nan       nan
       11        167       0   0.000  0.000      0       nan           nan         nan         nan       nan       nan
       11        168       0   0.000  0.000      0       nan           nan         nan         nan       nan       nan
       11        169       0   0.000  0.000      0       nan           nan         nan         nan       nan       nan
       11        170       0   0.000  0.000      0       nan           nan         nan         nan       nan       nan
       11        171       0   0.000  0.000      0       nan           nan         nan         nan       nan       nan
       11        172       0   0.000  0.000      0       nan           nan         nan         nan       nan       nan
       11        173       0   0.000  0.000      0       nan           nan         nan         nan       nan       nan
       11        174       0   0.000  0.000      0       nan           nan         nan         nan       nan       nan
       11        175       0   0.000  0.000      0       nan           nan         nan         nan       nan       nan
       11        176       0   0.000  0.000      0       nan           nan         nan         nan       nan       nan
       11        177       0   0.000  0.000      0       nan           nan         nan         nan       nan       nan
       11        178       0   0.000  0.000      0       nan           nan         nan         nan       nan       nan
       11        179       0   0.000  0.000      0       nan           nan         nan         nan       nan       nan
       11        180       0   0.000  0.000      0       nan           nan         nan         nan       nan       nan
       11        181       0   0.000  0.000      0       nan           nan         nan         nan       nan       nan
       11        182       0   0.000  0.000      0       nan           nan         nan         nan       nan       nan
       11        183       0   0.000  0.000      0       nan           nan         nan         nan       nan       nan
       11        184       0   0.000  0.000      0       nan           nan         nan         nan       nan       nan
       11        185       0   0.000  0.000      0       nan           nan         nan         nan       nan       nan
       11        186       0   0.000  0.000      0       nan           nan         nan         nan       nan       nan
       11        187       0   0.000  0.000      0       nan           nan         nan         nan       nan       nan
       11        188       0   0.000  0.000      0       nan           nan         nan         nan       nan       nan
       11        189       0   0.000  0.000      0       nan           nan         nan         nan       nan       nan
       11        190       0   0.000  0.000      0       nan           nan         nan         nan       nan       nan
       11        191       0   0.000  0.000      0       nan           nan         nan         nan       nan       nan
       11        192       0   0.000  0.000      0       nan           nan         nan         nan       nan       nan
       11        193       0   0.000  0.000      0       nan           nan         nan         nan       nan       nan
       11        194       0   0.000  0.000      0       nan           nan         nan         nan       nan       nan
       11        195       0   0.000  0.000      0       nan           nan         nan         nan       nan       nan
       11        196       0   0.000  0.000      0       nan           nan         nan         nan       nan       nan
       11        197       0   0.000  0.000      0       nan           nan         nan         nan       nan       nan
       11        198       0   0.000  0.000      0       nan           nan         nan         nan       nan       nan
       11        199       0   0.000  0.000      0       nan           nan         nan         nan       nan       nan
       11        201       0   0.000  0.000      0       nan           nan         nan         nan       nan       nan
       11        202       0   0.000  0.000      0       nan           nan         nan         nan       nan       nan
       12         55       1   0.015  0.080   1916     1.091           3.7       110.0       113.7      32.0      29.3
       12         54       1   0.007  0.057   1916     1.189           5.4       110.0       104.6      32.0      26.9
       12         68       0   0.005  0.167   1640     1.189          29.0       110.0        81.0      32.0      38.1
       12         56       0   0.003  0.110   1016     1.682          20.7       110.0        89.3      32.0      19.0
       12        145       0   0.003  0.158    328     1.834          30.0       110.0        80.0      32.0      17.4
       12        128       0   0.003  0.146    440     1.297          40.0       110.0        70.0      32.0      24.7
       12         58       0   0.002  0.027   1916     1.682           8.1       110.0       101.9      32.0      53.8
       12        194       0   0.001  0.111    232     1.542          50.0       110.0        60.0      32.0      20.7
       12         65       0   0.001  0.084    980     1.834          34.6       110.0        75.4      32.0      58.7
       12        140       0   0.001  0.068    164     1.542          40.0       110.0        70.0      32.0      20.7
       12         78       0   0.001  0.042    500     1.542          30.0       110.0        80.0      32.0      49.4
       12         79       0   0.001  0.037    120     2.000          20.0       110.0        90.0      32.0      16.0
       12         80       0   0.001  0.025     92     1.091          30.4       110.0        79.6      32.0      29.3
       12        166       0   0.000  0.021     48     1.682          40.0       110.0        70.0      32.0      19.0
       12        193       0   0.000  0.002      4     2.000          30.0       110.0        80.0      32.0      16.0
       12        155       0   0.000  0.003     24     3.668          40.0       110.0       150.0      32.0     117.4
       12         57       0   0.000  0.000      0       nan           nan         nan         nan       nan       nan
       12         59       0   0.000  0.000      0       nan           nan         nan         nan       nan       nan
       12         60       0   0.000  0.000      0       nan           nan         nan         nan       nan       nan
       12         61       0   0.000  0.000      0       nan           nan         nan         nan       nan       nan
       12         62       0   0.000  0.000      0       nan           nan         nan         nan       nan       nan
       12         63       0   0.000  0.000      0       nan           nan         nan         nan       nan       nan
       12         64       0   0.000  0.000      0       nan           nan         nan         nan       nan       nan
       12         66       0   0.000  0.000      0       nan           nan         nan         nan       nan       nan
       12         67       0   0.000  0.000      0       nan           nan         nan         nan       nan       nan
       12         69       0   0.000  0.000      0       nan           nan         nan         nan       nan       nan
       12         70       0   0.000  0.000      0       nan           nan         nan         nan       nan       nan
       12         71       0   0.000  0.000      0       nan           nan         nan         nan       nan       nan
       12         72       0   0.000  0.000      0       nan           nan         nan         nan       nan       nan
       12         73       0   0.000  0.000      0       nan           nan         nan         nan       nan       nan
       12         74       0   0.000  0.000      0       nan           nan         nan         nan       nan       nan
       12         75       0   0.000  0.000      0       nan           nan         nan         nan       nan       nan
       12         76       0   0.000  0.000      0       nan           nan         nan         nan       nan       nan
       12         77       0   0.000  0.000      0       nan           nan         nan         nan       nan       nan
       12         81       0   0.000  0.000      0       nan           nan         nan         nan       nan       nan
       12         82       0   0.000  0.000      0       nan           nan         nan         nan       nan       nan
       12         83       0   0.000  0.000      0       nan           nan         nan         nan       nan       nan
       12         84       0   0.000  0.000      0       nan           nan         nan         nan       nan       nan
       12         85       0   0.000  0.000      0       nan           nan         nan         nan       nan       nan
       12         86       0   0.000  0.000      0       nan           nan         nan         nan       nan       nan
       12         87       0   0.000  0.000      0       nan           nan         nan         nan       nan       nan
       12         88       0   0.000  0.000      0       nan           nan         nan         nan       nan       nan
       12         89       0   0.000  0.000      0       nan           nan         nan         nan       nan       nan
       12         90       0   0.000  0.000      0       nan           nan         nan         nan       nan       nan
       12         91       0   0.000  0.000      0       nan           nan         nan         nan       nan       nan
       12         92       0   0.000  0.000      0       nan           nan         nan         nan       nan       nan
       12         93       0   0.000  0.000      0       nan           nan         nan         nan       nan       nan
       12         94       0   0.000  0.000      0       nan           nan         nan         nan       nan       nan
       12         95       0   0.000  0.000      0       nan           nan         nan         nan       nan       nan
       12         96       0   0.000  0.000      0       nan           nan         nan         nan       nan       nan
       12         97       0   0.000  0.000      0       nan           nan         nan         nan       nan       nan
       12         98       0   0.000  0.000      0       nan           nan         nan         nan       nan       nan
       12         99       0   0.000  0.000      0       nan           nan         nan         nan       nan       nan
       12        100       0   0.000  0.000      0       nan           nan         nan         nan       nan       nan
       12        101       0   0.000  0.000      0       nan           nan         nan         nan       nan       nan
       12        102       0   0.000  0.000      0       nan           nan         nan         nan       nan       nan
       12        103       0   0.000  0.000      0       nan           nan         nan         nan       nan       nan
       12        104       0   0.000  0.000      0       nan           nan         nan         nan       nan       nan
       12        105       0   0.000  0.000      0       nan           nan         nan         nan       nan       nan
       12        106       0   0.000  0.000      0       nan           nan         nan         nan       nan       nan
       12        107       0   0.000  0.000      0       nan           nan         nan         nan       nan       nan
       12        108       0   0.000  0.000      0       nan           nan         nan         nan       nan       nan
       12        109       0   0.000  0.000      0       nan           nan         nan         nan       nan       nan
       12        110       0   0.000  0.000      0       nan           nan         nan         nan       nan       nan
       12        111       0   0.000  0.000      0       nan           nan         nan         nan       nan       nan
       12        112       0   0.000  0.000      0       nan           nan         nan         nan       nan       nan
       12        113       0   0.000  0.000      0       nan           nan         nan         nan       nan       nan
       12        114       0   0.000  0.000      0       nan           nan         nan         nan       nan       nan
       12        115       0   0.000  0.000      0       nan           nan         nan         nan       nan       nan
       12        116       0   0.000  0.000      0       nan           nan         nan         nan       nan       nan
       12        117       0   0.000  0.000      0       nan           nan         nan         nan       nan       nan
       12        118       0   0.000  0.000      0       nan           nan         nan         nan       nan       nan
       12        119       0   0.000  0.000      0       nan           nan         nan         nan       nan       nan
       12        120       0   0.000  0.000      0       nan           nan         nan         nan       nan       nan
       12        121       0   0.000  0.000      0       nan           nan         nan         nan       nan       nan
       12        122       0   0.000  0.000      0       nan           nan         nan         nan       nan       nan
       12        123       0   0.000  0.000      0       nan           nan         nan         nan       nan       nan
       12        124       0   0.000  0.000      0       nan           nan         nan         nan       nan       nan
       12        125       0   0.000  0.000      0       nan           nan         nan         nan       nan       nan
       12        126       0   0.000  0.000      0       nan           nan         nan         nan       nan       nan
       12        127       0   0.000  0.000      0       nan           nan         nan         nan       nan       nan
       12        129       0   0.000  0.000      0       nan           nan         nan         nan       nan       nan
       12        130       0   0.000  0.000      0       nan           nan         nan         nan       nan       nan
       12        131       0   0.000  0.000      0       nan           nan         nan         nan       nan       nan
       12        132       0   0.000  0.000      0       nan           nan         nan         nan       nan       nan
       12        133       0   0.000  0.000      0       nan           nan         nan         nan       nan       nan
       12        134       0   0.000  0.000      0       nan           nan         nan         nan       nan       nan
       12        135       0   0.000  0.000      0       nan           nan         nan         nan       nan       nan
       12        136       0   0.000  0.000      0       nan           nan         nan         nan       nan       nan
       12        137       0   0.000  0.000      0       nan           nan         nan         nan       nan       nan
       12        138       0   0.000  0.000      0       nan           nan         nan         nan       nan       nan
       12        139       0   0.000  0.000      0       nan           nan         nan         nan       nan       nan
       12        141       0   0.000  0.000      0       nan           nan         nan         nan       nan       nan
       12        142       0   0.000  0.000      0       nan           nan         nan         nan       nan       nan
       12        143       0   0.000  0.000      0       nan           nan         nan         nan       nan       nan
       12        144       0   0.000  0.000      0       nan           nan         nan         nan       nan       nan
       12        146       0   0.000  0.000      0       nan           nan         nan         nan       nan       nan
       12        147       0   0.000  0.000      0       nan           nan         nan         nan       nan       nan
       12        148       0   0.000  0.000      0       nan           nan         nan         nan       nan       nan
       12        149       0   0.000  0.000      0       nan           nan         nan         nan       nan       nan
       12        150       0   0.000  0.000      0       nan           nan         nan         nan       nan       nan
       12        151       0   0.000  0.000      0       nan           nan         nan         nan       nan       nan
       12        152       0   0.000  0.000      0       nan           nan         nan         nan       nan       nan
       12        153       0   0.000  0.000      0       nan           nan         nan         nan       nan       nan
       12        154       0   0.000  0.000      0       nan           nan         nan         nan       nan       nan
       12        156       0   0.000  0.000      0       nan           nan         nan         nan       nan       nan
       12        157       0   0.000  0.000      0       nan           nan         nan         nan       nan       nan
       12        158       0   0.000  0.000      0       nan           nan         nan         nan       nan       nan
       12        159       0   0.000  0.000      0       nan           nan         nan         nan       nan       nan
       12        160       0   0.000  0.000      0       nan           nan         nan         nan       nan       nan
       12        161       0   0.000  0.000      0       nan           nan         nan         nan       nan       nan
       12        162       0   0.000  0.000      0       nan           nan         nan         nan       nan       nan
       12        163       0   0.000  0.000      0       nan           nan         nan         nan       nan       nan
       12        164       0   0.000  0.000      0       nan           nan         nan         nan       nan       nan
       12        165       0   0.000  0.000      0       nan           nan         nan         nan       nan       nan
       12        167       0   0.000  0.000      0       nan           nan         nan         nan       nan       nan
       12        168       0   0.000  0.000      0       nan           nan         nan         nan       nan       nan
       12        169       0   0.000  0.000      0       nan           nan         nan         nan       nan       nan
       12        170       0   0.000  0.000      0       nan           nan         nan         nan       nan       nan
       12        171       0   0.000  0.000      0       nan           nan         nan         nan       nan       nan
       12        172       0   0.000  0.000      0       nan           nan         nan         nan       nan       nan
       12        173       0   0.000  0.000      0       nan           nan         nan         nan       nan       nan
       12        174       0   0.000  0.000      0       nan           nan         nan         nan       nan       nan
       12        175       0   0.000  0.000      0       nan           nan         nan         nan       nan       nan
       12        176       0   0.000  0.000      0       nan           nan         nan         nan       nan       nan
       12        177       0   0.000  0.000      0       nan           nan         nan         nan       nan       nan
       12        178       0   0.000  0.000      0       nan           nan         nan         nan       nan       nan
       12        179       0   0.000  0.000      0       nan           nan         nan         nan       nan       nan
       12        180       0   0.000  0.000      0       nan           nan         nan         nan       nan       nan
       12        181       0   0.000  0.000      0       nan           nan         nan         nan       nan       nan
       12        182       0   0.000  0.000      0       nan           nan         nan         nan       nan       nan
       12        183       0   0.000  0.000      0       nan           nan         nan         nan       nan       nan
       12        184       0   0.000  0.000      0       nan           nan         nan         nan       nan       nan
       12        185       0   0.000  0.000      0       nan           nan         nan         nan       nan       nan
       12        186       0   0.000  0.000      0       nan           nan         nan         nan       nan       nan
       12        187       0   0.000  0.000      0       nan           nan         nan         nan       nan       nan
       12        188       0   0.000  0.000      0       nan           nan         nan         nan       nan       nan
       12        189       0   0.000  0.000      0       nan           nan         nan         nan       nan       nan
       12        190       0   0.000  0.000      0       nan           nan         nan         nan       nan       nan
       12        191       0   0.000  0.000      0       nan           nan         nan         nan       nan       nan
       12        192       0   0.000  0.000      0       nan           nan         nan         nan       nan       nan
       12        195       0   0.000  0.000      0       nan           nan         nan         nan       nan       nan
       12        196       0   0.000  0.000      0       nan           nan         nan         nan       nan       nan
       12        197       0   0.000  0.000      0       nan           nan         nan         nan       nan       nan
       12        198       0   0.000  0.000      0       nan           nan         nan         nan       nan       nan
       12        199       0   0.000  0.000      0       nan           nan         nan         nan       nan       nan
       12        200       0   0.000  0.000      0       nan           nan         nan         nan       nan       nan
       12        201       0   0.000  0.000      0       nan           nan         nan         nan       nan       nan
       12        202       0   0.000  0.000      0       nan           nan         nan         nan       nan       nan
       13        200       1   0.050  0.055    100     1.091           0.0       110.0       110.0      17.4      19.0
       13         75       0   0.020  0.164    500     1.414           4.9       114.9       110.0      17.4      24.7
       13        118       0   0.015  0.041    152     1.834           0.5       110.5       110.0      17.4      32.0
       13         56       0   0.004  0.129   1136     1.000          30.0       118.9        88.8      17.4      17.4
       13         55       0   0.003  0.031    768     1.297           6.0       119.8       113.9      17.4      22.6
       13         89       0   0.003  0.191    604     1.542          41.2       111.2        70.0      17.4      26.9
       13        109       0   0.002  0.229    808     2.181          46.2       116.2        70.0      17.4      38.1
       13        167       0   0.002  0.208    552     1.834          54.9       114.9        60.0      17.4      32.0
       13        136       0   0.002  0.082    188     1.091          40.4       112.7        72.4      17.4      19.0
       13         54       0   0.001  0.046   1548     1.542          22.1       116.6        94.4      17.4      26.9
       13         65       0   0.001  0.145   1548     3.364          37.1       116.6        79.5      17.4      58.7
       13        170       0   0.001  0.094    216     2.378          38.2       118.2        80.0      17.4      41.5
       13         68       0   0.001  0.083    852     2.181          38.8       118.8        80.0      17.4      38.1
       13         58       0   0.000  0.022   1548     3.668          23.6       116.6        93.0      17.4      64.0
       13        181       0   0.000  0.006     16     1.091          30.0       120.0        90.0      17.4      19.0
       13        173       0   0.000  0.001      4     5.187          50.0       120.0        70.0      17.4      90.5
       13         57       0   0.000  0.000      0       nan           nan         nan         nan       nan       nan
       13         59       0   0.000  0.000      0       nan           nan         nan         nan       nan       nan
       13         60       0   0.000  0.000      0       nan           nan         nan         nan       nan       nan
       13         61       0   0.000  0.000      0       nan           nan         nan         nan       nan       nan
       13         62       0   0.000  0.000      0       nan           nan         nan         nan       nan       nan
       13         63       0   0.000  0.000      0       nan           nan         nan         nan       nan       nan
       13         64       0   0.000  0.000      0       nan           nan         nan         nan       nan       nan
       13         66       0   0.000  0.000      0       nan           nan         nan         nan       nan       nan
       13         67       0   0.000  0.000      0       nan           nan         nan         nan       nan       nan
       13         69       0   0.000  0.000      0       nan           nan         nan         nan       nan       nan
       13         70       0   0.000  0.000      0       nan           nan         nan         nan       nan       nan
       13         71       0   0.000  0.000      0       nan           nan         nan         nan       nan       nan
       13         72       0   0.000  0.000      0       nan           nan         nan         nan       nan       nan
       13         73       0   0.000  0.000      0       nan           nan         nan         nan       nan       nan
       13         74       0   0.000  0.000      0       nan           nan         nan         nan       nan       nan
       13         76       0   0.000  0.000      0       nan           nan         nan         nan       nan       nan
       13         77       0   0.000  0.000      0       nan           nan         nan         nan       nan       nan
       13         78       0   0.000  0.000      0       nan           nan         nan         nan       nan       nan
       13         79       0   0.000  0.000      0       nan           nan         nan         nan       nan       nan
       13         80       0   0.000  0.000      0       nan           nan         nan         nan       nan       nan
       13         81       0   0.000  0.000      0       nan           nan         nan         nan       nan       nan
       13         82       0   0.000  0.000      0       nan           nan         nan         nan       nan       nan
       13         83       0   0.000  0.000      0       nan           nan         nan         nan       nan       nan
       13         84       0   0.000  0.000      0       nan           nan         nan         nan       nan       nan
       13         85       0   0.000  0.000      0       nan           nan         nan         nan       nan       nan
       13         86       0   0.000  0.000      0       nan           nan         nan         nan       nan       nan
       13         87       0   0.000  0.000      0       nan           nan         nan         nan       nan       nan
       13         88       0   0.000  0.000      0       nan           nan         nan         nan       nan       nan
       13         90       0   0.000  0.000      0       nan           nan         nan         nan       nan       nan
       13         91       0   0.000  0.000      0       nan           nan         nan         nan       nan       nan
       13         92       0   0.000  0.000      0       nan           nan         nan         nan       nan       nan
       13         93       0   0.000  0.000      0       nan           nan         nan         nan       nan       nan
       13         94       0   0.000  0.000      0       nan           nan         nan         nan       nan       nan
       13         95       0   0.000  0.000      0       nan           nan         nan         nan       nan       nan
       13         96       0   0.000  0.000      0       nan           nan         nan         nan       nan       nan
       13         97       0   0.000  0.000      0       nan           nan         nan         nan       nan       nan
       13         98       0   0.000  0.000      0       nan           nan         nan         nan       nan       nan
       13         99       0   0.000  0.000      0       nan           nan         nan         nan       nan       nan
       13        100       0   0.000  0.000      0       nan           nan         nan         nan       nan       nan
       13        101       0   0.000  0.000      0       nan           nan         nan         nan       nan       nan
       13        102       0   0.000  0.000      0       nan           nan         nan         nan       nan       nan
       13        103       0   0.000  0.000      0       nan           nan         nan         nan       nan       nan
       13        104       0   0.000  0.000      0       nan           nan         nan         nan       nan       nan
       13        105       0   0.000  0.000      0       nan           nan         nan         nan       nan       nan
       13        106       0   0.000  0.000      0       nan           nan         nan         nan       nan       nan
       13        107       0   0.000  0.000      0       nan           nan         nan         nan       nan       nan
       13        108       0   0.000  0.000      0       nan           nan         nan         nan       nan       nan
       13        110       0   0.000  0.000      0       nan           nan         nan         nan       nan       nan
       13        111       0   0.000  0.000      0       nan           nan         nan         nan       nan       nan
       13        112       0   0.000  0.000      0       nan           nan         nan         nan       nan       nan
       13        113       0   0.000  0.000      0       nan           nan         nan         nan       nan       nan
       13        114       0   0.000  0.000      0       nan           nan         nan         nan       nan       nan
       13        115       0   0.000  0.000      0       nan           nan         nan         nan       nan       nan
       13        116       0   0.000  0.000      0       nan           nan         nan         nan       nan       nan
       13        117       0   0.000  0.000      0       nan           nan         nan         nan       nan       nan
       13        119       0   0.000  0.000      0       nan           nan         nan         nan       nan       nan
       13        120       0   0.000  0.000      0       nan           nan         nan         nan       nan       nan
       13        121       0   0.000  0.000      0       nan           nan         nan         nan       nan       nan
       13        122       0   0.000  0.000      0       nan           nan         nan         nan       nan       nan
       13        123       0   0.000  0.000      0       nan           nan         nan         nan       nan       nan
       13        124       0   0.000  0.000      0       nan           nan         nan         nan       nan       nan
       13        125       0   0.000  0.000      0       nan           nan         nan         nan       nan       nan
       13        126       0   0.000  0.000      0       nan           nan         nan         nan       nan       nan
       13        127       0   0.000  0.000      0       nan           nan         nan         nan       nan       nan
       13        128       0   0.000  0.000      0       nan           nan         nan         nan       nan       nan
       13        129       0   0.000  0.000      0       nan           nan         nan         nan       nan       nan
       13        130       0   0.000  0.000      0       nan           nan         nan         nan       nan       nan
       13        131       0   0.000  0.000      0       nan           nan         nan         nan       nan       nan
       13        132       0   0.000  0.000      0       nan           nan         nan         nan       nan       nan
       13        133       0   0.000  0.000      0       nan           nan         nan         nan       nan       nan
       13        134       0   0.000  0.000      0       nan           nan         nan         nan       nan       nan
       13        135       0   0.000  0.000      0       nan           nan         nan         nan       nan       nan
       13        137       0   0.000  0.000      0       nan           nan         nan         nan       nan       nan
       13        138       0   0.000  0.000      0       nan           nan         nan         nan       nan       nan
       13        139       0   0.000  0.000      0       nan           nan         nan         nan       nan       nan
       13        140       0   0.000  0.000      0       nan           nan         nan         nan       nan       nan
       13        141       0   0.000  0.000      0       nan           nan         nan         nan       nan       nan
       13        142       0   0.000  0.000      0       nan           nan         nan         nan       nan       nan
       13        143       0   0.000  0.000      0       nan           nan         nan         nan       nan       nan
       13        144       0   0.000  0.000      0       nan           nan         nan         nan       nan       nan
       13        145       0   0.000  0.000      0       nan           nan         nan         nan       nan       nan
       13        146       0   0.000  0.000      0       nan           nan         nan         nan       nan       nan
       13        147       0   0.000  0.000      0       nan           nan         nan         nan       nan       nan
       13        148       0   0.000  0.000      0       nan           nan         nan         nan       nan       nan
       13        149       0   0.000  0.000      0       nan           nan         nan         nan       nan       nan
       13        150       0   0.000  0.000      0       nan           nan         nan         nan       nan       nan
       13        151       0   0.000  0.000      0       nan           nan         nan         nan       nan       nan
       13        152       0   0.000  0.000      0       nan           nan         nan         nan       nan       nan
       13        153       0   0.000  0.000      0       nan           nan         nan         nan       nan       nan
       13        154       0   0.000  0.000      0       nan           nan         nan         nan       nan       nan
       13        155       0   0.000  0.000      0       nan           nan         nan         nan       nan       nan
       13        156       0   0.000  0.000      0       nan           nan         nan         nan       nan       nan
       13        157       0   0.000  0.000      0       nan           nan         nan         nan       nan       nan
       13        158       0   0.000  0.000      0       nan           nan         nan         nan       nan       nan
       13        159       0   0.000  0.000      0       nan           nan         nan         nan       nan       nan
       13        160       0   0.000  0.000      0       nan           nan         nan         nan       nan       nan
       13        161       0   0.000  0.000      0       nan           nan         nan         nan       nan       nan
       13        162       0   0.000  0.000      0       nan           nan         nan         nan       nan       nan
       13        163       0   0.000  0.000      0       nan           nan         nan         nan       nan       nan
       13        164       0   0.000  0.000      0       nan           nan         nan         nan       nan       nan
       13        165       0   0.000  0.000      0       nan           nan         nan         nan       nan       nan
       13        166       0   0.000  0.000      0       nan           nan         nan         nan       nan       nan
       13        168       0   0.000  0.000      0       nan           nan         nan         nan       nan       nan
       13        169       0   0.000  0.000      0       nan           nan         nan         nan       nan       nan
       13        171       0   0.000  0.000      0       nan           nan         nan         nan       nan       nan
       13        172       0   0.000  0.000      0       nan           nan         nan         nan       nan       nan
       13        174       0   0.000  0.000      0       nan           nan         nan         nan       nan       nan
       13        175       0   0.000  0.000      0       nan           nan         nan         nan       nan       nan
       13        176       0   0.000  0.000      0       nan           nan         nan         nan       nan       nan
       13        177       0   0.000  0.000      0       nan           nan         nan         nan       nan       nan
       13        178       0   0.000  0.000      0       nan           nan         nan         nan       nan       nan
       13        179       0   0.000  0.000      0       nan           nan         nan         nan       nan       nan
       13        180       0   0.000  0.000      0       nan           nan         nan         nan       nan       nan
       13        182       0   0.000  0.000      0       nan           nan         nan         nan       nan       nan
       13        183       0   0.000  0.000      0       nan           nan         nan         nan       nan       nan
       13        184       0   0.000  0.000      0       nan           nan         nan         nan       nan       nan
       13        185       0   0.000  0.000      0       nan           nan         nan         nan       nan       nan
       13        186       0   0.000  0.000      0       nan           nan         nan         nan       nan       nan
       13        187       0   0.000  0.000      0       nan           nan         nan         nan       nan       nan
       13        188       0   0.000  0.000      0       nan           nan         nan         nan       nan       nan
       13        189       0   0.000  0.000      0       nan           nan         nan         nan       nan       nan
       13        190       0   0.000  0.000      0       nan           nan         nan         nan       nan       nan
       13        191       0   0.000  0.000      0       nan           nan         nan         nan       nan       nan
       13        192       0   0.000  0.000      0       nan           nan         nan         nan       nan       nan
       13        193       0   0.000  0.000      0       nan           nan         nan         nan       nan       nan
       13        194       0   0.000  0.000      0       nan           nan         nan         nan       nan       nan
       13        195       0   0.000  0.000      0       nan           nan         nan         nan       nan       nan
       13        196       0   0.000  0.000      0       nan           nan         nan         nan       nan       nan
       13        197       0   0.000  0.000      0       nan           nan         nan         nan       nan       nan
       13        198       0   0.000  0.000      0       nan           nan         nan         nan       nan       nan
       13        199       0   0.000  0.000      0       nan           nan         nan         nan       nan       nan
       13        201       0   0.000  0.000      0       nan           nan         nan         nan       nan       nan
       13        202       0   0.000  0.000      0       nan           nan         nan         nan       nan       nan
       14         75       1   0.452  0.493   1508     1.091           0.0       110.0       110.0      22.6      24.7
       14        200       1   0.117  0.139    360     1.189           0.0       110.0       110.0      22.6      19.0
       14        118       0   0.084  0.148    636     1.414           0.2       110.2       110.0      22.6      32.0
       14        174       0   0.009  0.144    464     1.297          10.8       110.0       120.8      24.7      19.0
       14         56       0   0.005  0.135   1304     1.189          21.1       110.0        88.9      22.6      19.0
       14        109       0   0.004  0.318   1292     1.834          40.0       110.0        70.0      22.6      41.5
       14         89       0   0.004  0.194    776     1.297          40.1       110.1        70.0      20.7      26.9
       14         55       0   0.003  0.048   1204     1.414          10.0       110.0       120.0      22.6      32.0
       14         54       0   0.003  0.076   2564     1.414          16.5       110.1        93.6      22.6      32.0
       14         65       0   0.003  0.240   2564     2.594          30.1       110.1        80.0      22.6      58.7
       14         68       0   0.002  0.105   1148     1.682          30.0       110.0        80.0      24.7      41.5
       14        133       0   0.002  0.057    168     1.297          22.4       110.0        87.6      20.7      16.0
       14        167       0   0.001  0.096    372     1.542          50.0       110.0        60.0      20.7      32.0
       14        136       0   0.001  0.053    176     1.091          39.3       110.0        70.7      20.7      19.0
       14         58       0   0.001  0.036   2564     2.828          20.1       110.1        90.0      22.6      64.0
       14        170       0   0.000  0.028     96     2.000          30.0       110.0        80.0      20.7      41.5
       14         62       0   0.000  0.003     32     2.378          20.0       110.0       130.0      24.7      58.7
       14         57       0   0.000  0.000      0       nan           nan         nan         nan       nan       nan
       14         59       0   0.000  0.000      0       nan           nan         nan         nan       nan       nan
       14         60       0   0.000  0.000      0       nan           nan         nan         nan       nan       nan
       14         61       0   0.000  0.000      0       nan           nan         nan         nan       nan       nan
       14         63       0   0.000  0.000      0       nan           nan         nan         nan       nan       nan
       14         64       0   0.000  0.000      0       nan           nan         nan         nan       nan       nan
       14         66       0   0.000  0.000      0       nan           nan         nan         nan       nan       nan
       14         67       0   0.000  0.000      0       nan           nan         nan         nan       nan       nan
       14         69       0   0.000  0.000      0       nan           nan         nan         nan       nan       nan
       14         70       0   0.000  0.000      0       nan           nan         nan         nan       nan       nan
       14         71       0   0.000  0.000      0       nan           nan         nan         nan       nan       nan
       14         72       0   0.000  0.000      0       nan           nan         nan         nan       nan       nan
       14         73       0   0.000  0.000      0       nan           nan         nan         nan       nan       nan
       14         74       0   0.000  0.000      0       nan           nan         nan         nan       nan       nan
       14         76       0   0.000  0.000      0       nan           nan         nan         nan       nan       nan
       14         77       0   0.000  0.000      0       nan           nan         nan         nan       nan       nan
       14         78       0   0.000  0.000      0       nan           nan         nan         nan       nan       nan
       14         79       0   0.000  0.000      0       nan           nan         nan         nan       nan       nan
       14         80       0   0.000  0.000      0       nan           nan         nan         nan       nan       nan
       14         81       0   0.000  0.000      0       nan           nan         nan         nan       nan       nan
       14         82       0   0.000  0.000      0       nan           nan         nan         nan       nan       nan
       14         83       0   0.000  0.000      0       nan           nan         nan         nan       nan       nan
       14         84       0   0.000  0.000      0       nan           nan         nan         nan       nan       nan
       14         85       0   0.000  0.000      0       nan           nan         nan         nan       nan       nan
       14         86       0   0.000  0.000      0       nan           nan         nan         nan       nan       nan
       14         87       0   0.000  0.000      0       nan           nan         nan         nan       nan       nan
       14         88       0   0.000  0.000      0       nan           nan         nan         nan       nan       nan
       14         90       0   0.000  0.000      0       nan           nan         nan         nan       nan       nan
       14         91       0   0.000  0.000      0       nan           nan         nan         nan       nan       nan
       14         92       0   0.000  0.000      0       nan           nan         nan         nan       nan       nan
       14         93       0   0.000  0.000      0       nan           nan         nan         nan       nan       nan
       14         94       0   0.000  0.000      0       nan           nan         nan         nan       nan       nan
       14         95       0   0.000  0.000      0       nan           nan         nan         nan       nan       nan
       14         96       0   0.000  0.000      0       nan           nan         nan         nan       nan       nan
       14         97       0   0.000  0.000      0       nan           nan         nan         nan       nan       nan
       14         98       0   0.000  0.000      0       nan           nan         nan         nan       nan       nan
       14         99       0   0.000  0.000      0       nan           nan         nan         nan       nan       nan
       14        100       0   0.000  0.000      0       nan           nan         nan         nan       nan       nan
       14        101       0   0.000  0.000      0       nan           nan         nan         nan       nan       nan
       14        102       0   0.000  0.000      0       nan           nan         nan         nan       nan       nan
       14        103       0   0.000  0.000      0       nan           nan         nan         nan       nan       nan
       14        104       0   0.000  0.000      0       nan           nan         nan         nan       nan       nan
       14        105       0   0.000  0.000      0       nan           nan         nan         nan       nan       nan
       14        106       0   0.000  0.000      0       nan           nan         nan         nan       nan       nan
       14        107       0   0.000  0.000      0       nan           nan         nan         nan       nan       nan
       14        108       0   0.000  0.000      0       nan           nan         nan         nan       nan       nan
       14        110       0   0.000  0.000      0       nan           nan         nan         nan       nan       nan
       14        111       0   0.000  0.000      0       nan           nan         nan         nan       nan       nan
       14        112       0   0.000  0.000      0       nan           nan         nan         nan       nan       nan
       14        113       0   0.000  0.000      0       nan           nan         nan         nan       nan       nan
       14        114       0   0.000  0.000      0       nan           nan         nan         nan       nan       nan
       14        115       0   0.000  0.000      0       nan           nan         nan         nan       nan       nan
       14        116       0   0.000  0.000      0       nan           nan         nan         nan       nan       nan
       14        117       0   0.000  0.000      0       nan           nan         nan         nan       nan       nan
       14        119       0   0.000  0.000      0       nan           nan         nan         nan       nan       nan
       14        120       0   0.000  0.000      0       nan           nan         nan         nan       nan       nan
       14        121       0   0.000  0.000      0       nan           nan         nan         nan       nan       nan
       14        122       0   0.000  0.000      0       nan           nan         nan         nan       nan       nan
       14        123       0   0.000  0.000      0       nan           nan         nan         nan       nan       nan
       14        124       0   0.000  0.000      0       nan           nan         nan         nan       nan       nan
       14        125       0   0.000  0.000      0       nan           nan         nan         nan       nan       nan
       14        126       0   0.000  0.000      0       nan           nan         nan         nan       nan       nan
       14        127       0   0.000  0.000      0       nan           nan         nan         nan       nan       nan
       14        128       0   0.000  0.000      0       nan           nan         nan         nan       nan       nan
       14        129       0   0.000  0.000      0       nan           nan         nan         nan       nan       nan
       14        130       0   0.000  0.000      0       nan           nan         nan         nan       nan       nan
       14        131       0   0.000  0.000      0       nan           nan         nan         nan       nan       nan
       14        132       0   0.000  0.000      0       nan           nan         nan         nan       nan       nan
       14        134       0   0.000  0.000      0       nan           nan         nan         nan       nan       nan
       14        135       0   0.000  0.000      0       nan           nan         nan         nan       nan       nan
       14        137       0   0.000  0.000      0       nan           nan         nan         nan       nan       nan
       14        138       0   0.000  0.000      0       nan           nan         nan         nan       nan       nan
       14        139       0   0.000  0.000      0       nan           nan         nan         nan       nan       nan
       14        140       0   0.000  0.000      0       nan           nan         nan         nan       nan       nan
       14        141       0   0.000  0.000      0       nan           nan         nan         nan       nan       nan
       14        142       0   0.000  0.000      0       nan           nan         nan         nan       nan       nan
       14        143       0   0.000  0.000      0       nan           nan         nan         nan       nan       nan
       14        144       0   0.000  0.000      0       nan           nan         nan         nan       nan       nan
       14        145       0   0.000  0.000      0       nan           nan         nan         nan       nan       nan
       14        146       0   0.000  0.000      0       nan           nan         nan         nan       nan       nan
       14        147       0   0.000  0.000      0       nan           nan         nan         nan       nan       nan
       14        148       0   0.000  0.000      0       nan           nan         nan         nan       nan       nan
       14        149       0   0.000  0.000      0       nan           nan         nan         nan       nan       nan
       14        150       0   0.000  0.000      0       nan           nan         nan         nan       nan       nan
       14        151       0   0.000  0.000      0       nan           nan         nan         nan       nan       nan
       14        152       0   0.000  0.000      0       nan           nan         nan         nan       nan       nan
       14        153       0   0.000  0.000      0       nan           nan         nan         nan       nan       nan
       14        154       0   0.000  0.000      0       nan           nan         nan         nan       nan       nan
       14        155       0   0.000  0.000      0       nan           nan         nan         nan       nan       nan
       14        156       0   0.000  0.000      0       nan           nan         nan         nan       nan       nan
       14        157       0   0.000  0.000      0       nan           nan         nan         nan       nan       nan
       14        158       0   0.000  0.000      0       nan           nan         nan         nan       nan       nan
       14        159       0   0.000  0.000      0       nan           nan         nan         nan       nan       nan
       14        160       0   0.000  0.000      0       nan           nan         nan         nan       nan       nan
       14        161       0   0.000  0.000      0       nan           nan         nan         nan       nan       nan
       14        162       0   0.000  0.000      0       nan           nan         nan         nan       nan       nan
       14        163       0   0.000  0.000      0       nan           nan         nan         nan       nan       nan
       14        164       0   0.000  0.000      0       nan           nan         nan         nan       nan       nan
       14        165       0   0.000  0.000      0       nan           nan         nan         nan       nan       nan
       14        166       0   0.000  0.000      0       nan           nan         nan         nan       nan       nan
       14        168       0   0.000  0.000      0       nan           nan         nan         nan       nan       nan
       14        169       0   0.000  0.000      0       nan           nan         nan         nan       nan       nan
       14        171       0   0.000  0.000      0       nan           nan         nan         nan       nan       nan
       14        172       0   0.000  0.000      0       nan           nan         nan         nan       nan       nan
       14        173       0   0.000  0.000      0       nan           nan         nan         nan       nan       nan
       14        175       0   0.000  0.000      0       nan           nan         nan         nan       nan       nan
       14        176       0   0.000  0.000      0       nan           nan         nan         nan       nan       nan
       14        177       0   0.000  0.000      0       nan           nan         nan         nan       nan       nan
       14        178       0   0.000  0.000      0       nan           nan         nan         nan       nan       nan
       14        179       0   0.000  0.000      0       nan           nan         nan         nan       nan       nan
       14        180       0   0.000  0.000      0       nan           nan         nan         nan       nan       nan
       14        181       0   0.000  0.000      0       nan           nan         nan         nan       nan       nan
       14        182       0   0.000  0.000      0       nan           nan         nan         nan       nan       nan
       14        183       0   0.000  0.000      0       nan           nan         nan         nan       nan       nan
       14        184       0   0.000  0.000      0       nan           nan         nan         nan       nan       nan
       14        185       0   0.000  0.000      0       nan           nan         nan         nan       nan       nan
       14        186       0   0.000  0.000      0       nan           nan         nan         nan       nan       nan
       14        187       0   0.000  0.000      0       nan           nan         nan         nan       nan       nan
       14        188       0   0.000  0.000      0       nan           nan         nan         nan       nan       nan
       14        189       0   0.000  0.000      0       nan           nan         nan         nan       nan       nan
       14        190       0   0.000  0.000      0       nan           nan         nan         nan       nan       nan
       14        191       0   0.000  0.000      0       nan           nan         nan         nan       nan       nan
       14        192       0   0.000  0.000      0       nan           nan         nan         nan       nan       nan
       14        193       0   0.000  0.000      0       nan           nan         nan         nan       nan       nan
       14        194       0   0.000  0.000      0       nan           nan         nan         nan       nan       nan
       14        195       0   0.000  0.000      0       nan           nan         nan         nan       nan       nan
       14        196       0   0.000  0.000      0       nan           nan         nan         nan       nan       nan
       14        197       0   0.000  0.000      0       nan           nan         nan         nan       nan       nan
       14        198       0   0.000  0.000      0       nan           nan         nan         nan       nan       nan
       14        199       0   0.000  0.000      0       nan           nan         nan         nan       nan       nan
       14        201       0   0.000  0.000      0       nan           nan         nan         nan       nan       nan
       14        202       0   0.000  0.000      0       nan           nan         nan         nan       nan       nan
       15         92       0   0.069  0.098   3120     1.414           0.0       120.0       120.0      69.8      49.4
       15        106       0   0.060  0.216   7260     1.542           1.3       118.7       120.0      64.0      41.5
       15         66       1   0.047  0.576  24412     1.000          11.3       120.2       131.5      64.0      64.0
       15        103       0   0.043  0.358  12552     1.542           4.4       120.9       125.3      64.0      98.7
       15         67       1   0.037  0.376  13320     1.189           7.5       120.7       113.2      64.0      53.8
       15         55       0   0.030  0.403  15552     2.378           4.7       119.9       115.2      69.8      29.3
       15         58       1   0.025  0.398  28784     1.091          13.5       120.2       106.8      64.0      69.8
       15         60       0   0.022  0.191   6384     2.828           2.1       119.0       121.1      64.0      22.6
       15        101       0   0.017  0.049   1616     1.414           1.0       110.4       109.4      41.5      29.3
       15        129       0   0.016  0.230   6956     1.297          10.0       120.0       110.0      69.8      90.5
       15         95       0   0.014  0.273   8584     1.682          10.5       120.5       110.0      69.8      41.5
       15         88       0   0.011  0.346  13880     1.414          20.7       120.7       100.0      64.0      90.5
       15         54       0   0.011  0.370  17308     2.594          12.0       119.9       107.9      69.8      26.9
       15         61       0   0.009  0.087   2640     3.668           1.8       121.8       120.0      64.0      17.4
       15        132       0   0.008  0.267   8384     1.542          20.6       120.6       100.0      64.0      98.7
       15         73       0   0.007  0.171   5332     2.000          10.6       121.3       110.7      58.7      29.3
       15        168       0   0.007  0.171   5152     1.189          19.7       120.3       140.0      64.0      53.8
       15        187       1   0.005  0.065   1992     1.091          10.0       120.0       130.0      64.0      69.8
       15         82       0   0.005  0.147   6804     1.000          26.7       121.3        94.6      64.0      64.0
       15         63       0   0.005  0.275   8840     2.594          20.8       121.1       100.3      64.0      24.7
       15        113       0   0.004  0.017    584     2.000           0.9       120.0       119.1      69.8      34.9
       15        149       0   0.004  0.167   5380     1.189          31.8       119.7       151.6      69.8      58.7
       15         83       0   0.004  0.083   2620     2.181           8.0       120.0       128.0      69.8      32.0
       15         57       0   0.004  0.235   7524     3.668          15.5       119.8       104.4      69.8      19.0
       15        123       0   0.003  0.042   1276     2.828           3.9       129.0       125.0      58.7      20.7
       15         64       0   0.003  0.086   2716     2.594          10.0       120.0       110.0      69.8      26.9
       15        107       0   0.003  0.102   3180     1.189          30.2       120.2        90.0      64.0      53.8
       15         93       0   0.003  0.038   1320     1.297          10.0       120.0       110.0      64.0      83.0
       15        100       0   0.003  0.169   5300     1.542          41.1       119.4        78.3      64.0      41.5
       15         68       0   0.002  0.147   5092     1.834          34.0       120.0        86.0      69.8      38.1
       15         70       0   0.002  0.070   2200     4.000           6.8       120.0       126.8      69.8      17.4
       15        155       0   0.002  0.115   3764     1.682          30.0       120.0       150.0      69.8     117.4
       15        114       0   0.002  0.067   2076     2.000          14.2       120.0       105.8      64.0      32.0
       15        125       0   0.002  0.003    100     1.682           0.0       110.0       110.0      41.5      24.7
       15        158       0   0.002  0.079   2368     1.414          29.9       119.9        90.0      64.0      45.3
       15         78       0   0.002  0.101   3716     1.414          40.0       120.0        80.0      69.8      49.4
       15        138       0   0.002  0.095   3032     1.297          43.0       116.9        73.9      64.0      49.4
       15        185       0   0.002  0.020    608     4.000           2.2       120.0       122.2      69.8      17.4
       15        137       0   0.001  0.036   1084     2.181          10.0       120.0       130.0      69.8      32.0
       15        147       0   0.001  0.037   1124     2.181          10.5       120.5       110.0      58.7      26.9
       15         98       0   0.001  0.091   3736     1.542          40.7       116.8        76.1      69.8     107.6
       15        144       0   0.001  0.005    144     3.668           0.0       120.0       120.0      64.0      17.4
       15        116       0   0.001  0.027    952     2.378           7.9       112.1       120.0      41.5      98.7
       15         85       0   0.001  0.059   1764     4.000          11.0       119.3       130.3      64.0      16.0
       15        164       0   0.001  0.031    924     2.378          10.0       120.0       130.0      69.8      29.3
       15         90       0   0.001  0.053   1700     2.181          20.0       120.0       100.0      69.8      32.0
       15         56       0   0.001  0.132   4480     3.668          30.0       120.0        90.0      69.8      19.0
       15         97       0   0.001  0.036   1080     2.828          10.0       120.0       110.0      69.8      24.7
       15        186       0   0.001  0.037   1116     2.000          16.5       126.5       110.0      64.0      32.0
       15         86       0   0.001  0.032    980     2.828          10.0       120.0       130.0      69.8      24.7
       15         87       0   0.001  0.067   2048     2.378          26.4       115.6       142.0      64.0      26.9
       15        176       0   0.001  0.080   2424     2.378          33.6       123.6        90.0      64.0      26.9
       15        198       0   0.001  0.024    756     1.414          16.6       113.4       130.0      41.5      58.7
       15        119       0   0.001  0.040   1192     2.000          20.0       120.0       100.0      69.8      34.9
       15        156       0   0.001  0.039   1188     4.000           9.8       120.0       110.2      69.8      17.4
       15        178       0   0.001  0.056   1728     1.414          46.5       116.5        70.0      64.0      90.5
       15         81       0   0.001  0.025    756     2.828          10.0       120.0       110.0      64.0      22.6
       15        143       0   0.001  0.055   1768     1.297          53.8       113.8        60.0      41.5      53.8
       15        110       0   0.001  0.032   1020     2.000          20.0       120.0       100.0      69.8      34.9
       15        121       0   0.001  0.046   1380     2.181          26.9       126.9       100.0      64.0      29.3
       15        160       0   0.001  0.033   1000     2.378          20.0       120.0       100.0      64.0      26.9
       15         76       0   0.001  0.069   2640     1.682          61.2       115.2        54.0      64.0     107.6
       15         69       0   0.001  0.029    864     4.000          10.0       120.0       110.0      64.0      16.0
       15         77       0   0.001  0.052   1576     2.594          30.0       120.0        90.0      69.8      26.9
       15         65       0   0.001  0.035   1384     1.091          49.2       120.0        70.8      69.8      76.1
       15         74       0   0.001  0.024    712     3.364          10.0       120.0       110.0      69.8      20.7
       15         80       0   0.001  0.061   1828     2.378          40.1       120.0        79.9      69.8      29.3
       15        134       0   0.001  0.036   1088     3.364          16.5       121.2       104.6      64.0      19.0
       15        127       0   0.001  0.013    460     1.091          19.8       119.9       100.1      69.8      76.1
       15         72       0   0.001  0.048   1572     3.364          24.6       122.1        97.6      64.0      19.0
       15        152       0   0.001  0.034   1136     1.542          40.0       120.0       160.0      69.8      45.3
       15        177       0   0.000  0.011    336     3.084           6.3       122.8       116.6      58.7      19.0
       15        139       0   0.000  0.049   1472     2.828          37.1       123.4        86.2      64.0      22.6
       15        162       0   0.000  0.001     36     2.594           0.0       120.0       120.0      69.8      26.9
       15        117       0   0.000  0.025    752     1.297          44.9       105.1       150.0      41.5      32.0
       15        154       0   0.000  0.034   1036     2.181          40.0       120.0        80.0      64.0      29.3
       15        122       0   0.000  0.026    796     4.362          15.0       120.0       135.0      69.8      16.0
       15        128       0   0.000  0.051   1544     2.828          50.0       120.0        70.0      69.8      24.7
       15         79       0   0.000  0.049   1488     4.362          31.3       120.0        88.7      69.8      16.0
       15        108       0   0.000  0.035   1060     3.084          40.0       120.0        80.0      64.0      20.7
       15        105       0   0.000  0.043   1288     3.084          50.1       120.0        69.9      69.8      22.6
       15        171       0   0.000  0.021    624     2.594          30.0       120.0        90.0      69.8      26.9
       15        151       0   0.000  0.031    920     3.084          41.0       124.4        83.4      64.0      20.7
       15         99       0   0.000  0.011    336     4.362          10.0       120.0       110.0      69.8      16.0
       15         59       0   0.000  0.038   1256     3.364          49.3       120.8        71.4      64.0      19.0
       15        111       0   0.000  0.032    996     2.828          54.0       120.0        66.0      69.8      24.7
       15        146       0   0.000  0.005    148     1.682          13.7       113.7       100.0      41.5      24.7
       15        188       0   0.000  0.027    804     3.364          40.0       120.0        80.0      69.8      20.7
       15         96       0   0.000  0.032    968     4.000          40.9       120.0        79.1      69.8      17.4
       15         71       0   0.000  0.009    272     4.362          10.0       120.0       110.0      69.8      16.0
       15        199       0   0.000  0.004    128     1.091          20.0       100.0       120.0      41.5      38.1
       15        124       0   0.000  0.027    840     3.364          52.4       120.0        67.6      64.0      19.0
       15        163       0   0.000  0.016    536     2.181          54.5       114.5        60.0      41.5      90.5
       15        140       0   0.000  0.022    672     3.364          50.0       120.0        70.0      69.8      20.7
       15        165       0   0.000  0.008    248     4.173          17.8       120.0       102.2      69.8      16.7
       15        145       0   0.000  0.016    484     4.000          40.0       120.0        80.0      69.8      17.4
       15        175       0   0.000  0.010    324     2.594          46.8       116.8        70.0      64.0      24.7
       15        190       0   0.000  0.005    160     4.000          15.8       115.8       100.0      64.0      16.0
       15        102       0   0.000  0.009    292     3.084          43.4       118.1        74.7      64.0      20.7
       15        194       0   0.000  0.014    412     3.668          60.0       120.0        60.0      69.8      19.0
       15        173       0   0.000  0.001     44     1.297          50.0       120.0        70.0      69.8      90.5
       15        126       0   0.000  0.001     20     1.091          40.0       120.0        80.0      69.8      64.0
       15        181       0   0.000  0.001     40     3.668          30.0       120.0        90.0      69.8      19.0
       15         62       0   0.000  0.000      0       nan           nan         nan         nan       nan       nan
       15         75       0   0.000  0.000      0       nan           nan         nan         nan       nan       nan
       15         84       0   0.000  0.000      0       nan           nan         nan         nan       nan       nan
       15         89       0   0.000  0.000      0       nan           nan         nan         nan       nan       nan
       15         91       0   0.000  0.000      0       nan           nan         nan         nan       nan       nan
       15         94       0   0.000  0.000      0       nan           nan         nan         nan       nan       nan
       15        104       0   0.000  0.000      0       nan           nan         nan         nan       nan       nan
       15        109       0   0.000  0.000      0       nan           nan         nan         nan       nan       nan
       15        112       0   0.000  0.000      0       nan           nan         nan         nan       nan       nan
       15        115       0   0.000  0.000      0       nan           nan         nan         nan       nan       nan
       15        118       0   0.000  0.000      0       nan           nan         nan         nan       nan       nan
       15        120       0   0.000  0.000      0       nan           nan         nan         nan       nan       nan
       15        130       0   0.000  0.000      0       nan           nan         nan         nan       nan       nan
       15        131       0   0.000  0.000      0       nan           nan         nan         nan       nan       nan
       15        133       0   0.000  0.000      0       nan           nan         nan         nan       nan       nan
       15        135       0   0.000  0.000      0       nan           nan         nan         nan       nan       nan
       15        136       0   0.000  0.000      0       nan           nan         nan         nan       nan       nan
       15        141       0   0.000  0.000      0       nan           nan         nan         nan       nan       nan
       15        142       0   0.000  0.000      0       nan           nan         nan         nan       nan       nan
       15        148       0   0.000  0.000      0       nan           nan         nan         nan       nan       nan
       15        150       0   0.000  0.000      0       nan           nan         nan         nan       nan       nan
       15        153       0   0.000  0.000      0       nan           nan         nan         nan       nan       nan
       15        157       0   0.000  0.000      0       nan           nan         nan         nan       nan       nan
       15        159       0   0.000  0.000      0       nan           nan         nan         nan       nan       nan
       15        161       0   0.000  0.000      0       nan           nan         nan         nan       nan       nan
       15        166       0   0.000  0.000      0       nan           nan         nan         nan       nan       nan
       15        167       0   0.000  0.000      0       nan           nan         nan         nan       nan       nan
       15        169       0   0.000  0.000      0       nan           nan         nan         nan       nan       nan
       15        170       0   0.000  0.000      0       nan           nan         nan         nan       nan       nan
       15        172       0   0.000  0.000      0       nan           nan         nan         nan       nan       nan
       15        174       0   0.000  0.000      0       nan           nan         nan         nan       nan       nan
       15        179       0   0.000  0.000      0       nan           nan         nan         nan       nan       nan
       15        180       0   0.000  0.000      0       nan           nan         nan         nan       nan       nan
       15        182       0   0.000  0.000      0       nan           nan         nan         nan       nan       nan
       15        183       0   0.000  0.000      0       nan           nan         nan         nan       nan       nan
       15        184       0   0.000  0.000      0       nan           nan         nan         nan       nan       nan
       15        189       0   0.000  0.000      0       nan           nan         nan         nan       nan       nan
       15        191       0   0.000  0.000      0       nan           nan         nan         nan       nan       nan
       15        192       0   0.000  0.000      0       nan           nan         nan         nan       nan       nan
       15        193       0   0.000  0.000      0       nan           nan         nan         nan       nan       nan
       15        195       0   0.000  0.000      0       nan           nan         nan         nan       nan       nan
       15        196       0   0.000  0.000      0       nan           nan         nan         nan       nan       nan
       15        197       0   0.000  0.000      0       nan           nan         nan         nan       nan       nan
       15        200       0   0.000  0.000      0       nan           nan         nan         nan       nan       nan
       15        201       0   0.000  0.000      0       nan           nan         nan         nan       nan       nan
       15        202       0   0.000  0.000      0       nan           nan         nan         nan       nan       nan
       16        115       1   0.147  0.287    828     1.000           1.0        99.0       100.0      16.0      16.0
       16         72       1   0.077  0.152    896     1.000           1.0        99.0       100.0      17.4      17.4
       16        125       0   0.024  0.209    820     1.414           5.1        99.4       104.5      16.0      22.6
       16        101       0   0.012  0.258   1516     1.542          12.6        98.7       111.3      22.6      34.9
       16        102       0   0.006  0.180    648     1.000          28.7        95.2        66.6      16.0      16.0
       16         60       0   0.005  0.151   1640     1.297          22.0        97.4       119.4      19.0      24.7
       16        190       1   0.005  0.051    152     1.000          10.0        90.0       100.0      16.0      16.0
       16        158       0   0.004  0.014     72     3.084           0.0        90.0        90.0      16.0      49.4
       16        106       0   0.004  0.169   1960     1.834          21.4        98.6       120.0      22.6      41.5
       16        175       0   0.003  0.148    516     1.682          25.6        92.8        67.1      16.0      26.9
       16        143       0   0.003  0.400   1856     3.364          36.8        96.8        60.0      16.0      53.8
       16        138       0   0.003  0.295   1716     3.084          32.6        96.5        63.9      16.0      49.4
       16        157       0   0.003  0.140    440     1.189          42.7        97.7        55.0      16.0      19.0
       16        104       0   0.002  0.188    900     2.000          49.0        99.0        50.0      16.0      32.0
       16        163       0   0.002  0.394   1672     5.657          38.0        98.0        60.0      16.0      90.5
       16        100       0   0.001  0.066    580     2.594          16.2        90.1        73.9      16.0      41.5
       16        172       0   0.001  0.035    112     1.000          30.0       100.0       130.0      17.4      17.4
       16        116       0   0.001  0.061    528     4.362          20.3        99.7       120.0      22.6      98.7
       16        198       0   0.001  0.046    228     2.594          30.0       100.0       130.0      22.6      58.7
       16         76       0   0.001  0.173   2044     6.727          45.6        97.6        52.0      16.0     107.6
       16         98       0   0.001  0.057    932     5.187          20.7        96.3        75.6      22.6     117.4
       16        178       0   0.000  0.054    268     5.657          20.0        90.0        70.0      16.0      90.5
       16         66       0   0.000  0.031   1180     4.000          23.4        96.6       120.0      22.6      90.5
       16        127       0   0.000  0.011     92     3.364          10.0       100.0       110.0      22.6      76.1
       16         55       0   0.000  0.014    376     1.834          30.0        90.0       120.0      16.0      29.3
       16         54       0   0.000  0.010    356     1.682          30.0        90.0       120.0      16.0      26.9
       16         58       0   0.000  0.008    564     3.668          29.1        90.9       120.0      16.0      58.7
       16        149       0   0.000  0.017    168     4.000          60.0        90.0       150.0      16.0      64.0
       16        131       0   0.000  0.001      4     1.000          60.0       100.0        40.0      20.7      20.7
       16         56       0   0.000  0.000      0       nan           nan         nan         nan       nan       nan
       16         57       0   0.000  0.000      0       nan           nan         nan         nan       nan       nan
       16         59       0   0.000  0.000      0       nan           nan         nan         nan       nan       nan
       16         61       0   0.000  0.000      0       nan           nan         nan         nan       nan       nan
       16         62       0   0.000  0.000      0       nan           nan         nan         nan       nan       nan
       16         63       0   0.000  0.000      0       nan           nan         nan         nan       nan       nan
       16         64       0   0.000  0.000      0       nan           nan         nan         nan       nan       nan
       16         65       0   0.000  0.000      0       nan           nan         nan         nan       nan       nan
       16         67       0   0.000  0.000      0       nan           nan         nan         nan       nan       nan
       16         68       0   0.000  0.000      0       nan           nan         nan         nan       nan       nan
       16         69       0   0.000  0.000      0       nan           nan         nan         nan       nan       nan
       16         70       0   0.000  0.000      0       nan           nan         nan         nan       nan       nan
       16         71       0   0.000  0.000      0       nan           nan         nan         nan       nan       nan
       16         73       0   0.000  0.000      0       nan           nan         nan         nan       nan       nan
       16         74       0   0.000  0.000      0       nan           nan         nan         nan       nan       nan
       16         75       0   0.000  0.000      0       nan           nan         nan         nan       nan       nan
       16         77       0   0.000  0.000      0       nan           nan         nan         nan       nan       nan
       16         78       0   0.000  0.000      0       nan           nan         nan         nan       nan       nan
       16         79       0   0.000  0.000      0       nan           nan         nan         nan       nan       nan
       16         80       0   0.000  0.000      0       nan           nan         nan         nan       nan       nan
       16         81       0   0.000  0.000      0       nan           nan         nan         nan       nan       nan
       16         82       0   0.000  0.000      0       nan           nan         nan         nan       nan       nan
       16         83       0   0.000  0.000      0       nan           nan         nan         nan       nan       nan
       16         84       0   0.000  0.000      0       nan           nan         nan         nan       nan       nan
       16         85       0   0.000  0.000      0       nan           nan         nan         nan       nan       nan
       16         86       0   0.000  0.000      0       nan           nan         nan         nan       nan       nan
       16         87       0   0.000  0.000      0       nan           nan         nan         nan       nan       nan
       16         88       0   0.000  0.000      0       nan           nan         nan         nan       nan       nan
       16         89       0   0.000  0.000      0       nan           nan         nan         nan       nan       nan
       16         90       0   0.000  0.000      0       nan           nan         nan         nan       nan       nan
       16         91       0   0.000  0.000      0       nan           nan         nan         nan       nan       nan
       16         92       0   0.000  0.000      0       nan           nan         nan         nan       nan       nan
       16         93       0   0.000  0.000      0       nan           nan         nan         nan       nan       nan
       16         94       0   0.000  0.000      0       nan           nan         nan         nan       nan       nan
       16         95       0   0.000  0.000      0       nan           nan         nan         nan       nan       nan
       16         96       0   0.000  0.000      0       nan           nan         nan         nan       nan       nan
       16         97       0   0.000  0.000      0       nan           nan         nan         nan       nan       nan
       16         99       0   0.000  0.000      0       nan           nan         nan         nan       nan       nan
       16        103       0   0.000  0.000      0       nan           nan         nan         nan       nan       nan
       16        105       0   0.000  0.000      0       nan           nan         nan         nan       nan       nan
       16        107       0   0.000  0.000      0       nan           nan         nan         nan       nan       nan
       16        108       0   0.000  0.000      0       nan           nan         nan         nan       nan       nan
       16        109       0   0.000  0.000      0       nan           nan         nan         nan       nan       nan
       16        110       0   0.000  0.000      0       nan           nan         nan         nan       nan       nan
       16        111       0   0.000  0.000      0       nan           nan         nan         nan       nan       nan
       16        112       0   0.000  0.000      0       nan           nan         nan         nan       nan       nan
       16        113       0   0.000  0.000      0       nan           nan         nan         nan       nan       nan
       16        114       0   0.000  0.000      0       nan           nan         nan         nan       nan       nan
       16        117       0   0.000  0.000      0       nan           nan         nan         nan       nan       nan
       16        118       0   0.000  0.000      0       nan           nan         nan         nan       nan       nan
       16        119       0   0.000  0.000      0       nan           nan         nan         nan       nan       nan
       16        120       0   0.000  0.000      0       nan           nan         nan         nan       nan       nan
       16        121       0   0.000  0.000      0       nan           nan         nan         nan       nan       nan
       16        122       0   0.000  0.000      0       nan           nan         nan         nan       nan       nan
       16        123       0   0.000  0.000      0       nan           nan         nan         nan       nan       nan
       16        124       0   0.000  0.000      0       nan           nan         nan         nan       nan       nan
       16        126       0   0.000  0.000      0       nan           nan         nan         nan       nan       nan
       16        128       0   0.000  0.000      0       nan           nan         nan         nan       nan       nan
       16        129       0   0.000  0.000      0       nan           nan         nan         nan       nan       nan
       16        130       0   0.000  0.000      0       nan           nan         nan         nan       nan       nan
       16        132       0   0.000  0.000      0       nan           nan         nan         nan       nan       nan
       16        133       0   0.000  0.000      0       nan           nan         nan         nan       nan       nan
       16        134       0   0.000  0.000      0       nan           nan         nan         nan       nan       nan
       16        135       0   0.000  0.000      0       nan           nan         nan         nan       nan       nan
       16        136       0   0.000  0.000      0       nan           nan         nan         nan       nan       nan
       16        137       0   0.000  0.000      0       nan           nan         nan         nan       nan       nan
       16        139       0   0.000  0.000      0       nan           nan         nan         nan       nan       nan
       16        140       0   0.000  0.000      0       nan           nan         nan         nan       nan       nan
       16        141       0   0.000  0.000      0       nan           nan         nan         nan       nan       nan
       16        142       0   0.000  0.000      0       nan           nan         nan         nan       nan       nan
       16        144       0   0.000  0.000      0       nan           nan         nan         nan       nan       nan
       16        145       0   0.000  0.000      0       nan           nan         nan         nan       nan       nan
       16        146       0   0.000  0.000      0       nan           nan         nan         nan       nan       nan
       16        147       0   0.000  0.000      0       nan           nan         nan         nan       nan       nan
       16        148       0   0.000  0.000      0       nan           nan         nan         nan       nan       nan
       16        150       0   0.000  0.000      0       nan           nan         nan         nan       nan       nan
       16        151       0   0.000  0.000      0       nan           nan         nan         nan       nan       nan
       16        152       0   0.000  0.000      0       nan           nan         nan         nan       nan       nan
       16        153       0   0.000  0.000      0       nan           nan         nan         nan       nan       nan
       16        154       0   0.000  0.000      0       nan           nan         nan         nan       nan       nan
       16        155       0   0.000  0.000      0       nan           nan         nan         nan       nan       nan
       16        156       0   0.000  0.000      0       nan           nan         nan         nan       nan       nan
       16        159       0   0.000  0.000      0       nan           nan         nan         nan       nan       nan
       16        160       0   0.000  0.000      0       nan           nan         nan         nan       nan       nan
       16        161       0   0.000  0.000      0       nan           nan         nan         nan       nan       nan
       16        162       0   0.000  0.000      0       nan           nan         nan         nan       nan       nan
       16        164       0   0.000  0.000      0       nan           nan         nan         nan       nan       nan
       16        165       0   0.000  0.000      0       nan           nan         nan         nan       nan       nan
       16        166       0   0.000  0.000      0       nan           nan         nan         nan       nan       nan
       16        167       0   0.000  0.000      0       nan           nan         nan         nan       nan       nan
       16        168       0   0.000  0.000      0       nan           nan         nan         nan       nan       nan
       16        169       0   0.000  0.000      0       nan           nan         nan         nan       nan       nan
       16        170       0   0.000  0.000      0       nan           nan         nan         nan       nan       nan
       16        171       0   0.000  0.000      0       nan           nan         nan         nan       nan       nan
       16        173       0   0.000  0.000      0       nan           nan         nan         nan       nan       nan
       16        174       0   0.000  0.000      0       nan           nan         nan         nan       nan       nan
       16        176       0   0.000  0.000      0       nan           nan         nan         nan       nan       nan
       16        177       0   0.000  0.000      0       nan           nan         nan         nan       nan       nan
       16        179       0   0.000  0.000      0       nan           nan         nan         nan       nan       nan
       16        180       0   0.000  0.000      0       nan           nan         nan         nan       nan       nan
       16        181       0   0.000  0.000      0       nan           nan         nan         nan       nan       nan
       16        182       0   0.000  0.000      0       nan           nan         nan         nan       nan       nan
       16        183       0   0.000  0.000      0       nan           nan         nan         nan       nan       nan
       16        184       0   0.000  0.000      0       nan           nan         nan         nan       nan       nan
       16        185       0   0.000  0.000      0       nan           nan         nan         nan       nan       nan
       16        186       0   0.000  0.000      0       nan           nan         nan         nan       nan       nan
       16        187       0   0.000  0.000      0       nan           nan         nan         nan       nan       nan
       16        188       0   0.000  0.000      0       nan           nan         nan         nan       nan       nan
       16        189       0   0.000  0.000      0       nan           nan         nan         nan       nan       nan
       16        191       0   0.000  0.000      0       nan           nan         nan         nan       nan       nan
       16        192       0   0.000  0.000      0       nan           nan         nan         nan       nan       nan
       16        193       0   0.000  0.000      0       nan           nan         nan         nan       nan       nan
       16        194       0   0.000  0.000      0       nan           nan         nan         nan       nan       nan
       16        195       0   0.000  0.000      0       nan           nan         nan         nan       nan       nan
       16        196       0   0.000  0.000      0       nan           nan         nan         nan       nan       nan
       16        197       0   0.000  0.000      0       nan           nan         nan         nan       nan       nan
       16        199       0   0.000  0.000      0       nan           nan         nan         nan       nan       nan
       16        200       0   0.000  0.000      0       nan           nan         nan         nan       nan       nan
       16        201       0   0.000  0.000      0       nan           nan         nan         nan       nan       nan
       16        202       0   0.000  0.000      0       nan           nan         nan         nan       nan       nan
       17         54       0   0.003  0.022    940     1.297           4.6        97.7        93.1      26.9      34.9
       17        118       0   0.002  0.053    620     1.542          16.2        93.8       110.0      22.6      34.9
       17         65       0   0.002  0.068   1312     2.181          18.5        98.5        80.0      26.9      58.7
       17        174       0   0.001  0.038    408     1.414          20.0       100.0       120.0      26.9      19.0
       17         58       0   0.001  0.022   1764     2.378           6.6        97.4        90.8      26.9      64.0
       17        120       0   0.001  0.010    112     1.045          10.0       100.0        90.0      26.9      28.1
       17         68       0   0.000  0.011    220     1.542          20.0       100.0        80.0      26.9      41.5
       17         75       0   0.000  0.009    112     1.297          20.0        90.0       110.0      22.6      29.3
       17         55       0   0.000  0.009    308     1.189          23.8        96.2       120.0      26.9      32.0
       17         56       0   0.000  0.001     16     1.189           2.5        92.5        90.0      22.6      19.0
       17         62       0   0.000  0.011    212     2.181          30.0       100.0       130.0      26.9      58.7
       17        109       0   0.000  0.003     32     1.542          30.0       100.0        70.0      26.9      41.5
       17        133       0   0.000  0.000      4     1.414          20.0       100.0        80.0      26.9      19.0
       17         94       0   0.000  0.001     20     3.668          30.0       100.0       130.0      26.9      98.7
       17         57       0   0.000  0.000      0       nan           nan         nan         nan       nan       nan
       17         59       0   0.000  0.000      0       nan           nan         nan         nan       nan       nan
       17         60       0   0.000  0.000      0       nan           nan         nan         nan       nan       nan
       17         61       0   0.000  0.000      0       nan           nan         nan         nan       nan       nan
       17         63       0   0.000  0.000      0       nan           nan         nan         nan       nan       nan
       17         64       0   0.000  0.000      0       nan           nan         nan         nan       nan       nan
       17         66       0   0.000  0.000      0       nan           nan         nan         nan       nan       nan
       17         67       0   0.000  0.000      0       nan           nan         nan         nan       nan       nan
       17         69       0   0.000  0.000      0       nan           nan         nan         nan       nan       nan
       17         70       0   0.000  0.000      0       nan           nan         nan         nan       nan       nan
       17         71       0   0.000  0.000      0       nan           nan         nan         nan       nan       nan
       17         72       0   0.000  0.000      0       nan           nan         nan         nan       nan       nan
       17         73       0   0.000  0.000      0       nan           nan         nan         nan       nan       nan
       17         74       0   0.000  0.000      0       nan           nan         nan         nan       nan       nan
       17         76       0   0.000  0.000      0       nan           nan         nan         nan       nan       nan
       17         77       0   0.000  0.000      0       nan           nan         nan         nan       nan       nan
       17         78       0   0.000  0.000      0       nan           nan         nan         nan       nan       nan
       17         79       0   0.000  0.000      0       nan           nan         nan         nan       nan       nan
       17         80       0   0.000  0.000      0       nan           nan         nan         nan       nan       nan
       17         81       0   0.000  0.000      0       nan           nan         nan         nan       nan       nan
       17         82       0   0.000  0.000      0       nan           nan         nan         nan       nan       nan
       17         83       0   0.000  0.000      0       nan           nan         nan         nan       nan       nan
       17         84       0   0.000  0.000      0       nan           nan         nan         nan       nan       nan
       17         85       0   0.000  0.000      0       nan           nan         nan         nan       nan       nan
       17         86       0   0.000  0.000      0       nan           nan         nan         nan       nan       nan
       17         87       0   0.000  0.000      0       nan           nan         nan         nan       nan       nan
       17         88       0   0.000  0.000      0       nan           nan         nan         nan       nan       nan
       17         89       0   0.000  0.000      0       nan           nan         nan         nan       nan       nan
       17         90       0   0.000  0.000      0       nan           nan         nan         nan       nan       nan
       17         91       0   0.000  0.000      0       nan           nan         nan         nan       nan       nan
       17         92       0   0.000  0.000      0       nan           nan         nan         nan       nan       nan
       17         93       0   0.000  0.000      0       nan           nan         nan         nan       nan       nan
       17         95       0   0.000  0.000      0       nan           nan         nan         nan       nan       nan
       17         96       0   0.000  0.000      0       nan           nan         nan         nan       nan       nan
       17         97       0   0.000  0.000      0       nan           nan         nan         nan       nan       nan
       17         98       0   0.000  0.000      0       nan           nan         nan         nan       nan       nan
       17         99       0   0.000  0.000      0       nan           nan         nan         nan       nan       nan
       17        100       0   0.000  0.000      0       nan           nan         nan         nan       nan       nan
       17        101       0   0.000  0.000      0       nan           nan         nan         nan       nan       nan
       17        102       0   0.000  0.000      0       nan           nan         nan         nan       nan       nan
       17        103       0   0.000  0.000      0       nan           nan         nan         nan       nan       nan
       17        104       0   0.000  0.000      0       nan           nan         nan         nan       nan       nan
       17        105       0   0.000  0.000      0       nan           nan         nan         nan       nan       nan
       17        106       0   0.000  0.000      0       nan           nan         nan         nan       nan       nan
       17        107       0   0.000  0.000      0       nan           nan         nan         nan       nan       nan
       17        108       0   0.000  0.000      0       nan           nan         nan         nan       nan       nan
       17        110       0   0.000  0.000      0       nan           nan         nan         nan       nan       nan
       17        111       0   0.000  0.000      0       nan           nan         nan         nan       nan       nan
       17        112       0   0.000  0.000      0       nan           nan         nan         nan       nan       nan
       17        113       0   0.000  0.000      0       nan           nan         nan         nan       nan       nan
       17        114       0   0.000  0.000      0       nan           nan         nan         nan       nan       nan
       17        115       0   0.000  0.000      0       nan           nan         nan         nan       nan       nan
       17        116       0   0.000  0.000      0       nan           nan         nan         nan       nan       nan
       17        117       0   0.000  0.000      0       nan           nan         nan         nan       nan       nan
       17        119       0   0.000  0.000      0       nan           nan         nan         nan       nan       nan
       17        121       0   0.000  0.000      0       nan           nan         nan         nan       nan       nan
       17        122       0   0.000  0.000      0       nan           nan         nan         nan       nan       nan
       17        123       0   0.000  0.000      0       nan           nan         nan         nan       nan       nan
       17        124       0   0.000  0.000      0       nan           nan         nan         nan       nan       nan
       17        125       0   0.000  0.000      0       nan           nan         nan         nan       nan       nan
       17        126       0   0.000  0.000      0       nan           nan         nan         nan       nan       nan
       17        127       0   0.000  0.000      0       nan           nan         nan         nan       nan       nan
       17        128       0   0.000  0.000      0       nan           nan         nan         nan       nan       nan
       17        129       0   0.000  0.000      0       nan           nan         nan         nan       nan       nan
       17        130       0   0.000  0.000      0       nan           nan         nan         nan       nan       nan
       17        131       0   0.000  0.000      0       nan           nan         nan         nan       nan       nan
       17        132       0   0.000  0.000      0       nan           nan         nan         nan       nan       nan
       17        134       0   0.000  0.000      0       nan           nan         nan         nan       nan       nan
       17        135       0   0.000  0.000      0       nan           nan         nan         nan       nan       nan
       17        136       0   0.000  0.000      0       nan           nan         nan         nan       nan       nan
       17        137       0   0.000  0.000      0       nan           nan         nan         nan       nan       nan
       17        138       0   0.000  0.000      0       nan           nan         nan         nan       nan       nan
       17        139       0   0.000  0.000      0       nan           nan         nan         nan       nan       nan
       17        140       0   0.000  0.000      0       nan           nan         nan         nan       nan       nan
       17        141       0   0.000  0.000      0       nan           nan         nan         nan       nan       nan
       17        142       0   0.000  0.000      0       nan           nan         nan         nan       nan       nan
       17        143       0   0.000  0.000      0       nan           nan         nan         nan       nan       nan
       17        144       0   0.000  0.000      0       nan           nan         nan         nan       nan       nan
       17        145       0   0.000  0.000      0       nan           nan         nan         nan       nan       nan
       17        146       0   0.000  0.000      0       nan           nan         nan         nan       nan       nan
       17        147       0   0.000  0.000      0       nan           nan         nan         nan       nan       nan
       17        148       0   0.000  0.000      0       nan           nan         nan         nan       nan       nan
       17        149       0   0.000  0.000      0       nan           nan         nan         nan       nan       nan
       17        150       0   0.000  0.000      0       nan           nan         nan         nan       nan       nan
       17        151       0   0.000  0.000      0       nan           nan         nan         nan       nan       nan
       17        152       0   0.000  0.000      0       nan           nan         nan         nan       nan       nan
       17        153       0   0.000  0.000      0       nan           nan         nan         nan       nan       nan
       17        154       0   0.000  0.000      0       nan           nan         nan         nan       nan       nan
       17        155       0   0.000  0.000      0       nan           nan         nan         nan       nan       nan
       17        156       0   0.000  0.000      0       nan           nan         nan         nan       nan       nan
       17        157       0   0.000  0.000      0       nan           nan         nan         nan       nan       nan
       17        158       0   0.000  0.000      0       nan           nan         nan         nan       nan       nan
       17        159       0   0.000  0.000      0       nan           nan         nan         nan       nan       nan
       17        160       0   0.000  0.000      0       nan           nan         nan         nan       nan       nan
       17        161       0   0.000  0.000      0       nan           nan         nan         nan       nan       nan
       17        162       0   0.000  0.000      0       nan           nan         nan         nan       nan       nan
       17        163       0   0.000  0.000      0       nan           nan         nan         nan       nan       nan
       17        164       0   0.000  0.000      0       nan           nan         nan         nan       nan       nan
       17        165       0   0.000  0.000      0       nan           nan         nan         nan       nan       nan
       17        166       0   0.000  0.000      0       nan           nan         nan         nan       nan       nan
       17        167       0   0.000  0.000      0       nan           nan         nan         nan       nan       nan
       17        168       0   0.000  0.000      0       nan           nan         nan         nan       nan       nan
       17        169       0   0.000  0.000      0       nan           nan         nan         nan       nan       nan
       17        170       0   0.000  0.000      0       nan           nan         nan         nan       nan       nan
       17        171       0   0.000  0.000      0       nan           nan         nan         nan       nan       nan
       17        172       0   0.000  0.000      0       nan           nan         nan         nan       nan       nan
       17        173       0   0.000  0.000      0       nan           nan         nan         nan       nan       nan
       17        175       0   0.000  0.000      0       nan           nan         nan         nan       nan       nan
       17        176       0   0.000  0.000      0       nan           nan         nan         nan       nan       nan
       17        177       0   0.000  0.000      0       nan           nan         nan         nan       nan       nan
       17        178       0   0.000  0.000      0       nan           nan         nan         nan       nan       nan
       17        179       0   0.000  0.000      0       nan           nan         nan         nan       nan       nan
       17        180       0   0.000  0.000      0       nan           nan         nan         nan       nan       nan
       17        181       0   0.000  0.000      0       nan           nan         nan         nan       nan       nan
       17        182       0   0.000  0.000      0       nan           nan         nan         nan       nan       nan
       17        183       0   0.000  0.000      0       nan           nan         nan         nan       nan       nan
       17        184       0   0.000  0.000      0       nan           nan         nan         nan       nan       nan
       17        185       0   0.000  0.000      0       nan           nan         nan         nan       nan       nan
       17        186       0   0.000  0.000      0       nan           nan         nan         nan       nan       nan
       17        187       0   0.000  0.000      0       nan           nan         nan         nan       nan       nan
       17        188       0   0.000  0.000      0       nan           nan         nan         nan       nan       nan
       17        189       0   0.000  0.000      0       nan           nan         nan         nan       nan       nan
       17        190       0   0.000  0.000      0       nan           nan         nan         nan       nan       nan
       17        191       0   0.000  0.000      0       nan           nan         nan         nan       nan       nan
       17        192       0   0.000  0.000      0       nan           nan         nan         nan       nan       nan
       17        193       0   0.000  0.000      0       nan           nan         nan         nan       nan       nan
       17        194       0   0.000  0.000      0       nan           nan         nan         nan       nan       nan
       17        195       0   0.000  0.000      0       nan           nan         nan         nan       nan       nan
       17        196       0   0.000  0.000      0       nan           nan         nan         nan       nan       nan
       17        197       0   0.000  0.000      0       nan           nan         nan         nan       nan       nan
       17        198       0   0.000  0.000      0       nan           nan         nan         nan       nan       nan
       17        199       0   0.000  0.000      0       nan           nan         nan         nan       nan       nan
       17        200       0   0.000  0.000      0       nan           nan         nan         nan       nan       nan
       17        201       0   0.000  0.000      0       nan           nan         nan         nan       nan       nan
       17        202       0   0.000  0.000      0       nan           nan         nan         nan       nan       nan
       18        110       1   0.119  0.130    952     1.091           0.0       100.0       100.0      38.1      34.9
       18         57       0   0.092  0.184   2268     1.682           0.2        95.7        95.9      38.1      22.6
       18         77       1   0.063  0.224   1244     1.091           2.2        87.8        90.0      29.3      26.9
       18         90       0   0.060  0.136   1052     1.414           0.6       100.0       100.6      38.1      26.9
       18         68       1   0.047  0.280   3224     1.000           5.0        92.0        87.0      38.1      38.1
       18         80       1   0.020  0.220   1272     1.000           9.9        89.9        80.0      29.3      29.3
       18         54       0   0.014  0.153   5204     1.414           6.8        94.4       101.2      38.1      26.9
       18         58       0   0.012  0.074   5232     2.181           1.8        94.4        96.2      38.1      83.0
       18         78       0   0.008  0.151   2060     1.414          11.7        91.7        80.0      34.9      49.4
       18         56       0   0.008  0.157   1844     2.000           9.3        99.3        90.0      38.1      19.0
       18         55       0   0.006  0.174   4320     1.297          19.7        95.5       115.2      38.1      29.3
       18         79       0   0.005  0.121    728     2.378          10.2        97.6        87.4      38.1      16.0
       18        128       0   0.004  0.177   1020     1.542          25.5        95.5        70.0      38.1      24.7
       18         96       0   0.004  0.167    888     2.181          18.7        97.8        79.1      38.1      17.4
       18         70       0   0.004  0.189   1384     1.834          27.7       100.0       127.7      38.1      20.7
       18        137       0   0.003  0.129    720     1.189          30.0       100.0       130.0      38.1      32.0
       18        165       0   0.003  0.032    168     2.378           3.3       100.0       103.3      38.1      16.0
       18        105       0   0.003  0.138    792     1.682          30.1       100.0        69.9      38.1      22.6
       18         99       0   0.002  0.061    320     2.378          10.0       100.0       110.0      38.1      16.0
       18         95       0   0.002  0.043    616     1.000          23.1        86.9       110.0      38.1      38.1
       18        168       0   0.002  0.102    960     1.414          45.1        94.9       140.0      38.1      53.8
       18        149       0   0.001  0.108   1228     1.297          54.7       100.0       154.7      38.1      49.4
       18        155       0   0.001  0.198   1936     3.084          50.4        99.6       150.0      38.1     117.4
       18         65       0   0.001  0.068   1016     2.000          27.4       100.0        72.6      38.1      76.1
       18         66       0   0.001  0.078   3044     1.542          46.0        94.0       140.0      38.1      58.7
       18         64       0   0.001  0.037    340     1.091          30.7        76.2       107.0      24.7      22.6
       18        127       0   0.001  0.013    140     2.000           5.4       100.0       105.4      38.1      76.1
       18         98       0   0.001  0.060   1112     2.828          20.0       100.0        80.0      38.1     107.6
       18        173       0   0.001  0.070    500     2.378          30.0       100.0        70.0      38.1      90.5
       18        145       0   0.001  0.040    220     2.181          20.0       100.0        80.0      38.1      17.4
       18         97       0   0.001  0.033    204     1.000          40.0        70.0       110.0      24.7      24.7
       18        106       0   0.001  0.017    272     1.091          20.0       100.0       120.0      38.1      41.5
       18        156       0   0.001  0.044    272     1.414          40.3        70.0       110.3      24.7      17.4
       18        129       0   0.001  0.065    748     3.364          31.9        78.1       110.0      26.9      90.5
       18        111       0   0.001  0.022    164     1.682          21.9        90.0        68.1      38.1      22.6
       18        164       0   0.001  0.041    240     1.189          60.0        70.0       130.0      24.7      29.3
       18        181       0   0.001  0.012     76     2.000          10.0       100.0        90.0      38.1      19.0
       18        103       0   0.001  0.069   1456     3.364          36.5        83.5       120.0      29.3      98.7
       18        140       0   0.001  0.031    180     2.181          26.2        96.2        70.0      38.1      17.4
       18         88       0   0.000  0.025    712     2.594          19.8        80.2       100.0      34.9      90.5
       18         74       0   0.000  0.007     40     1.834          10.0       100.0       110.0      38.1      20.7
       18        152       0   0.000  0.023    216     1.189          60.0       100.0       160.0      38.1      45.3
       18        194       0   0.000  0.022    120     1.834          40.0       100.0        60.0      38.1      20.7
       18         63       0   0.000  0.014    220     1.000          49.3        70.7       120.0      24.7      24.7
       18         83       0   0.000  0.013    124     1.189          48.8        71.2       120.0      24.7      20.7
       18         71       0   0.000  0.001      8     2.378          10.0       100.0       110.0      38.1      16.0
       18         92       0   0.000  0.003     28     2.000          50.0        70.0       120.0      24.7      49.4
       18        113       0   0.000  0.001      8     1.045          35.0        85.0       120.0      36.5      34.9
       18        132       0   0.000  0.002     32     4.000          30.0        70.0       100.0      24.7      98.7
       18         59       0   0.000  0.000      0       nan           nan         nan         nan       nan       nan
       18         60       0   0.000  0.000      0       nan           nan         nan         nan       nan       nan
       18         61       0   0.000  0.000      0       nan           nan         nan         nan       nan       nan
       18         62       0   0.000  0.000      0       nan           nan         nan         nan       nan       nan
       18         67       0   0.000  0.000      0       nan           nan         nan         nan       nan       nan
       18         69       0   0.000  0.000      0       nan           nan         nan         nan       nan       nan
       18         72       0   0.000  0.000      0       nan           nan         nan         nan       nan       nan
       18         73       0   0.000  0.000      0       nan           nan         nan         nan       nan       nan
       18         75       0   0.000  0.000      0       nan           nan         nan         nan       nan       nan
       18         76       0   0.000  0.000      0       nan           nan         nan         nan       nan       nan
       18         81       0   0.000  0.000      0       nan           nan         nan         nan       nan       nan
       18         82       0   0.000  0.000      0       nan           nan         nan         nan       nan       nan
       18         84       0   0.000  0.000      0       nan           nan         nan         nan       nan       nan
       18         85       0   0.000  0.000      0       nan           nan         nan         nan       nan       nan
       18         86       0   0.000  0.000      0       nan           nan         nan         nan       nan       nan
       18         87       0   0.000  0.000      0       nan           nan         nan         nan       nan       nan
       18         89       0   0.000  0.000      0       nan           nan         nan         nan       nan       nan
       18         91       0   0.000  0.000      0       nan           nan         nan         nan       nan       nan
       18         93       0   0.000  0.000      0       nan           nan         nan         nan       nan       nan
       18         94       0   0.000  0.000      0       nan           nan         nan         nan       nan       nan
       18        100       0   0.000  0.000      0       nan           nan         nan         nan       nan       nan
       18        101       0   0.000  0.000      0       nan           nan         nan         nan       nan       nan
       18        102       0   0.000  0.000      0       nan           nan         nan         nan       nan       nan
       18        104       0   0.000  0.000      0       nan           nan         nan         nan       nan       nan
       18        107       0   0.000  0.000      0       nan           nan         nan         nan       nan       nan
       18        108       0   0.000  0.000      0       nan           nan         nan         nan       nan       nan
       18        109       0   0.000  0.000      0       nan           nan         nan         nan       nan       nan
       18        112       0   0.000  0.000      0       nan           nan         nan         nan       nan       nan
       18        114       0   0.000  0.000      0       nan           nan         nan         nan       nan       nan
       18        115       0   0.000  0.000      0       nan           nan         nan         nan       nan       nan
       18        116       0   0.000  0.000      0       nan           nan         nan         nan       nan       nan
       18        117       0   0.000  0.000      0       nan           nan         nan         nan       nan       nan
       18        118       0   0.000  0.000      0       nan           nan         nan         nan       nan       nan
       18        119       0   0.000  0.000      0       nan           nan         nan         nan       nan       nan
       18        120       0   0.000  0.000      0       nan           nan         nan         nan       nan       nan
       18        121       0   0.000  0.000      0       nan           nan         nan         nan       nan       nan
       18        122       0   0.000  0.000      0       nan           nan         nan         nan       nan       nan
       18        123       0   0.000  0.000      0       nan           nan         nan         nan       nan       nan
       18        124       0   0.000  0.000      0       nan           nan         nan         nan       nan       nan
       18        125       0   0.000  0.000      0       nan           nan         nan         nan       nan       nan
       18        126       0   0.000  0.000      0       nan           nan         nan         nan       nan       nan
       18        130       0   0.000  0.000      0       nan           nan         nan         nan       nan       nan
       18        131       0   0.000  0.000      0       nan           nan         nan         nan       nan       nan
       18        133       0   0.000  0.000      0       nan           nan         nan         nan       nan       nan
       18        134       0   0.000  0.000      0       nan           nan         nan         nan       nan       nan
       18        135       0   0.000  0.000      0       nan           nan         nan         nan       nan       nan
       18        136       0   0.000  0.000      0       nan           nan         nan         nan       nan       nan
       18        138       0   0.000  0.000      0       nan           nan         nan         nan       nan       nan
       18        139       0   0.000  0.000      0       nan           nan         nan         nan       nan       nan
       18        141       0   0.000  0.000      0       nan           nan         nan         nan       nan       nan
       18        142       0   0.000  0.000      0       nan           nan         nan         nan       nan       nan
       18        143       0   0.000  0.000      0       nan           nan         nan         nan       nan       nan
       18        144       0   0.000  0.000      0       nan           nan         nan         nan       nan       nan
       18        146       0   0.000  0.000      0       nan           nan         nan         nan       nan       nan
       18        147       0   0.000  0.000      0       nan           nan         nan         nan       nan       nan
       18        148       0   0.000  0.000      0       nan           nan         nan         nan       nan       nan
       18        150       0   0.000  0.000      0       nan           nan         nan         nan       nan       nan
       18        151       0   0.000  0.000      0       nan           nan         nan         nan       nan       nan
       18        153       0   0.000  0.000      0       nan           nan         nan         nan       nan       nan
       18        154       0   0.000  0.000      0       nan           nan         nan         nan       nan       nan
       18        157       0   0.000  0.000      0       nan           nan         nan         nan       nan       nan
       18        158       0   0.000  0.000      0       nan           nan         nan         nan       nan       nan
       18        159       0   0.000  0.000      0       nan           nan         nan         nan       nan       nan
       18        160       0   0.000  0.000      0       nan           nan         nan         nan       nan       nan
       18        161       0   0.000  0.000      0       nan           nan         nan         nan       nan       nan
       18        162       0   0.000  0.000      0       nan           nan         nan         nan       nan       nan
       18        163       0   0.000  0.000      0       nan           nan         nan         nan       nan       nan
       18        166       0   0.000  0.000      0       nan           nan         nan         nan       nan       nan
       18        167       0   0.000  0.000      0       nan           nan         nan         nan       nan       nan
       18        169       0   0.000  0.000      0       nan           nan         nan         nan       nan       nan
       18        170       0   0.000  0.000      0       nan           nan         nan         nan       nan       nan
       18        171       0   0.000  0.000      0       nan           nan         nan         nan       nan       nan
       18        172       0   0.000  0.000      0       nan           nan         nan         nan       nan       nan
       18        174       0   0.000  0.000      0       nan           nan         nan         nan       nan       nan
       18        175       0   0.000  0.000      0       nan           nan         nan         nan       nan       nan
       18        176       0   0.000  0.000      0       nan           nan         nan         nan       nan       nan
       18        177       0   0.000  0.000      0       nan           nan         nan         nan       nan       nan
       18        178       0   0.000  0.000      0       nan           nan         nan         nan       nan       nan
       18        179       0   0.000  0.000      0       nan           nan         nan         nan       nan       nan
       18        180       0   0.000  0.000      0       nan           nan         nan         nan       nan       nan
       18        182       0   0.000  0.000      0       nan           nan         nan         nan       nan       nan
       18        183       0   0.000  0.000      0       nan           nan         nan         nan       nan       nan
       18        184       0   0.000  0.000      0       nan           nan         nan         nan       nan       nan
       18        185       0   0.000  0.000      0       nan           nan         nan         nan       nan       nan
       18        186       0   0.000  0.000      0       nan           nan         nan         nan       nan       nan
       18        187       0   0.000  0.000      0       nan           nan         nan         nan       nan       nan
       18        188       0   0.000  0.000      0       nan           nan         nan         nan       nan       nan
       18        189       0   0.000  0.000      0       nan           nan         nan         nan       nan       nan
       18        190       0   0.000  0.000      0       nan           nan         nan         nan       nan       nan
       18        191       0   0.000  0.000      0       nan           nan         nan         nan       nan       nan
       18        192       0   0.000  0.000      0       nan           nan         nan         nan       nan       nan
       18        193       0   0.000  0.000      0       nan           nan         nan         nan       nan       nan
       18        195       0   0.000  0.000      0       nan           nan         nan         nan       nan       nan
       18        196       0   0.000  0.000      0       nan           nan         nan         nan       nan       nan
       18        197       0   0.000  0.000      0       nan           nan         nan         nan       nan       nan
       18        198       0   0.000  0.000      0       nan           nan         nan         nan       nan       nan
       18        199       0   0.000  0.000      0       nan           nan         nan         nan       nan       nan
       18        200       0   0.000  0.000      0       nan           nan         nan         nan       nan       nan
       18        201       0   0.000  0.000      0       nan           nan         nan         nan       nan       nan
       18        202       0   0.000  0.000      0       nan           nan         nan         nan       nan       nan
       19        120       1   0.042  0.297   1404     1.000           6.0        90.0        84.0      26.9      26.9
       19         54       0   0.002  0.003    124     1.297           0.0        90.0        90.0      24.7      32.0
       19         62       0   0.002  0.151   1836     2.181          40.0        90.0       130.0      26.9      58.7
       19         65       0   0.001  0.038    560     2.378          10.0        90.0        80.0      24.7      58.7
       19        118       0   0.001  0.039    268     1.414          20.0        90.0       110.0      24.7      34.9
       19         94       0   0.001  0.187   1784     3.364          42.5        90.0       132.5      26.9      90.5
       19         58       0   0.000  0.028   2096     2.828          29.5        90.0       119.5      24.7      69.8
       19        141       0   0.000  0.021    120     1.297          50.0        90.0       140.0      24.7      32.0
       19        195       0   0.000  0.048    236     4.362          50.0        90.0       140.0      24.7     107.6
       19        133       0   0.000  0.002     12     1.297          10.0        90.0        80.0      24.7      19.0
       19         55       0   0.000  0.002     60     1.189          30.0        90.0       120.0      26.9      32.0
       19         56       0   0.000  0.000      0       nan           nan         nan         nan       nan       nan
       19         57       0   0.000  0.000      0       nan           nan         nan         nan       nan       nan
       19         59       0   0.000  0.000      0       nan           nan         nan         nan       nan       nan
       19         60       0   0.000  0.000      0       nan           nan         nan         nan       nan       nan
       19         61       0   0.000  0.000      0       nan           nan         nan         nan       nan       nan
       19         63       0   0.000  0.000      0       nan           nan         nan         nan       nan       nan
       19         64       0   0.000  0.000      0       nan           nan         nan         nan       nan       nan
       19         66       0   0.000  0.000      0       nan           nan         nan         nan       nan       nan
       19         67       0   0.000  0.000      0       nan           nan         nan         nan       nan       nan
       19         68       0   0.000  0.000      0       nan           nan         nan         nan       nan       nan
       19         69       0   0.000  0.000      0       nan           nan         nan         nan       nan       nan
       19         70       0   0.000  0.000      0       nan           nan         nan         nan       nan       nan
       19         71       0   0.000  0.000      0       nan           nan         nan         nan       nan       nan
       19         72       0   0.000  0.000      0       nan           nan         nan         nan       nan       nan
       19         73       0   0.000  0.000      0       nan           nan         nan         nan       nan       nan
       19         74       0   0.000  0.000      0       nan           nan         nan         nan       nan       nan
       19         75       0   0.000  0.000      0       nan           nan         nan         nan       nan       nan
       19         76       0   0.000  0.000      0       nan           nan         nan         nan       nan       nan
       19         77       0   0.000  0.000      0       nan           nan         nan         nan       nan       nan
       19         78       0   0.000  0.000      0       nan           nan         nan         nan       nan       nan
       19         79       0   0.000  0.000      0       nan           nan         nan         nan       nan       nan
       19         80       0   0.000  0.000      0       nan           nan         nan         nan       nan       nan
       19         81       0   0.000  0.000      0       nan           nan         nan         nan       nan       nan
       19         82       0   0.000  0.000      0       nan           nan         nan         nan       nan       nan
       19         83       0   0.000  0.000      0       nan           nan         nan         nan       nan       nan
       19         84       0   0.000  0.000      0       nan           nan         nan         nan       nan       nan
       19         85       0   0.000  0.000      0       nan           nan         nan         nan       nan       nan
       19         86       0   0.000  0.000      0       nan           nan         nan         nan       nan       nan
       19         87       0   0.000  0.000      0       nan           nan         nan         nan       nan       nan
       19         88       0   0.000  0.000      0       nan           nan         nan         nan       nan       nan
       19         89       0   0.000  0.000      0       nan           nan         nan         nan       nan       nan
       19         90       0   0.000  0.000      0       nan           nan         nan         nan       nan       nan
       19         91       0   0.000  0.000      0       nan           nan         nan         nan       nan       nan
       19         92       0   0.000  0.000      0       nan           nan         nan         nan       nan       nan
       19         93       0   0.000  0.000      0       nan           nan         nan         nan       nan       nan
       19         95       0   0.000  0.000      0       nan           nan         nan         nan       nan       nan
       19         96       0   0.000  0.000      0       nan           nan         nan         nan       nan       nan
       19         97       0   0.000  0.000      0       nan           nan         nan         nan       nan       nan
       19         98       0   0.000  0.000      0       nan           nan         nan         nan       nan       nan
       19         99       0   0.000  0.000      0       nan           nan         nan         nan       nan       nan
       19        100       0   0.000  0.000      0       nan           nan         nan         nan       nan       nan
       19        101       0   0.000  0.000      0       nan           nan         nan         nan       nan       nan
       19        102       0   0.000  0.000      0       nan           nan         nan         nan       nan       nan
       19        103       0   0.000  0.000      0       nan           nan         nan         nan       nan       nan
       19        104       0   0.000  0.000      0       nan           nan         nan         nan       nan       nan
       19        105       0   0.000  0.000      0       nan           nan         nan         nan       nan       nan
       19        106       0   0.000  0.000      0       nan           nan         nan         nan       nan       nan
       19        107       0   0.000  0.000      0       nan           nan         nan         nan       nan       nan
       19        108       0   0.000  0.000      0       nan           nan         nan         nan       nan       nan
       19        109       0   0.000  0.000      0       nan           nan         nan         nan       nan       nan
       19        110       0   0.000  0.000      0       nan           nan         nan         nan       nan       nan
       19        111       0   0.000  0.000      0       nan           nan         nan         nan       nan       nan
       19        112       0   0.000  0.000      0       nan           nan         nan         nan       nan       nan
       19        113       0   0.000  0.000      0       nan           nan         nan         nan       nan       nan
       19        114       0   0.000  0.000      0       nan           nan         nan         nan       nan       nan
       19        115       0   0.000  0.000      0       nan           nan         nan         nan       nan       nan
       19        116       0   0.000  0.000      0       nan           nan         nan         nan       nan       nan
       19        117       0   0.000  0.000      0       nan           nan         nan         nan       nan       nan
       19        119       0   0.000  0.000      0       nan           nan         nan         nan       nan       nan
       19        121       0   0.000  0.000      0       nan           nan         nan         nan       nan       nan
       19        122       0   0.000  0.000      0       nan           nan         nan         nan       nan       nan
       19        123       0   0.000  0.000      0       nan           nan         nan         nan       nan       nan
       19        124       0   0.000  0.000      0       nan           nan         nan         nan       nan       nan
       19        125       0   0.000  0.000      0       nan           nan         nan         nan       nan       nan
       19        126       0   0.000  0.000      0       nan           nan         nan         nan       nan       nan
       19        127       0   0.000  0.000      0       nan           nan         nan         nan       nan       nan
       19        128       0   0.000  0.000      0       nan           nan         nan         nan       nan       nan
       19        129       0   0.000  0.000      0       nan           nan         nan         nan       nan       nan
       19        130       0   0.000  0.000      0       nan           nan         nan         nan       nan       nan
       19        131       0   0.000  0.000      0       nan           nan         nan         nan       nan       nan
       19        132       0   0.000  0.000      0       nan           nan         nan         nan       nan       nan
       19        134       0   0.000  0.000      0       nan           nan         nan         nan       nan       nan
       19        135       0   0.000  0.000      0       nan           nan         nan         nan       nan       nan
       19        136       0   0.000  0.000      0       nan           nan         nan         nan       nan       nan
       19        137       0   0.000  0.000      0       nan           nan         nan         nan       nan       nan
       19        138       0   0.000  0.000      0       nan           nan         nan         nan       nan       nan
       19        139       0   0.000  0.000      0       nan           nan         nan         nan       nan       nan
       19        140       0   0.000  0.000      0       nan           nan         nan         nan       nan       nan
       19        142       0   0.000  0.000      0       nan           nan         nan         nan       nan       nan
       19        143       0   0.000  0.000      0       nan           nan         nan         nan       nan       nan
       19        144       0   0.000  0.000      0       nan           nan         nan         nan       nan       nan
       19        145       0   0.000  0.000      0       nan           nan         nan         nan       nan       nan
       19        146       0   0.000  0.000      0       nan           nan         nan         nan       nan       nan
       19        147       0   0.000  0.000      0       nan           nan         nan         nan       nan       nan
       19        148       0   0.000  0.000      0       nan           nan         nan         nan       nan       nan
       19        149       0   0.000  0.000      0       nan           nan         nan         nan       nan       nan
       19        150       0   0.000  0.000      0       nan           nan         nan         nan       nan       nan
       19        151       0   0.000  0.000      0       nan           nan         nan         nan       nan       nan
       19        152       0   0.000  0.000      0       nan           nan         nan         nan       nan       nan
       19        153       0   0.000  0.000      0       nan           nan         nan         nan       nan       nan
       19        154       0   0.000  0.000      0       nan           nan         nan         nan       nan       nan
       19        155       0   0.000  0.000      0       nan           nan         nan         nan       nan       nan
       19        156       0   0.000  0.000      0       nan           nan         nan         nan       nan       nan
       19        157       0   0.000  0.000      0       nan           nan         nan         nan       nan       nan
       19        158       0   0.000  0.000      0       nan           nan         nan         nan       nan       nan
       19        159       0   0.000  0.000      0       nan           nan         nan         nan       nan       nan
       19        160       0   0.000  0.000      0       nan           nan         nan         nan       nan       nan
       19        161       0   0.000  0.000      0       nan           nan         nan         nan       nan       nan
       19        162       0   0.000  0.000      0       nan           nan         nan         nan       nan       nan
       19        163       0   0.000  0.000      0       nan           nan         nan         nan       nan       nan
       19        164       0   0.000  0.000      0       nan           nan         nan         nan       nan       nan
       19        165       0   0.000  0.000      0       nan           nan         nan         nan       nan       nan
       19        166       0   0.000  0.000      0       nan           nan         nan         nan       nan       nan
       19        167       0   0.000  0.000      0       nan           nan         nan         nan       nan       nan
       19        168       0   0.000  0.000      0       nan           nan         nan         nan       nan       nan
       19        169       0   0.000  0.000      0       nan           nan         nan         nan       nan       nan
       19        170       0   0.000  0.000      0       nan           nan         nan         nan       nan       nan
       19        171       0   0.000  0.000      0       nan           nan         nan         nan       nan       nan
       19        172       0   0.000  0.000      0       nan           nan         nan         nan       nan       nan
       19        173       0   0.000  0.000      0       nan           nan         nan         nan       nan       nan
       19        174       0   0.000  0.000      0       nan           nan         nan         nan       nan       nan
       19        175       0   0.000  0.000      0       nan           nan         nan         nan       nan       nan
       19        176       0   0.000  0.000      0       nan           nan         nan         nan       nan       nan
       19        177       0   0.000  0.000      0       nan           nan         nan         nan       nan       nan
       19        178       0   0.000  0.000      0       nan           nan         nan         nan       nan       nan
       19        179       0   0.000  0.000      0       nan           nan         nan         nan       nan       nan
       19        180       0   0.000  0.000      0       nan           nan         nan         nan       nan       nan
       19        181       0   0.000  0.000      0       nan           nan         nan         nan       nan       nan
       19        182       0   0.000  0.000      0       nan           nan         nan         nan       nan       nan
       19        183       0   0.000  0.000      0       nan           nan         nan         nan       nan       nan
       19        184       0   0.000  0.000      0       nan           nan         nan         nan       nan       nan
       19        185       0   0.000  0.000      0       nan           nan         nan         nan       nan       nan
       19        186       0   0.000  0.000      0       nan           nan         nan         nan       nan       nan
       19        187       0   0.000  0.000      0       nan           nan         nan         nan       nan       nan
       19        188       0   0.000  0.000      0       nan           nan         nan         nan       nan       nan
       19        189       0   0.000  0.000      0       nan           nan         nan         nan       nan       nan
       19        190       0   0.000  0.000      0       nan           nan         nan         nan       nan       nan
       19        191       0   0.000  0.000      0       nan           nan         nan         nan       nan       nan
       19        192       0   0.000  0.000      0       nan           nan         nan         nan       nan       nan
       19        193       0   0.000  0.000      0       nan           nan         nan         nan       nan       nan
       19        194       0   0.000  0.000      0       nan           nan         nan         nan       nan       nan
       19        196       0   0.000  0.000      0       nan           nan         nan         nan       nan       nan
       19        197       0   0.000  0.000      0       nan           nan         nan         nan       nan       nan
       19        198       0   0.000  0.000      0       nan           nan         nan         nan       nan       nan
       19        199       0   0.000  0.000      0       nan           nan         nan         nan       nan       nan
       19        200       0   0.000  0.000      0       nan           nan         nan         nan       nan       nan
       19        201       0   0.000  0.000      0       nan           nan         nan         nan       nan       nan
       19        202       0   0.000  0.000      0       nan           nan         nan         nan       nan       nan
       20         55       0   0.176  0.356  10580     1.542           0.3       114.6       114.9      41.5      26.9
       20        106       1   0.170  0.274   5804     1.000           0.6       119.5       120.1      41.5      41.5
       20         60       0   0.030  0.134   3060     1.834           1.4       120.0       118.6      41.5      22.6
       20        116       0   0.024  0.064   1352     2.594           0.0       120.0       120.0      38.1      98.7
       20         54       0   0.020  0.349  12992     1.542          10.5       114.1       103.5      41.5      26.9
       20         95       0   0.019  0.147   3352     1.414           4.4       114.4       110.0      29.3      41.5
       20         67       0   0.016  0.032   1076     1.297           0.5       118.8       119.3      41.5      53.8
       20         61       0   0.013  0.031    572     2.378           0.0       120.0       120.0      41.5      17.4
       20        129       0   0.009  0.124   2572     3.084           3.5       113.5       110.0      29.3      90.5
       20         75       0   0.009  0.017    312     2.000           0.0       110.0       110.0      53.8      26.9
       20         66       0   0.008  0.234  10028     1.542          16.9       117.0       133.9      41.5      64.0
       20         57       0   0.008  0.317   6180     2.181          16.4       118.2       101.8      41.5      19.0
       20        118       0   0.008  0.013    232     1.542           0.0       110.0       110.0      53.8      34.9
       20        162       0   0.008  0.011    188     1.414           0.0       120.0       120.0      38.1      26.9
       20         58       0   0.007  0.200  14580     1.682          14.9       114.6        99.7      41.5      69.8
       20        149       0   0.006  0.299   5448     1.414          32.3       119.3       151.5      41.5      58.7
       20        100       0   0.006  0.249   4544     1.000          39.2       119.6        80.4      41.5      41.5
       20         74       0   0.006  0.044    712     1.297           4.5       114.5       110.0      26.9      20.7
       20        101       0   0.006  0.101   1920     1.414          11.0       120.0       109.0      41.5      29.3
       20         97       0   0.006  0.013    220     1.000           1.3       108.7       110.0      24.7      24.7
       20         68       0   0.006  0.215   4572     1.414          26.5       110.4        83.8      53.8      38.1
       20         65       0   0.005  0.200   4508     1.091          34.6       110.3        75.8      53.8      58.7
       20        168       0   0.005  0.174   3180     1.414          24.1       115.9       140.0      38.1      53.8
       20         70       0   0.005  0.126   2220     2.181          10.9       115.9       126.8      38.1      17.4
       20         56       0   0.004  0.332   6148     2.828          25.1       114.3        89.3      53.8      19.0
       20        138       0   0.004  0.264   4380     1.189          49.4       120.0        70.6      41.5      49.4
       20        158       0   0.004  0.147   2392     1.091          30.0       120.0        90.0      41.5      45.3
       20        198       0   0.004  0.072   1256     1.542          10.0       120.0       130.0      38.1      58.7
       20        137       0   0.004  0.066   1084     1.297          12.3       117.7       130.0      41.5      32.0
       20         64       0   0.004  0.012    252     1.091           2.0       108.0       110.0      24.7      26.9
       20         90       0   0.004  0.098   1780     1.297          19.7       119.8       100.1      41.5      32.0
       20        156       0   0.003  0.021    356     1.414           3.9       106.4       110.3      24.7      17.4
       20        110       0   0.003  0.072   1296     1.189          19.2       119.2       100.0      41.5      34.9
       20        143       0   0.002  0.187   3144     1.297          60.0       120.0        60.0      41.5      53.8
       20        155       0   0.002  0.232   4300     2.828          34.3       115.7       150.0      41.5     117.4
       20         69       0   0.002  0.053    864     2.594           8.8       118.8       110.0      41.5      16.0
       20        160       0   0.002  0.061   1000     1.542          20.0       120.0       100.0      41.5      26.9
       20         98       0   0.002  0.201   5156     2.594          41.6       118.5        76.9      41.5     107.6
       20        109       0   0.002  0.096   1680     1.414          40.0       110.0        70.0      53.8      38.1
       20        170       0   0.001  0.060    976     1.297          30.0       110.0        80.0      53.8      41.5
       20        152       0   0.001  0.066   1284     1.091          40.0       120.0       160.0      41.5      45.3
       20         71       0   0.001  0.017    272     1.834           5.7       115.7       110.0      29.3      16.0
       20         88       0   0.001  0.054   2060     3.364          11.4       111.4       100.0      26.9      90.5
       20         77       0   0.001  0.042    724     1.414          23.4       113.4        90.0      38.1      26.9
       20        178       0   0.001  0.134   2208     2.181          50.0       120.0        70.0      41.5      90.5
       20        122       0   0.001  0.049    796     2.594          15.0       120.0       135.0      41.5      16.0
       20         89       0   0.001  0.093   1580     2.000          40.0       110.0        70.0      53.8      26.9
       20        167       0   0.001  0.092   1516     1.682          50.0       110.0        60.0      53.8      32.0
       20         79       0   0.001  0.090   1468     3.364          24.1       112.9        88.8      53.8      16.0
       20         73       0   0.001  0.002     40     1.682           0.0       120.0       120.0      41.5      24.7
       20        127       0   0.001  0.037    772     1.834          18.1       120.0       101.9      41.5      76.1
       20         72       0   0.001  0.050    964     2.378          20.0       120.0       100.0      41.5      17.4
       20        173       0   0.001  0.071   1236     1.682          41.0       111.0        70.0      53.8      90.5
       20        132       0   0.001  0.046   1148     4.000          11.3       111.3       100.0      24.7      98.7
       20        105       0   0.001  0.079   1288     1.682          48.9       118.9        69.9      38.1      22.6
       20         78       0   0.001  0.032    828     1.091          30.4       110.4        80.0      53.8      49.4
       20         63       0   0.001  0.009    244     1.000           9.0       108.2       117.2      24.7      24.7
       20         99       0   0.001  0.021    336     2.594           7.9       117.9       110.0      41.5      16.0
       20        189       0   0.001  0.034    568     1.834          20.0       110.0        90.0      53.8      29.3
       20         80       0   0.001  0.039    676     1.297          33.4       113.4        80.0      38.1      29.3
       20        175       0   0.001  0.066   1084     1.542          51.8       120.0        68.2      41.5      26.9
       20        171       0   0.001  0.039    632     1.542          30.0       120.0        90.0      41.5      26.9
       20        163       0   0.001  0.107   1876     2.181          60.0       120.0        60.0      41.5      90.5
       20        103       0   0.001  0.035   1144     3.668          11.8       108.2       120.0      26.9      98.7
       20        125       0   0.001  0.016    292     1.682          12.9       120.0       107.1      41.5      24.7
       20        181       0   0.001  0.037    624     2.828          18.9       110.2        91.3      53.8      19.0
       20        188       0   0.001  0.049    804     2.000          37.6       117.6        80.0      41.5      20.7
       20         96       0   0.001  0.057    928     2.378          36.5       115.6        79.1      41.5      17.4
       20         76       0   0.001  0.097   2424     2.378          64.5       120.0        55.5      41.5      98.7
       20        164       0   0.001  0.030    508     1.834          26.2       103.8       130.0      16.0      29.3
       20        115       0   0.001  0.032    536     2.594          20.0       120.0       100.0      41.5      16.0
       20        102       0   0.001  0.076   1256     2.594          50.8       120.0        69.2      41.5      16.0
       20         81       0   0.001  0.010    176     1.834          10.0       120.0       110.0      41.5      22.6
       20        136       0   0.001  0.054    880     2.828          36.9       110.0        73.1      53.8      19.0
       20         83       0   0.000  0.006    128     1.189          10.0       110.0       120.0      24.7      20.7
       20        128       0   0.000  0.047    796     2.378          40.0       110.0        70.0      53.8      22.6
       20        140       0   0.000  0.041    672     2.594          40.0       110.0        70.0      53.8      20.7
       20        157       0   0.000  0.038    616     1.682          63.3       120.0        56.7      41.5      24.7
       20        165       0   0.000  0.015    248     2.481          17.8       120.0       102.2      41.5      16.7
       20        190       0   0.000  0.017    276     2.594          20.0       120.0       100.0      41.5      16.0
       20        145       0   0.000  0.030    484     3.084          30.0       110.0        80.0      53.8      17.4
       20        185       0   0.000  0.008    136     1.189          26.2       103.8       130.0      16.0      19.0
       20        104       0   0.000  0.022    416     1.297          70.0       120.0        50.0      41.5      32.0
       20        153       0   0.000  0.004     68     1.542          10.0       120.0       130.0      38.1      24.7
       20         92       0   0.000  0.005    100     2.000          10.0       110.0       120.0      24.7      49.4
       20        119       0   0.000  0.003     48     1.414          10.0       110.0       100.0      24.7      34.9
       20        172       0   0.000  0.005     80     2.594          10.0       120.0       130.0      41.5      16.0
       20         82       0   0.000  0.002     92     2.594          10.0       110.0       100.0      24.7      64.0
       20        194       0   0.000  0.002     40     2.378          50.0       110.0        60.0      53.8      22.6
       20         59       0   0.000  0.000      0       nan           nan         nan         nan       nan       nan
       20         62       0   0.000  0.000      0       nan           nan         nan         nan       nan       nan
       20         84       0   0.000  0.000      0       nan           nan         nan         nan       nan       nan
       20         85       0   0.000  0.000      0       nan           nan         nan         nan       nan       nan
       20         86       0   0.000  0.000      0       nan           nan         nan         nan       nan       nan
       20         87       0   0.000  0.000      0       nan           nan         nan         nan       nan       nan
       20         91       0   0.000  0.000      0       nan           nan         nan         nan       nan       nan
       20         93       0   0.000  0.000      0       nan           nan         nan         nan       nan       nan
       20         94       0   0.000  0.000      0       nan           nan         nan         nan       nan       nan
       20        107       0   0.000  0.000      0       nan           nan         nan         nan       nan       nan
       20        108       0   0.000  0.000      0       nan           nan         nan         nan       nan       nan
       20        111       0   0.000  0.000      0       nan           nan         nan         nan       nan       nan
       20        112       0   0.000  0.000      0       nan           nan         nan         nan       nan       nan
       20        113       0   0.000  0.000      0       nan           nan         nan         nan       nan       nan
       20        114       0   0.000  0.000      0       nan           nan         nan         nan       nan       nan
       20        117       0   0.000  0.000      0       nan           nan         nan         nan       nan       nan
       20        120       0   0.000  0.000      0       nan           nan         nan         nan       nan       nan
       20        121       0   0.000  0.000      0       nan           nan         nan         nan       nan       nan
       20        123       0   0.000  0.000      0       nan           nan         nan         nan       nan       nan
       20        124       0   0.000  0.000      0       nan           nan         nan         nan       nan       nan
       20        126       0   0.000  0.000      0       nan           nan         nan         nan       nan       nan
       20        130       0   0.000  0.000      0       nan           nan         nan         nan       nan       nan
       20        131       0   0.000  0.000      0       nan           nan         nan         nan       nan       nan
       20        133       0   0.000  0.000      0       nan           nan         nan         nan       nan       nan
       20        134       0   0.000  0.000      0       nan           nan         nan         nan       nan       nan
       20        135       0   0.000  0.000      0       nan           nan         nan         nan       nan       nan
       20        139       0   0.000  0.000      0       nan           nan         nan         nan       nan       nan
       20        141       0   0.000  0.000      0       nan           nan         nan         nan       nan       nan
       20        142       0   0.000  0.000      0       nan           nan         nan         nan       nan       nan
       20        144       0   0.000  0.000      0       nan           nan         nan         nan       nan       nan
       20        146       0   0.000  0.000      0       nan           nan         nan         nan       nan       nan
       20        147       0   0.000  0.000      0       nan           nan         nan         nan       nan       nan
       20        148       0   0.000  0.000      0       nan           nan         nan         nan       nan       nan
       20        150       0   0.000  0.000      0       nan           nan         nan         nan       nan       nan
       20        151       0   0.000  0.000      0       nan           nan         nan         nan       nan       nan
       20        154       0   0.000  0.000      0       nan           nan         nan         nan       nan       nan
       20        159       0   0.000  0.000      0       nan           nan         nan         nan       nan       nan
       20        161       0   0.000  0.000      0       nan           nan         nan         nan       nan       nan
       20        166       0   0.000  0.000      0       nan           nan         nan         nan       nan       nan
       20        169       0   0.000  0.000      0       nan           nan         nan         nan       nan       nan
       20        174       0   0.000  0.000      0       nan           nan         nan         nan       nan       nan
       20        176       0   0.000  0.000      0       nan           nan         nan         nan       nan       nan
       20        177       0   0.000  0.000      0       nan           nan         nan         nan       nan       nan
       20        179       0   0.000  0.000      0       nan           nan         nan         nan       nan       nan
       20        180       0   0.000  0.000      0       nan           nan         nan         nan       nan       nan
       20        182       0   0.000  0.000      0       nan           nan         nan         nan       nan       nan
       20        183       0   0.000  0.000      0       nan           nan         nan         nan       nan       nan
       20        184       0   0.000  0.000      0       nan           nan         nan         nan       nan       nan
       20        186       0   0.000  0.000      0       nan           nan         nan         nan       nan       nan
       20        187       0   0.000  0.000      0       nan           nan         nan         nan       nan       nan
       20        191       0   0.000  0.000      0       nan           nan         nan         nan       nan       nan
       20        192       0   0.000  0.000      0       nan           nan         nan         nan       nan       nan
       20        193       0   0.000  0.000      0       nan           nan         nan         nan       nan       nan
       20        195       0   0.000  0.000      0       nan           nan         nan         nan       nan       nan
       20        196       0   0.000  0.000      0       nan           nan         nan         nan       nan       nan
       20        197       0   0.000  0.000      0       nan           nan         nan         nan       nan       nan
       20        199       0   0.000  0.000      0       nan           nan         nan         nan       nan       nan
       20        200       0   0.000  0.000      0       nan           nan         nan         nan       nan       nan
       20        201       0   0.000  0.000      0       nan           nan         nan         nan       nan       nan
       20        202       0   0.000  0.000      0       nan           nan         nan         nan       nan       nan
       21        120       1   0.047  0.267    964     1.189           3.8        85.7        81.9      22.6      26.9
       21         65       0   0.003  0.040    528     2.594           4.4        84.4        80.0      22.6      58.7
       21        118       0   0.001  0.048    252     1.542          20.0        90.0       110.0      22.6      34.9
       21         62       0   0.001  0.127   1404     2.594          46.4        83.6       130.0      22.6      58.7
       21         54       0   0.001  0.001     48     1.414           0.0        90.0        90.0      22.6      32.0
       21         94       0   0.001  0.167   1396     4.000          46.8        85.7       132.5      22.6      90.5
       21        141       0   0.000  0.021     88     1.414          50.0        90.0       140.0      22.6      32.0
       21         58       0   0.000  0.026   1892     3.084          30.0        85.3       115.3      22.6      69.8
       21        195       0   0.000  0.058    200     4.757          52.8        87.2       140.0      22.6     107.6
       21         55       0   0.000  0.000      0       nan           nan         nan         nan       nan       nan
       21         56       0   0.000  0.000      0       nan           nan         nan         nan       nan       nan
       21         57       0   0.000  0.000      0       nan           nan         nan         nan       nan       nan
       21         59       0   0.000  0.000      0       nan           nan         nan         nan       nan       nan
       21         60       0   0.000  0.000      0       nan           nan         nan         nan       nan       nan
       21         61       0   0.000  0.000      0       nan           nan         nan         nan       nan       nan
       21         63       0   0.000  0.000      0       nan           nan         nan         nan       nan       nan
       21         64       0   0.000  0.000      0       nan           nan         nan         nan       nan       nan
       21         66       0   0.000  0.000      0       nan           nan         nan         nan       nan       nan
       21         67       0   0.000  0.000      0       nan           nan         nan         nan       nan       nan
       21         68       0   0.000  0.000      0       nan           nan         nan         nan       nan       nan
       21         69       0   0.000  0.000      0       nan           nan         nan         nan       nan       nan
       21         70       0   0.000  0.000      0       nan           nan         nan         nan       nan       nan
       21         71       0   0.000  0.000      0       nan           nan         nan         nan       nan       nan
       21         72       0   0.000  0.000      0       nan           nan         nan         nan       nan       nan
       21         73       0   0.000  0.000      0       nan           nan         nan         nan       nan       nan
       21         74       0   0.000  0.000      0       nan           nan         nan         nan       nan       nan
       21         75       0   0.000  0.000      0       nan           nan         nan         nan       nan       nan
       21         76       0   0.000  0.000      0       nan           nan         nan         nan       nan       nan
       21         77       0   0.000  0.000      0       nan           nan         nan         nan       nan       nan
       21         78       0   0.000  0.000      0       nan           nan         nan         nan       nan       nan
       21         79       0   0.000  0.000      0       nan           nan         nan         nan       nan       nan
       21         80       0   0.000  0.000      0       nan           nan         nan         nan       nan       nan
       21         81       0   0.000  0.000      0       nan           nan         nan         nan       nan       nan
       21         82       0   0.000  0.000      0       nan           nan         nan         nan       nan       nan
       21         83       0   0.000  0.000      0       nan           nan         nan         nan       nan       nan
       21         84       0   0.000  0.000      0       nan           nan         nan         nan       nan       nan
       21         85       0   0.000  0.000      0       nan           nan         nan         nan       nan       nan
       21         86       0   0.000  0.000      0       nan           nan         nan         nan       nan       nan
       21         87       0   0.000  0.000      0       nan           nan         nan         nan       nan       nan
       21         88       0   0.000  0.000      0       nan           nan         nan         nan       nan       nan
       21         89       0   0.000  0.000      0       nan           nan         nan         nan       nan       nan
       21         90       0   0.000  0.000      0       nan           nan         nan         nan       nan       nan
       21         91       0   0.000  0.000      0       nan           nan         nan         nan       nan       nan
       21         92       0   0.000  0.000      0       nan           nan         nan         nan       nan       nan
       21         93       0   0.000  0.000      0       nan           nan         nan         nan       nan       nan
       21         95       0   0.000  0.000      0       nan           nan         nan         nan       nan       nan
       21         96       0   0.000  0.000      0       nan           nan         nan         nan       nan       nan
       21         97       0   0.000  0.000      0       nan           nan         nan         nan       nan       nan
       21         98       0   0.000  0.000      0       nan           nan         nan         nan       nan       nan
       21         99       0   0.000  0.000      0       nan           nan         nan         nan       nan       nan
       21        100       0   0.000  0.000      0       nan           nan         nan         nan       nan       nan
       21        101       0   0.000  0.000      0       nan           nan         nan         nan       nan       nan
       21        102       0   0.000  0.000      0       nan           nan         nan         nan       nan       nan
       21        103       0   0.000  0.000      0       nan           nan         nan         nan       nan       nan
       21        104       0   0.000  0.000      0       nan           nan         nan         nan       nan       nan
       21        105       0   0.000  0.000      0       nan           nan         nan         nan       nan       nan
       21        106       0   0.000  0.000      0       nan           nan         nan         nan       nan       nan
       21        107       0   0.000  0.000      0       nan           nan         nan         nan       nan       nan
       21        108       0   0.000  0.000      0       nan           nan         nan         nan       nan       nan
       21        109       0   0.000  0.000      0       nan           nan         nan         nan       nan       nan
       21        110       0   0.000  0.000      0       nan           nan         nan         nan       nan       nan
       21        111       0   0.000  0.000      0       nan           nan         nan         nan       nan       nan
       21        112       0   0.000  0.000      0       nan           nan         nan         nan       nan       nan
       21        113       0   0.000  0.000      0       nan           nan         nan         nan       nan       nan
       21        114       0   0.000  0.000      0       nan           nan         nan         nan       nan       nan
       21        115       0   0.000  0.000      0       nan           nan         nan         nan       nan       nan
       21        116       0   0.000  0.000      0       nan           nan         nan         nan       nan       nan
       21        117       0   0.000  0.000      0       nan           nan         nan         nan       nan       nan
       21        119       0   0.000  0.000      0       nan           nan         nan         nan       nan       nan
       21        121       0   0.000  0.000      0       nan           nan         nan         nan       nan       nan
       21        122       0   0.000  0.000      0       nan           nan         nan         nan       nan       nan
       21        123       0   0.000  0.000      0       nan           nan         nan         nan       nan       nan
       21        124       0   0.000  0.000      0       nan           nan         nan         nan       nan       nan
       21        125       0   0.000  0.000      0       nan           nan         nan         nan       nan       nan
       21        126       0   0.000  0.000      0       nan           nan         nan         nan       nan       nan
       21        127       0   0.000  0.000      0       nan           nan         nan         nan       nan       nan
       21        128       0   0.000  0.000      0       nan           nan         nan         nan       nan       nan
       21        129       0   0.000  0.000      0       nan           nan         nan         nan       nan       nan
       21        130       0   0.000  0.000      0       nan           nan         nan         nan       nan       nan
       21        131       0   0.000  0.000      0       nan           nan         nan         nan       nan       nan
       21        132       0   0.000  0.000      0       nan           nan         nan         nan       nan       nan
       21        133       0   0.000  0.000      0       nan           nan         nan         nan       nan       nan
       21        134       0   0.000  0.000      0       nan           nan         nan         nan       nan       nan
       21        135       0   0.000  0.000      0       nan           nan         nan         nan       nan       nan
       21        136       0   0.000  0.000      0       nan           nan         nan         nan       nan       nan
       21        137       0   0.000  0.000      0       nan           nan         nan         nan       nan       nan
       21        138       0   0.000  0.000      0       nan           nan         nan         nan       nan       nan
       21        139       0   0.000  0.000      0       nan           nan         nan         nan       nan       nan
       21        140       0   0.000  0.000      0       nan           nan         nan         nan       nan       nan
       21        142       0   0.000  0.000      0       nan           nan         nan         nan       nan       nan
       21        143       0   0.000  0.000      0       nan           nan         nan         nan       nan       nan
       21        144       0   0.000  0.000      0       nan           nan         nan         nan       nan       nan
       21        145       0   0.000  0.000      0       nan           nan         nan         nan       nan       nan
       21        146       0   0.000  0.000      0       nan           nan         nan         nan       nan       nan
       21        147       0   0.000  0.000      0       nan           nan         nan         nan       nan       nan
       21        148       0   0.000  0.000      0       nan           nan         nan         nan       nan       nan
       21        149       0   0.000  0.000      0       nan           nan         nan         nan       nan       nan
       21        150       0   0.000  0.000      0       nan           nan         nan         nan       nan       nan
       21        151       0   0.000  0.000      0       nan           nan         nan         nan       nan       nan
       21        152       0   0.000  0.000      0       nan           nan         nan         nan       nan       nan
       21        153       0   0.000  0.000      0       nan           nan         nan         nan       nan       nan
       21        154       0   0.000  0.000      0       nan           nan         nan         nan       nan       nan
       21        155       0   0.000  0.000      0       nan           nan         nan         nan       nan       nan
       21        156       0   0.000  0.000      0       nan           nan         nan         nan       nan       nan
       21        157       0   0.000  0.000      0       nan           nan         nan         nan       nan       nan
       21        158       0   0.000  0.000      0       nan           nan         nan         nan       nan       nan
       21        159       0   0.000  0.000      0       nan           nan         nan         nan       nan       nan
       21        160       0   0.000  0.000      0       nan           nan         nan         nan       nan       nan
       21        161       0   0.000  0.000      0       nan           nan         nan         nan       nan       nan
       21        162       0   0.000  0.000      0       nan           nan         nan         nan       nan       nan
       21        163       0   0.000  0.000      0       nan           nan         nan         nan       nan       nan
       21        164       0   0.000  0.000      0       nan           nan         nan         nan       nan       nan
       21        165       0   0.000  0.000      0       nan           nan         nan         nan       nan       nan
       21        166       0   0.000  0.000      0       nan           nan         nan         nan       nan       nan
       21        167       0   0.000  0.000      0       nan           nan         nan         nan       nan       nan
       21        168       0   0.000  0.000      0       nan           nan         nan         nan       nan       nan
       21        169       0   0.000  0.000      0       nan           nan         nan         nan       nan       nan
       21        170       0   0.000  0.000      0       nan           nan         nan         nan       nan       nan
       21        171       0   0.000  0.000      0       nan           nan         nan         nan       nan       nan
       21        172       0   0.000  0.000      0       nan           nan         nan         nan       nan       nan
       21        173       0   0.000  0.000      0       nan           nan         nan         nan       nan       nan
       21        174       0   0.000  0.000      0       nan           nan         nan         nan       nan       nan
       21        175       0   0.000  0.000      0       nan           nan         nan         nan       nan       nan
       21        176       0   0.000  0.000      0       nan           nan         nan         nan       nan       nan
       21        177       0   0.000  0.000      0       nan           nan         nan         nan       nan       nan
       21        178       0   0.000  0.000      0       nan           nan         nan         nan       nan       nan
       21        179       0   0.000  0.000      0       nan           nan         nan         nan       nan       nan
       21        180       0   0.000  0.000      0       nan           nan         nan         nan       nan       nan
       21        181       0   0.000  0.000      0       nan           nan         nan         nan       nan       nan
       21        182       0   0.000  0.000      0       nan           nan         nan         nan       nan       nan
       21        183       0   0.000  0.000      0       nan           nan         nan         nan       nan       nan
       21        184       0   0.000  0.000      0       nan           nan         nan         nan       nan       nan
       21        185       0   0.000  0.000      0       nan           nan         nan         nan       nan       nan
       21        186       0   0.000  0.000      0       nan           nan         nan         nan       nan       nan
       21        187       0   0.000  0.000      0       nan           nan         nan         nan       nan       nan
       21        188       0   0.000  0.000      0       nan           nan         nan         nan       nan       nan
       21        189       0   0.000  0.000      0       nan           nan         nan         nan       nan       nan
       21        190       0   0.000  0.000      0       nan           nan         nan         nan       nan       nan
       21        191       0   0.000  0.000      0       nan           nan         nan         nan       nan       nan
       21        192       0   0.000  0.000      0       nan           nan         nan         nan       nan       nan
       21        193       0   0.000  0.000      0       nan           nan         nan         nan       nan       nan
       21        194       0   0.000  0.000      0       nan           nan         nan         nan       nan       nan
       21        196       0   0.000  0.000      0       nan           nan         nan         nan       nan       nan
       21        197       0   0.000  0.000      0       nan           nan         nan         nan       nan       nan
       21        198       0   0.000  0.000      0       nan           nan         nan         nan       nan       nan
       21        199       0   0.000  0.000      0       nan           nan         nan         nan       nan       nan
       21        200       0   0.000  0.000      0       nan           nan         nan         nan       nan       nan
       21        201       0   0.000  0.000      0       nan           nan         nan         nan       nan       nan
       21        202       0   0.000  0.000      0       nan           nan         nan         nan       nan       nan
       22         95       0   0.090  0.139   2428     1.542           0.0       110.0       110.0      64.0      41.5
       22        129       0   0.033  0.046    752     1.414           0.0       110.0       110.0      64.0      90.5
       22         55       0   0.026  0.366   9104     2.181           5.4       110.0       115.4      64.0      29.3
       22         74       0   0.023  0.071    712     3.084           0.0       110.0       110.0      64.0      20.7
       22         54       0   0.013  0.295   9984     2.594           8.0       110.0       102.0      64.0      24.7
       22         57       0   0.011  0.323   4720     2.828           9.8       110.0       100.2      64.0      22.6
       22         69       0   0.010  0.041    432     4.000           0.0       110.0       110.0      64.0      16.0
       22         99       0   0.008  0.034    336     4.000           0.0       110.0       110.0      64.0      16.0
       22         68       0   0.008  0.359   5148     1.682          25.3       110.0        84.7      64.0      38.1
       22         71       0   0.007  0.027    272     4.000           0.0       110.0       110.0      64.0      16.0
       22        110       0   0.007  0.133   1528     1.834          10.0       110.0       100.0      64.0      34.9
       22         58       0   0.006  0.141   9984     1.297          16.0       110.0        94.0      64.0      83.0
       22        106       0   0.005  0.093   1760     1.542          10.0       110.0       120.0      64.0      41.5
       22        155       0   0.005  0.400   4704     1.834          40.0       110.0       150.0      64.0     117.4
       22         56       0   0.005  0.363   4884     3.364          20.2       110.0        89.8      64.0      19.0
       22        168       0   0.005  0.187   2384     1.189          30.0       110.0       140.0      64.0      53.8
       22         90       0   0.005  0.122   1468     2.378           9.7       110.0       100.3      64.0      26.9
       22         66       0   0.004  0.150   6088     1.091          30.0       110.0       140.0      64.0      58.7
       22        149       0   0.004  0.213   3044     1.189          42.9       110.0       152.9      64.0      53.8
       22         65       0   0.004  0.178   3128     1.189          36.3       110.0        73.7      64.0      76.1
       22         70       0   0.004  0.214   2372     3.084          17.0       110.0       127.0      64.0      20.7
       22        127       0   0.004  0.047    684     1.189           9.8       110.0       100.2      64.0      76.1
       22         78       0   0.003  0.128   2316     1.414          30.0       110.0        80.0      69.8      49.4
       22         77       0   0.003  0.132   1348     2.378          20.0       110.0        90.0      64.0      26.9
       22        137       0   0.003  0.109   1084     2.000          20.0       110.0       130.0      64.0      32.0
       22        103       0   0.002  0.040   1052     1.542          10.0       110.0       120.0      64.0      98.7
       22         80       0   0.002  0.168   1696     2.378          30.1       110.0        79.9      69.8      29.3
       22        158       0   0.002  0.062    728     1.414          20.0       110.0        90.0      64.0      45.3
       22         98       0   0.002  0.105   2328     1.682          30.0       110.0        80.0      64.0     107.6
       22        100       0   0.002  0.064    988     1.542          22.8       110.0        87.2      64.0      41.5
       22         79       0   0.002  0.149   1488     4.000          21.3       110.0        88.7      64.0      16.0
       22         88       0   0.002  0.025    816     1.414          10.0       110.0       100.0      64.0      90.5
       22        173       0   0.001  0.086    984     1.414          40.0       110.0        70.0      64.0      90.5
       22        128       0   0.001  0.155   1544     2.594          40.0       110.0        70.0      64.0      24.7
       22        152       0   0.001  0.105   1372     1.414          50.0       110.0       160.0      64.0      45.3
       22        156       0   0.001  0.006     64     4.362           0.0       110.0       110.0      69.8      16.0
       22        171       0   0.001  0.056    560     2.378          20.0       110.0        90.0      64.0      26.9
       22        105       0   0.001  0.129   1288     2.828          40.1       110.0        69.9      64.0      22.6
       22        170       0   0.001  0.044    460     1.542          30.0       110.0        80.0      64.0      41.5
       22        181       0   0.001  0.063    648     3.364          19.6       110.0        90.4      64.0      19.0
       22         96       0   0.001  0.097    968     3.668          30.9       110.0        79.1      64.0      17.4
       22        165       0   0.001  0.025    248     3.827           7.8       110.0       102.2      64.0      16.7
       22        188       0   0.001  0.067    676     3.084          30.0       110.0        80.0      64.0      20.7
       22        132       0   0.001  0.011    204     1.542          10.0       110.0       100.0      64.0      98.7
       22        109       0   0.001  0.042    520     1.682          40.0       110.0        70.0      64.0      38.1
       22        122       0   0.001  0.051    524     4.000          22.8       110.0       132.8      64.0      16.0
       22        140       0   0.001  0.067    672     3.084          40.0       110.0        70.0      64.0      20.7
       22        178       0   0.001  0.027    324     1.297          40.0       110.0        70.0      69.8      90.5
       22        160       0   0.000  0.013    136     2.378          10.0       110.0       100.0      64.0      26.9
       22        138       0   0.000  0.018    252     1.297          30.0       110.0        80.0      64.0      49.4
       22        145       0   0.000  0.048    484     3.668          30.0       110.0        80.0      64.0      17.4
       22        162       0   0.000  0.010    108     2.594          10.0       110.0       120.0      69.8      26.9
       22         75       0   0.000  0.001     12     3.084           0.0       110.0       110.0      64.0      20.7
       22        167       0   0.000  0.025    284     2.000          50.0       110.0        60.0      64.0      32.0
       22        194       0   0.000  0.041    412     3.668          50.0       110.0        60.0      69.8      19.0
       22        164       0   0.000  0.011    116     2.378          20.0       110.0       130.0      69.8      29.3
       22        198       0   0.000  0.005     60     1.091          20.0       110.0       130.0      69.8      64.0
       22         89       0   0.000  0.018    216     2.594          40.0       110.0        70.0      64.0      24.7
       22        136       0   0.000  0.016    168     3.364          30.5       110.0        79.5      64.0      19.0
       22        153       0   0.000  0.006     60     2.828          20.0       110.0       130.0      69.8      24.7
       22        185       0   0.000  0.006     64     3.364          20.0       110.0       130.0      64.0      19.0
       22        189       0   0.000  0.004     40     2.181          20.0       110.0        90.0      64.0      29.3
       22        166       0   0.000  0.004     44     3.668          40.0       110.0        70.0      69.8      19.0
       22         59       0   0.000  0.000      0       nan           nan         nan         nan       nan       nan
       22         60       0   0.000  0.000      0       nan           nan         nan         nan       nan       nan
       22         61       0   0.000  0.000      0       nan           nan         nan         nan       nan       nan
       22         62       0   0.000  0.000      0       nan           nan         nan         nan       nan       nan
       22         63       0   0.000  0.000      0       nan           nan         nan         nan       nan       nan
       22         64       0   0.000  0.000      0       nan           nan         nan         nan       nan       nan
       22         67       0   0.000  0.000      0       nan           nan         nan         nan       nan       nan
       22         72       0   0.000  0.000      0       nan           nan         nan         nan       nan       nan
       22         73       0   0.000  0.000      0       nan           nan         nan         nan       nan       nan
       22         76       0   0.000  0.000      0       nan           nan         nan         nan       nan       nan
       22         81       0   0.000  0.000      0       nan           nan         nan         nan       nan       nan
       22         82       0   0.000  0.000      0       nan           nan         nan         nan       nan       nan
       22         83       0   0.000  0.000      0       nan           nan         nan         nan       nan       nan
       22         84       0   0.000  0.000      0       nan           nan         nan         nan       nan       nan
       22         85       0   0.000  0.000      0       nan           nan         nan         nan       nan       nan
       22         86       0   0.000  0.000      0       nan           nan         nan         nan       nan       nan
       22         87       0   0.000  0.000      0       nan           nan         nan         nan       nan       nan
       22         91       0   0.000  0.000      0       nan           nan         nan         nan       nan       nan
       22         92       0   0.000  0.000      0       nan           nan         nan         nan       nan       nan
       22         93       0   0.000  0.000      0       nan           nan         nan         nan       nan       nan
       22         94       0   0.000  0.000      0       nan           nan         nan         nan       nan       nan
       22         97       0   0.000  0.000      0       nan           nan         nan         nan       nan       nan
       22        101       0   0.000  0.000      0       nan           nan         nan         nan       nan       nan
       22        102       0   0.000  0.000      0       nan           nan         nan         nan       nan       nan
       22        104       0   0.000  0.000      0       nan           nan         nan         nan       nan       nan
       22        107       0   0.000  0.000      0       nan           nan         nan         nan       nan       nan
       22        108       0   0.000  0.000      0       nan           nan         nan         nan       nan       nan
       22        111       0   0.000  0.000      0       nan           nan         nan         nan       nan       nan
       22        112       0   0.000  0.000      0       nan           nan         nan         nan       nan       nan
       22        113       0   0.000  0.000      0       nan           nan         nan         nan       nan       nan
       22        114       0   0.000  0.000      0       nan           nan         nan         nan       nan       nan
       22        115       0   0.000  0.000      0       nan           nan         nan         nan       nan       nan
       22        116       0   0.000  0.000      0       nan           nan         nan         nan       nan       nan
       22        117       0   0.000  0.000      0       nan           nan         nan         nan       nan       nan
       22        118       0   0.000  0.000      0       nan           nan         nan         nan       nan       nan
       22        119       0   0.000  0.000      0       nan           nan         nan         nan       nan       nan
       22        120       0   0.000  0.000      0       nan           nan         nan         nan       nan       nan
       22        121       0   0.000  0.000      0       nan           nan         nan         nan       nan       nan
       22        123       0   0.000  0.000      0       nan           nan         nan         nan       nan       nan
       22        124       0   0.000  0.000      0       nan           nan         nan         nan       nan       nan
       22        125       0   0.000  0.000      0       nan           nan         nan         nan       nan       nan
       22        126       0   0.000  0.000      0       nan           nan         nan         nan       nan       nan
       22        130       0   0.000  0.000      0       nan           nan         nan         nan       nan       nan
       22        131       0   0.000  0.000      0       nan           nan         nan         nan       nan       nan
       22        133       0   0.000  0.000      0       nan           nan         nan         nan       nan       nan
       22        134       0   0.000  0.000      0       nan           nan         nan         nan       nan       nan
       22        135       0   0.000  0.000      0       nan           nan         nan         nan       nan       nan
       22        139       0   0.000  0.000      0       nan           nan         nan         nan       nan       nan
       22        141       0   0.000  0.000      0       nan           nan         nan         nan       nan       nan
       22        142       0   0.000  0.000      0       nan           nan         nan         nan       nan       nan
       22        143       0   0.000  0.000      0       nan           nan         nan         nan       nan       nan
       22        144       0   0.000  0.000      0       nan           nan         nan         nan       nan       nan
       22        146       0   0.000  0.000      0       nan           nan         nan         nan       nan       nan
       22        147       0   0.000  0.000      0       nan           nan         nan         nan       nan       nan
       22        148       0   0.000  0.000      0       nan           nan         nan         nan       nan       nan
       22        150       0   0.000  0.000      0       nan           nan         nan         nan       nan       nan
       22        151       0   0.000  0.000      0       nan           nan         nan         nan       nan       nan
       22        154       0   0.000  0.000      0       nan           nan         nan         nan       nan       nan
       22        157       0   0.000  0.000      0       nan           nan         nan         nan       nan       nan
       22        159       0   0.000  0.000      0       nan           nan         nan         nan       nan       nan
       22        161       0   0.000  0.000      0       nan           nan         nan         nan       nan       nan
       22        163       0   0.000  0.000      0       nan           nan         nan         nan       nan       nan
       22        169       0   0.000  0.000      0       nan           nan         nan         nan       nan       nan
       22        172       0   0.000  0.000      0       nan           nan         nan         nan       nan       nan
       22        174       0   0.000  0.000      0       nan           nan         nan         nan       nan       nan
       22        175       0   0.000  0.000      0       nan           nan         nan         nan       nan       nan
       22        176       0   0.000  0.000      0       nan           nan         nan         nan       nan       nan
       22        177       0   0.000  0.000      0       nan           nan         nan         nan       nan       nan
       22        179       0   0.000  0.000      0       nan           nan         nan         nan       nan       nan
       22        180       0   0.000  0.000      0       nan           nan         nan         nan       nan       nan
       22        182       0   0.000  0.000      0       nan           nan         nan         nan       nan       nan
       22        183       0   0.000  0.000      0       nan           nan         nan         nan       nan       nan
       22        184       0   0.000  0.000      0       nan           nan         nan         nan       nan       nan
       22        186       0   0.000  0.000      0       nan           nan         nan         nan       nan       nan
       22        187       0   0.000  0.000      0       nan           nan         nan         nan       nan       nan
       22        190       0   0.000  0.000      0       nan           nan         nan         nan       nan       nan
       22        191       0   0.000  0.000      0       nan           nan         nan         nan       nan       nan
       22        192       0   0.000  0.000      0       nan           nan         nan         nan       nan       nan
       22        193       0   0.000  0.000      0       nan           nan         nan         nan       nan       nan
       22        195       0   0.000  0.000      0       nan           nan         nan         nan       nan       nan
       22        196       0   0.000  0.000      0       nan           nan         nan         nan       nan       nan
       22        197       0   0.000  0.000      0       nan           nan         nan         nan       nan       nan
       22        199       0   0.000  0.000      0       nan           nan         nan         nan       nan       nan
       22        200       0   0.000  0.000      0       nan           nan         nan         nan       nan       nan
       22        201       0   0.000  0.000      0       nan           nan         nan         nan       nan       nan
       22        202       0   0.000  0.000      0       nan           nan         nan         nan       nan       nan
       23        118       0   0.003  0.053    292     1.682          10.0       100.0       110.0      20.7      34.9
       23         75       0   0.001  0.013     68     1.297          10.0       100.0       110.0      22.6      29.3
       23         54       0   0.001  0.005    196     1.542           3.4       100.0        96.6      22.6      34.9
       23         58       0   0.000  0.010    716     3.084          11.1       100.0        88.9      20.7      64.0
       23         65       0   0.000  0.010    136     2.594          20.0       100.0        80.0      22.6      58.7
       23         55       0   0.000  0.003     84     1.414          20.0       100.0       120.0      22.6      32.0
       23         56       0   0.000  0.001     12     1.189          10.0       100.0        90.0      22.6      19.0
       23        133       0   0.000  0.001      4     1.414          20.0       100.0        80.0      22.6      16.0
       23         98       0   0.000  0.001     12     4.362          20.0       100.0        80.0      24.7     107.6
       23         57       0   0.000  0.000      0       nan           nan         nan         nan       nan       nan
       23         59       0   0.000  0.000      0       nan           nan         nan         nan       nan       nan
       23         60       0   0.000  0.000      0       nan           nan         nan         nan       nan       nan
       23         61       0   0.000  0.000      0       nan           nan         nan         nan       nan       nan
       23         62       0   0.000  0.000      0       nan           nan         nan         nan       nan       nan
       23         63       0   0.000  0.000      0       nan           nan         nan         nan       nan       nan
       23         64       0   0.000  0.000      0       nan           nan         nan         nan       nan       nan
       23         66       0   0.000  0.000      0       nan           nan         nan         nan       nan       nan
       23         67       0   0.000  0.000      0       nan           nan         nan         nan       nan       nan
       23         68       0   0.000  0.000      0       nan           nan         nan         nan       nan       nan
       23         69       0   0.000  0.000      0       nan           nan         nan         nan       nan       nan
       23         70       0   0.000  0.000      0       nan           nan         nan         nan       nan       nan
       23         71       0   0.000  0.000      0       nan           nan         nan         nan       nan       nan
       23         72       0   0.000  0.000      0       nan           nan         nan         nan       nan       nan
       23         73       0   0.000  0.000      0       nan           nan         nan         nan       nan       nan
       23         74       0   0.000  0.000      0       nan           nan         nan         nan       nan       nan
       23         76       0   0.000  0.000      0       nan           nan         nan         nan       nan       nan
       23         77       0   0.000  0.000      0       nan           nan         nan         nan       nan       nan
       23         78       0   0.000  0.000      0       nan           nan         nan         nan       nan       nan
       23         79       0   0.000  0.000      0       nan           nan         nan         nan       nan       nan
       23         80       0   0.000  0.000      0       nan           nan         nan         nan       nan       nan
       23         81       0   0.000  0.000      0       nan           nan         nan         nan       nan       nan
       23         82       0   0.000  0.000      0       nan           nan         nan         nan       nan       nan
       23         83       0   0.000  0.000      0       nan           nan         nan         nan       nan       nan
       23         84       0   0.000  0.000      0       nan           nan         nan         nan       nan       nan
       23         85       0   0.000  0.000      0       nan           nan         nan         nan       nan       nan
       23         86       0   0.000  0.000      0       nan           nan         nan         nan       nan       nan
       23         87       0   0.000  0.000      0       nan           nan         nan         nan       nan       nan
       23         88       0   0.000  0.000      0       nan           nan         nan         nan       nan       nan
       23         89       0   0.000  0.000      0       nan           nan         nan         nan       nan       nan
       23         90       0   0.000  0.000      0       nan           nan         nan         nan       nan       nan
       23         91       0   0.000  0.000      0       nan           nan         nan         nan       nan       nan
       23         92       0   0.000  0.000      0       nan           nan         nan         nan       nan       nan
       23         93       0   0.000  0.000      0       nan           nan         nan         nan       nan       nan
       23         94       0   0.000  0.000      0       nan           nan         nan         nan       nan       nan
       23         95       0   0.000  0.000      0       nan           nan         nan         nan       nan       nan
       23         96       0   0.000  0.000      0       nan           nan         nan         nan       nan       nan
       23         97       0   0.000  0.000      0       nan           nan         nan         nan       nan       nan
       23         99       0   0.000  0.000      0       nan           nan         nan         nan       nan       nan
       23        100       0   0.000  0.000      0       nan           nan         nan         nan       nan       nan
       23        101       0   0.000  0.000      0       nan           nan         nan         nan       nan       nan
       23        102       0   0.000  0.000      0       nan           nan         nan         nan       nan       nan
       23        103       0   0.000  0.000      0       nan           nan         nan         nan       nan       nan
       23        104       0   0.000  0.000      0       nan           nan         nan         nan       nan       nan
       23        105       0   0.000  0.000      0       nan           nan         nan         nan       nan       nan
       23        106       0   0.000  0.000      0       nan           nan         nan         nan       nan       nan
       23        107       0   0.000  0.000      0       nan           nan         nan         nan       nan       nan
       23        108       0   0.000  0.000      0       nan           nan         nan         nan       nan       nan
       23        109       0   0.000  0.000      0       nan           nan         nan         nan       nan       nan
       23        110       0   0.000  0.000      0       nan           nan         nan         nan       nan       nan
       23        111       0   0.000  0.000      0       nan           nan         nan         nan       nan       nan
       23        112       0   0.000  0.000      0       nan           nan         nan         nan       nan       nan
       23        113       0   0.000  0.000      0       nan           nan         nan         nan       nan       nan
       23        114       0   0.000  0.000      0       nan           nan         nan         nan       nan       nan
       23        115       0   0.000  0.000      0       nan           nan         nan         nan       nan       nan
       23        116       0   0.000  0.000      0       nan           nan         nan         nan       nan       nan
       23        117       0   0.000  0.000      0       nan           nan         nan         nan       nan       nan
       23        119       0   0.000  0.000      0       nan           nan         nan         nan       nan       nan
       23        120       0   0.000  0.000      0       nan           nan         nan         nan       nan       nan
       23        121       0   0.000  0.000      0       nan           nan         nan         nan       nan       nan
       23        122       0   0.000  0.000      0       nan           nan         nan         nan       nan       nan
       23        123       0   0.000  0.000      0       nan           nan         nan         nan       nan       nan
       23        124       0   0.000  0.000      0       nan           nan         nan         nan       nan       nan
       23        125       0   0.000  0.000      0       nan           nan         nan         nan       nan       nan
       23        126       0   0.000  0.000      0       nan           nan         nan         nan       nan       nan
       23        127       0   0.000  0.000      0       nan           nan         nan         nan       nan       nan
       23        128       0   0.000  0.000      0       nan           nan         nan         nan       nan       nan
       23        129       0   0.000  0.000      0       nan           nan         nan         nan       nan       nan
       23        130       0   0.000  0.000      0       nan           nan         nan         nan       nan       nan
       23        131       0   0.000  0.000      0       nan           nan         nan         nan       nan       nan
       23        132       0   0.000  0.000      0       nan           nan         nan         nan       nan       nan
       23        134       0   0.000  0.000      0       nan           nan         nan         nan       nan       nan
       23        135       0   0.000  0.000      0       nan           nan         nan         nan       nan       nan
       23        136       0   0.000  0.000      0       nan           nan         nan         nan       nan       nan
       23        137       0   0.000  0.000      0       nan           nan         nan         nan       nan       nan
       23        138       0   0.000  0.000      0       nan           nan         nan         nan       nan       nan
       23        139       0   0.000  0.000      0       nan           nan         nan         nan       nan       nan
       23        140       0   0.000  0.000      0       nan           nan         nan         nan       nan       nan
       23        141       0   0.000  0.000      0       nan           nan         nan         nan       nan       nan
       23        142       0   0.000  0.000      0       nan           nan         nan         nan       nan       nan
       23        143       0   0.000  0.000      0       nan           nan         nan         nan       nan       nan
       23        144       0   0.000  0.000      0       nan           nan         nan         nan       nan       nan
       23        145       0   0.000  0.000      0       nan           nan         nan         nan       nan       nan
       23        146       0   0.000  0.000      0       nan           nan         nan         nan       nan       nan
       23        147       0   0.000  0.000      0       nan           nan         nan         nan       nan       nan
       23        148       0   0.000  0.000      0       nan           nan         nan         nan       nan       nan
       23        149       0   0.000  0.000      0       nan           nan         nan         nan       nan       nan
       23        150       0   0.000  0.000      0       nan           nan         nan         nan       nan       nan
       23        151       0   0.000  0.000      0       nan           nan         nan         nan       nan       nan
       23        152       0   0.000  0.000      0       nan           nan         nan         nan       nan       nan
       23        153       0   0.000  0.000      0       nan           nan         nan         nan       nan       nan
       23        154       0   0.000  0.000      0       nan           nan         nan         nan       nan       nan
       23        155       0   0.000  0.000      0       nan           nan         nan         nan       nan       nan
       23        156       0   0.000  0.000      0       nan           nan         nan         nan       nan       nan
       23        157       0   0.000  0.000      0       nan           nan         nan         nan       nan       nan
       23        158       0   0.000  0.000      0       nan           nan         nan         nan       nan       nan
       23        159       0   0.000  0.000      0       nan           nan         nan         nan       nan       nan
       23        160       0   0.000  0.000      0       nan           nan         nan         nan       nan       nan
       23        161       0   0.000  0.000      0       nan           nan         nan         nan       nan       nan
       23        162       0   0.000  0.000      0       nan           nan         nan         nan       nan       nan
       23        163       0   0.000  0.000      0       nan           nan         nan         nan       nan       nan
       23        164       0   0.000  0.000      0       nan           nan         nan         nan       nan       nan
       23        165       0   0.000  0.000      0       nan           nan         nan         nan       nan       nan
       23        166       0   0.000  0.000      0       nan           nan         nan         nan       nan       nan
       23        167       0   0.000  0.000      0       nan           nan         nan         nan       nan       nan
       23        168       0   0.000  0.000      0       nan           nan         nan         nan       nan       nan
       23        169       0   0.000  0.000      0       nan           nan         nan         nan       nan       nan
       23        170       0   0.000  0.000      0       nan           nan         nan         nan       nan       nan
       23        171       0   0.000  0.000      0       nan           nan         nan         nan       nan       nan
       23        172       0   0.000  0.000      0       nan           nan         nan         nan       nan       nan
       23        173       0   0.000  0.000      0       nan           nan         nan         nan       nan       nan
       23        174       0   0.000  0.000      0       nan           nan         nan         nan       nan       nan
       23        175       0   0.000  0.000      0       nan           nan         nan         nan       nan       nan
       23        176       0   0.000  0.000      0       nan           nan         nan         nan       nan       nan
       23        177       0   0.000  0.000      0       nan           nan         nan         nan       nan       nan
       23        178       0   0.000  0.000      0       nan           nan         nan         nan       nan       nan
       23        179       0   0.000  0.000      0       nan           nan         nan         nan       nan       nan
       23        180       0   0.000  0.000      0       nan           nan         nan         nan       nan       nan
       23        181       0   0.000  0.000      0       nan           nan         nan         nan       nan       nan
       23        182       0   0.000  0.000      0       nan           nan         nan         nan       nan       nan
       23        183       0   0.000  0.000      0       nan           nan         nan         nan       nan       nan
       23        184       0   0.000  0.000      0       nan           nan         nan         nan       nan       nan
       23        185       0   0.000  0.000      0       nan           nan         nan         nan       nan       nan
       23        186       0   0.000  0.000      0       nan           nan         nan         nan       nan       nan
       23        187       0   0.000  0.000      0       nan           nan         nan         nan       nan       nan
       23        188       0   0.000  0.000      0       nan           nan         nan         nan       nan       nan
       23        189       0   0.000  0.000      0       nan           nan         nan         nan       nan       nan
       23        190       0   0.000  0.000      0       nan           nan         nan         nan       nan       nan
       23        191       0   0.000  0.000      0       nan           nan         nan         nan       nan       nan
       23        192       0   0.000  0.000      0       nan           nan         nan         nan       nan       nan
       23        193       0   0.000  0.000      0       nan           nan         nan         nan       nan       nan
       23        194       0   0.000  0.000      0       nan           nan         nan         nan       nan       nan
       23        195       0   0.000  0.000      0       nan           nan         nan         nan       nan       nan
       23        196       0   0.000  0.000      0       nan           nan         nan         nan       nan       nan
       23        197       0   0.000  0.000      0       nan           nan         nan         nan       nan       nan
       23        198       0   0.000  0.000      0       nan           nan         nan         nan       nan       nan
       23        199       0   0.000  0.000      0       nan           nan         nan         nan       nan       nan
       23        200       0   0.000  0.000      0       nan           nan         nan         nan       nan       nan
       23        201       0   0.000  0.000      0       nan           nan         nan         nan       nan       nan
       23        202       0   0.000  0.000      0       nan           nan         nan         nan       nan       nan
       24        101       0   0.046  0.593   2720     1.297           9.0       101.0       110.0      26.9      34.9
       24        115       0   0.010  0.016     56     1.542           0.0       100.0       100.0      24.7      16.0
       24        106       0   0.008  0.257   2756     1.542          19.3       100.9       120.2      26.9      41.5
       24        125       1   0.004  0.052    228     1.091           9.7       100.0       109.7      26.9      24.7
       24        198       0   0.004  0.218    904     2.181          27.0       103.0       130.0      26.9      58.7
       24         72       0   0.003  0.004     28     1.414           0.0       100.0       100.0      24.7      17.4
       24         60       0   0.003  0.090   1024     1.000          29.7       100.2       129.9      26.9      26.9
       24        116       0   0.003  0.181   1392     3.668          17.8       102.2       120.0      26.9      98.7
       24        143       0   0.002  0.184    992     2.000          41.7       101.7        60.0      26.9      53.8
       24        127       0   0.002  0.050    388     2.828           9.4       100.6       110.0      26.9      76.1
       24        138       0   0.002  0.125    828     1.834          41.8       101.8        60.0      26.9      49.4
       24         98       0   0.001  0.095   1508     4.362          25.1       102.3        77.2      26.9     117.4
       24        178       0   0.001  0.078    372     2.378          38.1       108.1        70.0      38.1      90.5
       24         66       0   0.001  0.049   1852     3.364          18.1       101.9       120.0      26.9      90.5
       24        163       0   0.001  0.084    452     3.668          40.0       100.0        60.0      24.7      90.5
       24         76       0   0.000  0.061    796     3.668          45.0       100.3        55.3      26.9      98.7
       24        202       0   0.000  0.009     28     1.414          28.6       100.0       128.6      26.9      19.0
       24         57       0   0.000  0.015    184     2.000          35.7       105.7        70.0      38.1      19.0
       24         58       0   0.000  0.008    584     2.594          15.3       104.7       120.0      26.9      69.8
       24        100       0   0.000  0.006     52     1.189          31.5       110.0        78.5      38.1      45.3
       24        197       0   0.000  0.005     16     3.084          30.0       100.0       130.0      26.9      83.0
       24        152       0   0.000  0.002     16     1.297          40.0       100.0       140.0      26.9      20.7
       24        104       0   0.000  0.002     12     1.297          50.0       100.0        50.0      24.7      32.0
       24        149       0   0.000  0.002     20     1.682          40.0       110.0       150.0      38.1      64.0
       24        102       0   0.000  0.001      4     1.542          30.0       100.0        70.0      24.7      16.0
       24         55       0   0.000  0.000      4     1.297          10.0       110.0       120.0      38.1      29.3
       24         54       0   0.000  0.000      0       nan           nan         nan         nan       nan       nan
       24         56       0   0.000  0.000      0       nan           nan         nan         nan       nan       nan
       24         59       0   0.000  0.000      0       nan           nan         nan         nan       nan       nan
       24         61       0   0.000  0.000      0       nan           nan         nan         nan       nan       nan
       24         62       0   0.000  0.000      0       nan           nan         nan         nan       nan       nan
       24         63       0   0.000  0.000      0       nan           nan         nan         nan       nan       nan
       24         64       0   0.000  0.000      0       nan           nan         nan         nan       nan       nan
       24         65       0   0.000  0.000      0       nan           nan         nan         nan       nan       nan
       24         67       0   0.000  0.000      0       nan           nan         nan         nan       nan       nan
       24         68       0   0.000  0.000      0       nan           nan         nan         nan       nan       nan
       24         69       0   0.000  0.000      0       nan           nan         nan         nan       nan       nan
       24         70       0   0.000  0.000      0       nan           nan         nan         nan       nan       nan
       24         71       0   0.000  0.000      0       nan           nan         nan         nan       nan       nan
       24         73       0   0.000  0.000      0       nan           nan         nan         nan       nan       nan
       24         74       0   0.000  0.000      0       nan           nan         nan         nan       nan       nan
       24         75       0   0.000  0.000      0       nan           nan         nan         nan       nan       nan
       24         77       0   0.000  0.000      0       nan           nan         nan         nan       nan       nan
       24         78       0   0.000  0.000      0       nan           nan         nan         nan       nan       nan
       24         79       0   0.000  0.000      0       nan           nan         nan         nan       nan       nan
       24         80       0   0.000  0.000      0       nan           nan         nan         nan       nan       nan
       24         81       0   0.000  0.000      0       nan           nan         nan         nan       nan       nan
       24         82       0   0.000  0.000      0       nan           nan         nan         nan       nan       nan
       24         83       0   0.000  0.000      0       nan           nan         nan         nan       nan       nan
       24         84       0   0.000  0.000      0       nan           nan         nan         nan       nan       nan
       24         85       0   0.000  0.000      0       nan           nan         nan         nan       nan       nan
       24         86       0   0.000  0.000      0       nan           nan         nan         nan       nan       nan
       24         87       0   0.000  0.000      0       nan           nan         nan         nan       nan       nan
       24         88       0   0.000  0.000      0       nan           nan         nan         nan       nan       nan
       24         89       0   0.000  0.000      0       nan           nan         nan         nan       nan       nan
       24         90       0   0.000  0.000      0       nan           nan         nan         nan       nan       nan
       24         91       0   0.000  0.000      0       nan           nan         nan         nan       nan       nan
       24         92       0   0.000  0.000      0       nan           nan         nan         nan       nan       nan
       24         93       0   0.000  0.000      0       nan           nan         nan         nan       nan       nan
       24         94       0   0.000  0.000      0       nan           nan         nan         nan       nan       nan
       24         95       0   0.000  0.000      0       nan           nan         nan         nan       nan       nan
       24         96       0   0.000  0.000      0       nan           nan         nan         nan       nan       nan
       24         97       0   0.000  0.000      0       nan           nan         nan         nan       nan       nan
       24         99       0   0.000  0.000      0       nan           nan         nan         nan       nan       nan
       24        103       0   0.000  0.000      0       nan           nan         nan         nan       nan       nan
       24        105       0   0.000  0.000      0       nan           nan         nan         nan       nan       nan
       24        107       0   0.000  0.000      0       nan           nan         nan         nan       nan       nan
       24        108       0   0.000  0.000      0       nan           nan         nan         nan       nan       nan
       24        109       0   0.000  0.000      0       nan           nan         nan         nan       nan       nan
       24        110       0   0.000  0.000      0       nan           nan         nan         nan       nan       nan
       24        111       0   0.000  0.000      0       nan           nan         nan         nan       nan       nan
       24        112       0   0.000  0.000      0       nan           nan         nan         nan       nan       nan
       24        113       0   0.000  0.000      0       nan           nan         nan         nan       nan       nan
       24        114       0   0.000  0.000      0       nan           nan         nan         nan       nan       nan
       24        117       0   0.000  0.000      0       nan           nan         nan         nan       nan       nan
       24        118       0   0.000  0.000      0       nan           nan         nan         nan       nan       nan
       24        119       0   0.000  0.000      0       nan           nan         nan         nan       nan       nan
       24        120       0   0.000  0.000      0       nan           nan         nan         nan       nan       nan
       24        121       0   0.000  0.000      0       nan           nan         nan         nan       nan       nan
       24        122       0   0.000  0.000      0       nan           nan         nan         nan       nan       nan
       24        123       0   0.000  0.000      0       nan           nan         nan         nan       nan       nan
       24        124       0   0.000  0.000      0       nan           nan         nan         nan       nan       nan
       24        126       0   0.000  0.000      0       nan           nan         nan         nan       nan       nan
       24        128       0   0.000  0.000      0       nan           nan         nan         nan       nan       nan
       24        129       0   0.000  0.000      0       nan           nan         nan         nan       nan       nan
       24        130       0   0.000  0.000      0       nan           nan         nan         nan       nan       nan
       24        131       0   0.000  0.000      0       nan           nan         nan         nan       nan       nan
       24        132       0   0.000  0.000      0       nan           nan         nan         nan       nan       nan
       24        133       0   0.000  0.000      0       nan           nan         nan         nan       nan       nan
       24        134       0   0.000  0.000      0       nan           nan         nan         nan       nan       nan
       24        135       0   0.000  0.000      0       nan           nan         nan         nan       nan       nan
       24        136       0   0.000  0.000      0       nan           nan         nan         nan       nan       nan
       24        137       0   0.000  0.000      0       nan           nan         nan         nan       nan       nan
       24        139       0   0.000  0.000      0       nan           nan         nan         nan       nan       nan
       24        140       0   0.000  0.000      0       nan           nan         nan         nan       nan       nan
       24        141       0   0.000  0.000      0       nan           nan         nan         nan       nan       nan
       24        142       0   0.000  0.000      0       nan           nan         nan         nan       nan       nan
       24        144       0   0.000  0.000      0       nan           nan         nan         nan       nan       nan
       24        145       0   0.000  0.000      0       nan           nan         nan         nan       nan       nan
       24        146       0   0.000  0.000      0       nan           nan         nan         nan       nan       nan
       24        147       0   0.000  0.000      0       nan           nan         nan         nan       nan       nan
       24        148       0   0.000  0.000      0       nan           nan         nan         nan       nan       nan
       24        150       0   0.000  0.000      0       nan           nan         nan         nan       nan       nan
       24        151       0   0.000  0.000      0       nan           nan         nan         nan       nan       nan
       24        153       0   0.000  0.000      0       nan           nan         nan         nan       nan       nan
       24        154       0   0.000  0.000      0       nan           nan         nan         nan       nan       nan
       24        155       0   0.000  0.000      0       nan           nan         nan         nan       nan       nan
       24        156       0   0.000  0.000      0       nan           nan         nan         nan       nan       nan
       24        157       0   0.000  0.000      0       nan           nan         nan         nan       nan       nan
       24        158       0   0.000  0.000      0       nan           nan         nan         nan       nan       nan
       24        159       0   0.000  0.000      0       nan           nan         nan         nan       nan       nan
       24        160       0   0.000  0.000      0       nan           nan         nan         nan       nan       nan
       24        161       0   0.000  0.000      0       nan           nan         nan         nan       nan       nan
       24        162       0   0.000  0.000      0       nan           nan         nan         nan       nan       nan
       24        164       0   0.000  0.000      0       nan           nan         nan         nan       nan       nan
       24        165       0   0.000  0.000      0       nan           nan         nan         nan       nan       nan
       24        166       0   0.000  0.000      0       nan           nan         nan         nan       nan       nan
       24        167       0   0.000  0.000      0       nan           nan         nan         nan       nan       nan
       24        168       0   0.000  0.000      0       nan           nan         nan         nan       nan       nan
       24        169       0   0.000  0.000      0       nan           nan         nan         nan       nan       nan
       24        170       0   0.000  0.000      0       nan           nan         nan         nan       nan       nan
       24        171       0   0.000  0.000      0       nan           nan         nan         nan       nan       nan
       24        172       0   0.000  0.000      0       nan           nan         nan         nan       nan       nan
       24        173       0   0.000  0.000      0       nan           nan         nan         nan       nan       nan
       24        174       0   0.000  0.000      0       nan           nan         nan         nan       nan       nan
       24        175       0   0.000  0.000      0       nan           nan         nan         nan       nan       nan
       24        176       0   0.000  0.000      0       nan           nan         nan         nan       nan       nan
       24        177       0   0.000  0.000      0       nan           nan         nan         nan       nan       nan
       24        179       0   0.000  0.000      0       nan           nan         nan         nan       nan       nan
       24        180       0   0.000  0.000      0       nan           nan         nan         nan       nan       nan
       24        181       0   0.000  0.000      0       nan           nan         nan         nan       nan       nan
       24        182       0   0.000  0.000      0       nan           nan         nan         nan       nan       nan
       24        183       0   0.000  0.000      0       nan           nan         nan         nan       nan       nan
       24        184       0   0.000  0.000      0       nan           nan         nan         nan       nan       nan
       24        185       0   0.000  0.000      0       nan           nan         nan         nan       nan       nan
       24        186       0   0.000  0.000      0       nan           nan         nan         nan       nan       nan
       24        187       0   0.000  0.000      0       nan           nan         nan         nan       nan       nan
       24        188       0   0.000  0.000      0       nan           nan         nan         nan       nan       nan
       24        189       0   0.000  0.000      0       nan           nan         nan         nan       nan       nan
       24        190       0   0.000  0.000      0       nan           nan         nan         nan       nan       nan
       24        191       0   0.000  0.000      0       nan           nan         nan         nan       nan       nan
       24        192       0   0.000  0.000      0       nan           nan         nan         nan       nan       nan
       24        193       0   0.000  0.000      0       nan           nan         nan         nan       nan       nan
       24        194       0   0.000  0.000      0       nan           nan         nan         nan       nan       nan
       24        195       0   0.000  0.000      0       nan           nan         nan         nan       nan       nan
       24        196       0   0.000  0.000      0       nan           nan         nan         nan       nan       nan
       24        199       0   0.000  0.000      0       nan           nan         nan         nan       nan       nan
       24        200       0   0.000  0.000      0       nan           nan         nan         nan       nan       nan
       24        201       0   0.000  0.000      0       nan           nan         nan         nan       nan       nan
       25         54       0   0.000  0.000      0       nan           nan         nan         nan       nan       nan
       25         55       0   0.000  0.000      0       nan           nan         nan         nan       nan       nan
       25         56       0   0.000  0.000      0       nan           nan         nan         nan       nan       nan
       25         57       0   0.000  0.000      0       nan           nan         nan         nan       nan       nan
       25         58       0   0.000  0.000      0       nan           nan         nan         nan       nan       nan
       25         59       0   0.000  0.000      0       nan           nan         nan         nan       nan       nan
       25         60       0   0.000  0.000      0       nan           nan         nan         nan       nan       nan
       25         61       0   0.000  0.000      0       nan           nan         nan         nan       nan       nan
       25         62       0   0.000  0.000      0       nan           nan         nan         nan       nan       nan
       25         63       0   0.000  0.000      0       nan           nan         nan         nan       nan       nan
       25         64       0   0.000  0.000      0       nan           nan         nan         nan       nan       nan
       25         65       0   0.000  0.000      0       nan           nan         nan         nan       nan       nan
       25         66       0   0.000  0.000      0       nan           nan         nan         nan       nan       nan
       25         67       0   0.000  0.000      0       nan           nan         nan         nan       nan       nan
       25         68       0   0.000  0.000      0       nan           nan         nan         nan       nan       nan
       25         69       0   0.000  0.000      0       nan           nan         nan         nan       nan       nan
       25         70       0   0.000  0.000      0       nan           nan         nan         nan       nan       nan
       25         71       0   0.000  0.000      0       nan           nan         nan         nan       nan       nan
       25         72       0   0.000  0.000      0       nan           nan         nan         nan       nan       nan
       25         73       0   0.000  0.000      0       nan           nan         nan         nan       nan       nan
       25         74       0   0.000  0.000      0       nan           nan         nan         nan       nan       nan
       25         75       0   0.000  0.000      0       nan           nan         nan         nan       nan       nan
       25         76       0   0.000  0.000      0       nan           nan         nan         nan       nan       nan
       25         77       0   0.000  0.000      0       nan           nan         nan         nan       nan       nan
       25         78       0   0.000  0.000      0       nan           nan         nan         nan       nan       nan
       25         79       0   0.000  0.000      0       nan           nan         nan         nan       nan       nan
       25         80       0   0.000  0.000      0       nan           nan         nan         nan       nan       nan
       25         81       0   0.000  0.000      0       nan           nan         nan         nan       nan       nan
       25         82       0   0.000  0.000      0       nan           nan         nan         nan       nan       nan
       25         83       0   0.000  0.000      0       nan           nan         nan         nan       nan       nan
       25         84       0   0.000  0.000      0       nan           nan         nan         nan       nan       nan
       25         85       0   0.000  0.000      0       nan           nan         nan         nan       nan       nan
       25         86       0   0.000  0.000      0       nan           nan         nan         nan       nan       nan
       25         87       0   0.000  0.000      0       nan           nan         nan         nan       nan       nan
       25         88       0   0.000  0.000      0       nan           nan         nan         nan       nan       nan
       25         89       0   0.000  0.000      0       nan           nan         nan         nan       nan       nan
       25         90       0   0.000  0.000      0       nan           nan         nan         nan       nan       nan
       25         91       0   0.000  0.000      0       nan           nan         nan         nan       nan       nan
       25         92       0   0.000  0.000      0       nan           nan         nan         nan       nan       nan
       25         93       0   0.000  0.000      0       nan           nan         nan         nan       nan       nan
       25         94       0   0.000  0.000      0       nan           nan         nan         nan       nan       nan
       25         95       0   0.000  0.000      0       nan           nan         nan         nan       nan       nan
       25         96       0   0.000  0.000      0       nan           nan         nan         nan       nan       nan
       25         97       0   0.000  0.000      0       nan           nan         nan         nan       nan       nan
       25         98       0   0.000  0.000      0       nan           nan         nan         nan       nan       nan
       25         99       0   0.000  0.000      0       nan           nan         nan         nan       nan       nan
       25        100       0   0.000  0.000      0       nan           nan         nan         nan       nan       nan
       25        101       0   0.000  0.000      0       nan           nan         nan         nan       nan       nan
       25        102       0   0.000  0.000      0       nan           nan         nan         nan       nan       nan
       25        103       0   0.000  0.000      0       nan           nan         nan         nan       nan       nan
       25        104       0   0.000  0.000      0       nan           nan         nan         nan       nan       nan
       25        105       0   0.000  0.000      0       nan           nan         nan         nan       nan       nan
       25        106       0   0.000  0.000      0       nan           nan         nan         nan       nan       nan
       25        107       0   0.000  0.000      0       nan           nan         nan         nan       nan       nan
       25        108       0   0.000  0.000      0       nan           nan         nan         nan       nan       nan
       25        109       0   0.000  0.000      0       nan           nan         nan         nan       nan       nan
       25        110       0   0.000  0.000      0       nan           nan         nan         nan       nan       nan
       25        111       0   0.000  0.000      0       nan           nan         nan         nan       nan       nan
       25        112       0   0.000  0.000      0       nan           nan         nan         nan       nan       nan
       25        113       0   0.000  0.000      0       nan           nan         nan         nan       nan       nan
       25        114       0   0.000  0.000      0       nan           nan         nan         nan       nan       nan
       25        115       0   0.000  0.000      0       nan           nan         nan         nan       nan       nan
       25        116       0   0.000  0.000      0       nan           nan         nan         nan       nan       nan
       25        117       0   0.000  0.000      0       nan           nan         nan         nan       nan       nan
       25        118       0   0.000  0.000      0       nan           nan         nan         nan       nan       nan
       25        119       0   0.000  0.000      0       nan           nan         nan         nan       nan       nan
       25        120       0   0.000  0.000      0       nan           nan         nan         nan       nan       nan
       25        121       0   0.000  0.000      0       nan           nan         nan         nan       nan       nan
       25        122       0   0.000  0.000      0       nan           nan         nan         nan       nan       nan
       25        123       0   0.000  0.000      0       nan           nan         nan         nan       nan       nan
       25        124       0   0.000  0.000      0       nan           nan         nan         nan       nan       nan
       25        125       0   0.000  0.000      0       nan           nan         nan         nan       nan       nan
       25        126       0   0.000  0.000      0       nan           nan         nan         nan       nan       nan
       25        127       0   0.000  0.000      0       nan           nan         nan         nan       nan       nan
       25        128       0   0.000  0.000      0       nan           nan         nan         nan       nan       nan
       25        129       0   0.000  0.000      0       nan           nan         nan         nan       nan       nan
       25        130       0   0.000  0.000      0       nan           nan         nan         nan       nan       nan
       25        131       0   0.000  0.000      0       nan           nan         nan         nan       nan       nan
       25        132       0   0.000  0.000      0       nan           nan         nan         nan       nan       nan
       25        133       0   0.000  0.000      0       nan           nan         nan         nan       nan       nan
       25        134       0   0.000  0.000      0       nan           nan         nan         nan       nan       nan
       25        135       0   0.000  0.000      0       nan           nan         nan         nan       nan       nan
       25        136       0   0.000  0.000      0       nan           nan         nan         nan       nan       nan
       25        137       0   0.000  0.000      0       nan           nan         nan         nan       nan       nan
       25        138       0   0.000  0.000      0       nan           nan         nan         nan       nan       nan
       25        139       0   0.000  0.000      0       nan           nan         nan         nan       nan       nan
       25        140       0   0.000  0.000      0       nan           nan         nan         nan       nan       nan
       25        141       0   0.000  0.000      0       nan           nan         nan         nan       nan       nan
       25        142       0   0.000  0.000      0       nan           nan         nan         nan       nan       nan
       25        143       0   0.000  0.000      0       nan           nan         nan         nan       nan       nan
       25        144       0   0.000  0.000      0       nan           nan         nan         nan       nan       nan
       25        145       0   0.000  0.000      0       nan           nan         nan         nan       nan       nan
       25        146       0   0.000  0.000      0       nan           nan         nan         nan       nan       nan
       25        147       0   0.000  0.000      0       nan           nan         nan         nan       nan       nan
       25        148       0   0.000  0.000      0       nan           nan         nan         nan       nan       nan
       25        149       0   0.000  0.000      0       nan           nan         nan         nan       nan       nan
       25        150       0   0.000  0.000      0       nan           nan         nan         nan       nan       nan
       25        151       0   0.000  0.000      0       nan           nan         nan         nan       nan       nan
       25        152       0   0.000  0.000      0       nan           nan         nan         nan       nan       nan
       25        153       0   0.000  0.000      0       nan           nan         nan         nan       nan       nan
       25        154       0   0.000  0.000      0       nan           nan         nan         nan       nan       nan
       25        155       0   0.000  0.000      0       nan           nan         nan         nan       nan       nan
       25        156       0   0.000  0.000      0       nan           nan         nan         nan       nan       nan
       25        157       0   0.000  0.000      0       nan           nan         nan         nan       nan       nan
       25        158       0   0.000  0.000      0       nan           nan         nan         nan       nan       nan
       25        159       0   0.000  0.000      0       nan           nan         nan         nan       nan       nan
       25        160       0   0.000  0.000      0       nan           nan         nan         nan       nan       nan
       25        161       0   0.000  0.000      0       nan           nan         nan         nan       nan       nan
       25        162       0   0.000  0.000      0       nan           nan         nan         nan       nan       nan
       25        163       0   0.000  0.000      0       nan           nan         nan         nan       nan       nan
       25        164       0   0.000  0.000      0       nan           nan         nan         nan       nan       nan
       25        165       0   0.000  0.000      0       nan           nan         nan         nan       nan       nan
       25        166       0   0.000  0.000      0       nan           nan         nan         nan       nan       nan
       25        167       0   0.000  0.000      0       nan           nan         nan         nan       nan       nan
       25        168       0   0.000  0.000      0       nan           nan         nan         nan       nan       nan
       25        169       0   0.000  0.000      0       nan           nan         nan         nan       nan       nan
       25        170       0   0.000  0.000      0       nan           nan         nan         nan       nan       nan
       25        171       0   0.000  0.000      0       nan           nan         nan         nan       nan       nan
       25        172       0   0.000  0.000      0       nan           nan         nan         nan       nan       nan
       25        173       0   0.000  0.000      0       nan           nan         nan         nan       nan       nan
       25        174       0   0.000  0.000      0       nan           nan         nan         nan       nan       nan
       25        175       0   0.000  0.000      0       nan           nan         nan         nan       nan       nan
       25        176       0   0.000  0.000      0       nan           nan         nan         nan       nan       nan
       25        177       0   0.000  0.000      0       nan           nan         nan         nan       nan       nan
       25        178       0   0.000  0.000      0       nan           nan         nan         nan       nan       nan
       25        179       0   0.000  0.000      0       nan           nan         nan         nan       nan       nan
       25        180       0   0.000  0.000      0       nan           nan         nan         nan       nan       nan
       25        181       0   0.000  0.000      0       nan           nan         nan         nan       nan       nan
       25        182       0   0.000  0.000      0       nan           nan         nan         nan       nan       nan
       25        183       0   0.000  0.000      0       nan           nan         nan         nan       nan       nan
       25        184       0   0.000  0.000      0       nan           nan         nan         nan       nan       nan
       25        185       0   0.000  0.000      0       nan           nan         nan         nan       nan       nan
       25        186       0   0.000  0.000      0       nan           nan         nan         nan       nan       nan
       25        187       0   0.000  0.000      0       nan           nan         nan         nan       nan       nan
       25        188       0   0.000  0.000      0       nan           nan         nan         nan       nan       nan
       25        189       0   0.000  0.000      0       nan           nan         nan         nan       nan       nan
       25        190       0   0.000  0.000      0       nan           nan         nan         nan       nan       nan
       25        191       0   0.000  0.000      0       nan           nan         nan         nan       nan       nan
       25        192       0   0.000  0.000      0       nan           nan         nan         nan       nan       nan
       25        193       0   0.000  0.000      0       nan           nan         nan         nan       nan       nan
       25        194       0   0.000  0.000      0       nan           nan         nan         nan       nan       nan
       25        195       0   0.000  0.000      0       nan           nan         nan         nan       nan       nan
       25        196       0   0.000  0.000      0       nan           nan         nan         nan       nan       nan
       25        197       0   0.000  0.000      0       nan           nan         nan         nan       nan       nan
       25        198       0   0.000  0.000      0       nan           nan         nan         nan       nan       nan
       25        199       0   0.000  0.000      0       nan           nan         nan         nan       nan       nan
       25        200       0   0.000  0.000      0       nan           nan         nan         nan       nan       nan
       25        201       0   0.000  0.000      0       nan           nan         nan         nan       nan       nan
       25        202       0   0.000  0.000      0       nan           nan         nan         nan       nan       nan
       26         54       0   0.000  0.000      0       nan           nan         nan         nan       nan       nan
       26         55       0   0.000  0.000      0       nan           nan         nan         nan       nan       nan
       26         56       0   0.000  0.000      0       nan           nan         nan         nan       nan       nan
       26         57       0   0.000  0.000      0       nan           nan         nan         nan       nan       nan
       26         58       0   0.000  0.000      0       nan           nan         nan         nan       nan       nan
       26         59       0   0.000  0.000      0       nan           nan         nan         nan       nan       nan
       26         60       0   0.000  0.000      0       nan           nan         nan         nan       nan       nan
       26         61       0   0.000  0.000      0       nan           nan         nan         nan       nan       nan
       26         62       0   0.000  0.000      0       nan           nan         nan         nan       nan       nan
       26         63       0   0.000  0.000      0       nan           nan         nan         nan       nan       nan
       26         64       0   0.000  0.000      0       nan           nan         nan         nan       nan       nan
       26         65       0   0.000  0.000      0       nan           nan         nan         nan       nan       nan
       26         66       0   0.000  0.000      0       nan           nan         nan         nan       nan       nan
       26         67       0   0.000  0.000      0       nan           nan         nan         nan       nan       nan
       26         68       0   0.000  0.000      0       nan           nan         nan         nan       nan       nan
       26         69       0   0.000  0.000      0       nan           nan         nan         nan       nan       nan
       26         70       0   0.000  0.000      0       nan           nan         nan         nan       nan       nan
       26         71       0   0.000  0.000      0       nan           nan         nan         nan       nan       nan
       26         72       0   0.000  0.000      0       nan           nan         nan         nan       nan       nan
       26         73       0   0.000  0.000      0       nan           nan         nan         nan       nan       nan
       26         74       0   0.000  0.000      0       nan           nan         nan         nan       nan       nan
       26         75       0   0.000  0.000      0       nan           nan         nan         nan       nan       nan
       26         76       0   0.000  0.000      0       nan           nan         nan         nan       nan       nan
       26         77       0   0.000  0.000      0       nan           nan         nan         nan       nan       nan
       26         78       0   0.000  0.000      0       nan           nan         nan         nan       nan       nan
       26         79       0   0.000  0.000      0       nan           nan         nan         nan       nan       nan
       26         80       0   0.000  0.000      0       nan           nan         nan         nan       nan       nan
       26         81       0   0.000  0.000      0       nan           nan         nan         nan       nan       nan
       26         82       0   0.000  0.000      0       nan           nan         nan         nan       nan       nan
       26         83       0   0.000  0.000      0       nan           nan         nan         nan       nan       nan
       26         84       0   0.000  0.000      0       nan           nan         nan         nan       nan       nan
       26         85       0   0.000  0.000      0       nan           nan         nan         nan       nan       nan
       26         86       0   0.000  0.000      0       nan           nan         nan         nan       nan       nan
       26         87       0   0.000  0.000      0       nan           nan         nan         nan       nan       nan
       26         88       0   0.000  0.000      0       nan           nan         nan         nan       nan       nan
       26         89       0   0.000  0.000      0       nan           nan         nan         nan       nan       nan
       26         90       0   0.000  0.000      0       nan           nan         nan         nan       nan       nan
       26         91       0   0.000  0.000      0       nan           nan         nan         nan       nan       nan
       26         92       0   0.000  0.000      0       nan           nan         nan         nan       nan       nan
       26         93       0   0.000  0.000      0       nan           nan         nan         nan       nan       nan
       26         94       0   0.000  0.000      0       nan           nan         nan         nan       nan       nan
       26         95       0   0.000  0.000      0       nan           nan         nan         nan       nan       nan
       26         96       0   0.000  0.000      0       nan           nan         nan         nan       nan       nan
       26         97       0   0.000  0.000      0       nan           nan         nan         nan       nan       nan
       26         98       0   0.000  0.000      0       nan           nan         nan         nan       nan       nan
       26         99       0   0.000  0.000      0       nan           nan         nan         nan       nan       nan
       26        100       0   0.000  0.000      0       nan           nan         nan         nan       nan       nan
       26        101       0   0.000  0.000      0       nan           nan         nan         nan       nan       nan
       26        102       0   0.000  0.000      0       nan           nan         nan         nan       nan       nan
       26        103       0   0.000  0.000      0       nan           nan         nan         nan       nan       nan
       26        104       0   0.000  0.000      0       nan           nan         nan         nan       nan       nan
       26        105       0   0.000  0.000      0       nan           nan         nan         nan       nan       nan
       26        106       0   0.000  0.000      0       nan           nan         nan         nan       nan       nan
       26        107       0   0.000  0.000      0       nan           nan         nan         nan       nan       nan
       26        108       0   0.000  0.000      0       nan           nan         nan         nan       nan       nan
       26        109       0   0.000  0.000      0       nan           nan         nan         nan       nan       nan
       26        110       0   0.000  0.000      0       nan           nan         nan         nan       nan       nan
       26        111       0   0.000  0.000      0       nan           nan         nan         nan       nan       nan
       26        112       0   0.000  0.000      0       nan           nan         nan         nan       nan       nan
       26        113       0   0.000  0.000      0       nan           nan         nan         nan       nan       nan
       26        114       0   0.000  0.000      0       nan           nan         nan         nan       nan       nan
       26        115       0   0.000  0.000      0       nan           nan         nan         nan       nan       nan
       26        116       0   0.000  0.000      0       nan           nan         nan         nan       nan       nan
       26        117       0   0.000  0.000      0       nan           nan         nan         nan       nan       nan
       26        118       0   0.000  0.000      0       nan           nan         nan         nan       nan       nan
       26        119       0   0.000  0.000      0       nan           nan         nan         nan       nan       nan
       26        120       0   0.000  0.000      0       nan           nan         nan         nan       nan       nan
       26        121       0   0.000  0.000      0       nan           nan         nan         nan       nan       nan
       26        122       0   0.000  0.000      0       nan           nan         nan         nan       nan       nan
       26        123       0   0.000  0.000      0       nan           nan         nan         nan       nan       nan
       26        124       0   0.000  0.000      0       nan           nan         nan         nan       nan       nan
       26        125       0   0.000  0.000      0       nan           nan         nan         nan       nan       nan
       26        126       0   0.000  0.000      0       nan           nan         nan         nan       nan       nan
       26        127       0   0.000  0.000      0       nan           nan         nan         nan       nan       nan
       26        128       0   0.000  0.000      0       nan           nan         nan         nan       nan       nan
       26        129       0   0.000  0.000      0       nan           nan         nan         nan       nan       nan
       26        130       0   0.000  0.000      0       nan           nan         nan         nan       nan       nan
       26        131       0   0.000  0.000      0       nan           nan         nan         nan       nan       nan
       26        132       0   0.000  0.000      0       nan           nan         nan         nan       nan       nan
       26        133       0   0.000  0.000      0       nan           nan         nan         nan       nan       nan
       26        134       0   0.000  0.000      0       nan           nan         nan         nan       nan       nan
       26        135       0   0.000  0.000      0       nan           nan         nan         nan       nan       nan
       26        136       0   0.000  0.000      0       nan           nan         nan         nan       nan       nan
       26        137       0   0.000  0.000      0       nan           nan         nan         nan       nan       nan
       26        138       0   0.000  0.000      0       nan           nan         nan         nan       nan       nan
       26        139       0   0.000  0.000      0       nan           nan         nan         nan       nan       nan
       26        140       0   0.000  0.000      0       nan           nan         nan         nan       nan       nan
       26        141       0   0.000  0.000      0       nan           nan         nan         nan       nan       nan
       26        142       0   0.000  0.000      0       nan           nan         nan         nan       nan       nan
       26        143       0   0.000  0.000      0       nan           nan         nan         nan       nan       nan
       26        144       0   0.000  0.000      0       nan           nan         nan         nan       nan       nan
       26        145       0   0.000  0.000      0       nan           nan         nan         nan       nan       nan
       26        146       0   0.000  0.000      0       nan           nan         nan         nan       nan       nan
       26        147       0   0.000  0.000      0       nan           nan         nan         nan       nan       nan
       26        148       0   0.000  0.000      0       nan           nan         nan         nan       nan       nan
       26        149       0   0.000  0.000      0       nan           nan         nan         nan       nan       nan
       26        150       0   0.000  0.000      0       nan           nan         nan         nan       nan       nan
       26        151       0   0.000  0.000      0       nan           nan         nan         nan       nan       nan
       26        152       0   0.000  0.000      0       nan           nan         nan         nan       nan       nan
       26        153       0   0.000  0.000      0       nan           nan         nan         nan       nan       nan
       26        154       0   0.000  0.000      0       nan           nan         nan         nan       nan       nan
       26        155       0   0.000  0.000      0       nan           nan         nan         nan       nan       nan
       26        156       0   0.000  0.000      0       nan           nan         nan         nan       nan       nan
       26        157       0   0.000  0.000      0       nan           nan         nan         nan       nan       nan
       26        158       0   0.000  0.000      0       nan           nan         nan         nan       nan       nan
       26        159       0   0.000  0.000      0       nan           nan         nan         nan       nan       nan
       26        160       0   0.000  0.000      0       nan           nan         nan         nan       nan       nan
       26        161       0   0.000  0.000      0       nan           nan         nan         nan       nan       nan
       26        162       0   0.000  0.000      0       nan           nan         nan         nan       nan       nan
       26        163       0   0.000  0.000      0       nan           nan         nan         nan       nan       nan
       26        164       0   0.000  0.000      0       nan           nan         nan         nan       nan       nan
       26        165       0   0.000  0.000      0       nan           nan         nan         nan       nan       nan
       26        166       0   0.000  0.000      0       nan           nan         nan         nan       nan       nan
       26        167       0   0.000  0.000      0       nan           nan         nan         nan       nan       nan
       26        168       0   0.000  0.000      0       nan           nan         nan         nan       nan       nan
       26        169       0   0.000  0.000      0       nan           nan         nan         nan       nan       nan
       26        170       0   0.000  0.000      0       nan           nan         nan         nan       nan       nan
       26        171       0   0.000  0.000      0       nan           nan         nan         nan       nan       nan
       26        172       0   0.000  0.000      0       nan           nan         nan         nan       nan       nan
       26        173       0   0.000  0.000      0       nan           nan         nan         nan       nan       nan
       26        174       0   0.000  0.000      0       nan           nan         nan         nan       nan       nan
       26        175       0   0.000  0.000      0       nan           nan         nan         nan       nan       nan
       26        176       0   0.000  0.000      0       nan           nan         nan         nan       nan       nan
       26        177       0   0.000  0.000      0       nan           nan         nan         nan       nan       nan
       26        178       0   0.000  0.000      0       nan           nan         nan         nan       nan       nan
       26        179       0   0.000  0.000      0       nan           nan         nan         nan       nan       nan
       26        180       0   0.000  0.000      0       nan           nan         nan         nan       nan       nan
       26        181       0   0.000  0.000      0       nan           nan         nan         nan       nan       nan
       26        182       0   0.000  0.000      0       nan           nan         nan         nan       nan       nan
       26        183       0   0.000  0.000      0       nan           nan         nan         nan       nan       nan
       26        184       0   0.000  0.000      0       nan           nan         nan         nan       nan       nan
       26        185       0   0.000  0.000      0       nan           nan         nan         nan       nan       nan
       26        186       0   0.000  0.000      0       nan           nan         nan         nan       nan       nan
       26        187       0   0.000  0.000      0       nan           nan         nan         nan       nan       nan
       26        188       0   0.000  0.000      0       nan           nan         nan         nan       nan       nan
       26        189       0   0.000  0.000      0       nan           nan         nan         nan       nan       nan
       26        190       0   0.000  0.000      0       nan           nan         nan         nan       nan       nan
       26        191       0   0.000  0.000      0       nan           nan         nan         nan       nan       nan
       26        192       0   0.000  0.000      0       nan           nan         nan         nan       nan       nan
       26        193       0   0.000  0.000      0       nan           nan         nan         nan       nan       nan
       26        194       0   0.000  0.000      0       nan           nan         nan         nan       nan       nan
       26        195       0   0.000  0.000      0       nan           nan         nan         nan       nan       nan
       26        196       0   0.000  0.000      0       nan           nan         nan         nan       nan       nan
       26        197       0   0.000  0.000      0       nan           nan         nan         nan       nan       nan
       26        198       0   0.000  0.000      0       nan           nan         nan         nan       nan       nan
       26        199       0   0.000  0.000      0       nan           nan         nan         nan       nan       nan
       26        200       0   0.000  0.000      0       nan           nan         nan         nan       nan       nan
       26        201       0   0.000  0.000      0       nan           nan         nan         nan       nan       nan
       26        202       0   0.000  0.000      0       nan           nan         nan         nan       nan       nan
       27        120       0   0.027  0.037    276     1.189           0.1        90.0        89.9      32.0      26.9
       27         62       0   0.000  0.011    168     1.834          40.0        90.0       130.0      32.0      58.7
       27         94       0   0.000  0.012    148     3.084          40.0        90.0       130.0      32.0      98.7
       27         58       0   0.000  0.001     48     2.181          40.0        90.0       130.0      32.0      69.8
       27         54       0   0.000  0.000      0       nan           nan         nan         nan       nan       nan
       27         55       0   0.000  0.000      0       nan           nan         nan         nan       nan       nan
       27         56       0   0.000  0.000      0       nan           nan         nan         nan       nan       nan
       27         57       0   0.000  0.000      0       nan           nan         nan         nan       nan       nan
       27         59       0   0.000  0.000      0       nan           nan         nan         nan       nan       nan
       27         60       0   0.000  0.000      0       nan           nan         nan         nan       nan       nan
       27         61       0   0.000  0.000      0       nan           nan         nan         nan       nan       nan
       27         63       0   0.000  0.000      0       nan           nan         nan         nan       nan       nan
       27         64       0   0.000  0.000      0       nan           nan         nan         nan       nan       nan
       27         65       0   0.000  0.000      0       nan           nan         nan         nan       nan       nan
       27         66       0   0.000  0.000      0       nan           nan         nan         nan       nan       nan
       27         67       0   0.000  0.000      0       nan           nan         nan         nan       nan       nan
       27         68       0   0.000  0.000      0       nan           nan         nan         nan       nan       nan
       27         69       0   0.000  0.000      0       nan           nan         nan         nan       nan       nan
       27         70       0   0.000  0.000      0       nan           nan         nan         nan       nan       nan
       27         71       0   0.000  0.000      0       nan           nan         nan         nan       nan       nan
       27         72       0   0.000  0.000      0       nan           nan         nan         nan       nan       nan
       27         73       0   0.000  0.000      0       nan           nan         nan         nan       nan       nan
       27         74       0   0.000  0.000      0       nan           nan         nan         nan       nan       nan
       27         75       0   0.000  0.000      0       nan           nan         nan         nan       nan       nan
       27         76       0   0.000  0.000      0       nan           nan         nan         nan       nan       nan
       27         77       0   0.000  0.000      0       nan           nan         nan         nan       nan       nan
       27         78       0   0.000  0.000      0       nan           nan         nan         nan       nan       nan
       27         79       0   0.000  0.000      0       nan           nan         nan         nan       nan       nan
       27         80       0   0.000  0.000      0       nan           nan         nan         nan       nan       nan
       27         81       0   0.000  0.000      0       nan           nan         nan         nan       nan       nan
       27         82       0   0.000  0.000      0       nan           nan         nan         nan       nan       nan
       27         83       0   0.000  0.000      0       nan           nan         nan         nan       nan       nan
       27         84       0   0.000  0.000      0       nan           nan         nan         nan       nan       nan
       27         85       0   0.000  0.000      0       nan           nan         nan         nan       nan       nan
       27         86       0   0.000  0.000      0       nan           nan         nan         nan       nan       nan
       27         87       0   0.000  0.000      0       nan           nan         nan         nan       nan       nan
       27         88       0   0.000  0.000      0       nan           nan         nan         nan       nan       nan
       27         89       0   0.000  0.000      0       nan           nan         nan         nan       nan       nan
       27         90       0   0.000  0.000      0       nan           nan         nan         nan       nan       nan
       27         91       0   0.000  0.000      0       nan           nan         nan         nan       nan       nan
       27         92       0   0.000  0.000      0       nan           nan         nan         nan       nan       nan
       27         93       0   0.000  0.000      0       nan           nan         nan         nan       nan       nan
       27         95       0   0.000  0.000      0       nan           nan         nan         nan       nan       nan
       27         96       0   0.000  0.000      0       nan           nan         nan         nan       nan       nan
       27         97       0   0.000  0.000      0       nan           nan         nan         nan       nan       nan
       27         98       0   0.000  0.000      0       nan           nan         nan         nan       nan       nan
       27         99       0   0.000  0.000      0       nan           nan         nan         nan       nan       nan
       27        100       0   0.000  0.000      0       nan           nan         nan         nan       nan       nan
       27        101       0   0.000  0.000      0       nan           nan         nan         nan       nan       nan
       27        102       0   0.000  0.000      0       nan           nan         nan         nan       nan       nan
       27        103       0   0.000  0.000      0       nan           nan         nan         nan       nan       nan
       27        104       0   0.000  0.000      0       nan           nan         nan         nan       nan       nan
       27        105       0   0.000  0.000      0       nan           nan         nan         nan       nan       nan
       27        106       0   0.000  0.000      0       nan           nan         nan         nan       nan       nan
       27        107       0   0.000  0.000      0       nan           nan         nan         nan       nan       nan
       27        108       0   0.000  0.000      0       nan           nan         nan         nan       nan       nan
       27        109       0   0.000  0.000      0       nan           nan         nan         nan       nan       nan
       27        110       0   0.000  0.000      0       nan           nan         nan         nan       nan       nan
       27        111       0   0.000  0.000      0       nan           nan         nan         nan       nan       nan
       27        112       0   0.000  0.000      0       nan           nan         nan         nan       nan       nan
       27        113       0   0.000  0.000      0       nan           nan         nan         nan       nan       nan
       27        114       0   0.000  0.000      0       nan           nan         nan         nan       nan       nan
       27        115       0   0.000  0.000      0       nan           nan         nan         nan       nan       nan
       27        116       0   0.000  0.000      0       nan           nan         nan         nan       nan       nan
       27        117       0   0.000  0.000      0       nan           nan         nan         nan       nan       nan
       27        118       0   0.000  0.000      0       nan           nan         nan         nan       nan       nan
       27        119       0   0.000  0.000      0       nan           nan         nan         nan       nan       nan
       27        121       0   0.000  0.000      0       nan           nan         nan         nan       nan       nan
       27        122       0   0.000  0.000      0       nan           nan         nan         nan       nan       nan
       27        123       0   0.000  0.000      0       nan           nan         nan         nan       nan       nan
       27        124       0   0.000  0.000      0       nan           nan         nan         nan       nan       nan
       27        125       0   0.000  0.000      0       nan           nan         nan         nan       nan       nan
       27        126       0   0.000  0.000      0       nan           nan         nan         nan       nan       nan
       27        127       0   0.000  0.000      0       nan           nan         nan         nan       nan       nan
       27        128       0   0.000  0.000      0       nan           nan         nan         nan       nan       nan
       27        129       0   0.000  0.000      0       nan           nan         nan         nan       nan       nan
       27        130       0   0.000  0.000      0       nan           nan         nan         nan       nan       nan
       27        131       0   0.000  0.000      0       nan           nan         nan         nan       nan       nan
       27        132       0   0.000  0.000      0       nan           nan         nan         nan       nan       nan
       27        133       0   0.000  0.000      0       nan           nan         nan         nan       nan       nan
       27        134       0   0.000  0.000      0       nan           nan         nan         nan       nan       nan
       27        135       0   0.000  0.000      0       nan           nan         nan         nan       nan       nan
       27        136       0   0.000  0.000      0       nan           nan         nan         nan       nan       nan
       27        137       0   0.000  0.000      0       nan           nan         nan         nan       nan       nan
       27        138       0   0.000  0.000      0       nan           nan         nan         nan       nan       nan
       27        139       0   0.000  0.000      0       nan           nan         nan         nan       nan       nan
       27        140       0   0.000  0.000      0       nan           nan         nan         nan       nan       nan
       27        141       0   0.000  0.000      0       nan           nan         nan         nan       nan       nan
       27        142       0   0.000  0.000      0       nan           nan         nan         nan       nan       nan
       27        143       0   0.000  0.000      0       nan           nan         nan         nan       nan       nan
       27        144       0   0.000  0.000      0       nan           nan         nan         nan       nan       nan
       27        145       0   0.000  0.000      0       nan           nan         nan         nan       nan       nan
       27        146       0   0.000  0.000      0       nan           nan         nan         nan       nan       nan
       27        147       0   0.000  0.000      0       nan           nan         nan         nan       nan       nan
       27        148       0   0.000  0.000      0       nan           nan         nan         nan       nan       nan
       27        149       0   0.000  0.000      0       nan           nan         nan         nan       nan       nan
       27        150       0   0.000  0.000      0       nan           nan         nan         nan       nan       nan
       27        151       0   0.000  0.000      0       nan           nan         nan         nan       nan       nan
       27        152       0   0.000  0.000      0       nan           nan         nan         nan       nan       nan
       27        153       0   0.000  0.000      0       nan           nan         nan         nan       nan       nan
       27        154       0   0.000  0.000      0       nan           nan         nan         nan       nan       nan
       27        155       0   0.000  0.000      0       nan           nan         nan         nan       nan       nan
       27        156       0   0.000  0.000      0       nan           nan         nan         nan       nan       nan
       27        157       0   0.000  0.000      0       nan           nan         nan         nan       nan       nan
       27        158       0   0.000  0.000      0       nan           nan         nan         nan       nan       nan
       27        159       0   0.000  0.000      0       nan           nan         nan         nan       nan       nan
       27        160       0   0.000  0.000      0       nan           nan         nan         nan       nan       nan
       27        161       0   0.000  0.000      0       nan           nan         nan         nan       nan       nan
       27        162       0   0.000  0.000      0       nan           nan         nan         nan       nan       nan
       27        163       0   0.000  0.000      0       nan           nan         nan         nan       nan       nan
       27        164       0   0.000  0.000      0       nan           nan         nan         nan       nan       nan
       27        165       0   0.000  0.000      0       nan           nan         nan         nan       nan       nan
       27        166       0   0.000  0.000      0       nan           nan         nan         nan       nan       nan
       27        167       0   0.000  0.000      0       nan           nan         nan         nan       nan       nan
       27        168       0   0.000  0.000      0       nan           nan         nan         nan       nan       nan
       27        169       0   0.000  0.000      0       nan           nan         nan         nan       nan       nan
       27        170       0   0.000  0.000      0       nan           nan         nan         nan       nan       nan
       27        171       0   0.000  0.000      0       nan           nan         nan         nan       nan       nan
       27        172       0   0.000  0.000      0       nan           nan         nan         nan       nan       nan
       27        173       0   0.000  0.000      0       nan           nan         nan         nan       nan       nan
       27        174       0   0.000  0.000      0       nan           nan         nan         nan       nan       nan
       27        175       0   0.000  0.000      0       nan           nan         nan         nan       nan       nan
       27        176       0   0.000  0.000      0       nan           nan         nan         nan       nan       nan
       27        177       0   0.000  0.000      0       nan           nan         nan         nan       nan       nan
       27        178       0   0.000  0.000      0       nan           nan         nan         nan       nan       nan
       27        179       0   0.000  0.000      0       nan           nan         nan         nan       nan       nan
       27        180       0   0.000  0.000      0       nan           nan         nan         nan       nan       nan
       27        181       0   0.000  0.000      0       nan           nan         nan         nan       nan       nan
       27        182       0   0.000  0.000      0       nan           nan         nan         nan       nan       nan
       27        183       0   0.000  0.000      0       nan           nan         nan         nan       nan       nan
       27        184       0   0.000  0.000      0       nan           nan         nan         nan       nan       nan
       27        185       0   0.000  0.000      0       nan           nan         nan         nan       nan       nan
       27        186       0   0.000  0.000      0       nan           nan         nan         nan       nan       nan
       27        187       0   0.000  0.000      0       nan           nan         nan         nan       nan       nan
       27        188       0   0.000  0.000      0       nan           nan         nan         nan       nan       nan
       27        189       0   0.000  0.000      0       nan           nan         nan         nan       nan       nan
       27        190       0   0.000  0.000      0       nan           nan         nan         nan       nan       nan
       27        191       0   0.000  0.000      0       nan           nan         nan         nan       nan       nan
       27        192       0   0.000  0.000      0       nan           nan         nan         nan       nan       nan
       27        193       0   0.000  0.000      0       nan           nan         nan         nan       nan       nan
       27        194       0   0.000  0.000      0       nan           nan         nan         nan       nan       nan
       27        195       0   0.000  0.000      0       nan           nan         nan         nan       nan       nan
       27        196       0   0.000  0.000      0       nan           nan         nan         nan       nan       nan
       27        197       0   0.000  0.000      0       nan           nan         nan         nan       nan       nan
       27        198       0   0.000  0.000      0       nan           nan         nan         nan       nan       nan
       27        199       0   0.000  0.000      0       nan           nan         nan         nan       nan       nan
       27        200       0   0.000  0.000      0       nan           nan         nan         nan       nan       nan
       27        201       0   0.000  0.000      0       nan           nan         nan         nan       nan       nan
       27        202       0   0.000  0.000      0       nan           nan         nan         nan       nan       nan
       28        145       1   0.459  0.500    284     1.091           0.0        80.0        80.0      16.0      17.4
       28        140       0   0.014  0.204    176     1.297          10.0        80.0        70.0      16.0      20.7
       28        128       0   0.006  0.091    160     1.414          10.0        80.0        70.0      16.0      22.6
       28         79       1   0.005  0.059    104     1.000          10.0        80.0        90.0      16.0      16.0
       28         68       0   0.004  0.010    100     2.378           0.0        80.0        80.0      16.0      38.1
       28         56       0   0.003  0.041    344     1.189          10.0        80.0        90.0      16.0      19.0
       28         65       0   0.001  0.034    368     4.757           9.6        80.0        70.4      16.0      76.1
       28         55       0   0.000  0.015    368     1.414          30.0        80.0       110.0      16.0      22.6
       28         54       0   0.000  0.011    368     1.297          30.5        80.0       110.5      16.0      20.7
       28         58       0   0.000  0.005    368     3.668          23.6        80.0       103.6      16.0      58.7
       28        155       0   0.000  0.012     84     7.336          70.0        80.0       150.0      16.0     117.4
       28         57       0   0.000  0.000      0       nan           nan         nan         nan       nan       nan
       28         59       0   0.000  0.000      0       nan           nan         nan         nan       nan       nan
       28         60       0   0.000  0.000      0       nan           nan         nan         nan       nan       nan
       28         61       0   0.000  0.000      0       nan           nan         nan         nan       nan       nan
       28         62       0   0.000  0.000      0       nan           nan         nan         nan       nan       nan
       28         63       0   0.000  0.000      0       nan           nan         nan         nan       nan       nan
       28         64       0   0.000  0.000      0       nan           nan         nan         nan       nan       nan
       28         66       0   0.000  0.000      0       nan           nan         nan         nan       nan       nan
       28         67       0   0.000  0.000      0       nan           nan         nan         nan       nan       nan
       28         69       0   0.000  0.000      0       nan           nan         nan         nan       nan       nan
       28         70       0   0.000  0.000      0       nan           nan         nan         nan       nan       nan
       28         71       0   0.000  0.000      0       nan           nan         nan         nan       nan       nan
       28         72       0   0.000  0.000      0       nan           nan         nan         nan       nan       nan
       28         73       0   0.000  0.000      0       nan           nan         nan         nan       nan       nan
       28         74       0   0.000  0.000      0       nan           nan         nan         nan       nan       nan
       28         75       0   0.000  0.000      0       nan           nan         nan         nan       nan       nan
       28         76       0   0.000  0.000      0       nan           nan         nan         nan       nan       nan
       28         77       0   0.000  0.000      0       nan           nan         nan         nan       nan       nan
       28         78       0   0.000  0.000      0       nan           nan         nan         nan       nan       nan
       28         80       0   0.000  0.000      0       nan           nan         nan         nan       nan       nan
       28         81       0   0.000  0.000      0       nan           nan         nan         nan       nan       nan
       28         82       0   0.000  0.000      0       nan           nan         nan         nan       nan       nan
       28         83       0   0.000  0.000      0       nan           nan         nan         nan       nan       nan
       28         84       0   0.000  0.000      0       nan           nan         nan         nan       nan       nan
       28         85       0   0.000  0.000      0       nan           nan         nan         nan       nan       nan
       28         86       0   0.000  0.000      0       nan           nan         nan         nan       nan       nan
       28         87       0   0.000  0.000      0       nan           nan         nan         nan       nan       nan
       28         88       0   0.000  0.000      0       nan           nan         nan         nan       nan       nan
       28         89       0   0.000  0.000      0       nan           nan         nan         nan       nan       nan
       28         90       0   0.000  0.000      0       nan           nan         nan         nan       nan       nan
       28         91       0   0.000  0.000      0       nan           nan         nan         nan       nan       nan
       28         92       0   0.000  0.000      0       nan           nan         nan         nan       nan       nan
       28         93       0   0.000  0.000      0       nan           nan         nan         nan       nan       nan
       28         94       0   0.000  0.000      0       nan           nan         nan         nan       nan       nan
       28         95       0   0.000  0.000      0       nan           nan         nan         nan       nan       nan
       28         96       0   0.000  0.000      0       nan           nan         nan         nan       nan       nan
       28         97       0   0.000  0.000      0       nan           nan         nan         nan       nan       nan
       28         98       0   0.000  0.000      0       nan           nan         nan         nan       nan       nan
       28         99       0   0.000  0.000      0       nan           nan         nan         nan       nan       nan
       28        100       0   0.000  0.000      0       nan           nan         nan         nan       nan       nan
       28        101       0   0.000  0.000      0       nan           nan         nan         nan       nan       nan
       28        102       0   0.000  0.000      0       nan           nan         nan         nan       nan       nan
       28        103       0   0.000  0.000      0       nan           nan         nan         nan       nan       nan
       28        104       0   0.000  0.000      0       nan           nan         nan         nan       nan       nan
       28        105       0   0.000  0.000      0       nan           nan         nan         nan       nan       nan
       28        106       0   0.000  0.000      0       nan           nan         nan         nan       nan       nan
       28        107       0   0.000  0.000      0       nan           nan         nan         nan       nan       nan
       28        108       0   0.000  0.000      0       nan           nan         nan         nan       nan       nan
       28        109       0   0.000  0.000      0       nan           nan         nan         nan       nan       nan
       28        110       0   0.000  0.000      0       nan           nan         nan         nan       nan       nan
       28        111       0   0.000  0.000      0       nan           nan         nan         nan       nan       nan
       28        112       0   0.000  0.000      0       nan           nan         nan         nan       nan       nan
       28        113       0   0.000  0.000      0       nan           nan         nan         nan       nan       nan
       28        114       0   0.000  0.000      0       nan           nan         nan         nan       nan       nan
       28        115       0   0.000  0.000      0       nan           nan         nan         nan       nan       nan
       28        116       0   0.000  0.000      0       nan           nan         nan         nan       nan       nan
       28        117       0   0.000  0.000      0       nan           nan         nan         nan       nan       nan
       28        118       0   0.000  0.000      0       nan           nan         nan         nan       nan       nan
       28        119       0   0.000  0.000      0       nan           nan         nan         nan       nan       nan
       28        120       0   0.000  0.000      0       nan           nan         nan         nan       nan       nan
       28        121       0   0.000  0.000      0       nan           nan         nan         nan       nan       nan
       28        122       0   0.000  0.000      0       nan           nan         nan         nan       nan       nan
       28        123       0   0.000  0.000      0       nan           nan         nan         nan       nan       nan
       28        124       0   0.000  0.000      0       nan           nan         nan         nan       nan       nan
       28        125       0   0.000  0.000      0       nan           nan         nan         nan       nan       nan
       28        126       0   0.000  0.000      0       nan           nan         nan         nan       nan       nan
       28        127       0   0.000  0.000      0       nan           nan         nan         nan       nan       nan
       28        129       0   0.000  0.000      0       nan           nan         nan         nan       nan       nan
       28        130       0   0.000  0.000      0       nan           nan         nan         nan       nan       nan
       28        131       0   0.000  0.000      0       nan           nan         nan         nan       nan       nan
       28        132       0   0.000  0.000      0       nan           nan         nan         nan       nan       nan
       28        133       0   0.000  0.000      0       nan           nan         nan         nan       nan       nan
       28        134       0   0.000  0.000      0       nan           nan         nan         nan       nan       nan
       28        135       0   0.000  0.000      0       nan           nan         nan         nan       nan       nan
       28        136       0   0.000  0.000      0       nan           nan         nan         nan       nan       nan
       28        137       0   0.000  0.000      0       nan           nan         nan         nan       nan       nan
       28        138       0   0.000  0.000      0       nan           nan         nan         nan       nan       nan
       28        139       0   0.000  0.000      0       nan           nan         nan         nan       nan       nan
       28        141       0   0.000  0.000      0       nan           nan         nan         nan       nan       nan
       28        142       0   0.000  0.000      0       nan           nan         nan         nan       nan       nan
       28        143       0   0.000  0.000      0       nan           nan         nan         nan       nan       nan
       28        144       0   0.000  0.000      0       nan           nan         nan         nan       nan       nan
       28        146       0   0.000  0.000      0       nan           nan         nan         nan       nan       nan
       28        147       0   0.000  0.000      0       nan           nan         nan         nan       nan       nan
       28        148       0   0.000  0.000      0       nan           nan         nan         nan       nan       nan
       28        149       0   0.000  0.000      0       nan           nan         nan         nan       nan       nan
       28        150       0   0.000  0.000      0       nan           nan         nan         nan       nan       nan
       28        151       0   0.000  0.000      0       nan           nan         nan         nan       nan       nan
       28        152       0   0.000  0.000      0       nan           nan         nan         nan       nan       nan
       28        153       0   0.000  0.000      0       nan           nan         nan         nan       nan       nan
       28        154       0   0.000  0.000      0       nan           nan         nan         nan       nan       nan
       28        156       0   0.000  0.000      0       nan           nan         nan         nan       nan       nan
       28        157       0   0.000  0.000      0       nan           nan         nan         nan       nan       nan
       28        158       0   0.000  0.000      0       nan           nan         nan         nan       nan       nan
       28        159       0   0.000  0.000      0       nan           nan         nan         nan       nan       nan
       28        160       0   0.000  0.000      0       nan           nan         nan         nan       nan       nan
       28        161       0   0.000  0.000      0       nan           nan         nan         nan       nan       nan
       28        162       0   0.000  0.000      0       nan           nan         nan         nan       nan       nan
       28        163       0   0.000  0.000      0       nan           nan         nan         nan       nan       nan
       28        164       0   0.000  0.000      0       nan           nan         nan         nan       nan       nan
       28        165       0   0.000  0.000      0       nan           nan         nan         nan       nan       nan
       28        166       0   0.000  0.000      0       nan           nan         nan         nan       nan       nan
       28        167       0   0.000  0.000      0       nan           nan         nan         nan       nan       nan
       28        168       0   0.000  0.000      0       nan           nan         nan         nan       nan       nan
       28        169       0   0.000  0.000      0       nan           nan         nan         nan       nan       nan
       28        170       0   0.000  0.000      0       nan           nan         nan         nan       nan       nan
       28        171       0   0.000  0.000      0       nan           nan         nan         nan       nan       nan
       28        172       0   0.000  0.000      0       nan           nan         nan         nan       nan       nan
       28        173       0   0.000  0.000      0       nan           nan         nan         nan       nan       nan
       28        174       0   0.000  0.000      0       nan           nan         nan         nan       nan       nan
       28        175       0   0.000  0.000      0       nan           nan         nan         nan       nan       nan
       28        176       0   0.000  0.000      0       nan           nan         nan         nan       nan       nan
       28        177       0   0.000  0.000      0       nan           nan         nan         nan       nan       nan
       28        178       0   0.000  0.000      0       nan           nan         nan         nan       nan       nan
       28        179       0   0.000  0.000      0       nan           nan         nan         nan       nan       nan
       28        180       0   0.000  0.000      0       nan           nan         nan         nan       nan       nan
       28        181       0   0.000  0.000      0       nan           nan         nan         nan       nan       nan
       28        182       0   0.000  0.000      0       nan           nan         nan         nan       nan       nan
       28        183       0   0.000  0.000      0       nan           nan         nan         nan       nan       nan
       28        184       0   0.000  0.000      0       nan           nan         nan         nan       nan       nan
       28        185       0   0.000  0.000      0       nan           nan         nan         nan       nan       nan
       28        186       0   0.000  0.000      0       nan           nan         nan         nan       nan       nan
       28        187       0   0.000  0.000      0       nan           nan         nan         nan       nan       nan
       28        188       0   0.000  0.000      0       nan           nan         nan         nan       nan       nan
       28        189       0   0.000  0.000      0       nan           nan         nan         nan       nan       nan
       28        190       0   0.000  0.000      0       nan           nan         nan         nan       nan       nan
       28        191       0   0.000  0.000      0       nan           nan         nan         nan       nan       nan
       28        192       0   0.000  0.000      0       nan           nan         nan         nan       nan       nan
       28        193       0   0.000  0.000      0       nan           nan         nan         nan       nan       nan
       28        194       0   0.000  0.000      0       nan           nan         nan         nan       nan       nan
       28        195       0   0.000  0.000      0       nan           nan         nan         nan       nan       nan
       28        196       0   0.000  0.000      0       nan           nan         nan         nan       nan       nan
       28        197       0   0.000  0.000      0       nan           nan         nan         nan       nan       nan
       28        198       0   0.000  0.000      0       nan           nan         nan         nan       nan       nan
       28        199       0   0.000  0.000      0       nan           nan         nan         nan       nan       nan
       28        200       0   0.000  0.000      0       nan           nan         nan         nan       nan       nan
       28        201       0   0.000  0.000      0       nan           nan         nan         nan       nan       nan
       28        202       0   0.000  0.000      0       nan           nan         nan         nan       nan       nan
