cluster_a  cluster_c  passes  score    iou    inter  lam_ratio  ang_diff_deg  thetaA_deg  thetaC_deg  lamA_med  lamC_med
      104        370       0   0.136  0.212   2224     1.414           0.1       159.9       160.0      34.9      49.4
      104        362       1   0.057  0.068    732     1.189           0.0       160.0       160.0      32.0      38.1
      104        405       1   0.033  0.071    368     1.091           1.0       147.7       146.8      22.6      20.7
      104        351       0   0.030  0.113   3236     1.542           1.4       158.7       160.1      34.9      53.8
      104        378       0   0.017  0.034    272     2.000           0.0       160.0       160.0      34.9      69.8
      104        373       0   0.010  0.101   1292     1.542           5.3       160.0       165.3      34.9      22.6
      104        358       0   0.010  0.097   1416     2.378           3.3       159.7       163.0      32.0      76.1
      104        353       0   0.007  0.060   2400     2.594           2.4       160.0       157.6      34.9      90.5
      104        386       0   0.005  0.097    552     1.297          14.5       160.0       145.5      34.9      26.9
      104        403       0   0.004  0.049    372     1.000          10.0       160.0       150.0      32.0      32.0
      104        410       0   0.004  0.036    180     1.682           4.2       144.2       140.0      22.6      38.1
      104        356       0   0.003  0.078    440     1.834          11.9       158.1       170.0      32.0      58.7
      104        350       0   0.003  0.051   1264     1.542          10.3       160.0       149.7      34.9      22.6
      104        375       0   0.003  0.112   1084     2.000          20.0       160.0       140.0      34.9      69.8
      104        363       0   0.002  0.100   1688     2.594          20.0       160.0         0.0      32.0      83.0
      104        355       0   0.001  0.039    548     1.297          21.7       148.3       170.0      45.3      34.9
      104        361       0   0.001  0.043    760     1.834          20.0       160.0       140.0      34.9      64.0
      104        354       0   0.001  0.072   1972     3.084          20.1       160.0       139.9      34.9     107.6
      104        460       0   0.001  0.034    240     1.091          40.0       160.0       120.0      34.9      38.1
      104        389       0   0.000  0.013    108     1.542          20.0       160.0       140.0      34.9      22.6
      104        416       0   0.000  0.017    124     1.091          41.6       160.0       118.4      34.9      32.0
      104        365       0   0.000  0.009    144     2.000          17.8       160.0       142.2      34.9      17.4
      104        440       0   0.000  0.031    164     2.000          70.0       160.0        50.0      32.0      64.0
      104        352       0   0.000  0.009    180     2.181          30.0       160.0        10.0      32.0      69.8
      104        368       0   0.000  0.017    216     2.181          62.2       160.0        42.2      32.0      69.8
      104        357       0   0.000  0.004     88     1.091          30.0       160.0       130.0      34.9      38.1
      104        381       0   0.000  0.001      4     1.542          30.0       160.0        10.0      32.0      20.7
      104        359       0   0.000  0.000      0       nan           nan         nan         nan       nan       nan
      104        360       0   0.000  0.000      0       nan           nan         nan         nan       nan       nan
      104        364       0   0.000  0.000      0       nan           nan         nan         nan       nan       nan
      104        366       0   0.000  0.000      0       nan           nan         nan         nan       nan       nan
      104        367       0   0.000  0.000      0       nan           nan         nan         nan       nan       nan
      104        369       0   0.000  0.000      0       nan           nan         nan         nan       nan       nan
      104        371       0   0.000  0.000      0       nan           nan         nan         nan       nan       nan
      104        372       0   0.000  0.000      0       nan           nan         nan         nan       nan       nan
      104        374       0   0.000  0.000      0       nan           nan         nan         nan       nan       nan
      104        376       0   0.000  0.000      0       nan           nan         nan         nan       nan       nan
      104        377       0   0.000  0.000      0       nan           nan         nan         nan       nan       nan
      104        379       0   0.000  0.000      0       nan           nan         nan         nan       nan       nan
      104        380       0   0.000  0.000      0       nan           nan         nan         nan       nan       nan
      104        382       0   0.000  0.000      0       nan           nan         nan         nan       nan       nan
      104        383       0   0.000  0.000      0       nan           nan         nan         nan       nan       nan
      104        384       0   0.000  0.000      0       nan           nan         nan         nan       nan       nan
      104        385       0   0.000  0.000      0       nan           nan         nan         nan       nan       nan
      104        387       0   0.000  0.000      0       nan           nan         nan         nan       nan       nan
      104        388       0   0.000  0.000      0       nan           nan         nan         nan       nan       nan
      104        390       0   0.000  0.000      0       nan           nan         nan         nan       nan       nan
      104        391       0   0.000  0.000      0       nan           nan         nan         nan       nan       nan
      104        392       0   0.000  0.000      0       nan           nan         nan         nan       nan       nan
      104        393       0   0.000  0.000      0       nan           nan         nan         nan       nan       nan
      104        394       0   0.000  0.000      0       nan           nan         nan         nan       nan       nan
      104        395       0   0.000  0.000      0       nan           nan         nan         nan       nan       nan
      104        396       0   0.000  0.000      0       nan           nan         nan         nan       nan       nan
      104        397       0   0.000  0.000      0       nan           nan         nan         nan       nan       nan
      104        398       0   0.000  0.000      0       nan           nan         nan         nan       nan       nan
      104        399       0   0.000  0.000      0       nan           nan         nan         nan       nan       nan
      104        400       0   0.000  0.000      0       nan           nan         nan         nan       nan       nan
      104        401       0   0.000  0.000      0       nan           nan         nan         nan       nan       nan
      104        402       0   0.000  0.000      0       nan           nan         nan         nan       nan       nan
      104        404       0   0.000  0.000      0       nan           nan         nan         nan       nan       nan
      104        406       0   0.000  0.000      0       nan           nan         nan         nan       nan       nan
      104        407       0   0.000  0.000      0       nan           nan         nan         nan       nan       nan
      104        408       0   0.000  0.000      0       nan           nan         nan         nan       nan       nan
      104        409       0   0.000  0.000      0       nan           nan         nan         nan       nan       nan
      104        411       0   0.000  0.000      0       nan           nan         nan         nan       nan       nan
      104        412       0   0.000  0.000      0       nan           nan         nan         nan       nan       nan
      104        413       0   0.000  0.000      0       nan           nan         nan         nan       nan       nan
      104        414       0   0.000  0.000      0       nan           nan         nan         nan       nan       nan
      104        415       0   0.000  0.000      0       nan           nan         nan         nan       nan       nan
      104        417       0   0.000  0.000      0       nan           nan         nan         nan       nan       nan
      104        418       0   0.000  0.000      0       nan           nan         nan         nan       nan       nan
      104        419       0   0.000  0.000      0       nan           nan         nan         nan       nan       nan
      104        420       0   0.000  0.000      0       nan           nan         nan         nan       nan       nan
      104        421       0   0.000  0.000      0       nan           nan         nan         nan       nan       nan
      104        422       0   0.000  0.000      0       nan           nan         nan         nan       nan       nan
      104        423       0   0.000  0.000      0       nan           nan         nan         nan       nan       nan
      104        424       0   0.000  0.000      0       nan           nan         nan         nan       nan       nan
      104        425       0   0.000  0.000      0       nan           nan         nan         nan       nan       nan
      104        426       0   0.000  0.000      0       nan           nan         nan         nan       nan       nan
      104        427       0   0.000  0.000      0       nan           nan         nan         nan       nan       nan
      104        428       0   0.000  0.000      0       nan           nan         nan         nan       nan       nan
      104        429       0   0.000  0.000      0       nan           nan         nan         nan       nan       nan
      104        430       0   0.000  0.000      0       nan           nan         nan         nan       nan       nan
      104        431       0   0.000  0.000      0       nan           nan         nan         nan       nan       nan
      104        432       0   0.000  0.000      0       nan           nan         nan         nan       nan       nan
      104        433       0   0.000  0.000      0       nan           nan         nan         nan       nan       nan
      104        434       0   0.000  0.000      0       nan           nan         nan         nan       nan       nan
      104        435       0   0.000  0.000      0       nan           nan         nan         nan       nan       nan
      104        436       0   0.000  0.000      0       nan           nan         nan         nan       nan       nan
      104        437       0   0.000  0.000      0       nan           nan         nan         nan       nan       nan
      104        438       0   0.000  0.000      0       nan           nan         nan         nan       nan       nan
      104        439       0   0.000  0.000      0       nan           nan         nan         nan       nan       nan
      104        441       0   0.000  0.000      0       nan           nan         nan         nan       nan       nan
      104        442       0   0.000  0.000      0       nan           nan         nan         nan       nan       nan
      104        443       0   0.000  0.000      0       nan           nan         nan         nan       nan       nan
      104        444       0   0.000  0.000      0       nan           nan         nan         nan       nan       nan
      104        445       0   0.000  0.000      0       nan           nan         nan         nan       nan       nan
      104        446       0   0.000  0.000      0       nan           nan         nan         nan       nan       nan
      104        447       0   0.000  0.000      0       nan           nan         nan         nan       nan       nan
      104        448       0   0.000  0.000      0       nan           nan         nan         nan       nan       nan
      104        449       0   0.000  0.000      0       nan           nan         nan         nan       nan       nan
      104        450       0   0.000  0.000      0       nan           nan         nan         nan       nan       nan
      104        451       0   0.000  0.000      0       nan           nan         nan         nan       nan       nan
      104        452       0   0.000  0.000      0       nan           nan         nan         nan       nan       nan
      104        453       0   0.000  0.000      0       nan           nan         nan         nan       nan       nan
      104        454       0   0.000  0.000      0       nan           nan         nan         nan       nan       nan
      104        455       0   0.000  0.000      0       nan           nan         nan         nan       nan       nan
      104        456       0   0.000  0.000      0       nan           nan         nan         nan       nan       nan
      104        457       0   0.000  0.000      0       nan           nan         nan         nan       nan       nan
      104        458       0   0.000  0.000      0       nan           nan         nan         nan       nan       nan
      104        459       0   0.000  0.000      0       nan           nan         nan         nan       nan       nan
      104        461       0   0.000  0.000      0       nan           nan         nan         nan       nan       nan
      104        462       0   0.000  0.000      0       nan           nan         nan         nan       nan       nan
      104        463       0   0.000  0.000      0       nan           nan         nan         nan       nan       nan
      104        464       0   0.000  0.000      0       nan           nan         nan         nan       nan       nan
      104        465       0   0.000  0.000      0       nan           nan         nan         nan       nan       nan
      104        466       0   0.000  0.000      0       nan           nan         nan         nan       nan       nan
      104        467       0   0.000  0.000      0       nan           nan         nan         nan       nan       nan
      104        468       0   0.000  0.000      0       nan           nan         nan         nan       nan       nan
      104        469       0   0.000  0.000      0       nan           nan         nan         nan       nan       nan
      104        470       0   0.000  0.000      0       nan           nan         nan         nan       nan       nan
      104        471       0   0.000  0.000      0       nan           nan         nan         nan       nan       nan
      104        472       0   0.000  0.000      0       nan           nan         nan         nan       nan       nan
      104        473       0   0.000  0.000      0       nan           nan         nan         nan       nan       nan
      104        474       0   0.000  0.000      0       nan           nan         nan         nan       nan       nan
      104        475       0   0.000  0.000      0       nan           nan         nan         nan       nan       nan
      104        476       0   0.000  0.000      0       nan           nan         nan         nan       nan       nan
      104        477       0   0.000  0.000      0       nan           nan         nan         nan       nan       nan
      104        478       0   0.000  0.000      0       nan           nan         nan         nan       nan       nan
      104        479       0   0.000  0.000      0       nan           nan         nan         nan       nan       nan
      104        480       0   0.000  0.000      0       nan           nan         nan         nan       nan       nan
      104        481       0   0.000  0.000      0       nan           nan         nan         nan       nan       nan
      104        482       0   0.000  0.000      0       nan           nan         nan         nan       nan       nan
      104        483       0   0.000  0.000      0       nan           nan         nan         nan       nan       nan
      104        484       0   0.000  0.000      0       nan           nan         nan         nan       nan       nan
      105        350       1   0.142  0.369   7988     1.000           1.6       137.7       139.3      29.3      29.3
      105        361       0   0.077  0.403   6344     2.181           1.4       138.0       139.4      26.9      58.7
      105        357       1   0.032  0.103   2300     1.189           1.7       141.4       139.7      29.3      34.9
      105        384       1   0.032  0.106   1144     1.189           1.8       142.2       140.4      29.3      24.7
      105        391       0   0.021  0.159   1348     1.542           3.9       130.9       127.0      24.7      16.0
      105        366       0   0.013  0.348   3364     1.091          23.2       136.8       160.0      26.9      29.3
      105        354       0   0.011  0.332   8232     4.000           6.8       138.1       131.3      26.9     107.6
      105        411       0   0.011  0.195   1784     1.091          15.9       130.3       114.4      26.9      29.3
      105        460       0   0.010  0.013    136     1.297           0.0       120.0       120.0      24.7      32.0
      105        478       0   0.009  0.355   3244     1.000          39.3       135.9        96.7      29.3      29.3
      105        371       0   0.009  0.159   2280     1.542          11.0       141.0       130.0      29.3      45.3
      105        400       0   0.008  0.097   1056     1.297           8.3       138.3       130.0      29.3      38.1
      105        418       1   0.008  0.080    688     1.091           8.2       131.6       123.4      32.0      34.9
      105        352       0   0.007  0.530   8460     1.682          43.8       138.2         2.0      29.3      49.4
      105        383       0   0.007  0.302   3272     1.542          26.9       137.8       164.7      29.3      19.0
      105        351       0   0.007  0.315   8460     1.834          24.1       138.2       162.3      29.3      53.8
      105        409       0   0.007  0.168   1420     1.000          24.1       139.7       163.7      26.9      26.9
      105        359       0   0.007  0.429   4668     1.189          53.6       137.6        11.2      26.9      32.0
      105        365       0   0.006  0.214   3504     1.414          24.5       138.1       162.5      29.3      20.7
      105        373       0   0.006  0.132   2052     1.414          14.7       135.0       149.7      29.3      20.7
      105        355       0   0.006  0.278   3896     1.414          34.3       135.7       170.0      29.3      41.5
      105        439       0   0.005  0.120   1060     1.297          16.6       133.4       150.0      29.3      38.1
      105        358       0   0.005  0.324   4760     2.594          23.5       136.5       160.0      29.3      76.1
      105        399       0   0.005  0.109   1004     1.682          11.8       141.3       153.1      29.3      17.4
      105        362       0   0.005  0.190   2392     1.414          26.9       133.1       160.0      26.9      38.1
      105        395       0   0.005  0.236   2316     1.414          35.4       134.6       170.0      26.9      38.1
      105        417       0   0.004  0.275   2396     1.297          46.7       132.1        85.4      26.9      34.9
      105        372       0   0.004  0.100   1260     1.834          11.7       141.7       130.0      29.3      53.8
      105        375       0   0.004  0.051    688     2.594           3.7       136.3       140.0      29.3      76.1
      105        353       0   0.004  0.226   8460     3.084          18.0       138.2       156.3      29.3      90.5
      105        426       0   0.004  0.115   1328     1.542          19.2       141.5       122.3      29.3      19.0
      105        379       0   0.004  0.262   3204     1.189          59.3       135.1        75.8      29.3      34.9
      105        396       0   0.004  0.118   1120     1.000          31.9       142.0       110.1      29.3      29.3
      105        457       0   0.003  0.071    600     1.297          15.8       125.8       110.0      22.6      17.4
      105        390       0   0.003  0.064    768     1.353          16.2       143.0       126.8      29.3      21.7
      105        363       0   0.003  0.430   6636     2.594          63.3       136.6        19.9      29.3      76.1
      105        377       0   0.002  0.036    320     1.000          13.6       146.4       160.0      26.9      26.9
      105        368       0   0.002  0.438   4892     2.378          74.7       133.8        28.5      29.3      69.8
      105        389       0   0.002  0.012    140     1.297           2.8       140.0       137.2      29.3      22.6
      105        483       0   0.002  0.104    880     2.378          19.5       139.5       120.0      29.3      69.8
      105        370       0   0.002  0.109   1584     2.000          28.4       130.6       159.0      24.7      49.4
      105        382       0   0.002  0.084    808     1.297          36.7       143.3         0.0      29.3      22.6
      105        380       0   0.002  0.160   1560     2.181          44.5       135.7         0.2      29.3      64.0
      105        428       0   0.002  0.063    600     1.091          35.5       124.5       160.0      24.7      26.9
      105        419       0   0.002  0.026    256     1.189          13.1       147.0       160.2      32.0      26.9
      105        447       0   0.002  0.092    776     1.414          41.7       143.8         5.5      26.9      19.0
      105        455       0   0.001  0.104    896     1.189          60.5       130.5        70.0      24.7      29.3
      105        378       0   0.001  0.070    776     2.378          20.1       139.9       160.0      29.3      69.8
      105        406       0   0.001  0.266   2264     4.000          48.8       137.7         6.5      29.3     117.4
      105        416       0   0.001  0.015    164     1.091          10.0       136.3       126.3      29.3      26.9
      105        424       0   0.001  0.087    784     2.378          28.9       141.1       170.0      29.3      69.8
      105        451       0   0.001  0.153   1368     1.682          74.7       131.6        56.9      26.9      45.3
      105        441       0   0.001  0.117   1064     2.594          37.2       142.8         0.0      29.3      76.1
      105        420       0   0.001  0.070    624     1.414          46.4       143.6        10.0      29.3      20.7
      105        449       0   0.001  0.084    748     2.828          29.2       140.8       170.0      29.3      83.0
      105        482       0   0.001  0.093    800     1.682          57.3       127.3        70.0      24.7      41.5
      105        473       0   0.001  0.001     12     1.297           0.0       150.0       150.0      32.0      41.5
      105        387       0   0.001  0.125   1960     2.594          50.5       142.4        91.8      29.3      76.1
      105        404       0   0.001  0.094    864     2.000          50.3       139.7        10.0      29.3      58.7
      105        464       0   0.001  0.182   1540     2.594          79.7       140.3        40.0      26.9      69.8
      105        374       0   0.001  0.001      8     1.091           0.0       140.0       140.0      24.7      22.6
      105        453       0   0.001  0.119   1072     2.828          47.7       142.3        10.0      29.3      83.0
      105        450       0   0.001  0.204   1756     3.084          77.6       134.0        31.7      26.9      83.0
      105        456       0   0.001  0.030    272     1.189          35.4       146.2         1.6      32.0      26.9
      105        403       0   0.001  0.017    188     1.091          23.0       127.0       150.0      34.9      32.0
      105        408       0   0.001  0.027    284     1.297          40.0       140.0         0.0      29.3      22.6
      105        385       0   0.000  0.025    216     1.091          52.3       149.3        21.6      26.9      24.7
      105        369       0   0.000  0.024    236     1.091          49.8       130.2         0.0      34.9      32.0
      105        475       0   0.000  0.022    208     1.189          40.6       129.4       170.0      34.9      29.3
      105        462       0   0.000  0.027    264     1.189          55.0       128.0         3.0      34.9      29.3
      105        452       0   0.000  0.048    524     2.181          54.3       144.3        90.0      29.3      64.0
      105        397       0   0.000  0.009     80     1.000          50.0       150.0        20.0      26.9      26.9
      105        423       0   0.000  0.008     80     4.000          39.5       139.5       100.0      29.3     117.4
      105        356       0   0.000  0.003     24     2.000          33.3       136.7       170.0      24.7      49.4
      105        442       0   0.000  0.003     24     1.414          60.0       150.0        30.0      26.9      38.1
      105        360       0   0.000  0.000      0       nan           nan         nan         nan       nan       nan
      105        364       0   0.000  0.000      0       nan           nan         nan         nan       nan       nan
      105        367       0   0.000  0.000      0       nan           nan         nan         nan       nan       nan
      105        376       0   0.000  0.000      0       nan           nan         nan         nan       nan       nan
      105        381       0   0.000  0.000      0       nan           nan         nan         nan       nan       nan
      105        386       0   0.000  0.000      0       nan           nan         nan         nan       nan       nan
      105        388       0   0.000  0.000      0       nan           nan         nan         nan       nan       nan
      105        392       0   0.000  0.000      0       nan           nan         nan         nan       nan       nan
      105        393       0   0.000  0.000      0       nan           nan         nan         nan       nan       nan
      105        394       0   0.000  0.000      0       nan           nan         nan         nan       nan       nan
      105        398       0   0.000  0.000      0       nan           nan         nan         nan       nan       nan
      105        401       0   0.000  0.000      0       nan           nan         nan         nan       nan       nan
      105        402       0   0.000  0.000      0       nan           nan         nan         nan       nan       nan
      105        405       0   0.000  0.000      0       nan           nan         nan         nan       nan       nan
      105        407       0   0.000  0.000      0       nan           nan         nan         nan       nan       nan
      105        410       0   0.000  0.000      0       nan           nan         nan         nan       nan       nan
      105        412       0   0.000  0.000      0       nan           nan         nan         nan       nan       nan
      105        413       0   0.000  0.000      0       nan           nan         nan         nan       nan       nan
      105        414       0   0.000  0.000      0       nan           nan         nan         nan       nan       nan
      105        415       0   0.000  0.000      0       nan           nan         nan         nan       nan       nan
      105        421       0   0.000  0.000      0       nan           nan         nan         nan       nan       nan
      105        422       0   0.000  0.000      0       nan           nan         nan         nan       nan       nan
      105        425       0   0.000  0.000      0       nan           nan         nan         nan       nan       nan
      105        427       0   0.000  0.000      0       nan           nan         nan         nan       nan       nan
      105        429       0   0.000  0.000      0       nan           nan         nan         nan       nan       nan
      105        430       0   0.000  0.000      0       nan           nan         nan         nan       nan       nan
      105        431       0   0.000  0.000      0       nan           nan         nan         nan       nan       nan
      105        432       0   0.000  0.000      0       nan           nan         nan         nan       nan       nan
      105        433       0   0.000  0.000      0       nan           nan         nan         nan       nan       nan
      105        434       0   0.000  0.000      0       nan           nan         nan         nan       nan       nan
      105        435       0   0.000  0.000      0       nan           nan         nan         nan       nan       nan
      105        436       0   0.000  0.000      0       nan           nan         nan         nan       nan       nan
      105        437       0   0.000  0.000      0       nan           nan         nan         nan       nan       nan
      105        438       0   0.000  0.000      0       nan           nan         nan         nan       nan       nan
      105        440       0   0.000  0.000      0       nan           nan         nan         nan       nan       nan
      105        443       0   0.000  0.000      0       nan           nan         nan         nan       nan       nan
      105        444       0   0.000  0.000      0       nan           nan         nan         nan       nan       nan
      105        445       0   0.000  0.000      0       nan           nan         nan         nan       nan       nan
      105        446       0   0.000  0.000      0       nan           nan         nan         nan       nan       nan
      105        448       0   0.000  0.000      0       nan           nan         nan         nan       nan       nan
      105        454       0   0.000  0.000      0       nan           nan         nan         nan       nan       nan
      105        458       0   0.000  0.000      0       nan           nan         nan         nan       nan       nan
      105        459       0   0.000  0.000      0       nan           nan         nan         nan       nan       nan
      105        461       0   0.000  0.000      0       nan           nan         nan         nan       nan       nan
      105        463       0   0.000  0.000      0       nan           nan         nan         nan       nan       nan
      105        465       0   0.000  0.000      0       nan           nan         nan         nan       nan       nan
      105        466       0   0.000  0.000      0       nan           nan         nan         nan       nan       nan
      105        467       0   0.000  0.000      0       nan           nan         nan         nan       nan       nan
      105        468       0   0.000  0.000      0       nan           nan         nan         nan       nan       nan
      105        469       0   0.000  0.000      0       nan           nan         nan         nan       nan       nan
      105        470       0   0.000  0.000      0       nan           nan         nan         nan       nan       nan
      105        471       0   0.000  0.000      0       nan           nan         nan         nan       nan       nan
      105        472       0   0.000  0.000      0       nan           nan         nan         nan       nan       nan
      105        474       0   0.000  0.000      0       nan           nan         nan         nan       nan       nan
      105        476       0   0.000  0.000      0       nan           nan         nan         nan       nan       nan
      105        477       0   0.000  0.000      0       nan           nan         nan         nan       nan       nan
      105        479       0   0.000  0.000      0       nan           nan         nan         nan       nan       nan
      105        480       0   0.000  0.000      0       nan           nan         nan         nan       nan       nan
      105        481       0   0.000  0.000      0       nan           nan         nan         nan       nan       nan
      105        484       0   0.000  0.000      0       nan           nan         nan         nan       nan       nan
      106        351       0   0.069  0.422  11452     1.414           3.4       164.5       161.2      38.1      53.8
      106        395       1   0.062  0.253   3108     1.000           3.1       166.9       170.0      38.1      38.1
      106        355       1   0.052  0.254   4288     1.091           3.5       166.5       170.0      45.3      41.5
      106        373       0   0.037  0.193   3368     1.682           2.1       163.5       161.4      38.1      22.6
      106        362       1   0.037  0.255   3704     1.000           6.0       166.0       160.0      38.1      38.1
      106        370       0   0.036  0.307   4556     1.297           5.6       165.0       159.3      38.1      49.4
      106        358       0   0.035  0.310   5376     1.542           4.7       165.3       160.7      49.4      76.1
      106        383       0   0.035  0.233   3280     2.000           2.3       165.5       167.9      38.1      19.0
      106        366       0   0.030  0.375   4440     1.682           6.5       166.5       160.0      49.4      29.3
      106        409       1   0.029  0.121   1420     1.189           2.6       166.3       163.7      32.0      26.9
      106        352       0   0.021  0.482   9000     1.297          16.4       165.4         1.8      38.1      49.4
      106        365       0   0.019  0.178   3484     1.834           4.2       165.7       161.5      38.1      20.7
      106        419       0   0.018  0.046    576     1.189           1.2       161.2       160.0      22.6      26.9
      106        377       0   0.017  0.032    388     1.091           0.8       159.2       160.0      24.7      26.9
      106        361       0   0.016  0.630   9792     1.542          24.7       164.6       139.9      38.1      58.7
      106        350       0   0.013  0.437  10004     1.297          24.5       164.9       140.3      38.1      29.3
      106        353       0   0.013  0.311  11632     2.378           9.3       164.6       155.3      38.1      90.5
      106        359       0   0.012  0.411   5480     1.189          26.8       165.8        12.6      38.1      32.0
      106        475       0   0.009  0.083   1008     1.682           4.4       165.6       170.0      49.4      29.3
      106        439       0   0.007  0.123   1444     1.000          15.7       165.7       150.0      38.1      38.1
      106        378       0   0.007  0.062    884     1.834           3.9       163.9       160.0      38.1      69.8
      106        380       0   0.006  0.140   1788     1.414          14.5       165.7         0.3      45.3      64.0
      106        368       0   0.006  0.366   5176     1.414          39.9       167.1        26.9      49.4      69.8
      106        428       0   0.006  0.113   1356     1.834           8.8       168.8       160.0      49.4      26.9
      106        403       1   0.006  0.110   1452     1.189          14.6       164.6       150.0      38.1      32.0
      106        363       0   0.006  0.385   7036     2.000          33.4       165.7        19.0      38.1      76.1
      106        354       0   0.005  0.477  11704     2.828          31.5       164.6       133.1      38.1     107.6
      106        400       0   0.005  0.201   2544     1.189          35.3       165.3       130.0      34.9      41.5
      106        449       0   0.005  0.043    528     1.834           4.1       165.9       170.0      45.3      83.0
      106        424       0   0.005  0.035    436     1.542           3.9       166.1       170.0      45.3      69.8
      106        375       0   0.004  0.180   2660     1.834          23.9       163.9       140.0      38.1      69.8
      106        357       0   0.004  0.118   2956     1.189          25.7       164.2       138.5      38.1      45.3
      106        386       0   0.003  0.055    676     2.000           8.0       162.9       154.9      38.1      19.0
      106        371       0   0.003  0.139   2416     1.297          34.7       164.7       130.0      34.9      45.3
      106        384       0   0.003  0.079   1108     1.542          18.2       162.4       144.1      38.1      24.7
      106        369       0   0.002  0.056    700     1.542          14.2       165.8         0.0      49.4      32.0
      106        411       0   0.002  0.210   2452     1.682          54.4       168.0       113.6      49.4      29.3
      106        372       0   0.002  0.111   1700     1.414          34.2       164.2       130.0      38.1      53.8
      106        450       0   0.002  0.164   1920     1.682          44.0       167.5        31.5      49.4      83.0
      106        478       0   0.002  0.226   2884     1.542          69.9       166.7        96.8      45.3      29.3
      106        406       0   0.002  0.158   1912     3.668          20.0       165.6         5.6      32.0     117.4
      106        460       0   0.002  0.127   1572     1.297          46.9       165.1       118.2      45.3      34.9
      106        382       0   0.002  0.041    540     1.000          19.2       160.8         0.0      22.6      22.6
      106        447       0   0.002  0.066    776     1.414          22.2       163.3         5.5      26.9      19.0
      106        379       0   0.002  0.231   3504     1.297          88.7       165.5        76.8      45.3      34.9
      106        462       0   0.002  0.059    732     1.682          16.9       166.0         2.9      49.4      29.3
      106        417       0   0.002  0.207   2460     1.297          82.5       167.2        84.6      49.4      38.1
      106        441       0   0.002  0.061    768     2.000          17.7       162.3         0.0      38.1      76.1
      106        404       0   0.002  0.045    576     1.189          22.5       167.5        10.0      49.4      58.7
      106        416       0   0.001  0.089   1156     1.189          53.1       164.8       111.7      38.1      32.0
      106        451       0   0.001  0.103   1264     1.091          70.1       169.3        59.3      49.4      45.3
      106        473       0   0.001  0.033    412     2.181          10.5       160.5       150.0      22.6      49.4
      106        420       0   0.001  0.034    424     1.091          30.0       160.0        10.0      22.6      20.7
      106        464       0   0.001  0.132   1540     2.378          54.6       165.4        40.0      29.3      69.8
      106        456       0   0.001  0.032    392     1.189          27.1       160.0         7.1      22.6      26.9
      106        483       0   0.001  0.061    728     1.414          49.0       169.0       120.0      49.4      69.8
      106        391       0   0.001  0.105   1244     3.084          39.7       166.8       127.1      49.4      16.0
      106        482       0   0.001  0.078    916     1.189          80.4       169.6        70.0      49.4      41.5
      106        387       0   0.001  0.141   2580     2.378          73.4       164.9        91.5      34.9      83.0
      106        426       0   0.001  0.054    820     1.682          42.4       162.4       120.0      34.9      20.7
      106        455       0   0.001  0.090   1052     1.682          80.5       169.5        70.0      49.4      29.3
      106        453       0   0.001  0.021    272     1.755          21.6       168.4        10.0      47.3      83.0
      106        423       0   0.000  0.094   1120     3.084          64.6       164.6       100.0      38.1     117.4
      106        418       0   0.000  0.020    252     1.297          34.6       159.5       124.9      26.9      34.9
      106        385       0   0.000  0.019    224     1.091          42.5       159.5        21.9      26.9      24.7
      106        389       0   0.000  0.013    196     1.682          21.6       160.0       138.4      38.1      22.6
      106        457       0   0.000  0.049    576     2.828          59.9       169.9       110.0      49.4      17.4
      106        397       0   0.000  0.007     80     1.000          44.5       155.5        20.0      26.9      26.9
      106        480       0   0.000  0.015    188     1.189          90.0       160.0        70.0      38.1      45.3
      106        445       0   0.000  0.007     96     1.682          46.3       166.3       120.0      41.5      69.8
      106        390       0   0.000  0.003     40     1.000          36.0       160.0       124.0      22.6      22.6
      106        442       0   0.000  0.004     44     1.297          41.7       168.3        30.0      49.4      38.1
      106        421       0   0.000  0.014    180     3.084          70.0       160.0        90.0      38.1     117.4
      106        413       0   0.000  0.004     64     1.297          90.0       160.0        70.0      38.1      49.4
      106        396       0   0.000  0.002     32     1.414          42.5       160.0       117.5      22.6      32.0
      106        398       0   0.000  0.005     76     1.682          80.0       160.0        80.0      38.1      64.0
      106        452       0   0.000  0.002     32     2.828          70.0       160.0        90.0      22.6      64.0
      106        425       0   0.000  0.001      8     3.668          30.0       160.0        10.0      26.9      98.7
      106        356       0   0.000  0.000      0       nan           nan         nan         nan       nan       nan
      106        360       0   0.000  0.000      0       nan           nan         nan         nan       nan       nan
      106        364       0   0.000  0.000      0       nan           nan         nan         nan       nan       nan
      106        367       0   0.000  0.000      0       nan           nan         nan         nan       nan       nan
      106        374       0   0.000  0.000      0       nan           nan         nan         nan       nan       nan
      106        376       0   0.000  0.000      0       nan           nan         nan         nan       nan       nan
      106        381       0   0.000  0.000      0       nan           nan         nan         nan       nan       nan
      106        388       0   0.000  0.000      0       nan           nan         nan         nan       nan       nan
      106        392       0   0.000  0.000      0       nan           nan         nan         nan       nan       nan
      106        393       0   0.000  0.000      0       nan           nan         nan         nan       nan       nan
      106        394       0   0.000  0.000      0       nan           nan         nan         nan       nan       nan
      106        399       0   0.000  0.000      0       nan           nan         nan         nan       nan       nan
      106        401       0   0.000  0.000      0       nan           nan         nan         nan       nan       nan
      106        402       0   0.000  0.000      0       nan           nan         nan         nan       nan       nan
      106        405       0   0.000  0.000      0       nan           nan         nan         nan       nan       nan
      106        407       0   0.000  0.000      0       nan           nan         nan         nan       nan       nan
      106        408       0   0.000  0.000      0       nan           nan         nan         nan       nan       nan
      106        410       0   0.000  0.000      0       nan           nan         nan         nan       nan       nan
      106        412       0   0.000  0.000      0       nan           nan         nan         nan       nan       nan
      106        414       0   0.000  0.000      0       nan           nan         nan         nan       nan       nan
      106        415       0   0.000  0.000      0       nan           nan         nan         nan       nan       nan
      106        422       0   0.000  0.000      0       nan           nan         nan         nan       nan       nan
      106        427       0   0.000  0.000      0       nan           nan         nan         nan       nan       nan
      106        429       0   0.000  0.000      0       nan           nan         nan         nan       nan       nan
      106        430       0   0.000  0.000      0       nan           nan         nan         nan       nan       nan
      106        431       0   0.000  0.000      0       nan           nan         nan         nan       nan       nan
      106        432       0   0.000  0.000      0       nan           nan         nan         nan       nan       nan
      106        433       0   0.000  0.000      0       nan           nan         nan         nan       nan       nan
      106        434       0   0.000  0.000      0       nan           nan         nan         nan       nan       nan
      106        435       0   0.000  0.000      0       nan           nan         nan         nan       nan       nan
      106        436       0   0.000  0.000      0       nan           nan         nan         nan       nan       nan
      106        437       0   0.000  0.000      0       nan           nan         nan         nan       nan       nan
      106        438       0   0.000  0.000      0       nan           nan         nan         nan       nan       nan
      106        440       0   0.000  0.000      0       nan           nan         nan         nan       nan       nan
      106        443       0   0.000  0.000      0       nan           nan         nan         nan       nan       nan
      106        444       0   0.000  0.000      0       nan           nan         nan         nan       nan       nan
      106        446       0   0.000  0.000      0       nan           nan         nan         nan       nan       nan
      106        448       0   0.000  0.000      0       nan           nan         nan         nan       nan       nan
      106        454       0   0.000  0.000      0       nan           nan         nan         nan       nan       nan
      106        458       0   0.000  0.000      0       nan           nan         nan         nan       nan       nan
      106        459       0   0.000  0.000      0       nan           nan         nan         nan       nan       nan
      106        461       0   0.000  0.000      0       nan           nan         nan         nan       nan       nan
      106        463       0   0.000  0.000      0       nan           nan         nan         nan       nan       nan
      106        465       0   0.000  0.000      0       nan           nan         nan         nan       nan       nan
      106        466       0   0.000  0.000      0       nan           nan         nan         nan       nan       nan
      106        467       0   0.000  0.000      0       nan           nan         nan         nan       nan       nan
      106        468       0   0.000  0.000      0       nan           nan         nan         nan       nan       nan
      106        469       0   0.000  0.000      0       nan           nan         nan         nan       nan       nan
      106        470       0   0.000  0.000      0       nan           nan         nan         nan       nan       nan
      106        471       0   0.000  0.000      0       nan           nan         nan         nan       nan       nan
      106        472       0   0.000  0.000      0       nan           nan         nan         nan       nan       nan
      106        474       0   0.000  0.000      0       nan           nan         nan         nan       nan       nan
      106        476       0   0.000  0.000      0       nan           nan         nan         nan       nan       nan
      106        477       0   0.000  0.000      0       nan           nan         nan         nan       nan       nan
      106        479       0   0.000  0.000      0       nan           nan         nan         nan       nan       nan
      106        481       0   0.000  0.000      0       nan           nan         nan         nan       nan       nan
      106        484       0   0.000  0.000      0       nan           nan         nan         nan       nan       nan
      107        403       1   0.048  0.052    208     1.091           0.0       150.0       150.0      29.3      32.0
      107        386       1   0.013  0.133    292     1.091           8.2       150.0       141.8      29.3      26.9
      107        362       0   0.008  0.094    664     1.297           7.6       152.4       160.0      29.3      38.1
      107        356       0   0.007  0.235    436     2.000          14.8       155.2       170.0      29.3      58.7
      107        350       0   0.005  0.015    324     1.091           1.6       150.0       148.4      29.3      26.9
      107        370       0   0.004  0.069    572     1.682          10.0       150.0       160.0      29.3      49.4
      107        358       0   0.003  0.097   1076     2.378          13.4       152.0       165.5      29.3      69.8
      107        351       0   0.002  0.045   1204     2.000           9.0       151.8       160.8      29.3      58.7
      107        355       0   0.001  0.023    236     1.414          10.2       159.8       170.0      29.3      41.5
      107        363       0   0.001  0.086   1176     2.828          28.1       151.9         0.0      29.3      83.0
      107        440       0   0.001  0.139    208     2.000          68.8       161.2        50.0      32.0      64.0
      107        369       0   0.001  0.010     28     1.000          10.0       170.0         0.0      32.0      32.0
      107        375       0   0.001  0.015    104     2.378          10.0       150.0       140.0      29.3      69.8
      107        353       0   0.001  0.029   1084     3.084          15.8       152.0       167.8      29.3      90.5
      107        373       0   0.001  0.008     80     1.414          10.0       150.0       160.0      29.3      20.7
      107        381       0   0.000  0.010     12     1.542          20.0       170.0        10.0      32.0      20.7
      107        354       0   0.000  0.018    448     3.668          16.0       153.9       138.0      29.3     107.6
      107        368       0   0.000  0.030    256     2.378          56.5       159.0        35.5      29.3      69.8
      107        361       0   0.000  0.005     72     2.181          10.0       150.0       140.0      29.3      64.0
      107        352       0   0.000  0.014    240     2.378          30.3       159.7        10.0      29.3      69.8
      107        357       0   0.000  0.000      0       nan           nan         nan         nan       nan       nan
      107        359       0   0.000  0.000      0       nan           nan         nan         nan       nan       nan
      107        360       0   0.000  0.000      0       nan           nan         nan         nan       nan       nan
      107        364       0   0.000  0.000      0       nan           nan         nan         nan       nan       nan
      107        365       0   0.000  0.000      0       nan           nan         nan         nan       nan       nan
      107        366       0   0.000  0.000      0       nan           nan         nan         nan       nan       nan
      107        367       0   0.000  0.000      0       nan           nan         nan         nan       nan       nan
      107        371       0   0.000  0.000      0       nan           nan         nan         nan       nan       nan
      107        372       0   0.000  0.000      0       nan           nan         nan         nan       nan       nan
      107        374       0   0.000  0.000      0       nan           nan         nan         nan       nan       nan
      107        376       0   0.000  0.000      0       nan           nan         nan         nan       nan       nan
      107        377       0   0.000  0.000      0       nan           nan         nan         nan       nan       nan
      107        378       0   0.000  0.000      0       nan           nan         nan         nan       nan       nan
      107        379       0   0.000  0.000      0       nan           nan         nan         nan       nan       nan
      107        380       0   0.000  0.000      0       nan           nan         nan         nan       nan       nan
      107        382       0   0.000  0.000      0       nan           nan         nan         nan       nan       nan
      107        383       0   0.000  0.000      0       nan           nan         nan         nan       nan       nan
      107        384       0   0.000  0.000      0       nan           nan         nan         nan       nan       nan
      107        385       0   0.000  0.000      0       nan           nan         nan         nan       nan       nan
      107        387       0   0.000  0.000      0       nan           nan         nan         nan       nan       nan
      107        388       0   0.000  0.000      0       nan           nan         nan         nan       nan       nan
      107        389       0   0.000  0.000      0       nan           nan         nan         nan       nan       nan
      107        390       0   0.000  0.000      0       nan           nan         nan         nan       nan       nan
      107        391       0   0.000  0.000      0       nan           nan         nan         nan       nan       nan
      107        392       0   0.000  0.000      0       nan           nan         nan         nan       nan       nan
      107        393       0   0.000  0.000      0       nan           nan         nan         nan       nan       nan
      107        394       0   0.000  0.000      0       nan           nan         nan         nan       nan       nan
      107        395       0   0.000  0.000      0       nan           nan         nan         nan       nan       nan
      107        396       0   0.000  0.000      0       nan           nan         nan         nan       nan       nan
      107        397       0   0.000  0.000      0       nan           nan         nan         nan       nan       nan
      107        398       0   0.000  0.000      0       nan           nan         nan         nan       nan       nan
      107        399       0   0.000  0.000      0       nan           nan         nan         nan       nan       nan
      107        400       0   0.000  0.000      0       nan           nan         nan         nan       nan       nan
      107        401       0   0.000  0.000      0       nan           nan         nan         nan       nan       nan
      107        402       0   0.000  0.000      0       nan           nan         nan         nan       nan       nan
      107        404       0   0.000  0.000      0       nan           nan         nan         nan       nan       nan
      107        405       0   0.000  0.000      0       nan           nan         nan         nan       nan       nan
      107        406       0   0.000  0.000      0       nan           nan         nan         nan       nan       nan
      107        407       0   0.000  0.000      0       nan           nan         nan         nan       nan       nan
      107        408       0   0.000  0.000      0       nan           nan         nan         nan       nan       nan
      107        409       0   0.000  0.000      0       nan           nan         nan         nan       nan       nan
      107        410       0   0.000  0.000      0       nan           nan         nan         nan       nan       nan
      107        411       0   0.000  0.000      0       nan           nan         nan         nan       nan       nan
      107        412       0   0.000  0.000      0       nan           nan         nan         nan       nan       nan
      107        413       0   0.000  0.000      0       nan           nan         nan         nan       nan       nan
      107        414       0   0.000  0.000      0       nan           nan         nan         nan       nan       nan
      107        415       0   0.000  0.000      0       nan           nan         nan         nan       nan       nan
      107        416       0   0.000  0.000      0       nan           nan         nan         nan       nan       nan
      107        417       0   0.000  0.000      0       nan           nan         nan         nan       nan       nan
      107        418       0   0.000  0.000      0       nan           nan         nan         nan       nan       nan
      107        419       0   0.000  0.000      0       nan           nan         nan         nan       nan       nan
      107        420       0   0.000  0.000      0       nan           nan         nan         nan       nan       nan
      107        421       0   0.000  0.000      0       nan           nan         nan         nan       nan       nan
      107        422       0   0.000  0.000      0       nan           nan         nan         nan       nan       nan
      107        423       0   0.000  0.000      0       nan           nan         nan         nan       nan       nan
      107        424       0   0.000  0.000      0       nan           nan         nan         nan       nan       nan
      107        425       0   0.000  0.000      0       nan           nan         nan         nan       nan       nan
      107        426       0   0.000  0.000      0       nan           nan         nan         nan       nan       nan
      107        427       0   0.000  0.000      0       nan           nan         nan         nan       nan       nan
      107        428       0   0.000  0.000      0       nan           nan         nan         nan       nan       nan
      107        429       0   0.000  0.000      0       nan           nan         nan         nan       nan       nan
      107        430       0   0.000  0.000      0       nan           nan         nan         nan       nan       nan
      107        431       0   0.000  0.000      0       nan           nan         nan         nan       nan       nan
      107        432       0   0.000  0.000      0       nan           nan         nan         nan       nan       nan
      107        433       0   0.000  0.000      0       nan           nan         nan         nan       nan       nan
      107        434       0   0.000  0.000      0       nan           nan         nan         nan       nan       nan
      107        435       0   0.000  0.000      0       nan           nan         nan         nan       nan       nan
      107        436       0   0.000  0.000      0       nan           nan         nan         nan       nan       nan
      107        437       0   0.000  0.000      0       nan           nan         nan         nan       nan       nan
      107        438       0   0.000  0.000      0       nan           nan         nan         nan       nan       nan
      107        439       0   0.000  0.000      0       nan           nan         nan         nan       nan       nan
      107        441       0   0.000  0.000      0       nan           nan         nan         nan       nan       nan
      107        442       0   0.000  0.000      0       nan           nan         nan         nan       nan       nan
      107        443       0   0.000  0.000      0       nan           nan         nan         nan       nan       nan
      107        444       0   0.000  0.000      0       nan           nan         nan         nan       nan       nan
      107        445       0   0.000  0.000      0       nan           nan         nan         nan       nan       nan
      107        446       0   0.000  0.000      0       nan           nan         nan         nan       nan       nan
      107        447       0   0.000  0.000      0       nan           nan         nan         nan       nan       nan
      107        448       0   0.000  0.000      0       nan           nan         nan         nan       nan       nan
      107        449       0   0.000  0.000      0       nan           nan         nan         nan       nan       nan
      107        450       0   0.000  0.000      0       nan           nan         nan         nan       nan       nan
      107        451       0   0.000  0.000      0       nan           nan         nan         nan       nan       nan
      107        452       0   0.000  0.000      0       nan           nan         nan         nan       nan       nan
      107        453       0   0.000  0.000      0       nan           nan         nan         nan       nan       nan
      107        454       0   0.000  0.000      0       nan           nan         nan         nan       nan       nan
      107        455       0   0.000  0.000      0       nan           nan         nan         nan       nan       nan
      107        456       0   0.000  0.000      0       nan           nan         nan         nan       nan       nan
      107        457       0   0.000  0.000      0       nan           nan         nan         nan       nan       nan
      107        458       0   0.000  0.000      0       nan           nan         nan         nan       nan       nan
      107        459       0   0.000  0.000      0       nan           nan         nan         nan       nan       nan
      107        460       0   0.000  0.000      0       nan           nan         nan         nan       nan       nan
      107        461       0   0.000  0.000      0       nan           nan         nan         nan       nan       nan
      107        462       0   0.000  0.000      0       nan           nan         nan         nan       nan       nan
      107        463       0   0.000  0.000      0       nan           nan         nan         nan       nan       nan
      107        464       0   0.000  0.000      0       nan           nan         nan         nan       nan       nan
      107        465       0   0.000  0.000      0       nan           nan         nan         nan       nan       nan
      107        466       0   0.000  0.000      0       nan           nan         nan         nan       nan       nan
      107        467       0   0.000  0.000      0       nan           nan         nan         nan       nan       nan
      107        468       0   0.000  0.000      0       nan           nan         nan         nan       nan       nan
      107        469       0   0.000  0.000      0       nan           nan         nan         nan       nan       nan
      107        470       0   0.000  0.000      0       nan           nan         nan         nan       nan       nan
      107        471       0   0.000  0.000      0       nan           nan         nan         nan       nan       nan
      107        472       0   0.000  0.000      0       nan           nan         nan         nan       nan       nan
      107        473       0   0.000  0.000      0       nan           nan         nan         nan       nan       nan
      107        474       0   0.000  0.000      0       nan           nan         nan         nan       nan       nan
      107        475       0   0.000  0.000      0       nan           nan         nan         nan       nan       nan
      107        476       0   0.000  0.000      0       nan           nan         nan         nan       nan       nan
      107        477       0   0.000  0.000      0       nan           nan         nan         nan       nan       nan
      107        478       0   0.000  0.000      0       nan           nan         nan         nan       nan       nan
      107        479       0   0.000  0.000      0       nan           nan         nan         nan       nan       nan
      107        480       0   0.000  0.000      0       nan           nan         nan         nan       nan       nan
      107        481       0   0.000  0.000      0       nan           nan         nan         nan       nan       nan
      107        482       0   0.000  0.000      0       nan           nan         nan         nan       nan       nan
      107        483       0   0.000  0.000      0       nan           nan         nan         nan       nan       nan
      107        484       0   0.000  0.000      0       nan           nan         nan         nan       nan       nan
      108        353       1   0.073  0.782  33012     1.091           8.9       151.2       160.1     107.6     117.4
      108        351       0   0.037  0.637  25180     2.000           7.6       150.3       157.9     107.6      53.8
      108        354       0   0.033  0.597  23324     1.000          17.3       148.9       131.7     107.6     107.6
      108        414       0   0.025  0.058   2204     2.181           0.1       160.0       159.9     107.6      49.4
      108        358       0   0.023  0.273  10484     1.414           7.4       154.5       161.9     107.6      76.1
      108        361       0   0.023  0.360  13620     1.682           8.5       148.2       139.7     107.6      64.0
      108        350       0   0.017  0.528  20388     3.668           7.4       148.5       141.1     107.6      29.3
      108        370       0   0.015  0.180   6936     2.181           4.6       154.9       159.6     107.6      49.4
      108        378       0   0.014  0.089   3384     1.542           3.1       156.9       160.0     107.6      69.8
      108        384       0   0.013  0.092   3480     4.362           0.7       141.4       142.1     107.6      24.7
      108        373       0   0.011  0.237   8984     5.187           3.1       153.6       150.5     107.6      20.7
      108        357       0   0.008  0.354  14136     2.828          14.0       148.1       134.1     107.6      38.1
      108        479       0   0.008  0.009    324     1.091           0.0       160.0       160.0     107.6      98.7
      108        435       1   0.008  0.058   2244     1.189           5.5       160.0       165.5     107.6      90.5
      108        365       0   0.007  0.271  10496     4.362           8.5       148.8       157.3     107.6      24.7
      108        371       0   0.006  0.215   8132     2.378          14.3       144.3       130.0     107.6      45.3
      108        363       0   0.006  0.328  12704     1.414          40.9       151.5        12.4     107.6      76.1
      108        372       0   0.006  0.137   5212     2.000          11.4       140.7       129.3     107.6      53.8
      108        352       0   0.005  0.422  15956     2.181          35.7       148.2         3.9     107.6      49.4
      108        375       0   0.005  0.153   5772     1.542          19.4       159.4       140.0     107.6      69.8
      108        355       0   0.005  0.224   8656     2.594          17.9       152.1       170.0     107.6      41.5
      108        362       0   0.004  0.153   5896     2.828          11.4       148.5       159.9     107.6      38.1
      108        400       0   0.003  0.093   3516     2.594          10.0       140.0       130.0     107.6      41.5
      108        387       0   0.003  0.203   7948     1.297          49.3       140.8        91.6     107.6      83.0
      108        356       0   0.003  0.021    784     1.189           5.1       164.9       170.0      69.8      58.7
      108        368       0   0.002  0.200   7588     1.542          56.0       150.3        26.3     107.6      69.8
      108        366       0   0.002  0.121   4576     3.668          14.3       145.7       160.0     107.6      29.3
      108        403       0   0.002  0.079   2992     3.364          11.9       161.9       150.0     107.6      32.0
      108        399       0   0.002  0.047   1792     6.169           3.6       152.1       148.5     107.6      17.4
      108        395       0   0.002  0.097   3668     2.828          20.3       149.7       170.0     107.6      38.1
      108        473       0   0.001  0.035   1328     2.181          10.0       140.0       150.0     107.6      49.4
      108        475       0   0.001  0.037   1416     3.668           6.6       163.4       170.0     107.6      29.3
      108        459       0   0.001  0.029   1084     2.000          10.0       160.0       170.0     107.6      53.8
      108        369       0   0.001  0.041   1552     2.000          14.9       165.1         0.0      64.0      32.0
      108        428       0   0.001  0.045   1688     4.000           7.7       152.3       160.0     107.6      26.9
      108        406       0   0.001  0.061   2316     1.189          40.7       145.9         6.6      98.7     117.4
      108        439       0   0.001  0.038   1444     2.828          10.0       140.0       150.0     107.6      38.1
      108        380       0   0.001  0.076   2868     1.682          36.8       144.1         0.9     107.6      64.0
      108        443       0   0.001  0.025    992     2.594           7.5       160.0       152.5     107.6      41.5
      108        383       0   0.001  0.149   5640     5.657          22.0       142.1       164.1     107.6      19.0
      108        398       0   0.001  0.107   4152     1.542          60.9       140.9        80.0      98.7      64.0
      108        359       0   0.001  0.187   7096     4.000          47.7       142.1         9.8     107.6      26.9
      108        390       0   0.001  0.107   4084     5.187          21.1       151.4       130.3     107.6      20.7
      108        462       0   0.001  0.039   1488     2.181          18.2       164.5         2.7      64.0      29.3
      108        379       0   0.001  0.185   6988     3.084          66.8       141.7        74.9     107.6      34.9
      108        389       0   0.001  0.090   3424     4.757          20.6       157.3       136.6     107.6      22.6
      108        452       0   0.001  0.077   2936     1.682          52.0       142.0        90.0     107.6      64.0
      108        424       0   0.001  0.036   1360     1.542          25.9       144.1       170.0     107.6      69.8
      108        449       0   0.001  0.032   1196     1.297          27.9       142.1       170.0     107.6      83.0
      108        426       0   0.001  0.113   4300     5.657          23.4       148.6       125.2     107.6      19.0
      108        423       0   0.001  0.035   1336     1.091          40.0       140.0       100.0     107.6     117.4
      108        441       0   0.001  0.044   1668     1.414          39.3       140.7         0.0     107.6      76.1
      108        445       0   0.001  0.034   1296     1.834          25.5       140.0       114.5     107.6      58.7
      108        483       0   0.001  0.023    880     1.542          20.8       140.8       120.0     107.6      69.8
      108        453       0   0.001  0.043   1612     1.297          46.8       143.2        10.0     107.6      83.0
      108        478       0   0.001  0.104   3932     3.668          43.8       141.0        97.3     107.6      29.3
      108        386       0   0.001  0.034   1280     5.657           8.7       160.0       151.3     107.6      19.0
      108        408       0   0.001  0.060   2296     4.000          24.0       156.0         0.0     107.6      26.9
      108        421       0   0.001  0.033   1260     1.091          50.0       140.0        90.0     107.6     117.4
      108        413       0   0.001  0.064   2456     1.682          69.3       140.0        70.7      98.7      58.7
      108        431       0   0.001  0.018    744     3.084          10.0       140.0       130.0      98.7      32.0
      108        450       0   0.001  0.051   1924     1.297          71.5       140.0        31.5     107.6      83.0
      108        411       0   0.001  0.065   2452     3.668          32.0       145.6       113.6     107.6      29.3
      108        404       0   0.001  0.042   1608     1.834          44.0       146.0        10.0     107.6      58.7
      108        460       0   0.001  0.060   2256     2.828          40.8       159.5       118.7     107.6      38.1
      108        396       0   0.000  0.057   2156     3.668          31.4       143.0       111.6     107.6      29.3
      108        416       0   0.000  0.065   2460     3.364          39.9       160.0       120.1     107.6      32.0
      108        419       0   0.000  0.039   1488     4.000          20.0       140.0       160.0     107.6      26.9
      108        417       0   0.000  0.070   2644     2.828          56.7       141.7        84.9     107.6      38.1
      108        422       0   0.000  0.043   1672     3.084          32.0       159.6       127.6     107.6      34.9
      108        409       0   0.000  0.038   1420     3.668          23.7       140.0       163.7      98.7      26.9
      108        391       0   0.000  0.037   1384     6.727          13.7       140.8       127.0     107.6      16.0
      108        464       0   0.000  0.041   1540     1.414          80.0       140.0        40.0      98.7      69.8
      108        466       0   0.000  0.030   1144     1.682          56.0       145.8        89.8      98.7      58.7
      108        418       0   0.000  0.023    864     2.000          37.6       160.3       122.8      69.8      34.9
      108        382       0   0.000  0.051   1940     4.757          40.0       140.0         0.0     107.6      22.6
      108        451       0   0.000  0.050   1876     2.378          87.0       143.8        56.8     107.6      45.3
      108        440       0   0.000  0.013    504     1.000          64.9       165.1        50.0      64.0      64.0
      108        458       0   0.000  0.015    580     2.181          40.7       149.1       108.3      98.7      45.3
      108        480       0   0.000  0.027   1020     2.378          70.0       140.0        70.0     107.6      45.3
      108        377       0   0.000  0.017    628     4.362          23.9       136.1       160.0     117.4      26.9
      108        456       0   0.000  0.026   1000     4.000          43.0       140.0         3.0     107.6      26.9
      108        482       0   0.000  0.025    940     2.594          70.6       140.6        70.0     107.6      41.5
      108        455       0   0.000  0.028   1076     3.668          70.4       140.4        70.0     107.6      29.3
      108        420       0   0.000  0.028   1056     5.187          50.0       140.0        10.0     107.6      20.7
      108        447       0   0.000  0.021    776     5.657          41.6       143.9         5.5     107.6      19.0
      108        457       0   0.000  0.016    600     6.169          30.3       140.3       110.0     107.6      17.4
      108        437       0   0.000  0.001     24     5.187           3.4       160.0       156.6     107.6      20.7
      108        401       0   0.000  0.001     56     3.084          20.0       160.0         0.0     107.6      34.9
      108        385       0   0.000  0.006    244     4.757          65.4       137.2        22.6     117.4      24.7
      108        425       0   0.000  0.001     20     1.542          30.0       160.0        10.0      64.0      98.7
      108        442       0   0.000  0.003     96     3.084          79.6       130.4        30.0     117.4      38.1
      108        374       0   0.000  0.001     20     3.084          20.0       160.0       140.0      69.8      22.6
      108        397       0   0.000  0.002     80     4.362          62.0       138.0        20.0     117.4      26.9
      108        381       0   0.000  0.000     12     3.364          30.0       160.0        10.0      69.8      20.7
      108        360       0   0.000  0.000      0       nan           nan         nan         nan       nan       nan
      108        364       0   0.000  0.000      0       nan           nan         nan         nan       nan       nan
      108        367       0   0.000  0.000      0       nan           nan         nan         nan       nan       nan
      108        376       0   0.000  0.000      0       nan           nan         nan         nan       nan       nan
      108        388       0   0.000  0.000      0       nan           nan         nan         nan       nan       nan
      108        392       0   0.000  0.000      0       nan           nan         nan         nan       nan       nan
      108        393       0   0.000  0.000      0       nan           nan         nan         nan       nan       nan
      108        394       0   0.000  0.000      0       nan           nan         nan         nan       nan       nan
      108        402       0   0.000  0.000      0       nan           nan         nan         nan       nan       nan
      108        405       0   0.000  0.000      0       nan           nan         nan         nan       nan       nan
      108        407       0   0.000  0.000      0       nan           nan         nan         nan       nan       nan
      108        410       0   0.000  0.000      0       nan           nan         nan         nan       nan       nan
      108        412       0   0.000  0.000      0       nan           nan         nan         nan       nan       nan
      108        415       0   0.000  0.000      0       nan           nan         nan         nan       nan       nan
      108        427       0   0.000  0.000      0       nan           nan         nan         nan       nan       nan
      108        429       0   0.000  0.000      0       nan           nan         nan         nan       nan       nan
      108        430       0   0.000  0.000      0       nan           nan         nan         nan       nan       nan
      108        432       0   0.000  0.000      0       nan           nan         nan         nan       nan       nan
      108        433       0   0.000  0.000      0       nan           nan         nan         nan       nan       nan
      108        434       0   0.000  0.000      0       nan           nan         nan         nan       nan       nan
      108        436       0   0.000  0.000      0       nan           nan         nan         nan       nan       nan
      108        438       0   0.000  0.000      0       nan           nan         nan         nan       nan       nan
      108        444       0   0.000  0.000      0       nan           nan         nan         nan       nan       nan
      108        446       0   0.000  0.000      0       nan           nan         nan         nan       nan       nan
      108        448       0   0.000  0.000      0       nan           nan         nan         nan       nan       nan
      108        454       0   0.000  0.000      0       nan           nan         nan         nan       nan       nan
      108        461       0   0.000  0.000      0       nan           nan         nan         nan       nan       nan
      108        463       0   0.000  0.000      0       nan           nan         nan         nan       nan       nan
      108        465       0   0.000  0.000      0       nan           nan         nan         nan       nan       nan
      108        467       0   0.000  0.000      0       nan           nan         nan         nan       nan       nan
      108        468       0   0.000  0.000      0       nan           nan         nan         nan       nan       nan
      108        469       0   0.000  0.000      0       nan           nan         nan         nan       nan       nan
      108        470       0   0.000  0.000      0       nan           nan         nan         nan       nan       nan
      108        471       0   0.000  0.000      0       nan           nan         nan         nan       nan       nan
      108        472       0   0.000  0.000      0       nan           nan         nan         nan       nan       nan
      108        474       0   0.000  0.000      0       nan           nan         nan         nan       nan       nan
      108        476       0   0.000  0.000      0       nan           nan         nan         nan       nan       nan
      108        477       0   0.000  0.000      0       nan           nan         nan         nan       nan       nan
      108        481       0   0.000  0.000      0       nan           nan         nan         nan       nan       nan
      108        484       0   0.000  0.000      0       nan           nan         nan         nan       nan       nan
      109        350       0   0.000  0.000      0       nan           nan         nan         nan       nan       nan
      109        351       0   0.000  0.000      0       nan           nan         nan         nan       nan       nan
      109        352       0   0.000  0.000      0       nan           nan         nan         nan       nan       nan
      109        353       0   0.000  0.000      0       nan           nan         nan         nan       nan       nan
      109        354       0   0.000  0.000      0       nan           nan         nan         nan       nan       nan
      109        355       0   0.000  0.000      0       nan           nan         nan         nan       nan       nan
      109        356       0   0.000  0.000      0       nan           nan         nan         nan       nan       nan
      109        357       0   0.000  0.000      0       nan           nan         nan         nan       nan       nan
      109        358       0   0.000  0.000      0       nan           nan         nan         nan       nan       nan
      109        359       0   0.000  0.000      0       nan           nan         nan         nan       nan       nan
      109        360       0   0.000  0.000      0       nan           nan         nan         nan       nan       nan
      109        361       0   0.000  0.000      0       nan           nan         nan         nan       nan       nan
      109        362       0   0.000  0.000      0       nan           nan         nan         nan       nan       nan
      109        363       0   0.000  0.000      0       nan           nan         nan         nan       nan       nan
      109        364       0   0.000  0.000      0       nan           nan         nan         nan       nan       nan
      109        365       0   0.000  0.000      0       nan           nan         nan         nan       nan       nan
      109        366       0   0.000  0.000      0       nan           nan         nan         nan       nan       nan
      109        367       0   0.000  0.000      0       nan           nan         nan         nan       nan       nan
      109        368       0   0.000  0.000      0       nan           nan         nan         nan       nan       nan
      109        369       0   0.000  0.000      0       nan           nan         nan         nan       nan       nan
      109        370       0   0.000  0.000      0       nan           nan         nan         nan       nan       nan
      109        371       0   0.000  0.000      0       nan           nan         nan         nan       nan       nan
      109        372       0   0.000  0.000      0       nan           nan         nan         nan       nan       nan
      109        373       0   0.000  0.000      0       nan           nan         nan         nan       nan       nan
      109        374       0   0.000  0.000      0       nan           nan         nan         nan       nan       nan
      109        375       0   0.000  0.000      0       nan           nan         nan         nan       nan       nan
      109        376       0   0.000  0.000      0       nan           nan         nan         nan       nan       nan
      109        377       0   0.000  0.000      0       nan           nan         nan         nan       nan       nan
      109        378       0   0.000  0.000      0       nan           nan         nan         nan       nan       nan
      109        379       0   0.000  0.000      0       nan           nan         nan         nan       nan       nan
      109        380       0   0.000  0.000      0       nan           nan         nan         nan       nan       nan
      109        381       0   0.000  0.000      0       nan           nan         nan         nan       nan       nan
      109        382       0   0.000  0.000      0       nan           nan         nan         nan       nan       nan
      109        383       0   0.000  0.000      0       nan           nan         nan         nan       nan       nan
      109        384       0   0.000  0.000      0       nan           nan         nan         nan       nan       nan
      109        385       0   0.000  0.000      0       nan           nan         nan         nan       nan       nan
      109        386       0   0.000  0.000      0       nan           nan         nan         nan       nan       nan
      109        387       0   0.000  0.000      0       nan           nan         nan         nan       nan       nan
      109        388       0   0.000  0.000      0       nan           nan         nan         nan       nan       nan
      109        389       0   0.000  0.000      0       nan           nan         nan         nan       nan       nan
      109        390       0   0.000  0.000      0       nan           nan         nan         nan       nan       nan
      109        391       0   0.000  0.000      0       nan           nan         nan         nan       nan       nan
      109        392       0   0.000  0.000      0       nan           nan         nan         nan       nan       nan
      109        393       0   0.000  0.000      0       nan           nan         nan         nan       nan       nan
      109        394       0   0.000  0.000      0       nan           nan         nan         nan       nan       nan
      109        395       0   0.000  0.000      0       nan           nan         nan         nan       nan       nan
      109        396       0   0.000  0.000      0       nan           nan         nan         nan       nan       nan
      109        397       0   0.000  0.000      0       nan           nan         nan         nan       nan       nan
      109        398       0   0.000  0.000      0       nan           nan         nan         nan       nan       nan
      109        399       0   0.000  0.000      0       nan           nan         nan         nan       nan       nan
      109        400       0   0.000  0.000      0       nan           nan         nan         nan       nan       nan
      109        401       0   0.000  0.000      0       nan           nan         nan         nan       nan       nan
      109        402       0   0.000  0.000      0       nan           nan         nan         nan       nan       nan
      109        403       0   0.000  0.000      0       nan           nan         nan         nan       nan       nan
      109        404       0   0.000  0.000      0       nan           nan         nan         nan       nan       nan
      109        405       0   0.000  0.000      0       nan           nan         nan         nan       nan       nan
      109        406       0   0.000  0.000      0       nan           nan         nan         nan       nan       nan
      109        407       0   0.000  0.000      0       nan           nan         nan         nan       nan       nan
      109        408       0   0.000  0.000      0       nan           nan         nan         nan       nan       nan
      109        409       0   0.000  0.000      0       nan           nan         nan         nan       nan       nan
      109        410       0   0.000  0.000      0       nan           nan         nan         nan       nan       nan
      109        411       0   0.000  0.000      0       nan           nan         nan         nan       nan       nan
      109        412       0   0.000  0.000      0       nan           nan         nan         nan       nan       nan
      109        413       0   0.000  0.000      0       nan           nan         nan         nan       nan       nan
      109        414       0   0.000  0.000      0       nan           nan         nan         nan       nan       nan
      109        415       0   0.000  0.000      0       nan           nan         nan         nan       nan       nan
      109        416       0   0.000  0.000      0       nan           nan         nan         nan       nan       nan
      109        417       0   0.000  0.000      0       nan           nan         nan         nan       nan       nan
      109        418       0   0.000  0.000      0       nan           nan         nan         nan       nan       nan
      109        419       0   0.000  0.000      0       nan           nan         nan         nan       nan       nan
      109        420       0   0.000  0.000      0       nan           nan         nan         nan       nan       nan
      109        421       0   0.000  0.000      0       nan           nan         nan         nan       nan       nan
      109        422       0   0.000  0.000      0       nan           nan         nan         nan       nan       nan
      109        423       0   0.000  0.000      0       nan           nan         nan         nan       nan       nan
      109        424       0   0.000  0.000      0       nan           nan         nan         nan       nan       nan
      109        425       0   0.000  0.000      0       nan           nan         nan         nan       nan       nan
      109        426       0   0.000  0.000      0       nan           nan         nan         nan       nan       nan
      109        427       0   0.000  0.000      0       nan           nan         nan         nan       nan       nan
      109        428       0   0.000  0.000      0       nan           nan         nan         nan       nan       nan
      109        429       0   0.000  0.000      0       nan           nan         nan         nan       nan       nan
      109        430       0   0.000  0.000      0       nan           nan         nan         nan       nan       nan
      109        431       0   0.000  0.000      0       nan           nan         nan         nan       nan       nan
      109        432       0   0.000  0.000      0       nan           nan         nan         nan       nan       nan
      109        433       0   0.000  0.000      0       nan           nan         nan         nan       nan       nan
      109        434       0   0.000  0.000      0       nan           nan         nan         nan       nan       nan
      109        435       0   0.000  0.000      0       nan           nan         nan         nan       nan       nan
      109        436       0   0.000  0.000      0       nan           nan         nan         nan       nan       nan
      109        437       0   0.000  0.000      0       nan           nan         nan         nan       nan       nan
      109        438       0   0.000  0.000      0       nan           nan         nan         nan       nan       nan
      109        439       0   0.000  0.000      0       nan           nan         nan         nan       nan       nan
      109        440       0   0.000  0.000      0       nan           nan         nan         nan       nan       nan
      109        441       0   0.000  0.000      0       nan           nan         nan         nan       nan       nan
      109        442       0   0.000  0.000      0       nan           nan         nan         nan       nan       nan
      109        443       0   0.000  0.000      0       nan           nan         nan         nan       nan       nan
      109        444       0   0.000  0.000      0       nan           nan         nan         nan       nan       nan
      109        445       0   0.000  0.000      0       nan           nan         nan         nan       nan       nan
      109        446       0   0.000  0.000      0       nan           nan         nan         nan       nan       nan
      109        447       0   0.000  0.000      0       nan           nan         nan         nan       nan       nan
      109        448       0   0.000  0.000      0       nan           nan         nan         nan       nan       nan
      109        449       0   0.000  0.000      0       nan           nan         nan         nan       nan       nan
      109        450       0   0.000  0.000      0       nan           nan         nan         nan       nan       nan
      109        451       0   0.000  0.000      0       nan           nan         nan         nan       nan       nan
      109        452       0   0.000  0.000      0       nan           nan         nan         nan       nan       nan
      109        453       0   0.000  0.000      0       nan           nan         nan         nan       nan       nan
      109        454       0   0.000  0.000      0       nan           nan         nan         nan       nan       nan
      109        455       0   0.000  0.000      0       nan           nan         nan         nan       nan       nan
      109        456       0   0.000  0.000      0       nan           nan         nan         nan       nan       nan
      109        457       0   0.000  0.000      0       nan           nan         nan         nan       nan       nan
      109        458       0   0.000  0.000      0       nan           nan         nan         nan       nan       nan
      109        459       0   0.000  0.000      0       nan           nan         nan         nan       nan       nan
      109        460       0   0.000  0.000      0       nan           nan         nan         nan       nan       nan
      109        461       0   0.000  0.000      0       nan           nan         nan         nan       nan       nan
      109        462       0   0.000  0.000      0       nan           nan         nan         nan       nan       nan
      109        463       0   0.000  0.000      0       nan           nan         nan         nan       nan       nan
      109        464       0   0.000  0.000      0       nan           nan         nan         nan       nan       nan
      109        465       0   0.000  0.000      0       nan           nan         nan         nan       nan       nan
      109        466       0   0.000  0.000      0       nan           nan         nan         nan       nan       nan
      109        467       0   0.000  0.000      0       nan           nan         nan         nan       nan       nan
      109        468       0   0.000  0.000      0       nan           nan         nan         nan       nan       nan
      109        469       0   0.000  0.000      0       nan           nan         nan         nan       nan       nan
      109        470       0   0.000  0.000      0       nan           nan         nan         nan       nan       nan
      109        471       0   0.000  0.000      0       nan           nan         nan         nan       nan       nan
      109        472       0   0.000  0.000      0       nan           nan         nan         nan       nan       nan
      109        473       0   0.000  0.000      0       nan           nan         nan         nan       nan       nan
      109        474       0   0.000  0.000      0       nan           nan         nan         nan       nan       nan
      109        475       0   0.000  0.000      0       nan           nan         nan         nan       nan       nan
      109        476       0   0.000  0.000      0       nan           nan         nan         nan       nan       nan
      109        477       0   0.000  0.000      0       nan           nan         nan         nan       nan       nan
      109        478       0   0.000  0.000      0       nan           nan         nan         nan       nan       nan
      109        479       0   0.000  0.000      0       nan           nan         nan         nan       nan       nan
      109        480       0   0.000  0.000      0       nan           nan         nan         nan       nan       nan
      109        481       0   0.000  0.000      0       nan           nan         nan         nan       nan       nan
      109        482       0   0.000  0.000      0       nan           nan         nan         nan       nan       nan
      109        483       0   0.000  0.000      0       nan           nan         nan         nan       nan       nan
      109        484       0   0.000  0.000      0       nan           nan         nan         nan       nan       nan
      110        366       1   0.075  0.097    468     1.189           0.1       160.1       160.0      24.7      29.3
      110        447       0   0.019  0.692    612     1.297          26.9       159.0         5.9      24.7      19.0
      110        358       0   0.008  0.062    680     2.828           1.6       158.4       160.0      24.7      69.8
      110        385       0   0.006  0.230    180     1.000          40.0       160.0        20.0      24.7      24.7
      110        350       0   0.002  0.034    720     1.297          11.6       158.0       146.3      24.7      32.0
      110        397       0   0.002  0.093     68     1.091          40.0       160.0        20.0      24.7      26.9
      110        351       0   0.002  0.027    720     1.542           8.0       158.0       165.9      24.7      38.1
      110        377       0   0.001  0.021     28     1.297          10.0       150.0       160.0      20.7      26.9
      110        406       0   0.001  0.179    460     4.757          29.6       160.4        10.0      24.7     117.4
      110        361       0   0.001  0.053    720     2.594          18.0       158.0       140.0      24.7      64.0
      110        352       0   0.001  0.045    720     2.000          22.0       158.0         0.0      24.7      49.4
      110        353       0   0.001  0.019    720     2.594           7.8       158.0       150.2      24.7      64.0
      110        418       0   0.001  0.031     48     1.297          40.0       160.0       120.0      24.7      32.0
      110        368       0   0.000  0.043    340     2.828          52.2       157.8        30.0      24.7      69.8
      110        354       0   0.000  0.029    720     4.757          26.7       158.0       131.2      24.7     117.4
      110        363       0   0.000  0.021    300     4.362          24.1       160.3         4.4      24.7     107.6
      110        355       0   0.000  0.000      0       nan           nan         nan         nan       nan       nan
      110        356       0   0.000  0.000      0       nan           nan         nan         nan       nan       nan
      110        357       0   0.000  0.000      0       nan           nan         nan         nan       nan       nan
      110        359       0   0.000  0.000      0       nan           nan         nan         nan       nan       nan
      110        360       0   0.000  0.000      0       nan           nan         nan         nan       nan       nan
      110        362       0   0.000  0.000      0       nan           nan         nan         nan       nan       nan
      110        364       0   0.000  0.000      0       nan           nan         nan         nan       nan       nan
      110        365       0   0.000  0.000      0       nan           nan         nan         nan       nan       nan
      110        367       0   0.000  0.000      0       nan           nan         nan         nan       nan       nan
      110        369       0   0.000  0.000      0       nan           nan         nan         nan       nan       nan
      110        370       0   0.000  0.000      0       nan           nan         nan         nan       nan       nan
      110        371       0   0.000  0.000      0       nan           nan         nan         nan       nan       nan
      110        372       0   0.000  0.000      0       nan           nan         nan         nan       nan       nan
      110        373       0   0.000  0.000      0       nan           nan         nan         nan       nan       nan
      110        374       0   0.000  0.000      0       nan           nan         nan         nan       nan       nan
      110        375       0   0.000  0.000      0       nan           nan         nan         nan       nan       nan
      110        376       0   0.000  0.000      0       nan           nan         nan         nan       nan       nan
      110        378       0   0.000  0.000      0       nan           nan         nan         nan       nan       nan
      110        379       0   0.000  0.000      0       nan           nan         nan         nan       nan       nan
      110        380       0   0.000  0.000      0       nan           nan         nan         nan       nan       nan
      110        381       0   0.000  0.000      0       nan           nan         nan         nan       nan       nan
      110        382       0   0.000  0.000      0       nan           nan         nan         nan       nan       nan
      110        383       0   0.000  0.000      0       nan           nan         nan         nan       nan       nan
      110        384       0   0.000  0.000      0       nan           nan         nan         nan       nan       nan
      110        386       0   0.000  0.000      0       nan           nan         nan         nan       nan       nan
      110        387       0   0.000  0.000      0       nan           nan         nan         nan       nan       nan
      110        388       0   0.000  0.000      0       nan           nan         nan         nan       nan       nan
      110        389       0   0.000  0.000      0       nan           nan         nan         nan       nan       nan
      110        390       0   0.000  0.000      0       nan           nan         nan         nan       nan       nan
      110        391       0   0.000  0.000      0       nan           nan         nan         nan       nan       nan
      110        392       0   0.000  0.000      0       nan           nan         nan         nan       nan       nan
      110        393       0   0.000  0.000      0       nan           nan         nan         nan       nan       nan
      110        394       0   0.000  0.000      0       nan           nan         nan         nan       nan       nan
      110        395       0   0.000  0.000      0       nan           nan         nan         nan       nan       nan
      110        396       0   0.000  0.000      0       nan           nan         nan         nan       nan       nan
      110        398       0   0.000  0.000      0       nan           nan         nan         nan       nan       nan
      110        399       0   0.000  0.000      0       nan           nan         nan         nan       nan       nan
      110        400       0   0.000  0.000      0       nan           nan         nan         nan       nan       nan
      110        401       0   0.000  0.000      0       nan           nan         nan         nan       nan       nan
      110        402       0   0.000  0.000      0       nan           nan         nan         nan       nan       nan
      110        403       0   0.000  0.000      0       nan           nan         nan         nan       nan       nan
      110        404       0   0.000  0.000      0       nan           nan         nan         nan       nan       nan
      110        405       0   0.000  0.000      0       nan           nan         nan         nan       nan       nan
      110        407       0   0.000  0.000      0       nan           nan         nan         nan       nan       nan
      110        408       0   0.000  0.000      0       nan           nan         nan         nan       nan       nan
      110        409       0   0.000  0.000      0       nan           nan         nan         nan       nan       nan
      110        410       0   0.000  0.000      0       nan           nan         nan         nan       nan       nan
      110        411       0   0.000  0.000      0       nan           nan         nan         nan       nan       nan
      110        412       0   0.000  0.000      0       nan           nan         nan         nan       nan       nan
      110        413       0   0.000  0.000      0       nan           nan         nan         nan       nan       nan
      110        414       0   0.000  0.000      0       nan           nan         nan         nan       nan       nan
      110        415       0   0.000  0.000      0       nan           nan         nan         nan       nan       nan
      110        416       0   0.000  0.000      0       nan           nan         nan         nan       nan       nan
      110        417       0   0.000  0.000      0       nan           nan         nan         nan       nan       nan
      110        419       0   0.000  0.000      0       nan           nan         nan         nan       nan       nan
      110        420       0   0.000  0.000      0       nan           nan         nan         nan       nan       nan
      110        421       0   0.000  0.000      0       nan           nan         nan         nan       nan       nan
      110        422       0   0.000  0.000      0       nan           nan         nan         nan       nan       nan
      110        423       0   0.000  0.000      0       nan           nan         nan         nan       nan       nan
      110        424       0   0.000  0.000      0       nan           nan         nan         nan       nan       nan
      110        425       0   0.000  0.000      0       nan           nan         nan         nan       nan       nan
      110        426       0   0.000  0.000      0       nan           nan         nan         nan       nan       nan
      110        427       0   0.000  0.000      0       nan           nan         nan         nan       nan       nan
      110        428       0   0.000  0.000      0       nan           nan         nan         nan       nan       nan
      110        429       0   0.000  0.000      0       nan           nan         nan         nan       nan       nan
      110        430       0   0.000  0.000      0       nan           nan         nan         nan       nan       nan
      110        431       0   0.000  0.000      0       nan           nan         nan         nan       nan       nan
      110        432       0   0.000  0.000      0       nan           nan         nan         nan       nan       nan
      110        433       0   0.000  0.000      0       nan           nan         nan         nan       nan       nan
      110        434       0   0.000  0.000      0       nan           nan         nan         nan       nan       nan
      110        435       0   0.000  0.000      0       nan           nan         nan         nan       nan       nan
      110        436       0   0.000  0.000      0       nan           nan         nan         nan       nan       nan
      110        437       0   0.000  0.000      0       nan           nan         nan         nan       nan       nan
      110        438       0   0.000  0.000      0       nan           nan         nan         nan       nan       nan
      110        439       0   0.000  0.000      0       nan           nan         nan         nan       nan       nan
      110        440       0   0.000  0.000      0       nan           nan         nan         nan       nan       nan
      110        441       0   0.000  0.000      0       nan           nan         nan         nan       nan       nan
      110        442       0   0.000  0.000      0       nan           nan         nan         nan       nan       nan
      110        443       0   0.000  0.000      0       nan           nan         nan         nan       nan       nan
      110        444       0   0.000  0.000      0       nan           nan         nan         nan       nan       nan
      110        445       0   0.000  0.000      0       nan           nan         nan         nan       nan       nan
      110        446       0   0.000  0.000      0       nan           nan         nan         nan       nan       nan
      110        448       0   0.000  0.000      0       nan           nan         nan         nan       nan       nan
      110        449       0   0.000  0.000      0       nan           nan         nan         nan       nan       nan
      110        450       0   0.000  0.000      0       nan           nan         nan         nan       nan       nan
      110        451       0   0.000  0.000      0       nan           nan         nan         nan       nan       nan
      110        452       0   0.000  0.000      0       nan           nan         nan         nan       nan       nan
      110        453       0   0.000  0.000      0       nan           nan         nan         nan       nan       nan
      110        454       0   0.000  0.000      0       nan           nan         nan         nan       nan       nan
      110        455       0   0.000  0.000      0       nan           nan         nan         nan       nan       nan
      110        456       0   0.000  0.000      0       nan           nan         nan         nan       nan       nan
      110        457       0   0.000  0.000      0       nan           nan         nan         nan       nan       nan
      110        458       0   0.000  0.000      0       nan           nan         nan         nan       nan       nan
      110        459       0   0.000  0.000      0       nan           nan         nan         nan       nan       nan
      110        460       0   0.000  0.000      0       nan           nan         nan         nan       nan       nan
      110        461       0   0.000  0.000      0       nan           nan         nan         nan       nan       nan
      110        462       0   0.000  0.000      0       nan           nan         nan         nan       nan       nan
      110        463       0   0.000  0.000      0       nan           nan         nan         nan       nan       nan
      110        464       0   0.000  0.000      0       nan           nan         nan         nan       nan       nan
      110        465       0   0.000  0.000      0       nan           nan         nan         nan       nan       nan
      110        466       0   0.000  0.000      0       nan           nan         nan         nan       nan       nan
      110        467       0   0.000  0.000      0       nan           nan         nan         nan       nan       nan
      110        468       0   0.000  0.000      0       nan           nan         nan         nan       nan       nan
      110        469       0   0.000  0.000      0       nan           nan         nan         nan       nan       nan
      110        470       0   0.000  0.000      0       nan           nan         nan         nan       nan       nan
      110        471       0   0.000  0.000      0       nan           nan         nan         nan       nan       nan
      110        472       0   0.000  0.000      0       nan           nan         nan         nan       nan       nan
      110        473       0   0.000  0.000      0       nan           nan         nan         nan       nan       nan
      110        474       0   0.000  0.000      0       nan           nan         nan         nan       nan       nan
      110        475       0   0.000  0.000      0       nan           nan         nan         nan       nan       nan
      110        476       0   0.000  0.000      0       nan           nan         nan         nan       nan       nan
      110        477       0   0.000  0.000      0       nan           nan         nan         nan       nan       nan
      110        478       0   0.000  0.000      0       nan           nan         nan         nan       nan       nan
      110        479       0   0.000  0.000      0       nan           nan         nan         nan       nan       nan
      110        480       0   0.000  0.000      0       nan           nan         nan         nan       nan       nan
      110        481       0   0.000  0.000      0       nan           nan         nan         nan       nan       nan
      110        482       0   0.000  0.000      0       nan           nan         nan         nan       nan       nan
      110        483       0   0.000  0.000      0       nan           nan         nan         nan       nan       nan
      110        484       0   0.000  0.000      0       nan           nan         nan         nan       nan       nan
      111        403       0   0.021  0.021     84     1.000           0.0       150.0       150.0      32.0      32.0
      111        362       1   0.008  0.102    696     1.189          10.0       150.0       160.0      32.0      38.1
      111        356       0   0.006  0.226    388     1.834          20.0       150.0       170.0      32.0      58.7
      111        386       1   0.005  0.065    140     1.189          10.0       150.0       140.0      32.0      26.9
      111        370       0   0.003  0.050    416     1.542          10.0       150.0       160.0      32.0      49.4
      111        358       0   0.003  0.088    976     2.181          14.8       150.0       164.8      32.0      69.8
      111        351       0   0.002  0.038   1024     1.917          10.2       150.0       160.2      32.0      61.3
      111        350       0   0.002  0.007    160     1.189           3.0       150.0       147.0      32.0      26.9
      111        363       0   0.001  0.073   1000     2.594          30.0       150.0         0.0      32.0      83.0
      111        440       0   0.001  0.120    164     2.000          80.0       150.0        50.0      32.0      64.0
      111        355       0   0.001  0.019    192     1.297          20.0       150.0       170.0      32.0      41.5
      111        353       0   0.000  0.024    884     2.828          19.2       150.0       169.2      32.0      90.5
      111        354       0   0.000  0.009    220     3.364          10.7       150.0       139.3      32.0     107.6
      111        368       0   0.000  0.027    224     2.181          73.1       150.0        43.1      32.0      69.8
      111        352       0   0.000  0.013    216     2.181          40.0       150.0        10.0      32.0      69.8
      111        375       0   0.000  0.002     12     2.181          10.0       150.0       140.0      32.0      69.8
      111        381       0   0.000  0.004      4     1.542          40.0       150.0        10.0      32.0      20.7
      111        357       0   0.000  0.000      0       nan           nan         nan         nan       nan       nan
      111        359       0   0.000  0.000      0       nan           nan         nan         nan       nan       nan
      111        360       0   0.000  0.000      0       nan           nan         nan         nan       nan       nan
      111        361       0   0.000  0.000      0       nan           nan         nan         nan       nan       nan
      111        364       0   0.000  0.000      0       nan           nan         nan         nan       nan       nan
      111        365       0   0.000  0.000      0       nan           nan         nan         nan       nan       nan
      111        366       0   0.000  0.000      0       nan           nan         nan         nan       nan       nan
      111        367       0   0.000  0.000      0       nan           nan         nan         nan       nan       nan
      111        369       0   0.000  0.000      0       nan           nan         nan         nan       nan       nan
      111        371       0   0.000  0.000      0       nan           nan         nan         nan       nan       nan
      111        372       0   0.000  0.000      0       nan           nan         nan         nan       nan       nan
      111        373       0   0.000  0.000      0       nan           nan         nan         nan       nan       nan
      111        374       0   0.000  0.000      0       nan           nan         nan         nan       nan       nan
      111        376       0   0.000  0.000      0       nan           nan         nan         nan       nan       nan
      111        377       0   0.000  0.000      0       nan           nan         nan         nan       nan       nan
      111        378       0   0.000  0.000      0       nan           nan         nan         nan       nan       nan
      111        379       0   0.000  0.000      0       nan           nan         nan         nan       nan       nan
      111        380       0   0.000  0.000      0       nan           nan         nan         nan       nan       nan
      111        382       0   0.000  0.000      0       nan           nan         nan         nan       nan       nan
      111        383       0   0.000  0.000      0       nan           nan         nan         nan       nan       nan
      111        384       0   0.000  0.000      0       nan           nan         nan         nan       nan       nan
      111        385       0   0.000  0.000      0       nan           nan         nan         nan       nan       nan
      111        387       0   0.000  0.000      0       nan           nan         nan         nan       nan       nan
      111        388       0   0.000  0.000      0       nan           nan         nan         nan       nan       nan
      111        389       0   0.000  0.000      0       nan           nan         nan         nan       nan       nan
      111        390       0   0.000  0.000      0       nan           nan         nan         nan       nan       nan
      111        391       0   0.000  0.000      0       nan           nan         nan         nan       nan       nan
      111        392       0   0.000  0.000      0       nan           nan         nan         nan       nan       nan
      111        393       0   0.000  0.000      0       nan           nan         nan         nan       nan       nan
      111        394       0   0.000  0.000      0       nan           nan         nan         nan       nan       nan
      111        395       0   0.000  0.000      0       nan           nan         nan         nan       nan       nan
      111        396       0   0.000  0.000      0       nan           nan         nan         nan       nan       nan
      111        397       0   0.000  0.000      0       nan           nan         nan         nan       nan       nan
      111        398       0   0.000  0.000      0       nan           nan         nan         nan       nan       nan
      111        399       0   0.000  0.000      0       nan           nan         nan         nan       nan       nan
      111        400       0   0.000  0.000      0       nan           nan         nan         nan       nan       nan
      111        401       0   0.000  0.000      0       nan           nan         nan         nan       nan       nan
      111        402       0   0.000  0.000      0       nan           nan         nan         nan       nan       nan
      111        404       0   0.000  0.000      0       nan           nan         nan         nan       nan       nan
      111        405       0   0.000  0.000      0       nan           nan         nan         nan       nan       nan
      111        406       0   0.000  0.000      0       nan           nan         nan         nan       nan       nan
      111        407       0   0.000  0.000      0       nan           nan         nan         nan       nan       nan
      111        408       0   0.000  0.000      0       nan           nan         nan         nan       nan       nan
      111        409       0   0.000  0.000      0       nan           nan         nan         nan       nan       nan
      111        410       0   0.000  0.000      0       nan           nan         nan         nan       nan       nan
      111        411       0   0.000  0.000      0       nan           nan         nan         nan       nan       nan
      111        412       0   0.000  0.000      0       nan           nan         nan         nan       nan       nan
      111        413       0   0.000  0.000      0       nan           nan         nan         nan       nan       nan
      111        414       0   0.000  0.000      0       nan           nan         nan         nan       nan       nan
      111        415       0   0.000  0.000      0       nan           nan         nan         nan       nan       nan
      111        416       0   0.000  0.000      0       nan           nan         nan         nan       nan       nan
      111        417       0   0.000  0.000      0       nan           nan         nan         nan       nan       nan
      111        418       0   0.000  0.000      0       nan           nan         nan         nan       nan       nan
      111        419       0   0.000  0.000      0       nan           nan         nan         nan       nan       nan
      111        420       0   0.000  0.000      0       nan           nan         nan         nan       nan       nan
      111        421       0   0.000  0.000      0       nan           nan         nan         nan       nan       nan
      111        422       0   0.000  0.000      0       nan           nan         nan         nan       nan       nan
      111        423       0   0.000  0.000      0       nan           nan         nan         nan       nan       nan
      111        424       0   0.000  0.000      0       nan           nan         nan         nan       nan       nan
      111        425       0   0.000  0.000      0       nan           nan         nan         nan       nan       nan
      111        426       0   0.000  0.000      0       nan           nan         nan         nan       nan       nan
      111        427       0   0.000  0.000      0       nan           nan         nan         nan       nan       nan
      111        428       0   0.000  0.000      0       nan           nan         nan         nan       nan       nan
      111        429       0   0.000  0.000      0       nan           nan         nan         nan       nan       nan
      111        430       0   0.000  0.000      0       nan           nan         nan         nan       nan       nan
      111        431       0   0.000  0.000      0       nan           nan         nan         nan       nan       nan
      111        432       0   0.000  0.000      0       nan           nan         nan         nan       nan       nan
      111        433       0   0.000  0.000      0       nan           nan         nan         nan       nan       nan
      111        434       0   0.000  0.000      0       nan           nan         nan         nan       nan       nan
      111        435       0   0.000  0.000      0       nan           nan         nan         nan       nan       nan
      111        436       0   0.000  0.000      0       nan           nan         nan         nan       nan       nan
      111        437       0   0.000  0.000      0       nan           nan         nan         nan       nan       nan
      111        438       0   0.000  0.000      0       nan           nan         nan         nan       nan       nan
      111        439       0   0.000  0.000      0       nan           nan         nan         nan       nan       nan
      111        441       0   0.000  0.000      0       nan           nan         nan         nan       nan       nan
      111        442       0   0.000  0.000      0       nan           nan         nan         nan       nan       nan
      111        443       0   0.000  0.000      0       nan           nan         nan         nan       nan       nan
      111        444       0   0.000  0.000      0       nan           nan         nan         nan       nan       nan
      111        445       0   0.000  0.000      0       nan           nan         nan         nan       nan       nan
      111        446       0   0.000  0.000      0       nan           nan         nan         nan       nan       nan
      111        447       0   0.000  0.000      0       nan           nan         nan         nan       nan       nan
      111        448       0   0.000  0.000      0       nan           nan         nan         nan       nan       nan
      111        449       0   0.000  0.000      0       nan           nan         nan         nan       nan       nan
      111        450       0   0.000  0.000      0       nan           nan         nan         nan       nan       nan
      111        451       0   0.000  0.000      0       nan           nan         nan         nan       nan       nan
      111        452       0   0.000  0.000      0       nan           nan         nan         nan       nan       nan
      111        453       0   0.000  0.000      0       nan           nan         nan         nan       nan       nan
      111        454       0   0.000  0.000      0       nan           nan         nan         nan       nan       nan
      111        455       0   0.000  0.000      0       nan           nan         nan         nan       nan       nan
      111        456       0   0.000  0.000      0       nan           nan         nan         nan       nan       nan
      111        457       0   0.000  0.000      0       nan           nan         nan         nan       nan       nan
      111        458       0   0.000  0.000      0       nan           nan         nan         nan       nan       nan
      111        459       0   0.000  0.000      0       nan           nan         nan         nan       nan       nan
      111        460       0   0.000  0.000      0       nan           nan         nan         nan       nan       nan
      111        461       0   0.000  0.000      0       nan           nan         nan         nan       nan       nan
      111        462       0   0.000  0.000      0       nan           nan         nan         nan       nan       nan
      111        463       0   0.000  0.000      0       nan           nan         nan         nan       nan       nan
      111        464       0   0.000  0.000      0       nan           nan         nan         nan       nan       nan
      111        465       0   0.000  0.000      0       nan           nan         nan         nan       nan       nan
      111        466       0   0.000  0.000      0       nan           nan         nan         nan       nan       nan
      111        467       0   0.000  0.000      0       nan           nan         nan         nan       nan       nan
      111        468       0   0.000  0.000      0       nan           nan         nan         nan       nan       nan
      111        469       0   0.000  0.000      0       nan           nan         nan         nan       nan       nan
      111        470       0   0.000  0.000      0       nan           nan         nan         nan       nan       nan
      111        471       0   0.000  0.000      0       nan           nan         nan         nan       nan       nan
      111        472       0   0.000  0.000      0       nan           nan         nan         nan       nan       nan
      111        473       0   0.000  0.000      0       nan           nan         nan         nan       nan       nan
      111        474       0   0.000  0.000      0       nan           nan         nan         nan       nan       nan
      111        475       0   0.000  0.000      0       nan           nan         nan         nan       nan       nan
      111        476       0   0.000  0.000      0       nan           nan         nan         nan       nan       nan
      111        477       0   0.000  0.000      0       nan           nan         nan         nan       nan       nan
      111        478       0   0.000  0.000      0       nan           nan         nan         nan       nan       nan
      111        479       0   0.000  0.000      0       nan           nan         nan         nan       nan       nan
      111        480       0   0.000  0.000      0       nan           nan         nan         nan       nan       nan
      111        481       0   0.000  0.000      0       nan           nan         nan         nan       nan       nan
      111        482       0   0.000  0.000      0       nan           nan         nan         nan       nan       nan
      111        483       0   0.000  0.000      0       nan           nan         nan         nan       nan       nan
      111        484       0   0.000  0.000      0       nan           nan         nan         nan       nan       nan
      112        350       0   0.000  0.000      0       nan           nan         nan         nan       nan       nan
      112        351       0   0.000  0.000      0       nan           nan         nan         nan       nan       nan
      112        352       0   0.000  0.000      0       nan           nan         nan         nan       nan       nan
      112        353       0   0.000  0.000      0       nan           nan         nan         nan       nan       nan
      112        354       0   0.000  0.000      0       nan           nan         nan         nan       nan       nan
      112        355       0   0.000  0.000      0       nan           nan         nan         nan       nan       nan
      112        356       0   0.000  0.000      0       nan           nan         nan         nan       nan       nan
      112        357       0   0.000  0.000      0       nan           nan         nan         nan       nan       nan
      112        358       0   0.000  0.000      0       nan           nan         nan         nan       nan       nan
      112        359       0   0.000  0.000      0       nan           nan         nan         nan       nan       nan
      112        360       0   0.000  0.000      0       nan           nan         nan         nan       nan       nan
      112        361       0   0.000  0.000      0       nan           nan         nan         nan       nan       nan
      112        362       0   0.000  0.000      0       nan           nan         nan         nan       nan       nan
      112        363       0   0.000  0.000      0       nan           nan         nan         nan       nan       nan
      112        364       0   0.000  0.000      0       nan           nan         nan         nan       nan       nan
      112        365       0   0.000  0.000      0       nan           nan         nan         nan       nan       nan
      112        366       0   0.000  0.000      0       nan           nan         nan         nan       nan       nan
      112        367       0   0.000  0.000      0       nan           nan         nan         nan       nan       nan
      112        368       0   0.000  0.000      0       nan           nan         nan         nan       nan       nan
      112        369       0   0.000  0.000      0       nan           nan         nan         nan       nan       nan
      112        370       0   0.000  0.000      0       nan           nan         nan         nan       nan       nan
      112        371       0   0.000  0.000      0       nan           nan         nan         nan       nan       nan
      112        372       0   0.000  0.000      0       nan           nan         nan         nan       nan       nan
      112        373       0   0.000  0.000      0       nan           nan         nan         nan       nan       nan
      112        374       0   0.000  0.000      0       nan           nan         nan         nan       nan       nan
      112        375       0   0.000  0.000      0       nan           nan         nan         nan       nan       nan
      112        376       0   0.000  0.000      0       nan           nan         nan         nan       nan       nan
      112        377       0   0.000  0.000      0       nan           nan         nan         nan       nan       nan
      112        378       0   0.000  0.000      0       nan           nan         nan         nan       nan       nan
      112        379       0   0.000  0.000      0       nan           nan         nan         nan       nan       nan
      112        380       0   0.000  0.000      0       nan           nan         nan         nan       nan       nan
      112        381       0   0.000  0.000      0       nan           nan         nan         nan       nan       nan
      112        382       0   0.000  0.000      0       nan           nan         nan         nan       nan       nan
      112        383       0   0.000  0.000      0       nan           nan         nan         nan       nan       nan
      112        384       0   0.000  0.000      0       nan           nan         nan         nan       nan       nan
      112        385       0   0.000  0.000      0       nan           nan         nan         nan       nan       nan
      112        386       0   0.000  0.000      0       nan           nan         nan         nan       nan       nan
      112        387       0   0.000  0.000      0       nan           nan         nan         nan       nan       nan
      112        388       0   0.000  0.000      0       nan           nan         nan         nan       nan       nan
      112        389       0   0.000  0.000      0       nan           nan         nan         nan       nan       nan
      112        390       0   0.000  0.000      0       nan           nan         nan         nan       nan       nan
      112        391       0   0.000  0.000      0       nan           nan         nan         nan       nan       nan
      112        392       0   0.000  0.000      0       nan           nan         nan         nan       nan       nan
      112        393       0   0.000  0.000      0       nan           nan         nan         nan       nan       nan
      112        394       0   0.000  0.000      0       nan           nan         nan         nan       nan       nan
      112        395       0   0.000  0.000      0       nan           nan         nan         nan       nan       nan
      112        396       0   0.000  0.000      0       nan           nan         nan         nan       nan       nan
      112        397       0   0.000  0.000      0       nan           nan         nan         nan       nan       nan
      112        398       0   0.000  0.000      0       nan           nan         nan         nan       nan       nan
      112        399       0   0.000  0.000      0       nan           nan         nan         nan       nan       nan
      112        400       0   0.000  0.000      0       nan           nan         nan         nan       nan       nan
      112        401       0   0.000  0.000      0       nan           nan         nan         nan       nan       nan
      112        402       0   0.000  0.000      0       nan           nan         nan         nan       nan       nan
      112        403       0   0.000  0.000      0       nan           nan         nan         nan       nan       nan
      112        404       0   0.000  0.000      0       nan           nan         nan         nan       nan       nan
      112        405       0   0.000  0.000      0       nan           nan         nan         nan       nan       nan
      112        406       0   0.000  0.000      0       nan           nan         nan         nan       nan       nan
      112        407       0   0.000  0.000      0       nan           nan         nan         nan       nan       nan
      112        408       0   0.000  0.000      0       nan           nan         nan         nan       nan       nan
      112        409       0   0.000  0.000      0       nan           nan         nan         nan       nan       nan
      112        410       0   0.000  0.000      0       nan           nan         nan         nan       nan       nan
      112        411       0   0.000  0.000      0       nan           nan         nan         nan       nan       nan
      112        412       0   0.000  0.000      0       nan           nan         nan         nan       nan       nan
      112        413       0   0.000  0.000      0       nan           nan         nan         nan       nan       nan
      112        414       0   0.000  0.000      0       nan           nan         nan         nan       nan       nan
      112        415       0   0.000  0.000      0       nan           nan         nan         nan       nan       nan
      112        416       0   0.000  0.000      0       nan           nan         nan         nan       nan       nan
      112        417       0   0.000  0.000      0       nan           nan         nan         nan       nan       nan
      112        418       0   0.000  0.000      0       nan           nan         nan         nan       nan       nan
      112        419       0   0.000  0.000      0       nan           nan         nan         nan       nan       nan
      112        420       0   0.000  0.000      0       nan           nan         nan         nan       nan       nan
      112        421       0   0.000  0.000      0       nan           nan         nan         nan       nan       nan
      112        422       0   0.000  0.000      0       nan           nan         nan         nan       nan       nan
      112        423       0   0.000  0.000      0       nan           nan         nan         nan       nan       nan
      112        424       0   0.000  0.000      0       nan           nan         nan         nan       nan       nan
      112        425       0   0.000  0.000      0       nan           nan         nan         nan       nan       nan
      112        426       0   0.000  0.000      0       nan           nan         nan         nan       nan       nan
      112        427       0   0.000  0.000      0       nan           nan         nan         nan       nan       nan
      112        428       0   0.000  0.000      0       nan           nan         nan         nan       nan       nan
      112        429       0   0.000  0.000      0       nan           nan         nan         nan       nan       nan
      112        430       0   0.000  0.000      0       nan           nan         nan         nan       nan       nan
      112        431       0   0.000  0.000      0       nan           nan         nan         nan       nan       nan
      112        432       0   0.000  0.000      0       nan           nan         nan         nan       nan       nan
      112        433       0   0.000  0.000      0       nan           nan         nan         nan       nan       nan
      112        434       0   0.000  0.000      0       nan           nan         nan         nan       nan       nan
      112        435       0   0.000  0.000      0       nan           nan         nan         nan       nan       nan
      112        436       0   0.000  0.000      0       nan           nan         nan         nan       nan       nan
      112        437       0   0.000  0.000      0       nan           nan         nan         nan       nan       nan
      112        438       0   0.000  0.000      0       nan           nan         nan         nan       nan       nan
      112        439       0   0.000  0.000      0       nan           nan         nan         nan       nan       nan
      112        440       0   0.000  0.000      0       nan           nan         nan         nan       nan       nan
      112        441       0   0.000  0.000      0       nan           nan         nan         nan       nan       nan
      112        442       0   0.000  0.000      0       nan           nan         nan         nan       nan       nan
      112        443       0   0.000  0.000      0       nan           nan         nan         nan       nan       nan
      112        444       0   0.000  0.000      0       nan           nan         nan         nan       nan       nan
      112        445       0   0.000  0.000      0       nan           nan         nan         nan       nan       nan
      112        446       0   0.000  0.000      0       nan           nan         nan         nan       nan       nan
      112        447       0   0.000  0.000      0       nan           nan         nan         nan       nan       nan
      112        448       0   0.000  0.000      0       nan           nan         nan         nan       nan       nan
      112        449       0   0.000  0.000      0       nan           nan         nan         nan       nan       nan
      112        450       0   0.000  0.000      0       nan           nan         nan         nan       nan       nan
      112        451       0   0.000  0.000      0       nan           nan         nan         nan       nan       nan
      112        452       0   0.000  0.000      0       nan           nan         nan         nan       nan       nan
      112        453       0   0.000  0.000      0       nan           nan         nan         nan       nan       nan
      112        454       0   0.000  0.000      0       nan           nan         nan         nan       nan       nan
      112        455       0   0.000  0.000      0       nan           nan         nan         nan       nan       nan
      112        456       0   0.000  0.000      0       nan           nan         nan         nan       nan       nan
      112        457       0   0.000  0.000      0       nan           nan         nan         nan       nan       nan
      112        458       0   0.000  0.000      0       nan           nan         nan         nan       nan       nan
      112        459       0   0.000  0.000      0       nan           nan         nan         nan       nan       nan
      112        460       0   0.000  0.000      0       nan           nan         nan         nan       nan       nan
      112        461       0   0.000  0.000      0       nan           nan         nan         nan       nan       nan
      112        462       0   0.000  0.000      0       nan           nan         nan         nan       nan       nan
      112        463       0   0.000  0.000      0       nan           nan         nan         nan       nan       nan
      112        464       0   0.000  0.000      0       nan           nan         nan         nan       nan       nan
      112        465       0   0.000  0.000      0       nan           nan         nan         nan       nan       nan
      112        466       0   0.000  0.000      0       nan           nan         nan         nan       nan       nan
      112        467       0   0.000  0.000      0       nan           nan         nan         nan       nan       nan
      112        468       0   0.000  0.000      0       nan           nan         nan         nan       nan       nan
      112        469       0   0.000  0.000      0       nan           nan         nan         nan       nan       nan
      112        470       0   0.000  0.000      0       nan           nan         nan         nan       nan       nan
      112        471       0   0.000  0.000      0       nan           nan         nan         nan       nan       nan
      112        472       0   0.000  0.000      0       nan           nan         nan         nan       nan       nan
      112        473       0   0.000  0.000      0       nan           nan         nan         nan       nan       nan
      112        474       0   0.000  0.000      0       nan           nan         nan         nan       nan       nan
      112        475       0   0.000  0.000      0       nan           nan         nan         nan       nan       nan
      112        476       0   0.000  0.000      0       nan           nan         nan         nan       nan       nan
      112        477       0   0.000  0.000      0       nan           nan         nan         nan       nan       nan
      112        478       0   0.000  0.000      0       nan           nan         nan         nan       nan       nan
      112        479       0   0.000  0.000      0       nan           nan         nan         nan       nan       nan
      112        480       0   0.000  0.000      0       nan           nan         nan         nan       nan       nan
      112        481       0   0.000  0.000      0       nan           nan         nan         nan       nan       nan
      112        482       0   0.000  0.000      0       nan           nan         nan         nan       nan       nan
      112        483       0   0.000  0.000      0       nan           nan         nan         nan       nan       nan
      112        484       0   0.000  0.000      0       nan           nan         nan         nan       nan       nan
      113        430       0   0.043  0.652   1332     2.000           6.5        20.5        27.0      20.7      41.5
      113        448       0   0.017  0.493    840     1.414          20.0        20.0        40.0      20.7      29.3
      113        470       0   0.001  0.011     48     3.364           4.2        14.2        10.0      20.7      69.8
      113        350       0   0.000  0.000      0       nan           nan         nan         nan       nan       nan
      113        351       0   0.000  0.000      0       nan           nan         nan         nan       nan       nan
      113        352       0   0.000  0.000      0       nan           nan         nan         nan       nan       nan
      113        353       0   0.000  0.000      0       nan           nan         nan         nan       nan       nan
      113        354       0   0.000  0.000      0       nan           nan         nan         nan       nan       nan
      113        355       0   0.000  0.000      0       nan           nan         nan         nan       nan       nan
      113        356       0   0.000  0.000      0       nan           nan         nan         nan       nan       nan
      113        357       0   0.000  0.000      0       nan           nan         nan         nan       nan       nan
      113        358       0   0.000  0.000      0       nan           nan         nan         nan       nan       nan
      113        359       0   0.000  0.000      0       nan           nan         nan         nan       nan       nan
      113        360       0   0.000  0.000      0       nan           nan         nan         nan       nan       nan
      113        361       0   0.000  0.000      0       nan           nan         nan         nan       nan       nan
      113        362       0   0.000  0.000      0       nan           nan         nan         nan       nan       nan
      113        363       0   0.000  0.000      0       nan           nan         nan         nan       nan       nan
      113        364       0   0.000  0.000      0       nan           nan         nan         nan       nan       nan
      113        365       0   0.000  0.000      0       nan           nan         nan         nan       nan       nan
      113        366       0   0.000  0.000      0       nan           nan         nan         nan       nan       nan
      113        367       0   0.000  0.000      0       nan           nan         nan         nan       nan       nan
      113        368       0   0.000  0.000      0       nan           nan         nan         nan       nan       nan
      113        369       0   0.000  0.000      0       nan           nan         nan         nan       nan       nan
      113        370       0   0.000  0.000      0       nan           nan         nan         nan       nan       nan
      113        371       0   0.000  0.000      0       nan           nan         nan         nan       nan       nan
      113        372       0   0.000  0.000      0       nan           nan         nan         nan       nan       nan
      113        373       0   0.000  0.000      0       nan           nan         nan         nan       nan       nan
      113        374       0   0.000  0.000      0       nan           nan         nan         nan       nan       nan
      113        375       0   0.000  0.000      0       nan           nan         nan         nan       nan       nan
      113        376       0   0.000  0.000      0       nan           nan         nan         nan       nan       nan
      113        377       0   0.000  0.000      0       nan           nan         nan         nan       nan       nan
      113        378       0   0.000  0.000      0       nan           nan         nan         nan       nan       nan
      113        379       0   0.000  0.000      0       nan           nan         nan         nan       nan       nan
      113        380       0   0.000  0.000      0       nan           nan         nan         nan       nan       nan
      113        381       0   0.000  0.000      0       nan           nan         nan         nan       nan       nan
      113        382       0   0.000  0.000      0       nan           nan         nan         nan       nan       nan
      113        383       0   0.000  0.000      0       nan           nan         nan         nan       nan       nan
      113        384       0   0.000  0.000      0       nan           nan         nan         nan       nan       nan
      113        385       0   0.000  0.000      0       nan           nan         nan         nan       nan       nan
      113        386       0   0.000  0.000      0       nan           nan         nan         nan       nan       nan
      113        387       0   0.000  0.000      0       nan           nan         nan         nan       nan       nan
      113        388       0   0.000  0.000      0       nan           nan         nan         nan       nan       nan
      113        389       0   0.000  0.000      0       nan           nan         nan         nan       nan       nan
      113        390       0   0.000  0.000      0       nan           nan         nan         nan       nan       nan
      113        391       0   0.000  0.000      0       nan           nan         nan         nan       nan       nan
      113        392       0   0.000  0.000      0       nan           nan         nan         nan       nan       nan
      113        393       0   0.000  0.000      0       nan           nan         nan         nan       nan       nan
      113        394       0   0.000  0.000      0       nan           nan         nan         nan       nan       nan
      113        395       0   0.000  0.000      0       nan           nan         nan         nan       nan       nan
      113        396       0   0.000  0.000      0       nan           nan         nan         nan       nan       nan
      113        397       0   0.000  0.000      0       nan           nan         nan         nan       nan       nan
      113        398       0   0.000  0.000      0       nan           nan         nan         nan       nan       nan
      113        399       0   0.000  0.000      0       nan           nan         nan         nan       nan       nan
      113        400       0   0.000  0.000      0       nan           nan         nan         nan       nan       nan
      113        401       0   0.000  0.000      0       nan           nan         nan         nan       nan       nan
      113        402       0   0.000  0.000      0       nan           nan         nan         nan       nan       nan
      113        403       0   0.000  0.000      0       nan           nan         nan         nan       nan       nan
      113        404       0   0.000  0.000      0       nan           nan         nan         nan       nan       nan
      113        405       0   0.000  0.000      0       nan           nan         nan         nan       nan       nan
      113        406       0   0.000  0.000      0       nan           nan         nan         nan       nan       nan
      113        407       0   0.000  0.000      0       nan           nan         nan         nan       nan       nan
      113        408       0   0.000  0.000      0       nan           nan         nan         nan       nan       nan
      113        409       0   0.000  0.000      0       nan           nan         nan         nan       nan       nan
      113        410       0   0.000  0.000      0       nan           nan         nan         nan       nan       nan
      113        411       0   0.000  0.000      0       nan           nan         nan         nan       nan       nan
      113        412       0   0.000  0.000      0       nan           nan         nan         nan       nan       nan
      113        413       0   0.000  0.000      0       nan           nan         nan         nan       nan       nan
      113        414       0   0.000  0.000      0       nan           nan         nan         nan       nan       nan
      113        415       0   0.000  0.000      0       nan           nan         nan         nan       nan       nan
      113        416       0   0.000  0.000      0       nan           nan         nan         nan       nan       nan
      113        417       0   0.000  0.000      0       nan           nan         nan         nan       nan       nan
      113        418       0   0.000  0.000      0       nan           nan         nan         nan       nan       nan
      113        419       0   0.000  0.000      0       nan           nan         nan         nan       nan       nan
      113        420       0   0.000  0.000      0       nan           nan         nan         nan       nan       nan
      113        421       0   0.000  0.000      0       nan           nan         nan         nan       nan       nan
      113        422       0   0.000  0.000      0       nan           nan         nan         nan       nan       nan
      113        423       0   0.000  0.000      0       nan           nan         nan         nan       nan       nan
      113        424       0   0.000  0.000      0       nan           nan         nan         nan       nan       nan
      113        425       0   0.000  0.000      0       nan           nan         nan         nan       nan       nan
      113        426       0   0.000  0.000      0       nan           nan         nan         nan       nan       nan
      113        427       0   0.000  0.000      0       nan           nan         nan         nan       nan       nan
      113        428       0   0.000  0.000      0       nan           nan         nan         nan       nan       nan
      113        429       0   0.000  0.000      0       nan           nan         nan         nan       nan       nan
      113        431       0   0.000  0.000      0       nan           nan         nan         nan       nan       nan
      113        432       0   0.000  0.000      0       nan           nan         nan         nan       nan       nan
      113        433       0   0.000  0.000      0       nan           nan         nan         nan       nan       nan
      113        434       0   0.000  0.000      0       nan           nan         nan         nan       nan       nan
      113        435       0   0.000  0.000      0       nan           nan         nan         nan       nan       nan
      113        436       0   0.000  0.000      0       nan           nan         nan         nan       nan       nan
      113        437       0   0.000  0.000      0       nan           nan         nan         nan       nan       nan
      113        438       0   0.000  0.000      0       nan           nan         nan         nan       nan       nan
      113        439       0   0.000  0.000      0       nan           nan         nan         nan       nan       nan
      113        440       0   0.000  0.000      0       nan           nan         nan         nan       nan       nan
      113        441       0   0.000  0.000      0       nan           nan         nan         nan       nan       nan
      113        442       0   0.000  0.000      0       nan           nan         nan         nan       nan       nan
      113        443       0   0.000  0.000      0       nan           nan         nan         nan       nan       nan
      113        444       0   0.000  0.000      0       nan           nan         nan         nan       nan       nan
      113        445       0   0.000  0.000      0       nan           nan         nan         nan       nan       nan
      113        446       0   0.000  0.000      0       nan           nan         nan         nan       nan       nan
      113        447       0   0.000  0.000      0       nan           nan         nan         nan       nan       nan
      113        449       0   0.000  0.000      0       nan           nan         nan         nan       nan       nan
      113        450       0   0.000  0.000      0       nan           nan         nan         nan       nan       nan
      113        451       0   0.000  0.000      0       nan           nan         nan         nan       nan       nan
      113        452       0   0.000  0.000      0       nan           nan         nan         nan       nan       nan
      113        453       0   0.000  0.000      0       nan           nan         nan         nan       nan       nan
      113        454       0   0.000  0.000      0       nan           nan         nan         nan       nan       nan
      113        455       0   0.000  0.000      0       nan           nan         nan         nan       nan       nan
      113        456       0   0.000  0.000      0       nan           nan         nan         nan       nan       nan
      113        457       0   0.000  0.000      0       nan           nan         nan         nan       nan       nan
      113        458       0   0.000  0.000      0       nan           nan         nan         nan       nan       nan
      113        459       0   0.000  0.000      0       nan           nan         nan         nan       nan       nan
      113        460       0   0.000  0.000      0       nan           nan         nan         nan       nan       nan
      113        461       0   0.000  0.000      0       nan           nan         nan         nan       nan       nan
      113        462       0   0.000  0.000      0       nan           nan         nan         nan       nan       nan
      113        463       0   0.000  0.000      0       nan           nan         nan         nan       nan       nan
      113        464       0   0.000  0.000      0       nan           nan         nan         nan       nan       nan
      113        465       0   0.000  0.000      0       nan           nan         nan         nan       nan       nan
      113        466       0   0.000  0.000      0       nan           nan         nan         nan       nan       nan
      113        467       0   0.000  0.000      0       nan           nan         nan         nan       nan       nan
      113        468       0   0.000  0.000      0       nan           nan         nan         nan       nan       nan
      113        469       0   0.000  0.000      0       nan           nan         nan         nan       nan       nan
      113        471       0   0.000  0.000      0       nan           nan         nan         nan       nan       nan
      113        472       0   0.000  0.000      0       nan           nan         nan         nan       nan       nan
      113        473       0   0.000  0.000      0       nan           nan         nan         nan       nan       nan
      113        474       0   0.000  0.000      0       nan           nan         nan         nan       nan       nan
      113        475       0   0.000  0.000      0       nan           nan         nan         nan       nan       nan
      113        476       0   0.000  0.000      0       nan           nan         nan         nan       nan       nan
      113        477       0   0.000  0.000      0       nan           nan         nan         nan       nan       nan
      113        478       0   0.000  0.000      0       nan           nan         nan         nan       nan       nan
      113        479       0   0.000  0.000      0       nan           nan         nan         nan       nan       nan
      113        480       0   0.000  0.000      0       nan           nan         nan         nan       nan       nan
      113        481       0   0.000  0.000      0       nan           nan         nan         nan       nan       nan
      113        482       0   0.000  0.000      0       nan           nan         nan         nan       nan       nan
      113        483       0   0.000  0.000      0       nan           nan         nan         nan       nan       nan
      113        484       0   0.000  0.000      0       nan           nan         nan         nan       nan       nan
      114        405       0   0.013  0.096    556     2.594           1.9       149.7       147.9      53.8      20.7
      114        418       0   0.005  0.137    804     1.189          23.0       100.0       123.0      41.5      34.9
      114        362       0   0.004  0.234   2336     1.091          59.7       100.0       159.7      41.5      38.1
      114        355       0   0.003  0.240   2956     1.000          68.5       101.5       170.0      41.5      41.5
      114        417       0   0.003  0.048    388     1.297          10.6       100.0        89.4      41.5      32.0
      114        478       0   0.002  0.038    356     1.414          10.0       100.0        90.0      41.5      29.3
      114        410       0   0.002  0.031    180     1.414           8.0       148.0       140.0      53.8      38.1
      114        358       0   0.002  0.288   3756     1.834          63.9       100.0       163.9      41.5      76.1
      114        368       0   0.002  0.249   2672     1.682          74.2       100.0        25.8      41.5      69.8
      114        356       0   0.002  0.187   1084     1.414          70.0       100.0       170.0      41.5      58.7
      114        369       0   0.002  0.190   1176     1.297          80.0       100.0         0.0      41.5      32.0
      114        403       0   0.002  0.116    912     1.297          50.0       100.0       150.0      41.5      32.0
      114        370       0   0.002  0.119   1432     1.189          60.0       100.0       160.0      41.5      49.4
      114        351       0   0.002  0.160   4500     1.542          62.4       100.3       162.7      41.5      64.0
      114        363       0   0.002  0.257   3972     1.834          85.1       100.0         5.1      41.5      76.1
      114        361       0   0.002  0.090   1600     1.542          37.6       100.0       137.6      41.5      64.0
      114        462       0   0.002  0.177   1096     1.414          82.3       100.0         2.3      41.5      29.3
      114        350       0   0.001  0.079   1980     1.414          40.9       100.0       140.9      41.5      29.3
      114        395       0   0.001  0.109    932     1.189          70.0       100.0       170.0      41.5      34.9
      114        354       0   0.001  0.105   2888     2.594          32.0       100.0       132.0      41.5     107.6
      114        440       0   0.001  0.087    504     1.542          50.0       100.0        50.0      41.5      64.0
      114        475       0   0.001  0.111    720     1.414          70.0       100.0       170.0      41.5      29.3
      114        352       0   0.001  0.158   2976     1.682          88.7       100.0         8.7      41.5      69.8
      114        353       0   0.001  0.089   3536     2.000          62.0       100.0       162.0      41.5      83.0
      114        379       0   0.001  0.015    192     1.189          20.0       100.0        80.0      41.5      34.9
      114        411       0   0.001  0.009     76     1.414          10.0       100.0       110.0      41.5      29.3
      114        460       0   0.001  0.006     52     1.091          10.0       100.0       110.0      41.5      38.1
      114        375       0   0.001  0.035    392     1.682          40.0       100.0       140.0      41.5      69.8
      114        391       0   0.000  0.034    236     2.594          25.4       100.0       125.4      41.5      16.0
      114        373       0   0.000  0.051    720     1.834          60.0       100.0       160.0      41.5      22.6
      114        428       0   0.000  0.042    304     1.542          60.0       100.0       160.0      41.5      26.9
      114        416       0   0.000  0.006     52     1.297          10.0       100.0       110.0      41.5      32.0
      114        366       0   0.000  0.038    380     1.414          60.0       100.0       160.0      41.5      29.3
      114        406       0   0.000  0.068    516     2.828          88.9       100.0        11.1      41.5     117.4
      114        483       0   0.000  0.009     60     1.682          20.0       100.0       120.0      41.5      69.8
      114        359       0   0.000  0.039    488     2.000          88.3       100.0        11.7      41.5      20.7
      114        386       0   0.000  0.025    172     2.378          49.5       100.0       149.5      45.3      19.0
      114        457       0   0.000  0.003     20     2.378          10.0       100.0       110.0      41.5      17.4
      114        365       0   0.000  0.010    176     2.000          70.0       100.0       170.0      41.5      20.7
      114        383       0   0.000  0.010    116     2.181          70.0       100.0       170.0      41.5      19.0
      114        374       0   0.000  0.003     20     1.834          40.0       100.0       140.0      41.5      22.6
      114        425       0   0.000  0.003     20     2.378          90.0       100.0        10.0      41.5      98.7
      114        381       0   0.000  0.002     12     2.000          90.0       100.0        10.0      41.5      20.7
      114        357       0   0.000  0.000      0       nan           nan         nan         nan       nan       nan
      114        360       0   0.000  0.000      0       nan           nan         nan         nan       nan       nan
      114        364       0   0.000  0.000      0       nan           nan         nan         nan       nan       nan
      114        367       0   0.000  0.000      0       nan           nan         nan         nan       nan       nan
      114        371       0   0.000  0.000      0       nan           nan         nan         nan       nan       nan
      114        372       0   0.000  0.000      0       nan           nan         nan         nan       nan       nan
      114        376       0   0.000  0.000      0       nan           nan         nan         nan       nan       nan
      114        377       0   0.000  0.000      0       nan           nan         nan         nan       nan       nan
      114        378       0   0.000  0.000      0       nan           nan         nan         nan       nan       nan
      114        380       0   0.000  0.000      0       nan           nan         nan         nan       nan       nan
      114        382       0   0.000  0.000      0       nan           nan         nan         nan       nan       nan
      114        384       0   0.000  0.000      0       nan           nan         nan         nan       nan       nan
      114        385       0   0.000  0.000      0       nan           nan         nan         nan       nan       nan
      114        387       0   0.000  0.000      0       nan           nan         nan         nan       nan       nan
      114        388       0   0.000  0.000      0       nan           nan         nan         nan       nan       nan
      114        389       0   0.000  0.000      0       nan           nan         nan         nan       nan       nan
      114        390       0   0.000  0.000      0       nan           nan         nan         nan       nan       nan
      114        392       0   0.000  0.000      0       nan           nan         nan         nan       nan       nan
      114        393       0   0.000  0.000      0       nan           nan         nan         nan       nan       nan
      114        394       0   0.000  0.000      0       nan           nan         nan         nan       nan       nan
      114        396       0   0.000  0.000      0       nan           nan         nan         nan       nan       nan
      114        397       0   0.000  0.000      0       nan           nan         nan         nan       nan       nan
      114        398       0   0.000  0.000      0       nan           nan         nan         nan       nan       nan
      114        399       0   0.000  0.000      0       nan           nan         nan         nan       nan       nan
      114        400       0   0.000  0.000      0       nan           nan         nan         nan       nan       nan
      114        401       0   0.000  0.000      0       nan           nan         nan         nan       nan       nan
      114        402       0   0.000  0.000      0       nan           nan         nan         nan       nan       nan
      114        404       0   0.000  0.000      0       nan           nan         nan         nan       nan       nan
      114        407       0   0.000  0.000      0       nan           nan         nan         nan       nan       nan
      114        408       0   0.000  0.000      0       nan           nan         nan         nan       nan       nan
      114        409       0   0.000  0.000      0       nan           nan         nan         nan       nan       nan
      114        412       0   0.000  0.000      0       nan           nan         nan         nan       nan       nan
      114        413       0   0.000  0.000      0       nan           nan         nan         nan       nan       nan
      114        414       0   0.000  0.000      0       nan           nan         nan         nan       nan       nan
      114        415       0   0.000  0.000      0       nan           nan         nan         nan       nan       nan
      114        419       0   0.000  0.000      0       nan           nan         nan         nan       nan       nan
      114        420       0   0.000  0.000      0       nan           nan         nan         nan       nan       nan
      114        421       0   0.000  0.000      0       nan           nan         nan         nan       nan       nan
      114        422       0   0.000  0.000      0       nan           nan         nan         nan       nan       nan
      114        423       0   0.000  0.000      0       nan           nan         nan         nan       nan       nan
      114        424       0   0.000  0.000      0       nan           nan         nan         nan       nan       nan
      114        426       0   0.000  0.000      0       nan           nan         nan         nan       nan       nan
      114        427       0   0.000  0.000      0       nan           nan         nan         nan       nan       nan
      114        429       0   0.000  0.000      0       nan           nan         nan         nan       nan       nan
      114        430       0   0.000  0.000      0       nan           nan         nan         nan       nan       nan
      114        431       0   0.000  0.000      0       nan           nan         nan         nan       nan       nan
      114        432       0   0.000  0.000      0       nan           nan         nan         nan       nan       nan
      114        433       0   0.000  0.000      0       nan           nan         nan         nan       nan       nan
      114        434       0   0.000  0.000      0       nan           nan         nan         nan       nan       nan
      114        435       0   0.000  0.000      0       nan           nan         nan         nan       nan       nan
      114        436       0   0.000  0.000      0       nan           nan         nan         nan       nan       nan
      114        437       0   0.000  0.000      0       nan           nan         nan         nan       nan       nan
      114        438       0   0.000  0.000      0       nan           nan         nan         nan       nan       nan
      114        439       0   0.000  0.000      0       nan           nan         nan         nan       nan       nan
      114        441       0   0.000  0.000      0       nan           nan         nan         nan       nan       nan
      114        442       0   0.000  0.000      0       nan           nan         nan         nan       nan       nan
      114        443       0   0.000  0.000      0       nan           nan         nan         nan       nan       nan
      114        444       0   0.000  0.000      0       nan           nan         nan         nan       nan       nan
      114        445       0   0.000  0.000      0       nan           nan         nan         nan       nan       nan
      114        446       0   0.000  0.000      0       nan           nan         nan         nan       nan       nan
      114        447       0   0.000  0.000      0       nan           nan         nan         nan       nan       nan
      114        448       0   0.000  0.000      0       nan           nan         nan         nan       nan       nan
      114        449       0   0.000  0.000      0       nan           nan         nan         nan       nan       nan
      114        450       0   0.000  0.000      0       nan           nan         nan         nan       nan       nan
      114        451       0   0.000  0.000      0       nan           nan         nan         nan       nan       nan
      114        452       0   0.000  0.000      0       nan           nan         nan         nan       nan       nan
      114        453       0   0.000  0.000      0       nan           nan         nan         nan       nan       nan
      114        454       0   0.000  0.000      0       nan           nan         nan         nan       nan       nan
      114        455       0   0.000  0.000      0       nan           nan         nan         nan       nan       nan
      114        456       0   0.000  0.000      0       nan           nan         nan         nan       nan       nan
      114        458       0   0.000  0.000      0       nan           nan         nan         nan       nan       nan
      114        459       0   0.000  0.000      0       nan           nan         nan         nan       nan       nan
      114        461       0   0.000  0.000      0       nan           nan         nan         nan       nan       nan
      114        463       0   0.000  0.000      0       nan           nan         nan         nan       nan       nan
      114        464       0   0.000  0.000      0       nan           nan         nan         nan       nan       nan
      114        465       0   0.000  0.000      0       nan           nan         nan         nan       nan       nan
      114        466       0   0.000  0.000      0       nan           nan         nan         nan       nan       nan
      114        467       0   0.000  0.000      0       nan           nan         nan         nan       nan       nan
      114        468       0   0.000  0.000      0       nan           nan         nan         nan       nan       nan
      114        469       0   0.000  0.000      0       nan           nan         nan         nan       nan       nan
      114        470       0   0.000  0.000      0       nan           nan         nan         nan       nan       nan
      114        471       0   0.000  0.000      0       nan           nan         nan         nan       nan       nan
      114        472       0   0.000  0.000      0       nan           nan         nan         nan       nan       nan
      114        473       0   0.000  0.000      0       nan           nan         nan         nan       nan       nan
      114        474       0   0.000  0.000      0       nan           nan         nan         nan       nan       nan
      114        476       0   0.000  0.000      0       nan           nan         nan         nan       nan       nan
      114        477       0   0.000  0.000      0       nan           nan         nan         nan       nan       nan
      114        479       0   0.000  0.000      0       nan           nan         nan         nan       nan       nan
      114        480       0   0.000  0.000      0       nan           nan         nan         nan       nan       nan
      114        481       0   0.000  0.000      0       nan           nan         nan         nan       nan       nan
      114        482       0   0.000  0.000      0       nan           nan         nan         nan       nan       nan
      114        484       0   0.000  0.000      0       nan           nan         nan         nan       nan       nan
      115        352       1   0.412  0.414   6804     1.000           0.0         0.1         0.1      49.4      49.4
      115        380       0   0.060  0.112   1020     1.414           0.3         0.3         0.0      45.3      64.0
      115        441       0   0.036  0.056    472     1.542           0.0         0.0         0.0      49.4      76.1
      115        359       0   0.020  0.383   3980     1.297          13.9         0.1        14.0      45.3      34.9
      115        406       0   0.016  0.244   1884     2.378           5.5         0.0         5.5      49.4     117.4
      115        395       1   0.014  0.180   1672     1.189          10.0         0.0       170.0      45.3      38.1
      115        351       0   0.012  0.258   7000     1.189          17.7         0.1       162.4      45.3      53.8
      115        355       1   0.011  0.135   1984     1.091          10.0         0.0       170.0      45.3      41.5
      115        366       0   0.010  0.370   3200     1.682          20.0         0.0       160.0      49.4      29.3
      115        382       0   0.009  0.020    180     2.181           0.0         0.0         0.0      49.4      22.6
      115        361       0   0.008  0.432   6304     1.297          40.1         0.1       140.0      45.3      58.7
      115        383       0   0.007  0.204   2188     2.378          10.9         0.3       169.4      45.3      19.0
      115        368       0   0.007  0.320   3604     1.542          29.3         0.0        29.3      45.3      69.8
      115        409       0   0.007  0.195   1420     1.682          16.3         0.0       163.7      45.3      26.9
      115        362       0   0.006  0.154   1836     1.189          20.0         0.0       160.0      45.3      38.1
      115        447       0   0.006  0.092    680     2.594           4.9         0.0         4.9      49.4      19.0
      115        363       0   0.006  0.263   4348     1.682          26.5         0.0        26.5      45.3      76.1
      115        439       0   0.005  0.198   1440     1.189          30.0         0.0       150.0      45.3      38.1
      115        358       0   0.005  0.162   2548     1.542          20.0         0.0       160.0      49.4      76.1
      115        450       0   0.004  0.263   1916     1.834          31.5         0.0        31.5      45.3      83.0
      115        400       0   0.004  0.224   1976     1.091          50.3         0.3       130.0      45.3      41.5
      115        350       0   0.004  0.273   6100     1.682          40.5         0.1       139.6      49.4      29.3
      115        353       0   0.004  0.193   7208     2.000          25.4         0.1       154.7      45.3      90.5
      115        370       0   0.003  0.087   1196     1.091          22.5         0.0       157.5      45.3      49.4
      115        464       0   0.003  0.211   1540     1.542          40.0         0.0        40.0      45.3      69.8
      115        365       0   0.003  0.117   1964     2.181          16.7         0.3       163.6      45.3      20.7
      115        449       0   0.002  0.046    372     1.682          10.0         0.0       170.0      49.4      83.0
      115        404       0   0.002  0.031    264     1.189          10.0         0.0        10.0      49.4      58.7
      115        354       0   0.002  0.297   7284     2.594          49.8         0.1       130.3      45.3     117.4
      115        478       0   0.002  0.287   2504     1.542          83.1         0.0        96.9      45.3      29.3
      115        371       0   0.002  0.118   1624     1.091          50.4         0.4       130.0      41.5      45.3
      115        417       0   0.002  0.233   1876     1.297          85.6         0.0        85.6      45.3      34.9
      115        411       0   0.002  0.190   1556     1.414          64.3         0.0       115.7      45.3      32.0
      115        424       0   0.002  0.026    220     1.414          10.0         0.0       170.0      49.4      69.8
      115        377       0   0.002  0.064    476     1.834          20.0         0.0       160.0      49.4      26.9
      115        357       0   0.002  0.074   1628     1.091          40.4         0.4       140.0      41.5      45.3
      115        379       0   0.002  0.157   1940     1.297          77.5         0.3        77.8      45.3      34.9
      115        451       0   0.002  0.090    760     1.000          59.3         0.0        59.3      45.3      45.3
      115        483       0   0.001  0.121    880     1.414          60.0         0.0       120.0      49.4      69.8
      115        482       0   0.001  0.091    684     1.091          70.0         0.0        70.0      45.3      41.5
      115        372       0   0.001  0.077    904     1.297          50.7         0.7       130.0      41.5      53.8
      115        455       0   0.001  0.120    896     1.542          70.0         0.0        70.0      45.3      29.3
      115        391       0   0.001  0.135   1032     2.828          51.9         0.0       128.1      45.3      16.0
      115        385       0   0.001  0.032    236     2.000          22.4         0.0        22.4      49.4      24.7
      115        387       0   0.001  0.119   1756     2.000          88.2         0.4        92.2      41.5      83.0
      115        453       0   0.001  0.012    108     1.682          10.0         0.0        10.0      49.4      83.0
      115        428       0   0.001  0.020    172     1.682          20.0         0.0       160.0      45.3      26.9
      115        373       0   0.001  0.021    344     2.000          20.0         0.0       160.0      45.3      22.6
      115        420       0   0.000  0.011     88     2.378          10.0         0.0        10.0      49.4      20.7
      115        384       0   0.000  0.033    344     1.834          46.5         1.8       135.4      49.4      26.9
      115        418       0   0.000  0.021    164     1.091          52.7         0.0       127.3      41.5      38.1
      115        426       0   0.000  0.051    568     2.594          60.8         0.8       120.0      49.4      19.0
      115        423       0   0.000  0.071    572     2.828          81.1         1.1       100.0      41.5     117.4
      115        457       0   0.000  0.056    416     2.594          70.0         0.0       110.0      45.3      17.4
      115        397       0   0.000  0.011     80     1.834          20.0         0.0        20.0      49.4      26.9
      115        442       0   0.000  0.010     76     1.297          30.0         0.0        30.0      49.4      38.1
      115        419       0   0.000  0.009     80     2.000          26.0         6.0       160.0      53.8      26.9
      115        445       0   0.000  0.002     20     1.682          60.0         0.0       120.0      41.5      69.8
      115        396       0   0.000  0.000      4     1.682          70.0         0.0       110.0      49.4      29.3
      115        356       0   0.000  0.000      0       nan           nan         nan         nan       nan       nan
      115        360       0   0.000  0.000      0       nan           nan         nan         nan       nan       nan
      115        364       0   0.000  0.000      0       nan           nan         nan         nan       nan       nan
      115        367       0   0.000  0.000      0       nan           nan         nan         nan       nan       nan
      115        369       0   0.000  0.000      0       nan           nan         nan         nan       nan       nan
      115        374       0   0.000  0.000      0       nan           nan         nan         nan       nan       nan
      115        375       0   0.000  0.000      0       nan           nan         nan         nan       nan       nan
      115        376       0   0.000  0.000      0       nan           nan         nan         nan       nan       nan
      115        378       0   0.000  0.000      0       nan           nan         nan         nan       nan       nan
      115        381       0   0.000  0.000      0       nan           nan         nan         nan       nan       nan
      115        386       0   0.000  0.000      0       nan           nan         nan         nan       nan       nan
      115        388       0   0.000  0.000      0       nan           nan         nan         nan       nan       nan
      115        389       0   0.000  0.000      0       nan           nan         nan         nan       nan       nan
      115        390       0   0.000  0.000      0       nan           nan         nan         nan       nan       nan
      115        392       0   0.000  0.000      0       nan           nan         nan         nan       nan       nan
      115        393       0   0.000  0.000      0       nan           nan         nan         nan       nan       nan
      115        394       0   0.000  0.000      0       nan           nan         nan         nan       nan       nan
      115        398       0   0.000  0.000      0       nan           nan         nan         nan       nan       nan
      115        399       0   0.000  0.000      0       nan           nan         nan         nan       nan       nan
      115        401       0   0.000  0.000      0       nan           nan         nan         nan       nan       nan
      115        402       0   0.000  0.000      0       nan           nan         nan         nan       nan       nan
      115        403       0   0.000  0.000      0       nan           nan         nan         nan       nan       nan
      115        405       0   0.000  0.000      0       nan           nan         nan         nan       nan       nan
      115        407       0   0.000  0.000      0       nan           nan         nan         nan       nan       nan
      115        408       0   0.000  0.000      0       nan           nan         nan         nan       nan       nan
      115        410       0   0.000  0.000      0       nan           nan         nan         nan       nan       nan
      115        412       0   0.000  0.000      0       nan           nan         nan         nan       nan       nan
      115        413       0   0.000  0.000      0       nan           nan         nan         nan       nan       nan
      115        414       0   0.000  0.000      0       nan           nan         nan         nan       nan       nan
      115        415       0   0.000  0.000      0       nan           nan         nan         nan       nan       nan
      115        416       0   0.000  0.000      0       nan           nan         nan         nan       nan       nan
      115        421       0   0.000  0.000      0       nan           nan         nan         nan       nan       nan
      115        422       0   0.000  0.000      0       nan           nan         nan         nan       nan       nan
      115        425       0   0.000  0.000      0       nan           nan         nan         nan       nan       nan
      115        427       0   0.000  0.000      0       nan           nan         nan         nan       nan       nan
      115        429       0   0.000  0.000      0       nan           nan         nan         nan       nan       nan
      115        430       0   0.000  0.000      0       nan           nan         nan         nan       nan       nan
      115        431       0   0.000  0.000      0       nan           nan         nan         nan       nan       nan
      115        432       0   0.000  0.000      0       nan           nan         nan         nan       nan       nan
      115        433       0   0.000  0.000      0       nan           nan         nan         nan       nan       nan
      115        434       0   0.000  0.000      0       nan           nan         nan         nan       nan       nan
      115        435       0   0.000  0.000      0       nan           nan         nan         nan       nan       nan
      115        436       0   0.000  0.000      0       nan           nan         nan         nan       nan       nan
      115        437       0   0.000  0.000      0       nan           nan         nan         nan       nan       nan
      115        438       0   0.000  0.000      0       nan           nan         nan         nan       nan       nan
      115        440       0   0.000  0.000      0       nan           nan         nan         nan       nan       nan
      115        443       0   0.000  0.000      0       nan           nan         nan         nan       nan       nan
      115        444       0   0.000  0.000      0       nan           nan         nan         nan       nan       nan
      115        446       0   0.000  0.000      0       nan           nan         nan         nan       nan       nan
      115        448       0   0.000  0.000      0       nan           nan         nan         nan       nan       nan
      115        452       0   0.000  0.000      0       nan           nan         nan         nan       nan       nan
      115        454       0   0.000  0.000      0       nan           nan         nan         nan       nan       nan
      115        456       0   0.000  0.000      0       nan           nan         nan         nan       nan       nan
      115        458       0   0.000  0.000      0       nan           nan         nan         nan       nan       nan
      115        459       0   0.000  0.000      0       nan           nan         nan         nan       nan       nan
      115        460       0   0.000  0.000      0       nan           nan         nan         nan       nan       nan
      115        461       0   0.000  0.000      0       nan           nan         nan         nan       nan       nan
      115        462       0   0.000  0.000      0       nan           nan         nan         nan       nan       nan
      115        463       0   0.000  0.000      0       nan           nan         nan         nan       nan       nan
      115        465       0   0.000  0.000      0       nan           nan         nan         nan       nan       nan
      115        466       0   0.000  0.000      0       nan           nan         nan         nan       nan       nan
      115        467       0   0.000  0.000      0       nan           nan         nan         nan       nan       nan
      115        468       0   0.000  0.000      0       nan           nan         nan         nan       nan       nan
      115        469       0   0.000  0.000      0       nan           nan         nan         nan       nan       nan
      115        470       0   0.000  0.000      0       nan           nan         nan         nan       nan       nan
      115        471       0   0.000  0.000      0       nan           nan         nan         nan       nan       nan
      115        472       0   0.000  0.000      0       nan           nan         nan         nan       nan       nan
      115        473       0   0.000  0.000      0       nan           nan         nan         nan       nan       nan
      115        474       0   0.000  0.000      0       nan           nan         nan         nan       nan       nan
      115        475       0   0.000  0.000      0       nan           nan         nan         nan       nan       nan
      115        476       0   0.000  0.000      0       nan           nan         nan         nan       nan       nan
      115        477       0   0.000  0.000      0       nan           nan         nan         nan       nan       nan
      115        479       0   0.000  0.000      0       nan           nan         nan         nan       nan       nan
      115        480       0   0.000  0.000      0       nan           nan         nan         nan       nan       nan
      115        481       0   0.000  0.000      0       nan           nan         nan         nan       nan       nan
      115        484       0   0.000  0.000      0       nan           nan         nan         nan       nan       nan
      116        418       0   0.005  0.324    544     2.000          31.8        89.0       120.9      17.4      34.9
      116        369       0   0.001  0.205    496     2.000          85.7        94.3         0.0      16.0      32.0
      116        462       0   0.001  0.163    400     1.834          87.3        97.3         4.6      16.0      29.3
      116        356       0   0.001  0.265    512     3.668          76.3        93.7       170.0      16.0      58.7
      116        447       0   0.001  0.077    152     1.091          81.3        91.3        10.0      20.7      19.0
      116        483       0   0.001  0.085    176     4.000          24.3        95.7       120.0      17.4      69.8
      116        440       0   0.001  0.145    236     4.000          44.4        94.4        50.0      16.0      64.0
      116        368       0   0.001  0.173   1324     4.000          67.6        92.6        25.0      17.4      69.8
      116        406       0   0.001  0.230    688     5.657          79.7        90.1        10.5      20.7     117.4
      116        350       0   0.000  0.040    872     1.834          43.8        91.6       135.4      17.4      32.0
      116        358       0   0.000  0.124   1360     4.000          69.6        92.7       162.2      17.4      69.8
      116        403       0   0.000  0.041    172     2.000          50.0       100.0       150.0      16.0      32.0
      116        355       0   0.000  0.069    700     2.594          74.9        95.1       170.0      16.0      41.5
      116        361       0   0.000  0.046    656     3.084          47.6        90.1       137.8      20.7      64.0
      116        362       0   0.000  0.041    312     2.378          60.1        98.0       158.1      16.0      38.1
      116        363       0   0.000  0.100   1360     4.362          87.6        92.7         5.1      17.4      76.1
      116        417       0   0.000  0.005     20     1.834          10.0       100.0        90.0      17.4      32.0
      116        478       0   0.000  0.005     24     1.682          10.0       100.0        90.0      17.4      29.3
      116        352       0   0.000  0.085   1360     4.000          86.6        92.7         6.1      17.4      69.8
      116        366       0   0.000  0.022    128     1.414          68.1        91.9       160.0      20.7      29.3
      116        354       0   0.000  0.055   1360     6.727          37.3        92.7       130.0      17.4     117.4
      116        374       0   0.000  0.015     20     1.414          50.0        90.0       140.0      16.0      22.6
      116        351       0   0.000  0.051   1360     3.668          70.3        92.7       163.0      17.4      64.0
      116        475       0   0.000  0.025     68     1.834          70.0       100.0       170.0      16.0      29.3
      116        353       0   0.000  0.036   1360     4.757          64.9        92.7       157.5      17.4      83.0
      116        381       0   0.000  0.009     12     1.297          90.0       100.0        10.0      16.0      20.7
      116        425       0   0.000  0.015     20     4.757          70.0        80.0        10.0      20.7      98.7
      116        383       0   0.000  0.003     20     1.091          70.0       100.0       170.0      17.4      19.0
      116        365       0   0.000  0.003     32     1.189          70.0       100.0       170.0      17.4      20.7
      116        359       0   0.000  0.005     40     2.004          80.0       100.0        20.0      17.4      35.0
      116        395       0   0.000  0.004     20     2.181          70.0       100.0       170.0      16.0      34.9
      116        409       0   0.000  0.001      4     1.414          60.0       100.0       160.0      17.4      24.7
      116        450       0   0.000  0.005     16     4.757          70.0       100.0        30.0      17.4      83.0
      116        357       0   0.000  0.000      0       nan           nan         nan         nan       nan       nan
      116        360       0   0.000  0.000      0       nan           nan         nan         nan       nan       nan
      116        364       0   0.000  0.000      0       nan           nan         nan         nan       nan       nan
      116        367       0   0.000  0.000      0       nan           nan         nan         nan       nan       nan
      116        370       0   0.000  0.000      0       nan           nan         nan         nan       nan       nan
      116        371       0   0.000  0.000      0       nan           nan         nan         nan       nan       nan
      116        372       0   0.000  0.000      0       nan           nan         nan         nan       nan       nan
      116        373       0   0.000  0.000      0       nan           nan         nan         nan       nan       nan
      116        375       0   0.000  0.000      0       nan           nan         nan         nan       nan       nan
      116        376       0   0.000  0.000      0       nan           nan         nan         nan       nan       nan
      116        377       0   0.000  0.000      0       nan           nan         nan         nan       nan       nan
      116        378       0   0.000  0.000      0       nan           nan         nan         nan       nan       nan
      116        379       0   0.000  0.000      0       nan           nan         nan         nan       nan       nan
      116        380       0   0.000  0.000      0       nan           nan         nan         nan       nan       nan
      116        382       0   0.000  0.000      0       nan           nan         nan         nan       nan       nan
      116        384       0   0.000  0.000      0       nan           nan         nan         nan       nan       nan
      116        385       0   0.000  0.000      0       nan           nan         nan         nan       nan       nan
      116        386       0   0.000  0.000      0       nan           nan         nan         nan       nan       nan
      116        387       0   0.000  0.000      0       nan           nan         nan         nan       nan       nan
      116        388       0   0.000  0.000      0       nan           nan         nan         nan       nan       nan
      116        389       0   0.000  0.000      0       nan           nan         nan         nan       nan       nan
      116        390       0   0.000  0.000      0       nan           nan         nan         nan       nan       nan
      116        391       0   0.000  0.000      0       nan           nan         nan         nan       nan       nan
      116        392       0   0.000  0.000      0       nan           nan         nan         nan       nan       nan
      116        393       0   0.000  0.000      0       nan           nan         nan         nan       nan       nan
      116        394       0   0.000  0.000      0       nan           nan         nan         nan       nan       nan
      116        396       0   0.000  0.000      0       nan           nan         nan         nan       nan       nan
      116        397       0   0.000  0.000      0       nan           nan         nan         nan       nan       nan
      116        398       0   0.000  0.000      0       nan           nan         nan         nan       nan       nan
      116        399       0   0.000  0.000      0       nan           nan         nan         nan       nan       nan
      116        400       0   0.000  0.000      0       nan           nan         nan         nan       nan       nan
      116        401       0   0.000  0.000      0       nan           nan         nan         nan       nan       nan
      116        402       0   0.000  0.000      0       nan           nan         nan         nan       nan       nan
      116        404       0   0.000  0.000      0       nan           nan         nan         nan       nan       nan
      116        405       0   0.000  0.000      0       nan           nan         nan         nan       nan       nan
      116        407       0   0.000  0.000      0       nan           nan         nan         nan       nan       nan
      116        408       0   0.000  0.000      0       nan           nan         nan         nan       nan       nan
      116        410       0   0.000  0.000      0       nan           nan         nan         nan       nan       nan
      116        411       0   0.000  0.000      0       nan           nan         nan         nan       nan       nan
      116        412       0   0.000  0.000      0       nan           nan         nan         nan       nan       nan
      116        413       0   0.000  0.000      0       nan           nan         nan         nan       nan       nan
      116        414       0   0.000  0.000      0       nan           nan         nan         nan       nan       nan
      116        415       0   0.000  0.000      0       nan           nan         nan         nan       nan       nan
      116        416       0   0.000  0.000      0       nan           nan         nan         nan       nan       nan
      116        419       0   0.000  0.000      0       nan           nan         nan         nan       nan       nan
      116        420       0   0.000  0.000      0       nan           nan         nan         nan       nan       nan
      116        421       0   0.000  0.000      0       nan           nan         nan         nan       nan       nan
      116        422       0   0.000  0.000      0       nan           nan         nan         nan       nan       nan
      116        423       0   0.000  0.000      0       nan           nan         nan         nan       nan       nan
      116        424       0   0.000  0.000      0       nan           nan         nan         nan       nan       nan
      116        426       0   0.000  0.000      0       nan           nan         nan         nan       nan       nan
      116        427       0   0.000  0.000      0       nan           nan         nan         nan       nan       nan
      116        428       0   0.000  0.000      0       nan           nan         nan         nan       nan       nan
      116        429       0   0.000  0.000      0       nan           nan         nan         nan       nan       nan
      116        430       0   0.000  0.000      0       nan           nan         nan         nan       nan       nan
      116        431       0   0.000  0.000      0       nan           nan         nan         nan       nan       nan
      116        432       0   0.000  0.000      0       nan           nan         nan         nan       nan       nan
      116        433       0   0.000  0.000      0       nan           nan         nan         nan       nan       nan
      116        434       0   0.000  0.000      0       nan           nan         nan         nan       nan       nan
      116        435       0   0.000  0.000      0       nan           nan         nan         nan       nan       nan
      116        436       0   0.000  0.000      0       nan           nan         nan         nan       nan       nan
      116        437       0   0.000  0.000      0       nan           nan         nan         nan       nan       nan
      116        438       0   0.000  0.000      0       nan           nan         nan         nan       nan       nan
      116        439       0   0.000  0.000      0       nan           nan         nan         nan       nan       nan
      116        441       0   0.000  0.000      0       nan           nan         nan         nan       nan       nan
      116        442       0   0.000  0.000      0       nan           nan         nan         nan       nan       nan
      116        443       0   0.000  0.000      0       nan           nan         nan         nan       nan       nan
      116        444       0   0.000  0.000      0       nan           nan         nan         nan       nan       nan
      116        445       0   0.000  0.000      0       nan           nan         nan         nan       nan       nan
      116        446       0   0.000  0.000      0       nan           nan         nan         nan       nan       nan
      116        448       0   0.000  0.000      0       nan           nan         nan         nan       nan       nan
      116        449       0   0.000  0.000      0       nan           nan         nan         nan       nan       nan
      116        451       0   0.000  0.000      0       nan           nan         nan         nan       nan       nan
      116        452       0   0.000  0.000      0       nan           nan         nan         nan       nan       nan
      116        453       0   0.000  0.000      0       nan           nan         nan         nan       nan       nan
      116        454       0   0.000  0.000      0       nan           nan         nan         nan       nan       nan
      116        455       0   0.000  0.000      0       nan           nan         nan         nan       nan       nan
      116        456       0   0.000  0.000      0       nan           nan         nan         nan       nan       nan
      116        457       0   0.000  0.000      0       nan           nan         nan         nan       nan       nan
      116        458       0   0.000  0.000      0       nan           nan         nan         nan       nan       nan
      116        459       0   0.000  0.000      0       nan           nan         nan         nan       nan       nan
      116        460       0   0.000  0.000      0       nan           nan         nan         nan       nan       nan
      116        461       0   0.000  0.000      0       nan           nan         nan         nan       nan       nan
      116        463       0   0.000  0.000      0       nan           nan         nan         nan       nan       nan
      116        464       0   0.000  0.000      0       nan           nan         nan         nan       nan       nan
      116        465       0   0.000  0.000      0       nan           nan         nan         nan       nan       nan
      116        466       0   0.000  0.000      0       nan           nan         nan         nan       nan       nan
      116        467       0   0.000  0.000      0       nan           nan         nan         nan       nan       nan
      116        468       0   0.000  0.000      0       nan           nan         nan         nan       nan       nan
      116        469       0   0.000  0.000      0       nan           nan         nan         nan       nan       nan
      116        470       0   0.000  0.000      0       nan           nan         nan         nan       nan       nan
      116        471       0   0.000  0.000      0       nan           nan         nan         nan       nan       nan
      116        472       0   0.000  0.000      0       nan           nan         nan         nan       nan       nan
      116        473       0   0.000  0.000      0       nan           nan         nan         nan       nan       nan
      116        474       0   0.000  0.000      0       nan           nan         nan         nan       nan       nan
      116        476       0   0.000  0.000      0       nan           nan         nan         nan       nan       nan
      116        477       0   0.000  0.000      0       nan           nan         nan         nan       nan       nan
      116        479       0   0.000  0.000      0       nan           nan         nan         nan       nan       nan
      116        480       0   0.000  0.000      0       nan           nan         nan         nan       nan       nan
      116        481       0   0.000  0.000      0       nan           nan         nan         nan       nan       nan
      116        482       0   0.000  0.000      0       nan           nan         nan         nan       nan       nan
      116        484       0   0.000  0.000      0       nan           nan         nan         nan       nan       nan
      117        369       1   0.174  0.189    572     1.091           0.0         0.0         0.0      34.9      32.0
      117        447       0   0.024  0.309    664     2.000           5.3         0.0         5.3      38.1      19.0
      117        462       1   0.022  0.144    444     1.189           4.4         0.0         4.4      34.9      29.3
      117        352       0   0.011  0.128   2040     2.000           5.1         0.0         5.1      34.9      69.8
      117        356       0   0.009  0.166    444     1.682          10.0         0.0       170.0      34.9      58.7
      117        406       0   0.007  0.280    952     3.364          10.6         0.0        10.6      34.9     117.4
      117        418       0   0.007  0.410    844     1.000          57.4         0.0       122.6      34.9      34.9
      117        363       0   0.007  0.114   1604     2.181           6.7         0.0         6.7      34.9      76.1
      117        355       1   0.005  0.070    752     1.189          10.0         0.0       170.0      34.9      41.5
      117        358       0   0.004  0.185   2040     2.181          19.0         0.0       161.0      34.9      76.1
      117        368       0   0.004  0.203   1624     2.000          26.2         0.0        26.2      34.9      69.8
      117        475       0   0.004  0.049    160     1.189          10.0         0.0       170.0      34.9      29.3
      117        366       0   0.003  0.082    504     1.189          20.0         0.0       160.0      34.9      29.3
      117        385       0   0.003  0.090    188     1.542          20.4         0.0        20.4      38.1      24.7
      117        351       0   0.003  0.076   2040     1.834          15.6         0.0       164.4      34.9      64.0
      117        395       0   0.002  0.021    116     1.000          10.0         0.0       170.0      34.9      34.9
      117        350       0   0.002  0.077   1656     1.091          40.0         0.0       140.0      34.9      32.0
      117        397       0   0.001  0.037     76     1.414          20.0         0.0        20.0      38.1      26.9
      117        361       0   0.001  0.095   1356     1.834          42.5         0.0       137.5      34.9      64.0
      117        403       0   0.001  0.036    176     1.091          30.0         0.0       150.0      34.9      32.0
      117        362       0   0.001  0.026    220     1.189          22.7         0.0       157.3      32.0      38.1
      117        353       0   0.001  0.055   2040     2.378          23.8         0.0       156.2      34.9      83.0
      117        440       0   0.001  0.073    172     2.000          50.0         0.0        50.0      32.0      64.0
      117        377       0   0.001  0.020     52     1.414          20.0         0.0       160.0      38.1      26.9
      117        354       0   0.000  0.083   2036     3.364          49.6         0.0       130.4      34.9     117.4
      117        381       0   0.000  0.006     12     1.542          10.0         0.0        10.0      32.0      20.7
      117        425       0   0.000  0.010     20     3.084          10.0         0.0        10.0      32.0      98.7
      117        359       0   0.000  0.005     44     1.834          10.9         0.0        10.9      34.9      19.0
      117        374       0   0.000  0.010     20     1.542          40.0         0.0       140.0      34.9      22.6
      117        417       0   0.000  0.012     56     1.189          90.0         0.0        90.0      38.1      32.0
      117        478       0   0.000  0.010     60     1.297          90.0         0.0        90.0      38.1      29.3
      117        373       0   0.000  0.003     32     1.682          20.0         0.0       160.0      38.1      22.6
      117        391       0   0.000  0.001      4     2.378          50.0         0.0       130.0      38.1      16.0
      117        357       0   0.000  0.000      0       nan           nan         nan         nan       nan       nan
      117        360       0   0.000  0.000      0       nan           nan         nan         nan       nan       nan
      117        364       0   0.000  0.000      0       nan           nan         nan         nan       nan       nan
      117        365       0   0.000  0.000      0       nan           nan         nan         nan       nan       nan
      117        367       0   0.000  0.000      0       nan           nan         nan         nan       nan       nan
      117        370       0   0.000  0.000      0       nan           nan         nan         nan       nan       nan
      117        371       0   0.000  0.000      0       nan           nan         nan         nan       nan       nan
      117        372       0   0.000  0.000      0       nan           nan         nan         nan       nan       nan
      117        375       0   0.000  0.000      0       nan           nan         nan         nan       nan       nan
      117        376       0   0.000  0.000      0       nan           nan         nan         nan       nan       nan
      117        378       0   0.000  0.000      0       nan           nan         nan         nan       nan       nan
      117        379       0   0.000  0.000      0       nan           nan         nan         nan       nan       nan
      117        380       0   0.000  0.000      0       nan           nan         nan         nan       nan       nan
      117        382       0   0.000  0.000      0       nan           nan         nan         nan       nan       nan
      117        383       0   0.000  0.000      0       nan           nan         nan         nan       nan       nan
      117        384       0   0.000  0.000      0       nan           nan         nan         nan       nan       nan
      117        386       0   0.000  0.000      0       nan           nan         nan         nan       nan       nan
      117        387       0   0.000  0.000      0       nan           nan         nan         nan       nan       nan
      117        388       0   0.000  0.000      0       nan           nan         nan         nan       nan       nan
      117        389       0   0.000  0.000      0       nan           nan         nan         nan       nan       nan
      117        390       0   0.000  0.000      0       nan           nan         nan         nan       nan       nan
      117        392       0   0.000  0.000      0       nan           nan         nan         nan       nan       nan
      117        393       0   0.000  0.000      0       nan           nan         nan         nan       nan       nan
      117        394       0   0.000  0.000      0       nan           nan         nan         nan       nan       nan
      117        396       0   0.000  0.000      0       nan           nan         nan         nan       nan       nan
      117        398       0   0.000  0.000      0       nan           nan         nan         nan       nan       nan
      117        399       0   0.000  0.000      0       nan           nan         nan         nan       nan       nan
      117        400       0   0.000  0.000      0       nan           nan         nan         nan       nan       nan
      117        401       0   0.000  0.000      0       nan           nan         nan         nan       nan       nan
      117        402       0   0.000  0.000      0       nan           nan         nan         nan       nan       nan
      117        404       0   0.000  0.000      0       nan           nan         nan         nan       nan       nan
      117        405       0   0.000  0.000      0       nan           nan         nan         nan       nan       nan
      117        407       0   0.000  0.000      0       nan           nan         nan         nan       nan       nan
      117        408       0   0.000  0.000      0       nan           nan         nan         nan       nan       nan
      117        409       0   0.000  0.000      0       nan           nan         nan         nan       nan       nan
      117        410       0   0.000  0.000      0       nan           nan         nan         nan       nan       nan
      117        411       0   0.000  0.000      0       nan           nan         nan         nan       nan       nan
      117        412       0   0.000  0.000      0       nan           nan         nan         nan       nan       nan
      117        413       0   0.000  0.000      0       nan           nan         nan         nan       nan       nan
      117        414       0   0.000  0.000      0       nan           nan         nan         nan       nan       nan
      117        415       0   0.000  0.000      0       nan           nan         nan         nan       nan       nan
      117        416       0   0.000  0.000      0       nan           nan         nan         nan       nan       nan
      117        419       0   0.000  0.000      0       nan           nan         nan         nan       nan       nan
      117        420       0   0.000  0.000      0       nan           nan         nan         nan       nan       nan
      117        421       0   0.000  0.000      0       nan           nan         nan         nan       nan       nan
      117        422       0   0.000  0.000      0       nan           nan         nan         nan       nan       nan
      117        423       0   0.000  0.000      0       nan           nan         nan         nan       nan       nan
      117        424       0   0.000  0.000      0       nan           nan         nan         nan       nan       nan
      117        426       0   0.000  0.000      0       nan           nan         nan         nan       nan       nan
      117        427       0   0.000  0.000      0       nan           nan         nan         nan       nan       nan
      117        428       0   0.000  0.000      0       nan           nan         nan         nan       nan       nan
      117        429       0   0.000  0.000      0       nan           nan         nan         nan       nan       nan
      117        430       0   0.000  0.000      0       nan           nan         nan         nan       nan       nan
      117        431       0   0.000  0.000      0       nan           nan         nan         nan       nan       nan
      117        432       0   0.000  0.000      0       nan           nan         nan         nan       nan       nan
      117        433       0   0.000  0.000      0       nan           nan         nan         nan       nan       nan
      117        434       0   0.000  0.000      0       nan           nan         nan         nan       nan       nan
      117        435       0   0.000  0.000      0       nan           nan         nan         nan       nan       nan
      117        436       0   0.000  0.000      0       nan           nan         nan         nan       nan       nan
      117        437       0   0.000  0.000      0       nan           nan         nan         nan       nan       nan
      117        438       0   0.000  0.000      0       nan           nan         nan         nan       nan       nan
      117        439       0   0.000  0.000      0       nan           nan         nan         nan       nan       nan
      117        441       0   0.000  0.000      0       nan           nan         nan         nan       nan       nan
      117        442       0   0.000  0.000      0       nan           nan         nan         nan       nan       nan
      117        443       0   0.000  0.000      0       nan           nan         nan         nan       nan       nan
      117        444       0   0.000  0.000      0       nan           nan         nan         nan       nan       nan
      117        445       0   0.000  0.000      0       nan           nan         nan         nan       nan       nan
      117        446       0   0.000  0.000      0       nan           nan         nan         nan       nan       nan
      117        448       0   0.000  0.000      0       nan           nan         nan         nan       nan       nan
      117        449       0   0.000  0.000      0       nan           nan         nan         nan       nan       nan
      117        450       0   0.000  0.000      0       nan           nan         nan         nan       nan       nan
      117        451       0   0.000  0.000      0       nan           nan         nan         nan       nan       nan
      117        452       0   0.000  0.000      0       nan           nan         nan         nan       nan       nan
      117        453       0   0.000  0.000      0       nan           nan         nan         nan       nan       nan
      117        454       0   0.000  0.000      0       nan           nan         nan         nan       nan       nan
      117        455       0   0.000  0.000      0       nan           nan         nan         nan       nan       nan
      117        456       0   0.000  0.000      0       nan           nan         nan         nan       nan       nan
      117        457       0   0.000  0.000      0       nan           nan         nan         nan       nan       nan
      117        458       0   0.000  0.000      0       nan           nan         nan         nan       nan       nan
      117        459       0   0.000  0.000      0       nan           nan         nan         nan       nan       nan
      117        460       0   0.000  0.000      0       nan           nan         nan         nan       nan       nan
      117        461       0   0.000  0.000      0       nan           nan         nan         nan       nan       nan
      117        463       0   0.000  0.000      0       nan           nan         nan         nan       nan       nan
      117        464       0   0.000  0.000      0       nan           nan         nan         nan       nan       nan
      117        465       0   0.000  0.000      0       nan           nan         nan         nan       nan       nan
      117        466       0   0.000  0.000      0       nan           nan         nan         nan       nan       nan
      117        467       0   0.000  0.000      0       nan           nan         nan         nan       nan       nan
      117        468       0   0.000  0.000      0       nan           nan         nan         nan       nan       nan
      117        469       0   0.000  0.000      0       nan           nan         nan         nan       nan       nan
      117        470       0   0.000  0.000      0       nan           nan         nan         nan       nan       nan
      117        471       0   0.000  0.000      0       nan           nan         nan         nan       nan       nan
      117        472       0   0.000  0.000      0       nan           nan         nan         nan       nan       nan
      117        473       0   0.000  0.000      0       nan           nan         nan         nan       nan       nan
      117        474       0   0.000  0.000      0       nan           nan         nan         nan       nan       nan
      117        476       0   0.000  0.000      0       nan           nan         nan         nan       nan       nan
      117        477       0   0.000  0.000      0       nan           nan         nan         nan       nan       nan
      117        479       0   0.000  0.000      0       nan           nan         nan         nan       nan       nan
      117        480       0   0.000  0.000      0       nan           nan         nan         nan       nan       nan
      117        481       0   0.000  0.000      0       nan           nan         nan         nan       nan       nan
      117        482       0   0.000  0.000      0       nan           nan         nan         nan       nan       nan
      117        483       0   0.000  0.000      0       nan           nan         nan         nan       nan       nan
      117        484       0   0.000  0.000      0       nan           nan         nan         nan       nan       nan
      118        445       0   0.017  0.281    736     2.378           6.0       105.7       111.7      22.6      53.8
      118        354       0   0.014  0.070   1728     4.757           0.1       109.6       109.6      20.7      98.7
      118        372       0   0.004  0.168   1020     2.594          16.8       109.6       126.4      20.7      53.8
      118        387       0   0.003  0.188   1728     4.362          11.8       109.6        97.8      20.7      90.5
      118        421       0   0.003  0.383    828     5.657          20.1       110.1        90.0      20.7     117.4
      118        413       0   0.003  0.356   1180     2.828          40.4       112.4        72.0      20.7      58.7
      118        423       0   0.003  0.038    112     6.169           1.4       101.4       100.0      19.0     117.4
      118        480       0   0.002  0.227    508     2.181          41.8       111.8        70.0      20.7      45.3
      118        400       0   0.002  0.122    572     2.000          24.5       105.5       130.0      20.7      41.5
      118        398       0   0.002  0.235   1316     3.084          31.9       111.9        80.0      20.7      64.0
      118        357       0   0.002  0.097   1580     2.181          21.2       110.5       131.7      20.7      45.3
      118        371       0   0.002  0.081    736     2.181          21.7       108.3       130.0      20.7      45.3
      118        473       0   0.001  0.130    352     2.378          40.1       109.9       150.0      20.7      49.4
      118        379       0   0.001  0.059    484     2.000          43.7       116.1        72.5      20.7      41.5
      118        351       0   0.001  0.035    980     2.378          22.5       111.7       134.2      20.7      49.4
      118        419       0   0.001  0.027     84     1.542          29.1       130.9       160.0      20.7      32.0
      118        350       0   0.000  0.014    320     1.542          21.5       119.2       140.8      20.7      32.0
      118        384       0   0.000  0.014     72     1.297          50.0       100.0       150.0      19.0      24.7
      118        362       0   0.000  0.022    176     2.000          52.2       107.8       160.0      19.0      38.1
      118        353       0   0.000  0.046   1728     5.657          50.4       109.6       160.0      20.7     117.4
      118        361       0   0.000  0.009    144     3.084          37.8       102.2       140.0      19.0      58.7
      118        365       0   0.000  0.002     32     1.091          50.0       100.0       150.0      19.0      20.7
      118        383       0   0.000  0.001      4     1.000          50.0       100.0       150.0      19.0      19.0
      118        352       0   0.000  0.000      0       nan           nan         nan         nan       nan       nan
      118        355       0   0.000  0.000      0       nan           nan         nan         nan       nan       nan
      118        356       0   0.000  0.000      0       nan           nan         nan         nan       nan       nan
      118        358       0   0.000  0.000      0       nan           nan         nan         nan       nan       nan
      118        359       0   0.000  0.000      0       nan           nan         nan         nan       nan       nan
      118        360       0   0.000  0.000      0       nan           nan         nan         nan       nan       nan
      118        363       0   0.000  0.000      0       nan           nan         nan         nan       nan       nan
      118        364       0   0.000  0.000      0       nan           nan         nan         nan       nan       nan
      118        366       0   0.000  0.000      0       nan           nan         nan         nan       nan       nan
      118        367       0   0.000  0.000      0       nan           nan         nan         nan       nan       nan
      118        368       0   0.000  0.000      0       nan           nan         nan         nan       nan       nan
      118        369       0   0.000  0.000      0       nan           nan         nan         nan       nan       nan
      118        370       0   0.000  0.000      0       nan           nan         nan         nan       nan       nan
      118        373       0   0.000  0.000      0       nan           nan         nan         nan       nan       nan
      118        374       0   0.000  0.000      0       nan           nan         nan         nan       nan       nan
      118        375       0   0.000  0.000      0       nan           nan         nan         nan       nan       nan
      118        376       0   0.000  0.000      0       nan           nan         nan         nan       nan       nan
      118        377       0   0.000  0.000      0       nan           nan         nan         nan       nan       nan
      118        378       0   0.000  0.000      0       nan           nan         nan         nan       nan       nan
      118        380       0   0.000  0.000      0       nan           nan         nan         nan       nan       nan
      118        381       0   0.000  0.000      0       nan           nan         nan         nan       nan       nan
      118        382       0   0.000  0.000      0       nan           nan         nan         nan       nan       nan
      118        385       0   0.000  0.000      0       nan           nan         nan         nan       nan       nan
      118        386       0   0.000  0.000      0       nan           nan         nan         nan       nan       nan
      118        388       0   0.000  0.000      0       nan           nan         nan         nan       nan       nan
      118        389       0   0.000  0.000      0       nan           nan         nan         nan       nan       nan
      118        390       0   0.000  0.000      0       nan           nan         nan         nan       nan       nan
      118        391       0   0.000  0.000      0       nan           nan         nan         nan       nan       nan
      118        392       0   0.000  0.000      0       nan           nan         nan         nan       nan       nan
      118        393       0   0.000  0.000      0       nan           nan         nan         nan       nan       nan
      118        394       0   0.000  0.000      0       nan           nan         nan         nan       nan       nan
      118        395       0   0.000  0.000      0       nan           nan         nan         nan       nan       nan
      118        396       0   0.000  0.000      0       nan           nan         nan         nan       nan       nan
      118        397       0   0.000  0.000      0       nan           nan         nan         nan       nan       nan
      118        399       0   0.000  0.000      0       nan           nan         nan         nan       nan       nan
      118        401       0   0.000  0.000      0       nan           nan         nan         nan       nan       nan
      118        402       0   0.000  0.000      0       nan           nan         nan         nan       nan       nan
      118        403       0   0.000  0.000      0       nan           nan         nan         nan       nan       nan
      118        404       0   0.000  0.000      0       nan           nan         nan         nan       nan       nan
      118        405       0   0.000  0.000      0       nan           nan         nan         nan       nan       nan
      118        406       0   0.000  0.000      0       nan           nan         nan         nan       nan       nan
      118        407       0   0.000  0.000      0       nan           nan         nan         nan       nan       nan
      118        408       0   0.000  0.000      0       nan           nan         nan         nan       nan       nan
      118        409       0   0.000  0.000      0       nan           nan         nan         nan       nan       nan
      118        410       0   0.000  0.000      0       nan           nan         nan         nan       nan       nan
      118        411       0   0.000  0.000      0       nan           nan         nan         nan       nan       nan
      118        412       0   0.000  0.000      0       nan           nan         nan         nan       nan       nan
      118        414       0   0.000  0.000      0       nan           nan         nan         nan       nan       nan
      118        415       0   0.000  0.000      0       nan           nan         nan         nan       nan       nan
      118        416       0   0.000  0.000      0       nan           nan         nan         nan       nan       nan
      118        417       0   0.000  0.000      0       nan           nan         nan         nan       nan       nan
      118        418       0   0.000  0.000      0       nan           nan         nan         nan       nan       nan
      118        420       0   0.000  0.000      0       nan           nan         nan         nan       nan       nan
      118        422       0   0.000  0.000      0       nan           nan         nan         nan       nan       nan
      118        424       0   0.000  0.000      0       nan           nan         nan         nan       nan       nan
      118        425       0   0.000  0.000      0       nan           nan         nan         nan       nan       nan
      118        426       0   0.000  0.000      0       nan           nan         nan         nan       nan       nan
      118        427       0   0.000  0.000      0       nan           nan         nan         nan       nan       nan
      118        428       0   0.000  0.000      0       nan           nan         nan         nan       nan       nan
      118        429       0   0.000  0.000      0       nan           nan         nan         nan       nan       nan
      118        430       0   0.000  0.000      0       nan           nan         nan         nan       nan       nan
      118        431       0   0.000  0.000      0       nan           nan         nan         nan       nan       nan
      118        432       0   0.000  0.000      0       nan           nan         nan         nan       nan       nan
      118        433       0   0.000  0.000      0       nan           nan         nan         nan       nan       nan
      118        434       0   0.000  0.000      0       nan           nan         nan         nan       nan       nan
      118        435       0   0.000  0.000      0       nan           nan         nan         nan       nan       nan
      118        436       0   0.000  0.000      0       nan           nan         nan         nan       nan       nan
      118        437       0   0.000  0.000      0       nan           nan         nan         nan       nan       nan
      118        438       0   0.000  0.000      0       nan           nan         nan         nan       nan       nan
      118        439       0   0.000  0.000      0       nan           nan         nan         nan       nan       nan
      118        440       0   0.000  0.000      0       nan           nan         nan         nan       nan       nan
      118        441       0   0.000  0.000      0       nan           nan         nan         nan       nan       nan
      118        442       0   0.000  0.000      0       nan           nan         nan         nan       nan       nan
      118        443       0   0.000  0.000      0       nan           nan         nan         nan       nan       nan
      118        444       0   0.000  0.000      0       nan           nan         nan         nan       nan       nan
      118        446       0   0.000  0.000      0       nan           nan         nan         nan       nan       nan
      118        447       0   0.000  0.000      0       nan           nan         nan         nan       nan       nan
      118        448       0   0.000  0.000      0       nan           nan         nan         nan       nan       nan
      118        449       0   0.000  0.000      0       nan           nan         nan         nan       nan       nan
      118        450       0   0.000  0.000      0       nan           nan         nan         nan       nan       nan
      118        451       0   0.000  0.000      0       nan           nan         nan         nan       nan       nan
      118        452       0   0.000  0.000      0       nan           nan         nan         nan       nan       nan
      118        453       0   0.000  0.000      0       nan           nan         nan         nan       nan       nan
      118        454       0   0.000  0.000      0       nan           nan         nan         nan       nan       nan
      118        455       0   0.000  0.000      0       nan           nan         nan         nan       nan       nan
      118        456       0   0.000  0.000      0       nan           nan         nan         nan       nan       nan
      118        457       0   0.000  0.000      0       nan           nan         nan         nan       nan       nan
      118        458       0   0.000  0.000      0       nan           nan         nan         nan       nan       nan
      118        459       0   0.000  0.000      0       nan           nan         nan         nan       nan       nan
      118        460       0   0.000  0.000      0       nan           nan         nan         nan       nan       nan
      118        461       0   0.000  0.000      0       nan           nan         nan         nan       nan       nan
      118        462       0   0.000  0.000      0       nan           nan         nan         nan       nan       nan
      118        463       0   0.000  0.000      0       nan           nan         nan         nan       nan       nan
      118        464       0   0.000  0.000      0       nan           nan         nan         nan       nan       nan
      118        465       0   0.000  0.000      0       nan           nan         nan         nan       nan       nan
      118        466       0   0.000  0.000      0       nan           nan         nan         nan       nan       nan
      118        467       0   0.000  0.000      0       nan           nan         nan         nan       nan       nan
      118        468       0   0.000  0.000      0       nan           nan         nan         nan       nan       nan
      118        469       0   0.000  0.000      0       nan           nan         nan         nan       nan       nan
      118        470       0   0.000  0.000      0       nan           nan         nan         nan       nan       nan
      118        471       0   0.000  0.000      0       nan           nan         nan         nan       nan       nan
      118        472       0   0.000  0.000      0       nan           nan         nan         nan       nan       nan
      118        474       0   0.000  0.000      0       nan           nan         nan         nan       nan       nan
      118        475       0   0.000  0.000      0       nan           nan         nan         nan       nan       nan
      118        476       0   0.000  0.000      0       nan           nan         nan         nan       nan       nan
      118        477       0   0.000  0.000      0       nan           nan         nan         nan       nan       nan
      118        478       0   0.000  0.000      0       nan           nan         nan         nan       nan       nan
      118        479       0   0.000  0.000      0       nan           nan         nan         nan       nan       nan
      118        481       0   0.000  0.000      0       nan           nan         nan         nan       nan       nan
      118        482       0   0.000  0.000      0       nan           nan         nan         nan       nan       nan
      118        483       0   0.000  0.000      0       nan           nan         nan         nan       nan       nan
      118        484       0   0.000  0.000      0       nan           nan         nan         nan       nan       nan
      119        372       0   0.013  0.110    616     2.828           2.1       123.3       125.4      19.0      53.8
      119        445       0   0.007  0.244    484     2.828          11.2       121.8       110.6      19.0      53.8
      119        357       0   0.005  0.050    816     2.828           2.3       124.8       127.0      19.0      53.8
      119        400       0   0.003  0.074    300     2.181          10.0       120.0       130.0      19.0      41.5
      119        371       0   0.002  0.045    384     2.378           8.0       122.0       130.0      19.0      45.3
      119        421       0   0.002  0.392    592     6.169          34.9       124.9        90.0      19.0     117.4
      119        413       0   0.001  0.217    644     3.084          53.3       126.2        72.8      19.0      58.7
      119        480       0   0.001  0.159    256     2.378          55.8       125.8        70.0      19.0      45.3
      119        473       0   0.001  0.071    144     2.594          23.6       126.4       150.0      19.0      49.4
      119        398       0   0.001  0.123    660     3.084          46.3       126.3        80.0      19.0      58.7
      119        387       0   0.001  0.092    844     4.757          25.5       124.9        99.4      19.0      90.5
      119        351       0   0.001  0.021    568     2.594          10.6       124.2       134.8      19.0      49.4
      119        354       0   0.000  0.034    844     5.187          14.9       124.9       110.0      19.0      98.7
      119        379       0   0.000  0.022    172     2.181          55.2       127.0        71.8      19.0      41.5
      119        419       0   0.000  0.009     20     1.682          30.0       130.0       160.0      19.0      32.0
      119        350       0   0.000  0.003     56     1.682          10.0       130.0       140.0      19.0      32.0
      119        353       0   0.000  0.023    844     6.169          35.1       124.9       160.0      19.0     117.4
      119        362       0   0.000  0.002     12     2.000          30.0       130.0       160.0      19.0      38.1
      119        352       0   0.000  0.000      0       nan           nan         nan         nan       nan       nan
      119        355       0   0.000  0.000      0       nan           nan         nan         nan       nan       nan
      119        356       0   0.000  0.000      0       nan           nan         nan         nan       nan       nan
      119        358       0   0.000  0.000      0       nan           nan         nan         nan       nan       nan
      119        359       0   0.000  0.000      0       nan           nan         nan         nan       nan       nan
      119        360       0   0.000  0.000      0       nan           nan         nan         nan       nan       nan
      119        361       0   0.000  0.000      0       nan           nan         nan         nan       nan       nan
      119        363       0   0.000  0.000      0       nan           nan         nan         nan       nan       nan
      119        364       0   0.000  0.000      0       nan           nan         nan         nan       nan       nan
      119        365       0   0.000  0.000      0       nan           nan         nan         nan       nan       nan
      119        366       0   0.000  0.000      0       nan           nan         nan         nan       nan       nan
      119        367       0   0.000  0.000      0       nan           nan         nan         nan       nan       nan
      119        368       0   0.000  0.000      0       nan           nan         nan         nan       nan       nan
      119        369       0   0.000  0.000      0       nan           nan         nan         nan       nan       nan
      119        370       0   0.000  0.000      0       nan           nan         nan         nan       nan       nan
      119        373       0   0.000  0.000      0       nan           nan         nan         nan       nan       nan
      119        374       0   0.000  0.000      0       nan           nan         nan         nan       nan       nan
      119        375       0   0.000  0.000      0       nan           nan         nan         nan       nan       nan
      119        376       0   0.000  0.000      0       nan           nan         nan         nan       nan       nan
      119        377       0   0.000  0.000      0       nan           nan         nan         nan       nan       nan
      119        378       0   0.000  0.000      0       nan           nan         nan         nan       nan       nan
      119        380       0   0.000  0.000      0       nan           nan         nan         nan       nan       nan
      119        381       0   0.000  0.000      0       nan           nan         nan         nan       nan       nan
      119        382       0   0.000  0.000      0       nan           nan         nan         nan       nan       nan
      119        383       0   0.000  0.000      0       nan           nan         nan         nan       nan       nan
      119        384       0   0.000  0.000      0       nan           nan         nan         nan       nan       nan
      119        385       0   0.000  0.000      0       nan           nan         nan         nan       nan       nan
      119        386       0   0.000  0.000      0       nan           nan         nan         nan       nan       nan
      119        388       0   0.000  0.000      0       nan           nan         nan         nan       nan       nan
      119        389       0   0.000  0.000      0       nan           nan         nan         nan       nan       nan
      119        390       0   0.000  0.000      0       nan           nan         nan         nan       nan       nan
      119        391       0   0.000  0.000      0       nan           nan         nan         nan       nan       nan
      119        392       0   0.000  0.000      0       nan           nan         nan         nan       nan       nan
      119        393       0   0.000  0.000      0       nan           nan         nan         nan       nan       nan
      119        394       0   0.000  0.000      0       nan           nan         nan         nan       nan       nan
      119        395       0   0.000  0.000      0       nan           nan         nan         nan       nan       nan
      119        396       0   0.000  0.000      0       nan           nan         nan         nan       nan       nan
      119        397       0   0.000  0.000      0       nan           nan         nan         nan       nan       nan
      119        399       0   0.000  0.000      0       nan           nan         nan         nan       nan       nan
      119        401       0   0.000  0.000      0       nan           nan         nan         nan       nan       nan
      119        402       0   0.000  0.000      0       nan           nan         nan         nan       nan       nan
      119        403       0   0.000  0.000      0       nan           nan         nan         nan       nan       nan
      119        404       0   0.000  0.000      0       nan           nan         nan         nan       nan       nan
      119        405       0   0.000  0.000      0       nan           nan         nan         nan       nan       nan
      119        406       0   0.000  0.000      0       nan           nan         nan         nan       nan       nan
      119        407       0   0.000  0.000      0       nan           nan         nan         nan       nan       nan
      119        408       0   0.000  0.000      0       nan           nan         nan         nan       nan       nan
      119        409       0   0.000  0.000      0       nan           nan         nan         nan       nan       nan
      119        410       0   0.000  0.000      0       nan           nan         nan         nan       nan       nan
      119        411       0   0.000  0.000      0       nan           nan         nan         nan       nan       nan
      119        412       0   0.000  0.000      0       nan           nan         nan         nan       nan       nan
      119        414       0   0.000  0.000      0       nan           nan         nan         nan       nan       nan
      119        415       0   0.000  0.000      0       nan           nan         nan         nan       nan       nan
      119        416       0   0.000  0.000      0       nan           nan         nan         nan       nan       nan
      119        417       0   0.000  0.000      0       nan           nan         nan         nan       nan       nan
      119        418       0   0.000  0.000      0       nan           nan         nan         nan       nan       nan
      119        420       0   0.000  0.000      0       nan           nan         nan         nan       nan       nan
      119        422       0   0.000  0.000      0       nan           nan         nan         nan       nan       nan
      119        423       0   0.000  0.000      0       nan           nan         nan         nan       nan       nan
      119        424       0   0.000  0.000      0       nan           nan         nan         nan       nan       nan
      119        425       0   0.000  0.000      0       nan           nan         nan         nan       nan       nan
      119        426       0   0.000  0.000      0       nan           nan         nan         nan       nan       nan
      119        427       0   0.000  0.000      0       nan           nan         nan         nan       nan       nan
      119        428       0   0.000  0.000      0       nan           nan         nan         nan       nan       nan
      119        429       0   0.000  0.000      0       nan           nan         nan         nan       nan       nan
      119        430       0   0.000  0.000      0       nan           nan         nan         nan       nan       nan
      119        431       0   0.000  0.000      0       nan           nan         nan         nan       nan       nan
      119        432       0   0.000  0.000      0       nan           nan         nan         nan       nan       nan
      119        433       0   0.000  0.000      0       nan           nan         nan         nan       nan       nan
      119        434       0   0.000  0.000      0       nan           nan         nan         nan       nan       nan
      119        435       0   0.000  0.000      0       nan           nan         nan         nan       nan       nan
      119        436       0   0.000  0.000      0       nan           nan         nan         nan       nan       nan
      119        437       0   0.000  0.000      0       nan           nan         nan         nan       nan       nan
      119        438       0   0.000  0.000      0       nan           nan         nan         nan       nan       nan
      119        439       0   0.000  0.000      0       nan           nan         nan         nan       nan       nan
      119        440       0   0.000  0.000      0       nan           nan         nan         nan       nan       nan
      119        441       0   0.000  0.000      0       nan           nan         nan         nan       nan       nan
      119        442       0   0.000  0.000      0       nan           nan         nan         nan       nan       nan
      119        443       0   0.000  0.000      0       nan           nan         nan         nan       nan       nan
      119        444       0   0.000  0.000      0       nan           nan         nan         nan       nan       nan
      119        446       0   0.000  0.000      0       nan           nan         nan         nan       nan       nan
      119        447       0   0.000  0.000      0       nan           nan         nan         nan       nan       nan
      119        448       0   0.000  0.000      0       nan           nan         nan         nan       nan       nan
      119        449       0   0.000  0.000      0       nan           nan         nan         nan       nan       nan
      119        450       0   0.000  0.000      0       nan           nan         nan         nan       nan       nan
      119        451       0   0.000  0.000      0       nan           nan         nan         nan       nan       nan
      119        452       0   0.000  0.000      0       nan           nan         nan         nan       nan       nan
      119        453       0   0.000  0.000      0       nan           nan         nan         nan       nan       nan
      119        454       0   0.000  0.000      0       nan           nan         nan         nan       nan       nan
      119        455       0   0.000  0.000      0       nan           nan         nan         nan       nan       nan
      119        456       0   0.000  0.000      0       nan           nan         nan         nan       nan       nan
      119        457       0   0.000  0.000      0       nan           nan         nan         nan       nan       nan
      119        458       0   0.000  0.000      0       nan           nan         nan         nan       nan       nan
      119        459       0   0.000  0.000      0       nan           nan         nan         nan       nan       nan
      119        460       0   0.000  0.000      0       nan           nan         nan         nan       nan       nan
      119        461       0   0.000  0.000      0       nan           nan         nan         nan       nan       nan
      119        462       0   0.000  0.000      0       nan           nan         nan         nan       nan       nan
      119        463       0   0.000  0.000      0       nan           nan         nan         nan       nan       nan
      119        464       0   0.000  0.000      0       nan           nan         nan         nan       nan       nan
      119        465       0   0.000  0.000      0       nan           nan         nan         nan       nan       nan
      119        466       0   0.000  0.000      0       nan           nan         nan         nan       nan       nan
      119        467       0   0.000  0.000      0       nan           nan         nan         nan       nan       nan
      119        468       0   0.000  0.000      0       nan           nan         nan         nan       nan       nan
      119        469       0   0.000  0.000      0       nan           nan         nan         nan       nan       nan
      119        470       0   0.000  0.000      0       nan           nan         nan         nan       nan       nan
      119        471       0   0.000  0.000      0       nan           nan         nan         nan       nan       nan
      119        472       0   0.000  0.000      0       nan           nan         nan         nan       nan       nan
      119        474       0   0.000  0.000      0       nan           nan         nan         nan       nan       nan
      119        475       0   0.000  0.000      0       nan           nan         nan         nan       nan       nan
      119        476       0   0.000  0.000      0       nan           nan         nan         nan       nan       nan
      119        477       0   0.000  0.000      0       nan           nan         nan         nan       nan       nan
      119        478       0   0.000  0.000      0       nan           nan         nan         nan       nan       nan
      119        479       0   0.000  0.000      0       nan           nan         nan         nan       nan       nan
      119        481       0   0.000  0.000      0       nan           nan         nan         nan       nan       nan
      119        482       0   0.000  0.000      0       nan           nan         nan         nan       nan       nan
      119        483       0   0.000  0.000      0       nan           nan         nan         nan       nan       nan
      119        484       0   0.000  0.000      0       nan           nan         nan         nan       nan       nan
      120        415       0   0.001  0.142    496     1.682          80.2        89.4         9.2      20.7      34.9
      120        434       0   0.001  0.139    488     1.834          89.0        89.0         0.0      20.7      38.1
      120        376       0   0.001  0.089    616     2.000          76.2        88.1        11.9      20.7      41.5
      120        465       0   0.000  0.087    220     2.594          80.0        90.0        10.0      20.7      53.8
      120        402       0   0.000  0.030    356     2.000          90.0        90.0         0.0      20.7      41.5
      120        350       0   0.000  0.000      0       nan           nan         nan         nan       nan       nan
      120        351       0   0.000  0.000      0       nan           nan         nan         nan       nan       nan
      120        352       0   0.000  0.000      0       nan           nan         nan         nan       nan       nan
      120        353       0   0.000  0.000      0       nan           nan         nan         nan       nan       nan
      120        354       0   0.000  0.000      0       nan           nan         nan         nan       nan       nan
      120        355       0   0.000  0.000      0       nan           nan         nan         nan       nan       nan
      120        356       0   0.000  0.000      0       nan           nan         nan         nan       nan       nan
      120        357       0   0.000  0.000      0       nan           nan         nan         nan       nan       nan
      120        358       0   0.000  0.000      0       nan           nan         nan         nan       nan       nan
      120        359       0   0.000  0.000      0       nan           nan         nan         nan       nan       nan
      120        360       0   0.000  0.000      0       nan           nan         nan         nan       nan       nan
      120        361       0   0.000  0.000      0       nan           nan         nan         nan       nan       nan
      120        362       0   0.000  0.000      0       nan           nan         nan         nan       nan       nan
      120        363       0   0.000  0.000      0       nan           nan         nan         nan       nan       nan
      120        364       0   0.000  0.000      0       nan           nan         nan         nan       nan       nan
      120        365       0   0.000  0.000      0       nan           nan         nan         nan       nan       nan
      120        366       0   0.000  0.000      0       nan           nan         nan         nan       nan       nan
      120        367       0   0.000  0.000      0       nan           nan         nan         nan       nan       nan
      120        368       0   0.000  0.000      0       nan           nan         nan         nan       nan       nan
      120        369       0   0.000  0.000      0       nan           nan         nan         nan       nan       nan
      120        370       0   0.000  0.000      0       nan           nan         nan         nan       nan       nan
      120        371       0   0.000  0.000      0       nan           nan         nan         nan       nan       nan
      120        372       0   0.000  0.000      0       nan           nan         nan         nan       nan       nan
      120        373       0   0.000  0.000      0       nan           nan         nan         nan       nan       nan
      120        374       0   0.000  0.000      0       nan           nan         nan         nan       nan       nan
      120        375       0   0.000  0.000      0       nan           nan         nan         nan       nan       nan
      120        377       0   0.000  0.000      0       nan           nan         nan         nan       nan       nan
      120        378       0   0.000  0.000      0       nan           nan         nan         nan       nan       nan
      120        379       0   0.000  0.000      0       nan           nan         nan         nan       nan       nan
      120        380       0   0.000  0.000      0       nan           nan         nan         nan       nan       nan
      120        381       0   0.000  0.000      0       nan           nan         nan         nan       nan       nan
      120        382       0   0.000  0.000      0       nan           nan         nan         nan       nan       nan
      120        383       0   0.000  0.000      0       nan           nan         nan         nan       nan       nan
      120        384       0   0.000  0.000      0       nan           nan         nan         nan       nan       nan
      120        385       0   0.000  0.000      0       nan           nan         nan         nan       nan       nan
      120        386       0   0.000  0.000      0       nan           nan         nan         nan       nan       nan
      120        387       0   0.000  0.000      0       nan           nan         nan         nan       nan       nan
      120        388       0   0.000  0.000      0       nan           nan         nan         nan       nan       nan
      120        389       0   0.000  0.000      0       nan           nan         nan         nan       nan       nan
      120        390       0   0.000  0.000      0       nan           nan         nan         nan       nan       nan
      120        391       0   0.000  0.000      0       nan           nan         nan         nan       nan       nan
      120        392       0   0.000  0.000      0       nan           nan         nan         nan       nan       nan
      120        393       0   0.000  0.000      0       nan           nan         nan         nan       nan       nan
      120        394       0   0.000  0.000      0       nan           nan         nan         nan       nan       nan
      120        395       0   0.000  0.000      0       nan           nan         nan         nan       nan       nan
      120        396       0   0.000  0.000      0       nan           nan         nan         nan       nan       nan
      120        397       0   0.000  0.000      0       nan           nan         nan         nan       nan       nan
      120        398       0   0.000  0.000      0       nan           nan         nan         nan       nan       nan
      120        399       0   0.000  0.000      0       nan           nan         nan         nan       nan       nan
      120        400       0   0.000  0.000      0       nan           nan         nan         nan       nan       nan
      120        401       0   0.000  0.000      0       nan           nan         nan         nan       nan       nan
      120        403       0   0.000  0.000      0       nan           nan         nan         nan       nan       nan
      120        404       0   0.000  0.000      0       nan           nan         nan         nan       nan       nan
      120        405       0   0.000  0.000      0       nan           nan         nan         nan       nan       nan
      120        406       0   0.000  0.000      0       nan           nan         nan         nan       nan       nan
      120        407       0   0.000  0.000      0       nan           nan         nan         nan       nan       nan
      120        408       0   0.000  0.000      0       nan           nan         nan         nan       nan       nan
      120        409       0   0.000  0.000      0       nan           nan         nan         nan       nan       nan
      120        410       0   0.000  0.000      0       nan           nan         nan         nan       nan       nan
      120        411       0   0.000  0.000      0       nan           nan         nan         nan       nan       nan
      120        412       0   0.000  0.000      0       nan           nan         nan         nan       nan       nan
      120        413       0   0.000  0.000      0       nan           nan         nan         nan       nan       nan
      120        414       0   0.000  0.000      0       nan           nan         nan         nan       nan       nan
      120        416       0   0.000  0.000      0       nan           nan         nan         nan       nan       nan
      120        417       0   0.000  0.000      0       nan           nan         nan         nan       nan       nan
      120        418       0   0.000  0.000      0       nan           nan         nan         nan       nan       nan
      120        419       0   0.000  0.000      0       nan           nan         nan         nan       nan       nan
      120        420       0   0.000  0.000      0       nan           nan         nan         nan       nan       nan
      120        421       0   0.000  0.000      0       nan           nan         nan         nan       nan       nan
      120        422       0   0.000  0.000      0       nan           nan         nan         nan       nan       nan
      120        423       0   0.000  0.000      0       nan           nan         nan         nan       nan       nan
      120        424       0   0.000  0.000      0       nan           nan         nan         nan       nan       nan
      120        425       0   0.000  0.000      0       nan           nan         nan         nan       nan       nan
      120        426       0   0.000  0.000      0       nan           nan         nan         nan       nan       nan
      120        427       0   0.000  0.000      0       nan           nan         nan         nan       nan       nan
      120        428       0   0.000  0.000      0       nan           nan         nan         nan       nan       nan
      120        429       0   0.000  0.000      0       nan           nan         nan         nan       nan       nan
      120        430       0   0.000  0.000      0       nan           nan         nan         nan       nan       nan
      120        431       0   0.000  0.000      0       nan           nan         nan         nan       nan       nan
      120        432       0   0.000  0.000      0       nan           nan         nan         nan       nan       nan
      120        433       0   0.000  0.000      0       nan           nan         nan         nan       nan       nan
      120        435       0   0.000  0.000      0       nan           nan         nan         nan       nan       nan
      120        436       0   0.000  0.000      0       nan           nan         nan         nan       nan       nan
      120        437       0   0.000  0.000      0       nan           nan         nan         nan       nan       nan
      120        438       0   0.000  0.000      0       nan           nan         nan         nan       nan       nan
      120        439       0   0.000  0.000      0       nan           nan         nan         nan       nan       nan
      120        440       0   0.000  0.000      0       nan           nan         nan         nan       nan       nan
      120        441       0   0.000  0.000      0       nan           nan         nan         nan       nan       nan
      120        442       0   0.000  0.000      0       nan           nan         nan         nan       nan       nan
      120        443       0   0.000  0.000      0       nan           nan         nan         nan       nan       nan
      120        444       0   0.000  0.000      0       nan           nan         nan         nan       nan       nan
      120        445       0   0.000  0.000      0       nan           nan         nan         nan       nan       nan
      120        446       0   0.000  0.000      0       nan           nan         nan         nan       nan       nan
      120        447       0   0.000  0.000      0       nan           nan         nan         nan       nan       nan
      120        448       0   0.000  0.000      0       nan           nan         nan         nan       nan       nan
      120        449       0   0.000  0.000      0       nan           nan         nan         nan       nan       nan
      120        450       0   0.000  0.000      0       nan           nan         nan         nan       nan       nan
      120        451       0   0.000  0.000      0       nan           nan         nan         nan       nan       nan
      120        452       0   0.000  0.000      0       nan           nan         nan         nan       nan       nan
      120        453       0   0.000  0.000      0       nan           nan         nan         nan       nan       nan
      120        454       0   0.000  0.000      0       nan           nan         nan         nan       nan       nan
      120        455       0   0.000  0.000      0       nan           nan         nan         nan       nan       nan
      120        456       0   0.000  0.000      0       nan           nan         nan         nan       nan       nan
      120        457       0   0.000  0.000      0       nan           nan         nan         nan       nan       nan
      120        458       0   0.000  0.000      0       nan           nan         nan         nan       nan       nan
      120        459       0   0.000  0.000      0       nan           nan         nan         nan       nan       nan
      120        460       0   0.000  0.000      0       nan           nan         nan         nan       nan       nan
      120        461       0   0.000  0.000      0       nan           nan         nan         nan       nan       nan
      120        462       0   0.000  0.000      0       nan           nan         nan         nan       nan       nan
      120        463       0   0.000  0.000      0       nan           nan         nan         nan       nan       nan
      120        464       0   0.000  0.000      0       nan           nan         nan         nan       nan       nan
      120        466       0   0.000  0.000      0       nan           nan         nan         nan       nan       nan
      120        467       0   0.000  0.000      0       nan           nan         nan         nan       nan       nan
      120        468       0   0.000  0.000      0       nan           nan         nan         nan       nan       nan
      120        469       0   0.000  0.000      0       nan           nan         nan         nan       nan       nan
      120        470       0   0.000  0.000      0       nan           nan         nan         nan       nan       nan
      120        471       0   0.000  0.000      0       nan           nan         nan         nan       nan       nan
      120        472       0   0.000  0.000      0       nan           nan         nan         nan       nan       nan
      120        473       0   0.000  0.000      0       nan           nan         nan         nan       nan       nan
      120        474       0   0.000  0.000      0       nan           nan         nan         nan       nan       nan
      120        475       0   0.000  0.000      0       nan           nan         nan         nan       nan       nan
      120        476       0   0.000  0.000      0       nan           nan         nan         nan       nan       nan
      120        477       0   0.000  0.000      0       nan           nan         nan         nan       nan       nan
      120        478       0   0.000  0.000      0       nan           nan         nan         nan       nan       nan
      120        479       0   0.000  0.000      0       nan           nan         nan         nan       nan       nan
      120        480       0   0.000  0.000      0       nan           nan         nan         nan       nan       nan
      120        481       0   0.000  0.000      0       nan           nan         nan         nan       nan       nan
      120        482       0   0.000  0.000      0       nan           nan         nan         nan       nan       nan
      120        483       0   0.000  0.000      0       nan           nan         nan         nan       nan       nan
      120        484       0   0.000  0.000      0       nan           nan         nan         nan       nan       nan
      121        388       0   0.001  0.253   3336     2.594          75.8        90.0        14.2      26.9      69.8
      121        376       0   0.001  0.176   2452     2.181          68.1        88.7        20.7      22.6      49.4
      121        444       0   0.001  0.017    228     2.594           5.3        90.0        84.7      19.0      49.4
      121        436       0   0.001  0.008     96     1.414          10.0        90.0       100.0      19.0      26.9
      121        394       0   0.000  0.036    520     4.757          34.9        84.9        50.0      19.0      90.5
      121        415       0   0.000  0.014    180     1.542          80.7        90.0         9.3      22.6      34.9
      121        434       0   0.000  0.013    168     1.682          89.8        89.8         0.0      22.6      38.1
      121        350       0   0.000  0.000      0       nan           nan         nan         nan       nan       nan
      121        351       0   0.000  0.000      0       nan           nan         nan         nan       nan       nan
      121        352       0   0.000  0.000      0       nan           nan         nan         nan       nan       nan
      121        353       0   0.000  0.000      0       nan           nan         nan         nan       nan       nan
      121        354       0   0.000  0.000      0       nan           nan         nan         nan       nan       nan
      121        355       0   0.000  0.000      0       nan           nan         nan         nan       nan       nan
      121        356       0   0.000  0.000      0       nan           nan         nan         nan       nan       nan
      121        357       0   0.000  0.000      0       nan           nan         nan         nan       nan       nan
      121        358       0   0.000  0.000      0       nan           nan         nan         nan       nan       nan
      121        359       0   0.000  0.000      0       nan           nan         nan         nan       nan       nan
      121        360       0   0.000  0.000      0       nan           nan         nan         nan       nan       nan
      121        361       0   0.000  0.000      0       nan           nan         nan         nan       nan       nan
      121        362       0   0.000  0.000      0       nan           nan         nan         nan       nan       nan
      121        363       0   0.000  0.000      0       nan           nan         nan         nan       nan       nan
      121        364       0   0.000  0.000      0       nan           nan         nan         nan       nan       nan
      121        365       0   0.000  0.000      0       nan           nan         nan         nan       nan       nan
      121        366       0   0.000  0.000      0       nan           nan         nan         nan       nan       nan
      121        367       0   0.000  0.000      0       nan           nan         nan         nan       nan       nan
      121        368       0   0.000  0.000      0       nan           nan         nan         nan       nan       nan
      121        369       0   0.000  0.000      0       nan           nan         nan         nan       nan       nan
      121        370       0   0.000  0.000      0       nan           nan         nan         nan       nan       nan
      121        371       0   0.000  0.000      0       nan           nan         nan         nan       nan       nan
      121        372       0   0.000  0.000      0       nan           nan         nan         nan       nan       nan
      121        373       0   0.000  0.000      0       nan           nan         nan         nan       nan       nan
      121        374       0   0.000  0.000      0       nan           nan         nan         nan       nan       nan
      121        375       0   0.000  0.000      0       nan           nan         nan         nan       nan       nan
      121        377       0   0.000  0.000      0       nan           nan         nan         nan       nan       nan
      121        378       0   0.000  0.000      0       nan           nan         nan         nan       nan       nan
      121        379       0   0.000  0.000      0       nan           nan         nan         nan       nan       nan
      121        380       0   0.000  0.000      0       nan           nan         nan         nan       nan       nan
      121        381       0   0.000  0.000      0       nan           nan         nan         nan       nan       nan
      121        382       0   0.000  0.000      0       nan           nan         nan         nan       nan       nan
      121        383       0   0.000  0.000      0       nan           nan         nan         nan       nan       nan
      121        384       0   0.000  0.000      0       nan           nan         nan         nan       nan       nan
      121        385       0   0.000  0.000      0       nan           nan         nan         nan       nan       nan
      121        386       0   0.000  0.000      0       nan           nan         nan         nan       nan       nan
      121        387       0   0.000  0.000      0       nan           nan         nan         nan       nan       nan
      121        389       0   0.000  0.000      0       nan           nan         nan         nan       nan       nan
      121        390       0   0.000  0.000      0       nan           nan         nan         nan       nan       nan
      121        391       0   0.000  0.000      0       nan           nan         nan         nan       nan       nan
      121        392       0   0.000  0.000      0       nan           nan         nan         nan       nan       nan
      121        393       0   0.000  0.000      0       nan           nan         nan         nan       nan       nan
      121        395       0   0.000  0.000      0       nan           nan         nan         nan       nan       nan
      121        396       0   0.000  0.000      0       nan           nan         nan         nan       nan       nan
      121        397       0   0.000  0.000      0       nan           nan         nan         nan       nan       nan
      121        398       0   0.000  0.000      0       nan           nan         nan         nan       nan       nan
      121        399       0   0.000  0.000      0       nan           nan         nan         nan       nan       nan
      121        400       0   0.000  0.000      0       nan           nan         nan         nan       nan       nan
      121        401       0   0.000  0.000      0       nan           nan         nan         nan       nan       nan
      121        402       0   0.000  0.000      0       nan           nan         nan         nan       nan       nan
      121        403       0   0.000  0.000      0       nan           nan         nan         nan       nan       nan
      121        404       0   0.000  0.000      0       nan           nan         nan         nan       nan       nan
      121        405       0   0.000  0.000      0       nan           nan         nan         nan       nan       nan
      121        406       0   0.000  0.000      0       nan           nan         nan         nan       nan       nan
      121        407       0   0.000  0.000      0       nan           nan         nan         nan       nan       nan
      121        408       0   0.000  0.000      0       nan           nan         nan         nan       nan       nan
      121        409       0   0.000  0.000      0       nan           nan         nan         nan       nan       nan
      121        410       0   0.000  0.000      0       nan           nan         nan         nan       nan       nan
      121        411       0   0.000  0.000      0       nan           nan         nan         nan       nan       nan
      121        412       0   0.000  0.000      0       nan           nan         nan         nan       nan       nan
      121        413       0   0.000  0.000      0       nan           nan         nan         nan       nan       nan
      121        414       0   0.000  0.000      0       nan           nan         nan         nan       nan       nan
      121        416       0   0.000  0.000      0       nan           nan         nan         nan       nan       nan
      121        417       0   0.000  0.000      0       nan           nan         nan         nan       nan       nan
      121        418       0   0.000  0.000      0       nan           nan         nan         nan       nan       nan
      121        419       0   0.000  0.000      0       nan           nan         nan         nan       nan       nan
      121        420       0   0.000  0.000      0       nan           nan         nan         nan       nan       nan
      121        421       0   0.000  0.000      0       nan           nan         nan         nan       nan       nan
      121        422       0   0.000  0.000      0       nan           nan         nan         nan       nan       nan
      121        423       0   0.000  0.000      0       nan           nan         nan         nan       nan       nan
      121        424       0   0.000  0.000      0       nan           nan         nan         nan       nan       nan
      121        425       0   0.000  0.000      0       nan           nan         nan         nan       nan       nan
      121        426       0   0.000  0.000      0       nan           nan         nan         nan       nan       nan
      121        427       0   0.000  0.000      0       nan           nan         nan         nan       nan       nan
      121        428       0   0.000  0.000      0       nan           nan         nan         nan       nan       nan
      121        429       0   0.000  0.000      0       nan           nan         nan         nan       nan       nan
      121        430       0   0.000  0.000      0       nan           nan         nan         nan       nan       nan
      121        431       0   0.000  0.000      0       nan           nan         nan         nan       nan       nan
      121        432       0   0.000  0.000      0       nan           nan         nan         nan       nan       nan
      121        433       0   0.000  0.000      0       nan           nan         nan         nan       nan       nan
      121        435       0   0.000  0.000      0       nan           nan         nan         nan       nan       nan
      121        437       0   0.000  0.000      0       nan           nan         nan         nan       nan       nan
      121        438       0   0.000  0.000      0       nan           nan         nan         nan       nan       nan
      121        439       0   0.000  0.000      0       nan           nan         nan         nan       nan       nan
      121        440       0   0.000  0.000      0       nan           nan         nan         nan       nan       nan
      121        441       0   0.000  0.000      0       nan           nan         nan         nan       nan       nan
      121        442       0   0.000  0.000      0       nan           nan         nan         nan       nan       nan
      121        443       0   0.000  0.000      0       nan           nan         nan         nan       nan       nan
      121        445       0   0.000  0.000      0       nan           nan         nan         nan       nan       nan
      121        446       0   0.000  0.000      0       nan           nan         nan         nan       nan       nan
      121        447       0   0.000  0.000      0       nan           nan         nan         nan       nan       nan
      121        448       0   0.000  0.000      0       nan           nan         nan         nan       nan       nan
      121        449       0   0.000  0.000      0       nan           nan         nan         nan       nan       nan
      121        450       0   0.000  0.000      0       nan           nan         nan         nan       nan       nan
      121        451       0   0.000  0.000      0       nan           nan         nan         nan       nan       nan
      121        452       0   0.000  0.000      0       nan           nan         nan         nan       nan       nan
      121        453       0   0.000  0.000      0       nan           nan         nan         nan       nan       nan
      121        454       0   0.000  0.000      0       nan           nan         nan         nan       nan       nan
      121        455       0   0.000  0.000      0       nan           nan         nan         nan       nan       nan
      121        456       0   0.000  0.000      0       nan           nan         nan         nan       nan       nan
      121        457       0   0.000  0.000      0       nan           nan         nan         nan       nan       nan
      121        458       0   0.000  0.000      0       nan           nan         nan         nan       nan       nan
      121        459       0   0.000  0.000      0       nan           nan         nan         nan       nan       nan
      121        460       0   0.000  0.000      0       nan           nan         nan         nan       nan       nan
      121        461       0   0.000  0.000      0       nan           nan         nan         nan       nan       nan
      121        462       0   0.000  0.000      0       nan           nan         nan         nan       nan       nan
      121        463       0   0.000  0.000      0       nan           nan         nan         nan       nan       nan
      121        464       0   0.000  0.000      0       nan           nan         nan         nan       nan       nan
      121        465       0   0.000  0.000      0       nan           nan         nan         nan       nan       nan
      121        466       0   0.000  0.000      0       nan           nan         nan         nan       nan       nan
      121        467       0   0.000  0.000      0       nan           nan         nan         nan       nan       nan
      121        468       0   0.000  0.000      0       nan           nan         nan         nan       nan       nan
      121        469       0   0.000  0.000      0       nan           nan         nan         nan       nan       nan
      121        470       0   0.000  0.000      0       nan           nan         nan         nan       nan       nan
      121        471       0   0.000  0.000      0       nan           nan         nan         nan       nan       nan
      121        472       0   0.000  0.000      0       nan           nan         nan         nan       nan       nan
      121        473       0   0.000  0.000      0       nan           nan         nan         nan       nan       nan
      121        474       0   0.000  0.000      0       nan           nan         nan         nan       nan       nan
      121        475       0   0.000  0.000      0       nan           nan         nan         nan       nan       nan
      121        476       0   0.000  0.000      0       nan           nan         nan         nan       nan       nan
      121        477       0   0.000  0.000      0       nan           nan         nan         nan       nan       nan
      121        478       0   0.000  0.000      0       nan           nan         nan         nan       nan       nan
      121        479       0   0.000  0.000      0       nan           nan         nan         nan       nan       nan
      121        480       0   0.000  0.000      0       nan           nan         nan         nan       nan       nan
      121        481       0   0.000  0.000      0       nan           nan         nan         nan       nan       nan
      121        482       0   0.000  0.000      0       nan           nan         nan         nan       nan       nan
      121        483       0   0.000  0.000      0       nan           nan         nan         nan       nan       nan
      121        484       0   0.000  0.000      0       nan           nan         nan         nan       nan       nan
      122        411       0   0.102  0.427   1600     1.297           2.2       112.0       114.2      22.6      29.3
      122        457       1   0.027  0.207    600     1.091           5.9       115.9       110.0      19.0      17.4
      122        391       0   0.022  0.328   1056     1.297          10.8       115.6       126.3      20.7      16.0
      122        478       0   0.014  0.354   1784     1.414          16.6       113.2        96.5      20.7      29.3
      122        416       0   0.012  0.015     80     1.297           0.0       110.0       110.0      24.7      32.0
      122        417       0   0.009  0.499   1844     1.834          28.9       113.3        84.4      20.7      38.1
      122        455       0   0.005  0.302    920     1.297          42.6       112.6        70.0      22.6      29.3
      122        409       0   0.005  0.333   1076     1.189          53.2       110.0       163.2      22.6      26.9
      122        366       0   0.005  0.338   1888     1.297          49.8       110.2       160.0      22.6      29.3
      122        350       0   0.005  0.122   2620     1.189          21.5       112.3       133.9      22.6      26.9
      122        379       0   0.004  0.236   1884     1.682          33.1       113.1        80.0      20.7      34.9
      122        395       0   0.003  0.331   1632     1.682          56.7       113.3       170.0      22.6      38.1
      122        460       0   0.003  0.048    236     1.297          10.0       110.0       120.0      24.7      32.0
      122        482       0   0.003  0.264    800     1.834          43.7       113.7        70.0      22.6      41.5
      122        400       0   0.003  0.103    600     1.682          19.6       110.4       130.0      22.6      38.1
      122        439       0   0.003  0.210    752     1.834          38.1       111.9       150.0      20.7      38.1
      122        383       0   0.003  0.200   1420     1.189          57.2       112.7       169.8      22.6      19.0
      122        451       0   0.003  0.284   1056     1.834          53.0       112.3        59.3      24.7      45.3
      122        359       0   0.003  0.314   2384     1.414          78.2       112.6        10.8      22.6      32.0
      122        428       0   0.003  0.143    572     1.091          48.7       111.3       160.0      24.7      26.9
      122        361       0   0.002  0.174   2444     2.594          27.6       112.4       140.0      22.6      58.7
      122        362       0   0.002  0.179   1428     1.682          47.0       113.0       160.0      22.6      38.1
      122        355       0   0.002  0.214   2172     1.834          57.4       112.6       170.0      22.6      41.5
      122        370       0   0.002  0.164   1496     2.000          46.8       112.8       159.5      24.7      49.4
      122        365       0   0.002  0.099   1292     1.091          53.4       113.6       167.0      22.6      20.7
      122        483       0   0.002  0.051    184     3.364           8.8       111.2       120.0      20.7      69.8
      122        464       0   0.001  0.290    996     3.084          70.0       110.0        40.0      22.6      69.8
      122        450       0   0.001  0.413   1408     4.000          80.5       112.1        31.6      20.7      83.0
      122        373       0   0.001  0.063    708     1.189          43.1       116.9       160.0      19.0      22.6
      122        352       0   0.001  0.181   2892     2.181          69.1       112.1         1.2      22.6      49.4
      122        354       0   0.001  0.118   2892     4.757          20.2       112.1       132.3      22.6     107.6
      122        368       0   0.001  0.290   2360     3.084          85.9       112.6        26.7      22.6      69.8
      122        380       0   0.001  0.179    876     2.594          70.2       110.3         0.6      24.7      64.0
      122        351       0   0.001  0.108   2892     2.378          53.8       112.1       165.9      22.6      53.8
      122        363       0   0.001  0.195   2692     3.364          85.8       112.3        26.4      22.6      76.1
      122        358       0   0.001  0.097   1224     3.084          46.5       113.5       160.0      24.7      76.1
      122        375       0   0.000  0.043    360     2.828          30.0       110.0       140.0      24.7      69.8
      122        371       0   0.000  0.018    192     2.000          20.0       110.0       130.0      22.6      45.3
      122        404       0   0.000  0.074    312     2.181          80.0       110.0        10.0      26.9      58.7
      122        353       0   0.000  0.077   2892     4.000          45.4       112.1       157.5      22.6      90.5
      122        387       0   0.000  0.019    220     4.000          11.3       110.0        98.7      22.6      90.5
      122        378       0   0.000  0.042    252     2.828          50.0       110.0       160.0      24.7      69.8
      122        406       0   0.000  0.099    468     5.187          70.0       110.0         0.0      22.6     117.4
      122        449       0   0.000  0.048    188     3.084          60.0       110.0       170.0      26.9      83.0
      122        424       0   0.000  0.035    144     2.594          60.0       110.0       170.0      26.9      69.8
      122        357       0   0.000  0.010    188     1.834          28.5       110.0       138.5      22.6      41.5
      122        453       0   0.000  0.026    112     3.084          80.0       110.0        10.0      26.9      83.0
      122        441       0   0.000  0.018     80     2.828          70.0       110.0         0.0      26.9      76.1
      122        403       0   0.000  0.003     16     1.297          40.0       110.0       150.0      24.7      32.0
      122        475       0   0.000  0.002      8     1.189          60.0       110.0       170.0      24.7      29.3
      122        356       0   0.000  0.000      0       nan           nan         nan         nan       nan       nan
      122        360       0   0.000  0.000      0       nan           nan         nan         nan       nan       nan
      122        364       0   0.000  0.000      0       nan           nan         nan         nan       nan       nan
      122        367       0   0.000  0.000      0       nan           nan         nan         nan       nan       nan
      122        369       0   0.000  0.000      0       nan           nan         nan         nan       nan       nan
      122        372       0   0.000  0.000      0       nan           nan         nan         nan       nan       nan
      122        374       0   0.000  0.000      0       nan           nan         nan         nan       nan       nan
      122        376       0   0.000  0.000      0       nan           nan         nan         nan       nan       nan
      122        377       0   0.000  0.000      0       nan           nan         nan         nan       nan       nan
      122        381       0   0.000  0.000      0       nan           nan         nan         nan       nan       nan
      122        382       0   0.000  0.000      0       nan           nan         nan         nan       nan       nan
      122        384       0   0.000  0.000      0       nan           nan         nan         nan       nan       nan
      122        385       0   0.000  0.000      0       nan           nan         nan         nan       nan       nan
      122        386       0   0.000  0.000      0       nan           nan         nan         nan       nan       nan
      122        388       0   0.000  0.000      0       nan           nan         nan         nan       nan       nan
      122        389       0   0.000  0.000      0       nan           nan         nan         nan       nan       nan
      122        390       0   0.000  0.000      0       nan           nan         nan         nan       nan       nan
      122        392       0   0.000  0.000      0       nan           nan         nan         nan       nan       nan
      122        393       0   0.000  0.000      0       nan           nan         nan         nan       nan       nan
      122        394       0   0.000  0.000      0       nan           nan         nan         nan       nan       nan
      122        396       0   0.000  0.000      0       nan           nan         nan         nan       nan       nan
      122        397       0   0.000  0.000      0       nan           nan         nan         nan       nan       nan
      122        398       0   0.000  0.000      0       nan           nan         nan         nan       nan       nan
      122        399       0   0.000  0.000      0       nan           nan         nan         nan       nan       nan
      122        401       0   0.000  0.000      0       nan           nan         nan         nan       nan       nan
      122        402       0   0.000  0.000      0       nan           nan         nan         nan       nan       nan
      122        405       0   0.000  0.000      0       nan           nan         nan         nan       nan       nan
      122        407       0   0.000  0.000      0       nan           nan         nan         nan       nan       nan
      122        408       0   0.000  0.000      0       nan           nan         nan         nan       nan       nan
      122        410       0   0.000  0.000      0       nan           nan         nan         nan       nan       nan
      122        412       0   0.000  0.000      0       nan           nan         nan         nan       nan       nan
      122        413       0   0.000  0.000      0       nan           nan         nan         nan       nan       nan
      122        414       0   0.000  0.000      0       nan           nan         nan         nan       nan       nan
      122        415       0   0.000  0.000      0       nan           nan         nan         nan       nan       nan
      122        418       0   0.000  0.000      0       nan           nan         nan         nan       nan       nan
      122        419       0   0.000  0.000      0       nan           nan         nan         nan       nan       nan
      122        420       0   0.000  0.000      0       nan           nan         nan         nan       nan       nan
      122        421       0   0.000  0.000      0       nan           nan         nan         nan       nan       nan
      122        422       0   0.000  0.000      0       nan           nan         nan         nan       nan       nan
      122        423       0   0.000  0.000      0       nan           nan         nan         nan       nan       nan
      122        425       0   0.000  0.000      0       nan           nan         nan         nan       nan       nan
      122        426       0   0.000  0.000      0       nan           nan         nan         nan       nan       nan
      122        427       0   0.000  0.000      0       nan           nan         nan         nan       nan       nan
      122        429       0   0.000  0.000      0       nan           nan         nan         nan       nan       nan
      122        430       0   0.000  0.000      0       nan           nan         nan         nan       nan       nan
      122        431       0   0.000  0.000      0       nan           nan         nan         nan       nan       nan
      122        432       0   0.000  0.000      0       nan           nan         nan         nan       nan       nan
      122        433       0   0.000  0.000      0       nan           nan         nan         nan       nan       nan
      122        434       0   0.000  0.000      0       nan           nan         nan         nan       nan       nan
      122        435       0   0.000  0.000      0       nan           nan         nan         nan       nan       nan
      122        436       0   0.000  0.000      0       nan           nan         nan         nan       nan       nan
      122        437       0   0.000  0.000      0       nan           nan         nan         nan       nan       nan
      122        438       0   0.000  0.000      0       nan           nan         nan         nan       nan       nan
      122        440       0   0.000  0.000      0       nan           nan         nan         nan       nan       nan
      122        442       0   0.000  0.000      0       nan           nan         nan         nan       nan       nan
      122        443       0   0.000  0.000      0       nan           nan         nan         nan       nan       nan
      122        444       0   0.000  0.000      0       nan           nan         nan         nan       nan       nan
      122        445       0   0.000  0.000      0       nan           nan         nan         nan       nan       nan
      122        446       0   0.000  0.000      0       nan           nan         nan         nan       nan       nan
      122        447       0   0.000  0.000      0       nan           nan         nan         nan       nan       nan
      122        448       0   0.000  0.000      0       nan           nan         nan         nan       nan       nan
      122        452       0   0.000  0.000      0       nan           nan         nan         nan       nan       nan
      122        454       0   0.000  0.000      0       nan           nan         nan         nan       nan       nan
      122        456       0   0.000  0.000      0       nan           nan         nan         nan       nan       nan
      122        458       0   0.000  0.000      0       nan           nan         nan         nan       nan       nan
      122        459       0   0.000  0.000      0       nan           nan         nan         nan       nan       nan
      122        461       0   0.000  0.000      0       nan           nan         nan         nan       nan       nan
      122        462       0   0.000  0.000      0       nan           nan         nan         nan       nan       nan
      122        463       0   0.000  0.000      0       nan           nan         nan         nan       nan       nan
      122        465       0   0.000  0.000      0       nan           nan         nan         nan       nan       nan
      122        466       0   0.000  0.000      0       nan           nan         nan         nan       nan       nan
      122        467       0   0.000  0.000      0       nan           nan         nan         nan       nan       nan
      122        468       0   0.000  0.000      0       nan           nan         nan         nan       nan       nan
      122        469       0   0.000  0.000      0       nan           nan         nan         nan       nan       nan
      122        470       0   0.000  0.000      0       nan           nan         nan         nan       nan       nan
      122        471       0   0.000  0.000      0       nan           nan         nan         nan       nan       nan
      122        472       0   0.000  0.000      0       nan           nan         nan         nan       nan       nan
      122        473       0   0.000  0.000      0       nan           nan         nan         nan       nan       nan
      122        474       0   0.000  0.000      0       nan           nan         nan         nan       nan       nan
      122        476       0   0.000  0.000      0       nan           nan         nan         nan       nan       nan
      122        477       0   0.000  0.000      0       nan           nan         nan         nan       nan       nan
      122        479       0   0.000  0.000      0       nan           nan         nan         nan       nan       nan
      122        480       0   0.000  0.000      0       nan           nan         nan         nan       nan       nan
      122        481       0   0.000  0.000      0       nan           nan         nan         nan       nan       nan
      122        484       0   0.000  0.000      0       nan           nan         nan         nan       nan       nan
      123        412       1   0.058  0.468    672     1.000           7.0       159.4       166.4      16.0      16.0
      123        407       0   0.003  0.219    648     2.594          30.4       159.9        10.3      16.0      41.5
      123        350       0   0.000  0.000      0       nan           nan         nan         nan       nan       nan
      123        351       0   0.000  0.000      0       nan           nan         nan         nan       nan       nan
      123        352       0   0.000  0.000      0       nan           nan         nan         nan       nan       nan
      123        353       0   0.000  0.000      0       nan           nan         nan         nan       nan       nan
      123        354       0   0.000  0.000      0       nan           nan         nan         nan       nan       nan
      123        355       0   0.000  0.000      0       nan           nan         nan         nan       nan       nan
      123        356       0   0.000  0.000      0       nan           nan         nan         nan       nan       nan
      123        357       0   0.000  0.000      0       nan           nan         nan         nan       nan       nan
      123        358       0   0.000  0.000      0       nan           nan         nan         nan       nan       nan
      123        359       0   0.000  0.000      0       nan           nan         nan         nan       nan       nan
      123        360       0   0.000  0.000      0       nan           nan         nan         nan       nan       nan
      123        361       0   0.000  0.000      0       nan           nan         nan         nan       nan       nan
      123        362       0   0.000  0.000      0       nan           nan         nan         nan       nan       nan
      123        363       0   0.000  0.000      0       nan           nan         nan         nan       nan       nan
      123        364       0   0.000  0.000      0       nan           nan         nan         nan       nan       nan
      123        365       0   0.000  0.000      0       nan           nan         nan         nan       nan       nan
      123        366       0   0.000  0.000      0       nan           nan         nan         nan       nan       nan
      123        367       0   0.000  0.000      0       nan           nan         nan         nan       nan       nan
      123        368       0   0.000  0.000      0       nan           nan         nan         nan       nan       nan
      123        369       0   0.000  0.000      0       nan           nan         nan         nan       nan       nan
      123        370       0   0.000  0.000      0       nan           nan         nan         nan       nan       nan
      123        371       0   0.000  0.000      0       nan           nan         nan         nan       nan       nan
      123        372       0   0.000  0.000      0       nan           nan         nan         nan       nan       nan
      123        373       0   0.000  0.000      0       nan           nan         nan         nan       nan       nan
      123        374       0   0.000  0.000      0       nan           nan         nan         nan       nan       nan
      123        375       0   0.000  0.000      0       nan           nan         nan         nan       nan       nan
      123        376       0   0.000  0.000      0       nan           nan         nan         nan       nan       nan
      123        377       0   0.000  0.000      0       nan           nan         nan         nan       nan       nan
      123        378       0   0.000  0.000      0       nan           nan         nan         nan       nan       nan
      123        379       0   0.000  0.000      0       nan           nan         nan         nan       nan       nan
      123        380       0   0.000  0.000      0       nan           nan         nan         nan       nan       nan
      123        381       0   0.000  0.000      0       nan           nan         nan         nan       nan       nan
      123        382       0   0.000  0.000      0       nan           nan         nan         nan       nan       nan
      123        383       0   0.000  0.000      0       nan           nan         nan         nan       nan       nan
      123        384       0   0.000  0.000      0       nan           nan         nan         nan       nan       nan
      123        385       0   0.000  0.000      0       nan           nan         nan         nan       nan       nan
      123        386       0   0.000  0.000      0       nan           nan         nan         nan       nan       nan
      123        387       0   0.000  0.000      0       nan           nan         nan         nan       nan       nan
      123        388       0   0.000  0.000      0       nan           nan         nan         nan       nan       nan
      123        389       0   0.000  0.000      0       nan           nan         nan         nan       nan       nan
      123        390       0   0.000  0.000      0       nan           nan         nan         nan       nan       nan
      123        391       0   0.000  0.000      0       nan           nan         nan         nan       nan       nan
      123        392       0   0.000  0.000      0       nan           nan         nan         nan       nan       nan
      123        393       0   0.000  0.000      0       nan           nan         nan         nan       nan       nan
      123        394       0   0.000  0.000      0       nan           nan         nan         nan       nan       nan
      123        395       0   0.000  0.000      0       nan           nan         nan         nan       nan       nan
      123        396       0   0.000  0.000      0       nan           nan         nan         nan       nan       nan
      123        397       0   0.000  0.000      0       nan           nan         nan         nan       nan       nan
      123        398       0   0.000  0.000      0       nan           nan         nan         nan       nan       nan
      123        399       0   0.000  0.000      0       nan           nan         nan         nan       nan       nan
      123        400       0   0.000  0.000      0       nan           nan         nan         nan       nan       nan
      123        401       0   0.000  0.000      0       nan           nan         nan         nan       nan       nan
      123        402       0   0.000  0.000      0       nan           nan         nan         nan       nan       nan
      123        403       0   0.000  0.000      0       nan           nan         nan         nan       nan       nan
      123        404       0   0.000  0.000      0       nan           nan         nan         nan       nan       nan
      123        405       0   0.000  0.000      0       nan           nan         nan         nan       nan       nan
      123        406       0   0.000  0.000      0       nan           nan         nan         nan       nan       nan
      123        408       0   0.000  0.000      0       nan           nan         nan         nan       nan       nan
      123        409       0   0.000  0.000      0       nan           nan         nan         nan       nan       nan
      123        410       0   0.000  0.000      0       nan           nan         nan         nan       nan       nan
      123        411       0   0.000  0.000      0       nan           nan         nan         nan       nan       nan
      123        413       0   0.000  0.000      0       nan           nan         nan         nan       nan       nan
      123        414       0   0.000  0.000      0       nan           nan         nan         nan       nan       nan
      123        415       0   0.000  0.000      0       nan           nan         nan         nan       nan       nan
      123        416       0   0.000  0.000      0       nan           nan         nan         nan       nan       nan
      123        417       0   0.000  0.000      0       nan           nan         nan         nan       nan       nan
      123        418       0   0.000  0.000      0       nan           nan         nan         nan       nan       nan
      123        419       0   0.000  0.000      0       nan           nan         nan         nan       nan       nan
      123        420       0   0.000  0.000      0       nan           nan         nan         nan       nan       nan
      123        421       0   0.000  0.000      0       nan           nan         nan         nan       nan       nan
      123        422       0   0.000  0.000      0       nan           nan         nan         nan       nan       nan
      123        423       0   0.000  0.000      0       nan           nan         nan         nan       nan       nan
      123        424       0   0.000  0.000      0       nan           nan         nan         nan       nan       nan
      123        425       0   0.000  0.000      0       nan           nan         nan         nan       nan       nan
      123        426       0   0.000  0.000      0       nan           nan         nan         nan       nan       nan
      123        427       0   0.000  0.000      0       nan           nan         nan         nan       nan       nan
      123        428       0   0.000  0.000      0       nan           nan         nan         nan       nan       nan
      123        429       0   0.000  0.000      0       nan           nan         nan         nan       nan       nan
      123        430       0   0.000  0.000      0       nan           nan         nan         nan       nan       nan
      123        431       0   0.000  0.000      0       nan           nan         nan         nan       nan       nan
      123        432       0   0.000  0.000      0       nan           nan         nan         nan       nan       nan
      123        433       0   0.000  0.000      0       nan           nan         nan         nan       nan       nan
      123        434       0   0.000  0.000      0       nan           nan         nan         nan       nan       nan
      123        435       0   0.000  0.000      0       nan           nan         nan         nan       nan       nan
      123        436       0   0.000  0.000      0       nan           nan         nan         nan       nan       nan
      123        437       0   0.000  0.000      0       nan           nan         nan         nan       nan       nan
      123        438       0   0.000  0.000      0       nan           nan         nan         nan       nan       nan
      123        439       0   0.000  0.000      0       nan           nan         nan         nan       nan       nan
      123        440       0   0.000  0.000      0       nan           nan         nan         nan       nan       nan
      123        441       0   0.000  0.000      0       nan           nan         nan         nan       nan       nan
      123        442       0   0.000  0.000      0       nan           nan         nan         nan       nan       nan
      123        443       0   0.000  0.000      0       nan           nan         nan         nan       nan       nan
      123        444       0   0.000  0.000      0       nan           nan         nan         nan       nan       nan
      123        445       0   0.000  0.000      0       nan           nan         nan         nan       nan       nan
      123        446       0   0.000  0.000      0       nan           nan         nan         nan       nan       nan
      123        447       0   0.000  0.000      0       nan           nan         nan         nan       nan       nan
      123        448       0   0.000  0.000      0       nan           nan         nan         nan       nan       nan
      123        449       0   0.000  0.000      0       nan           nan         nan         nan       nan       nan
      123        450       0   0.000  0.000      0       nan           nan         nan         nan       nan       nan
      123        451       0   0.000  0.000      0       nan           nan         nan         nan       nan       nan
      123        452       0   0.000  0.000      0       nan           nan         nan         nan       nan       nan
      123        453       0   0.000  0.000      0       nan           nan         nan         nan       nan       nan
      123        454       0   0.000  0.000      0       nan           nan         nan         nan       nan       nan
      123        455       0   0.000  0.000      0       nan           nan         nan         nan       nan       nan
      123        456       0   0.000  0.000      0       nan           nan         nan         nan       nan       nan
      123        457       0   0.000  0.000      0       nan           nan         nan         nan       nan       nan
      123        458       0   0.000  0.000      0       nan           nan         nan         nan       nan       nan
      123        459       0   0.000  0.000      0       nan           nan         nan         nan       nan       nan
      123        460       0   0.000  0.000      0       nan           nan         nan         nan       nan       nan
      123        461       0   0.000  0.000      0       nan           nan         nan         nan       nan       nan
      123        462       0   0.000  0.000      0       nan           nan         nan         nan       nan       nan
      123        463       0   0.000  0.000      0       nan           nan         nan         nan       nan       nan
      123        464       0   0.000  0.000      0       nan           nan         nan         nan       nan       nan
      123        465       0   0.000  0.000      0       nan           nan         nan         nan       nan       nan
      123        466       0   0.000  0.000      0       nan           nan         nan         nan       nan       nan
      123        467       0   0.000  0.000      0       nan           nan         nan         nan       nan       nan
      123        468       0   0.000  0.000      0       nan           nan         nan         nan       nan       nan
      123        469       0   0.000  0.000      0       nan           nan         nan         nan       nan       nan
      123        470       0   0.000  0.000      0       nan           nan         nan         nan       nan       nan
      123        471       0   0.000  0.000      0       nan           nan         nan         nan       nan       nan
      123        472       0   0.000  0.000      0       nan           nan         nan         nan       nan       nan
      123        473       0   0.000  0.000      0       nan           nan         nan         nan       nan       nan
      123        474       0   0.000  0.000      0       nan           nan         nan         nan       nan       nan
      123        475       0   0.000  0.000      0       nan           nan         nan         nan       nan       nan
      123        476       0   0.000  0.000      0       nan           nan         nan         nan       nan       nan
      123        477       0   0.000  0.000      0       nan           nan         nan         nan       nan       nan
      123        478       0   0.000  0.000      0       nan           nan         nan         nan       nan       nan
      123        479       0   0.000  0.000      0       nan           nan         nan         nan       nan       nan
      123        480       0   0.000  0.000      0       nan           nan         nan         nan       nan       nan
      123        481       0   0.000  0.000      0       nan           nan         nan         nan       nan       nan
      123        482       0   0.000  0.000      0       nan           nan         nan         nan       nan       nan
      123        483       0   0.000  0.000      0       nan           nan         nan         nan       nan       nan
      123        484       0   0.000  0.000      0       nan           nan         nan         nan       nan       nan
      124        350       0   0.000  0.000      0       nan           nan         nan         nan       nan       nan
      124        351       0   0.000  0.000      0       nan           nan         nan         nan       nan       nan
      124        352       0   0.000  0.000      0       nan           nan         nan         nan       nan       nan
      124        353       0   0.000  0.000      0       nan           nan         nan         nan       nan       nan
      124        354       0   0.000  0.000      0       nan           nan         nan         nan       nan       nan
      124        355       0   0.000  0.000      0       nan           nan         nan         nan       nan       nan
      124        356       0   0.000  0.000      0       nan           nan         nan         nan       nan       nan
      124        357       0   0.000  0.000      0       nan           nan         nan         nan       nan       nan
      124        358       0   0.000  0.000      0       nan           nan         nan         nan       nan       nan
      124        359       0   0.000  0.000      0       nan           nan         nan         nan       nan       nan
      124        360       0   0.000  0.000      0       nan           nan         nan         nan       nan       nan
      124        361       0   0.000  0.000      0       nan           nan         nan         nan       nan       nan
      124        362       0   0.000  0.000      0       nan           nan         nan         nan       nan       nan
      124        363       0   0.000  0.000      0       nan           nan         nan         nan       nan       nan
      124        364       0   0.000  0.000      0       nan           nan         nan         nan       nan       nan
      124        365       0   0.000  0.000      0       nan           nan         nan         nan       nan       nan
      124        366       0   0.000  0.000      0       nan           nan         nan         nan       nan       nan
      124        367       0   0.000  0.000      0       nan           nan         nan         nan       nan       nan
      124        368       0   0.000  0.000      0       nan           nan         nan         nan       nan       nan
      124        369       0   0.000  0.000      0       nan           nan         nan         nan       nan       nan
      124        370       0   0.000  0.000      0       nan           nan         nan         nan       nan       nan
      124        371       0   0.000  0.000      0       nan           nan         nan         nan       nan       nan
      124        372       0   0.000  0.000      0       nan           nan         nan         nan       nan       nan
      124        373       0   0.000  0.000      0       nan           nan         nan         nan       nan       nan
      124        374       0   0.000  0.000      0       nan           nan         nan         nan       nan       nan
      124        375       0   0.000  0.000      0       nan           nan         nan         nan       nan       nan
      124        376       0   0.000  0.000      0       nan           nan         nan         nan       nan       nan
      124        377       0   0.000  0.000      0       nan           nan         nan         nan       nan       nan
      124        378       0   0.000  0.000      0       nan           nan         nan         nan       nan       nan
      124        379       0   0.000  0.000      0       nan           nan         nan         nan       nan       nan
      124        380       0   0.000  0.000      0       nan           nan         nan         nan       nan       nan
      124        381       0   0.000  0.000      0       nan           nan         nan         nan       nan       nan
      124        382       0   0.000  0.000      0       nan           nan         nan         nan       nan       nan
      124        383       0   0.000  0.000      0       nan           nan         nan         nan       nan       nan
      124        384       0   0.000  0.000      0       nan           nan         nan         nan       nan       nan
      124        385       0   0.000  0.000      0       nan           nan         nan         nan       nan       nan
      124        386       0   0.000  0.000      0       nan           nan         nan         nan       nan       nan
      124        387       0   0.000  0.000      0       nan           nan         nan         nan       nan       nan
      124        388       0   0.000  0.000      0       nan           nan         nan         nan       nan       nan
      124        389       0   0.000  0.000      0       nan           nan         nan         nan       nan       nan
      124        390       0   0.000  0.000      0       nan           nan         nan         nan       nan       nan
      124        391       0   0.000  0.000      0       nan           nan         nan         nan       nan       nan
      124        392       0   0.000  0.000      0       nan           nan         nan         nan       nan       nan
      124        393       0   0.000  0.000      0       nan           nan         nan         nan       nan       nan
      124        394       0   0.000  0.000      0       nan           nan         nan         nan       nan       nan
      124        395       0   0.000  0.000      0       nan           nan         nan         nan       nan       nan
      124        396       0   0.000  0.000      0       nan           nan         nan         nan       nan       nan
      124        397       0   0.000  0.000      0       nan           nan         nan         nan       nan       nan
      124        398       0   0.000  0.000      0       nan           nan         nan         nan       nan       nan
      124        399       0   0.000  0.000      0       nan           nan         nan         nan       nan       nan
      124        400       0   0.000  0.000      0       nan           nan         nan         nan       nan       nan
      124        401       0   0.000  0.000      0       nan           nan         nan         nan       nan       nan
      124        402       0   0.000  0.000      0       nan           nan         nan         nan       nan       nan
      124        403       0   0.000  0.000      0       nan           nan         nan         nan       nan       nan
      124        404       0   0.000  0.000      0       nan           nan         nan         nan       nan       nan
      124        405       0   0.000  0.000      0       nan           nan         nan         nan       nan       nan
      124        406       0   0.000  0.000      0       nan           nan         nan         nan       nan       nan
      124        407       0   0.000  0.000      0       nan           nan         nan         nan       nan       nan
      124        408       0   0.000  0.000      0       nan           nan         nan         nan       nan       nan
      124        409       0   0.000  0.000      0       nan           nan         nan         nan       nan       nan
      124        410       0   0.000  0.000      0       nan           nan         nan         nan       nan       nan
      124        411       0   0.000  0.000      0       nan           nan         nan         nan       nan       nan
      124        412       0   0.000  0.000      0       nan           nan         nan         nan       nan       nan
      124        413       0   0.000  0.000      0       nan           nan         nan         nan       nan       nan
      124        414       0   0.000  0.000      0       nan           nan         nan         nan       nan       nan
      124        415       0   0.000  0.000      0       nan           nan         nan         nan       nan       nan
      124        416       0   0.000  0.000      0       nan           nan         nan         nan       nan       nan
      124        417       0   0.000  0.000      0       nan           nan         nan         nan       nan       nan
      124        418       0   0.000  0.000      0       nan           nan         nan         nan       nan       nan
      124        419       0   0.000  0.000      0       nan           nan         nan         nan       nan       nan
      124        420       0   0.000  0.000      0       nan           nan         nan         nan       nan       nan
      124        421       0   0.000  0.000      0       nan           nan         nan         nan       nan       nan
      124        422       0   0.000  0.000      0       nan           nan         nan         nan       nan       nan
      124        423       0   0.000  0.000      0       nan           nan         nan         nan       nan       nan
      124        424       0   0.000  0.000      0       nan           nan         nan         nan       nan       nan
      124        425       0   0.000  0.000      0       nan           nan         nan         nan       nan       nan
      124        426       0   0.000  0.000      0       nan           nan         nan         nan       nan       nan
      124        427       0   0.000  0.000      0       nan           nan         nan         nan       nan       nan
      124        428       0   0.000  0.000      0       nan           nan         nan         nan       nan       nan
      124        429       0   0.000  0.000      0       nan           nan         nan         nan       nan       nan
      124        430       0   0.000  0.000      0       nan           nan         nan         nan       nan       nan
      124        431       0   0.000  0.000      0       nan           nan         nan         nan       nan       nan
      124        432       0   0.000  0.000      0       nan           nan         nan         nan       nan       nan
      124        433       0   0.000  0.000      0       nan           nan         nan         nan       nan       nan
      124        434       0   0.000  0.000      0       nan           nan         nan         nan       nan       nan
      124        435       0   0.000  0.000      0       nan           nan         nan         nan       nan       nan
      124        436       0   0.000  0.000      0       nan           nan         nan         nan       nan       nan
      124        437       0   0.000  0.000      0       nan           nan         nan         nan       nan       nan
      124        438       0   0.000  0.000      0       nan           nan         nan         nan       nan       nan
      124        439       0   0.000  0.000      0       nan           nan         nan         nan       nan       nan
      124        440       0   0.000  0.000      0       nan           nan         nan         nan       nan       nan
      124        441       0   0.000  0.000      0       nan           nan         nan         nan       nan       nan
      124        442       0   0.000  0.000      0       nan           nan         nan         nan       nan       nan
      124        443       0   0.000  0.000      0       nan           nan         nan         nan       nan       nan
      124        444       0   0.000  0.000      0       nan           nan         nan         nan       nan       nan
      124        445       0   0.000  0.000      0       nan           nan         nan         nan       nan       nan
      124        446       0   0.000  0.000      0       nan           nan         nan         nan       nan       nan
      124        447       0   0.000  0.000      0       nan           nan         nan         nan       nan       nan
      124        448       0   0.000  0.000      0       nan           nan         nan         nan       nan       nan
      124        449       0   0.000  0.000      0       nan           nan         nan         nan       nan       nan
      124        450       0   0.000  0.000      0       nan           nan         nan         nan       nan       nan
      124        451       0   0.000  0.000      0       nan           nan         nan         nan       nan       nan
      124        452       0   0.000  0.000      0       nan           nan         nan         nan       nan       nan
      124        453       0   0.000  0.000      0       nan           nan         nan         nan       nan       nan
      124        454       0   0.000  0.000      0       nan           nan         nan         nan       nan       nan
      124        455       0   0.000  0.000      0       nan           nan         nan         nan       nan       nan
      124        456       0   0.000  0.000      0       nan           nan         nan         nan       nan       nan
      124        457       0   0.000  0.000      0       nan           nan         nan         nan       nan       nan
      124        458       0   0.000  0.000      0       nan           nan         nan         nan       nan       nan
      124        459       0   0.000  0.000      0       nan           nan         nan         nan       nan       nan
      124        460       0   0.000  0.000      0       nan           nan         nan         nan       nan       nan
      124        461       0   0.000  0.000      0       nan           nan         nan         nan       nan       nan
      124        462       0   0.000  0.000      0       nan           nan         nan         nan       nan       nan
      124        463       0   0.000  0.000      0       nan           nan         nan         nan       nan       nan
      124        464       0   0.000  0.000      0       nan           nan         nan         nan       nan       nan
      124        465       0   0.000  0.000      0       nan           nan         nan         nan       nan       nan
      124        466       0   0.000  0.000      0       nan           nan         nan         nan       nan       nan
      124        467       0   0.000  0.000      0       nan           nan         nan         nan       nan       nan
      124        468       0   0.000  0.000      0       nan           nan         nan         nan       nan       nan
      124        469       0   0.000  0.000      0       nan           nan         nan         nan       nan       nan
      124        470       0   0.000  0.000      0       nan           nan         nan         nan       nan       nan
      124        471       0   0.000  0.000      0       nan           nan         nan         nan       nan       nan
      124        472       0   0.000  0.000      0       nan           nan         nan         nan       nan       nan
      124        473       0   0.000  0.000      0       nan           nan         nan         nan       nan       nan
      124        474       0   0.000  0.000      0       nan           nan         nan         nan       nan       nan
      124        475       0   0.000  0.000      0       nan           nan         nan         nan       nan       nan
      124        476       0   0.000  0.000      0       nan           nan         nan         nan       nan       nan
      124        477       0   0.000  0.000      0       nan           nan         nan         nan       nan       nan
      124        478       0   0.000  0.000      0       nan           nan         nan         nan       nan       nan
      124        479       0   0.000  0.000      0       nan           nan         nan         nan       nan       nan
      124        480       0   0.000  0.000      0       nan           nan         nan         nan       nan       nan
      124        481       0   0.000  0.000      0       nan           nan         nan         nan       nan       nan
      124        482       0   0.000  0.000      0       nan           nan         nan         nan       nan       nan
      124        483       0   0.000  0.000      0       nan           nan         nan         nan       nan       nan
      124        484       0   0.000  0.000      0       nan           nan         nan         nan       nan       nan
      125        355       0   0.192  0.322   4076     1.682           0.0       170.0       170.0      69.8      41.5
      125        395       0   0.138  0.275   2360     2.000           0.0       170.0       170.0      69.8      34.9
      125        475       0   0.082  0.195   1416     2.378           0.0       170.0       170.0      69.8      29.3
      125        356       1   0.076  0.091    696     1.189           0.0       170.0       170.0      69.8      58.7
      125        358       1   0.064  0.615   6964     1.091           7.8       170.0       162.2      69.8      76.1
      125        351       0   0.038  0.271   7268     1.297           4.5       170.0       165.5      69.8      53.8
      125        352       0   0.025  0.408   6732     1.000          15.5       170.0         5.5      69.8      69.8
      125        383       0   0.020  0.072    864     3.668           0.0       170.0       170.0      69.8      19.0
      125        363       0   0.018  0.444   6420     1.091          21.7       170.0        11.7      69.8      76.1
      125        368       0   0.015  0.572   5408     1.000          36.0       170.0        26.0      69.8      69.8
      125        370       0   0.015  0.228   2784     1.414          10.0       170.0       160.0      69.8      49.4
      125        361       0   0.011  0.396   5928     1.091          30.6       170.0       139.4      69.8      64.0
      125        362       0   0.011  0.230   2576     1.834          10.2       170.0       159.8      69.8      38.1
      125        353       1   0.011  0.195   7268     1.189          13.9       170.0       156.1      69.8      83.0
      125        366       0   0.010  0.266   2488     2.378          10.0       170.0       160.0      69.8      29.3
      125        369       0   0.009  0.214   1552     2.181          10.0       170.0         0.0      69.8      32.0
      125        406       0   0.008  0.254   1944     1.682          17.9       170.0         7.9      69.8     117.4
      125        365       0   0.006  0.068   1184     3.364           2.2       170.0       167.8      69.8      20.7
      125        462       0   0.006  0.205   1488     2.378          12.7       170.0         2.7      69.8      29.3
      125        403       0   0.006  0.267   2160     2.181          20.0       170.0       150.0      69.8      32.0
      125        375       0   0.006  0.179   1976     1.000          30.0       170.0       140.0      69.8      69.8
      125        354       0   0.005  0.290   7148     1.542          36.6       170.0       133.4      69.8     107.6
      125        428       0   0.005  0.137   1080     2.594          10.0       170.0       160.0      69.8      26.9
      125        373       0   0.005  0.159   2252     3.084          10.0       170.0       160.0      69.8      22.6
      125        378       0   0.004  0.045    460     1.000          10.0       170.0       160.0      69.8      69.8
      125        350       0   0.004  0.279   6208     2.378          29.0       170.0       141.0      69.8      29.3
      125        380       0   0.002  0.034    332     1.091          11.8       170.0         1.8      69.8      64.0
      125        359       0   0.002  0.178   2168     2.828          25.5       170.0        15.5      69.8      24.7
      125        483       0   0.002  0.112    820     1.000          50.0       170.0       120.0      69.8      69.8
      125        460       0   0.002  0.188   1508     1.834          51.9       170.0       118.1      69.8      38.1
      125        447       0   0.002  0.107    776     3.668          15.5       170.0         5.5      69.8      19.0
      125        386       0   0.002  0.081    640     3.668          13.1       170.0       156.9      69.8      19.0
      125        418       0   0.001  0.119    864     2.000          47.2       170.0       122.8      69.8      34.9
      125        450       0   0.001  0.057    492     1.189          40.0       170.0        30.0      69.8      83.0
      125        411       0   0.001  0.137   1168     2.378          58.9       170.0       111.1      69.8      29.3
      125        416       0   0.001  0.126   1088     2.181          60.0       170.0       110.0      69.8      32.0
      125        440       0   0.001  0.062    452     1.091          60.0       170.0        50.0      69.8      64.0
      125        417       0   0.001  0.145   1256     2.181          83.8       170.0        86.2      69.8      32.0
      125        377       0   0.001  0.021    160     2.594          10.0       170.0       160.0      69.8      26.9
      125        409       0   0.001  0.022    184     2.828          10.0       170.0       160.0      69.8      24.7
      125        391       0   0.001  0.108    840     4.362          44.3       170.0       125.7      69.8      16.0
      125        478       0   0.001  0.099   1008     2.378          79.2       170.0        90.8      69.8      29.3
      125        379       0   0.000  0.079   1040     2.000          90.0       170.0        80.0      69.8      34.9
      125        451       0   0.000  0.044    388     1.542          70.0       170.0        60.0      69.8      45.3
      125        464       0   0.000  0.020    176     1.000          50.0       170.0        40.0      69.8      69.8
      125        385       0   0.000  0.028    208     2.828          31.3       170.0        21.3      69.8      24.7
      125        482       0   0.000  0.041    320     1.682          80.0       170.0        70.0      69.8      41.5
      125        357       0   0.000  0.019    440     1.834          40.0       170.0       130.0      69.8      38.1
      125        404       0   0.000  0.005     44     1.189          20.0       170.0        10.0      69.8      58.7
      125        457       0   0.000  0.047    356     4.000          60.0       170.0       110.0      69.8      17.4
      125        455       0   0.000  0.031    248     2.378          80.0       170.0        70.0      69.8      29.3
      125        439       0   0.000  0.006     48     1.834          20.0       170.0       150.0      69.8      38.1
      125        397       0   0.000  0.011     80     2.594          30.0       170.0        20.0      69.8      26.9
      125        425       0   0.000  0.003     20     1.414          20.0       170.0        10.0      69.8      98.7
      125        374       0   0.000  0.003     20     3.084          30.0       170.0       140.0      69.8      22.6
      125        389       0   0.000  0.003     36     2.828          40.0       170.0       130.0      69.8      24.7
      125        381       0   0.000  0.002     12     3.364          20.0       170.0        10.0      69.8      20.7
      125        400       0   0.000  0.000      4     1.834          40.0       170.0       130.0      69.8      38.1
      125        360       0   0.000  0.000      0       nan           nan         nan         nan       nan       nan
      125        364       0   0.000  0.000      0       nan           nan         nan         nan       nan       nan
      125        367       0   0.000  0.000      0       nan           nan         nan         nan       nan       nan
      125        371       0   0.000  0.000      0       nan           nan         nan         nan       nan       nan
      125        372       0   0.000  0.000      0       nan           nan         nan         nan       nan       nan
      125        376       0   0.000  0.000      0       nan           nan         nan         nan       nan       nan
      125        382       0   0.000  0.000      0       nan           nan         nan         nan       nan       nan
      125        384       0   0.000  0.000      0       nan           nan         nan         nan       nan       nan
      125        387       0   0.000  0.000      0       nan           nan         nan         nan       nan       nan
      125        388       0   0.000  0.000      0       nan           nan         nan         nan       nan       nan
      125        390       0   0.000  0.000      0       nan           nan         nan         nan       nan       nan
      125        392       0   0.000  0.000      0       nan           nan         nan         nan       nan       nan
      125        393       0   0.000  0.000      0       nan           nan         nan         nan       nan       nan
      125        394       0   0.000  0.000      0       nan           nan         nan         nan       nan       nan
      125        396       0   0.000  0.000      0       nan           nan         nan         nan       nan       nan
      125        398       0   0.000  0.000      0       nan           nan         nan         nan       nan       nan
      125        399       0   0.000  0.000      0       nan           nan         nan         nan       nan       nan
      125        401       0   0.000  0.000      0       nan           nan         nan         nan       nan       nan
      125        402       0   0.000  0.000      0       nan           nan         nan         nan       nan       nan
      125        405       0   0.000  0.000      0       nan           nan         nan         nan       nan       nan
      125        407       0   0.000  0.000      0       nan           nan         nan         nan       nan       nan
      125        408       0   0.000  0.000      0       nan           nan         nan         nan       nan       nan
      125        410       0   0.000  0.000      0       nan           nan         nan         nan       nan       nan
      125        412       0   0.000  0.000      0       nan           nan         nan         nan       nan       nan
      125        413       0   0.000  0.000      0       nan           nan         nan         nan       nan       nan
      125        414       0   0.000  0.000      0       nan           nan         nan         nan       nan       nan
      125        415       0   0.000  0.000      0       nan           nan         nan         nan       nan       nan
      125        419       0   0.000  0.000      0       nan           nan         nan         nan       nan       nan
      125        420       0   0.000  0.000      0       nan           nan         nan         nan       nan       nan
      125        421       0   0.000  0.000      0       nan           nan         nan         nan       nan       nan
      125        422       0   0.000  0.000      0       nan           nan         nan         nan       nan       nan
      125        423       0   0.000  0.000      0       nan           nan         nan         nan       nan       nan
      125        424       0   0.000  0.000      0       nan           nan         nan         nan       nan       nan
      125        426       0   0.000  0.000      0       nan           nan         nan         nan       nan       nan
      125        427       0   0.000  0.000      0       nan           nan         nan         nan       nan       nan
      125        429       0   0.000  0.000      0       nan           nan         nan         nan       nan       nan
      125        430       0   0.000  0.000      0       nan           nan         nan         nan       nan       nan
      125        431       0   0.000  0.000      0       nan           nan         nan         nan       nan       nan
      125        432       0   0.000  0.000      0       nan           nan         nan         nan       nan       nan
      125        433       0   0.000  0.000      0       nan           nan         nan         nan       nan       nan
      125        434       0   0.000  0.000      0       nan           nan         nan         nan       nan       nan
      125        435       0   0.000  0.000      0       nan           nan         nan         nan       nan       nan
      125        436       0   0.000  0.000      0       nan           nan         nan         nan       nan       nan
      125        437       0   0.000  0.000      0       nan           nan         nan         nan       nan       nan
      125        438       0   0.000  0.000      0       nan           nan         nan         nan       nan       nan
      125        441       0   0.000  0.000      0       nan           nan         nan         nan       nan       nan
      125        442       0   0.000  0.000      0       nan           nan         nan         nan       nan       nan
      125        443       0   0.000  0.000      0       nan           nan         nan         nan       nan       nan
      125        444       0   0.000  0.000      0       nan           nan         nan         nan       nan       nan
      125        445       0   0.000  0.000      0       nan           nan         nan         nan       nan       nan
      125        446       0   0.000  0.000      0       nan           nan         nan         nan       nan       nan
      125        448       0   0.000  0.000      0       nan           nan         nan         nan       nan       nan
      125        449       0   0.000  0.000      0       nan           nan         nan         nan       nan       nan
      125        452       0   0.000  0.000      0       nan           nan         nan         nan       nan       nan
      125        453       0   0.000  0.000      0       nan           nan         nan         nan       nan       nan
      125        454       0   0.000  0.000      0       nan           nan         nan         nan       nan       nan
      125        456       0   0.000  0.000      0       nan           nan         nan         nan       nan       nan
      125        458       0   0.000  0.000      0       nan           nan         nan         nan       nan       nan
      125        459       0   0.000  0.000      0       nan           nan         nan         nan       nan       nan
      125        461       0   0.000  0.000      0       nan           nan         nan         nan       nan       nan
      125        463       0   0.000  0.000      0       nan           nan         nan         nan       nan       nan
      125        465       0   0.000  0.000      0       nan           nan         nan         nan       nan       nan
      125        466       0   0.000  0.000      0       nan           nan         nan         nan       nan       nan
      125        467       0   0.000  0.000      0       nan           nan         nan         nan       nan       nan
      125        468       0   0.000  0.000      0       nan           nan         nan         nan       nan       nan
      125        469       0   0.000  0.000      0       nan           nan         nan         nan       nan       nan
      125        470       0   0.000  0.000      0       nan           nan         nan         nan       nan       nan
      125        471       0   0.000  0.000      0       nan           nan         nan         nan       nan       nan
      125        472       0   0.000  0.000      0       nan           nan         nan         nan       nan       nan
      125        473       0   0.000  0.000      0       nan           nan         nan         nan       nan       nan
      125        474       0   0.000  0.000      0       nan           nan         nan         nan       nan       nan
      125        476       0   0.000  0.000      0       nan           nan         nan         nan       nan       nan
      125        477       0   0.000  0.000      0       nan           nan         nan         nan       nan       nan
      125        479       0   0.000  0.000      0       nan           nan         nan         nan       nan       nan
      125        480       0   0.000  0.000      0       nan           nan         nan         nan       nan       nan
      125        481       0   0.000  0.000      0       nan           nan         nan         nan       nan       nan
      125        484       0   0.000  0.000      0       nan           nan         nan         nan       nan       nan
      126        353       1   0.231  0.526  23864     1.091           1.1       161.2       162.2     117.4     107.6
      126        351       0   0.137  0.423  17472     2.181           0.4       161.6       161.1     117.4      53.8
      126        358       0   0.095  0.273   9200     1.542           0.9       161.3       162.2     117.4      76.1
      126        370       0   0.055  0.227   7336     2.378           0.7       160.5       159.8     117.4      49.4
      126        414       0   0.030  0.079   2504     2.378           0.1       160.0       159.9     117.4      49.4
      126        378       0   0.030  0.106   3384     1.682           1.1       161.1       160.0     117.4      69.8
      126        362       0   0.013  0.117   4012     3.084           2.0       161.9       159.9     117.4      38.1
      126        479       0   0.012  0.014    460     1.189           0.0       160.0       160.0     117.4      98.7
      126        366       0   0.011  0.064   2192     4.000           0.4       160.4       160.0     117.4      29.3
      126        354       0   0.011  0.307  13244     1.091          24.8       161.1       136.4     117.4     107.6
      126        435       0   0.011  0.088   2828     1.297           5.3       160.0       165.3     117.4      90.5
      126        355       0   0.009  0.223   7544     2.828           7.8       162.2       170.0     117.4      41.5
      126        365       0   0.009  0.249   8628     4.757           4.9       162.4       157.5     117.4      24.7
      126        363       0   0.007  0.305  10640     1.542          26.9       161.6         8.5     117.4      76.1
      126        428       0   0.006  0.053   1688     4.362           1.1       161.1       160.0     117.4      26.9
      126        449       0   0.005  0.036   1148     1.414           4.0       166.0       170.0     117.4      83.0
      126        375       0   0.005  0.181   5772     1.682          20.2       160.2       140.0     117.4      69.8
      126        352       0   0.005  0.262   9936     2.181          23.9       162.4         6.3     117.4      53.8
      126        361       0   0.005  0.186   7128     1.834          20.6       160.0       139.5     117.4      64.0
      126        424       0   0.004  0.039   1260     1.682           4.2       165.8       170.0     117.4      69.8
      126        356       0   0.004  0.025    816     2.000           2.1       167.9       170.0     117.4      58.7
      126        373       0   0.004  0.256   8368     5.657          10.6       161.9       151.3     117.4      20.7
      126        350       0   0.004  0.312  12612     4.000          20.0       161.7       141.6     117.4      29.3
      126        443       0   0.003  0.047   1528     2.828           4.6       160.0       155.4     117.4      41.5
      126        383       0   0.003  0.087   3004     6.169           4.3       164.9       160.6     117.4      19.0
      126        403       0   0.002  0.094   2992     3.668          10.0       160.0       150.0     117.4      32.0
      126        357       0   0.002  0.219   8640     3.084          29.9       162.5       132.5     117.4      38.1
      126        395       0   0.002  0.078   2564     3.084          10.0       160.0       170.0     117.4      38.1
      126        368       0   0.002  0.173   5812     1.682          43.8       161.3        25.1     117.4      69.8
      126        380       0   0.002  0.068   2204     1.834          17.4       163.7         1.1     117.4      64.0
      126        409       0   0.002  0.008    272     4.362           0.0       160.0       160.0     117.4      26.9
      126        441       0   0.002  0.036   1176     1.542          12.1       167.9         0.0     117.4      76.1
      126        437       0   0.001  0.031   1028     6.169           2.4       160.0       157.6     117.4      19.0
      126        453       0   0.001  0.048   1548     1.414          22.7       167.3        10.0     117.4      83.0
      126        459       0   0.001  0.034   1084     2.181          10.0       160.0       170.0     117.4      53.8
      126        371       0   0.001  0.098   3584     2.594          35.6       165.6       130.0     117.4      45.3
      126        475       0   0.001  0.044   1416     4.000          10.0       160.0       170.0     117.4      29.3
      126        406       0   0.001  0.029    976     1.000          29.0       160.1         9.1     117.4     117.4
      126        404       0   0.001  0.049   1552     2.000          25.3       164.7        10.0     117.4      58.7
      126        408       0   0.001  0.076   2428     4.362          18.0       162.0         0.0     117.4      26.9
      126        389       0   0.001  0.108   3452     5.187          24.1       160.5       136.4     117.4      22.6
      126        422       0   0.001  0.086   2744     3.364          30.1       160.0       129.9     117.4      34.9
      126        359       0   0.001  0.101   3584     4.757          26.4       162.7         9.1     117.4      24.7
      126        369       0   0.001  0.049   1552     3.668          18.3       161.7         0.0     117.4      32.0
      126        386       0   0.001  0.040   1280     6.169           8.7       160.0       151.3     117.4      19.0
      126        439       0   0.001  0.025    828     3.084          11.6       161.6       150.0     117.4      38.1
      126        390       0   0.001  0.111   3600     5.657          33.0       163.3       130.3     117.4      20.7
      126        450       0   0.001  0.039   1264     1.414          49.3       160.7        30.0     117.4      83.0
      126        460       0   0.001  0.071   2256     3.084          41.3       160.0       118.7     117.4      38.1
      126        462       0   0.001  0.047   1488     4.000          21.6       161.1         2.7     117.4      29.3
      126        416       0   0.001  0.077   2460     3.668          39.9       160.0       120.1     117.4      32.0
      126        382       0   0.000  0.029    960     5.187          10.3       169.7         0.0     117.4      22.6
      126        399       0   0.000  0.056   1792     6.727          16.3       164.8       148.5     117.4      17.4
      126        387       0   0.000  0.057   2224     1.542          79.0       169.0        90.0     117.4      76.1
      126        372       0   0.000  0.037   1340     2.181          39.4       169.4       130.0     117.4      53.8
      126        426       0   0.000  0.099   3256     6.169          37.4       164.3       126.9     117.4      19.0
      126        379       0   0.000  0.104   3676     3.364          88.1       163.7        75.7     117.4      34.9
      126        478       0   0.000  0.091   2988     4.000          66.7       163.2        96.4     117.4      29.3
      126        452       0   0.000  0.049   1616     1.834          78.7       168.7        90.0     117.4      64.0
      126        411       0   0.000  0.060   1948     4.000          48.3       160.3       112.0     117.4      29.3
      126        451       0   0.000  0.059   1876     2.594          74.3       162.5        56.8     117.4      45.3
      126        384       0   0.000  0.051   1716     5.657          29.0       169.0       140.0     117.4      20.7
      126        417       0   0.000  0.070   2268     3.084          76.1       160.4        84.3     117.4      38.1
      126        483       0   0.000  0.018    572     1.682          40.0       160.0       120.0     117.4      69.8
      126        401       0   0.000  0.020    648     4.000          20.0       160.0         0.0     117.4      29.3
      126        466       0   0.000  0.032   1052     2.000          72.3       162.3        90.0     117.4      58.7
      126        396       0   0.000  0.049   1576     4.000          57.9       169.3       111.3     117.4      29.3
      126        458       0   0.000  0.028    932     2.594          53.3       160.0       106.7     117.4      45.3
      126        418       0   0.000  0.026    836     3.364          38.3       161.1       122.9     117.4      34.9
      126        398       0   0.000  0.027    984     2.000          84.4       164.4        80.0     117.4      58.7
      126        419       0   0.000  0.007    240     4.362           9.8       170.0       160.2     117.4      26.9
      126        438       0   0.000  0.008    260     4.757          10.0       160.0       170.0     117.4      24.7
      126        391       0   0.000  0.038   1216     7.336          33.4       160.0       126.6     117.4      16.0
      126        420       0   0.000  0.017    552     5.657          20.0       170.0        10.0     117.4      20.7
      126        440       0   0.000  0.016    504     1.834          60.9       169.1        50.0     117.4      64.0
      126        456       0   0.000  0.006    212     4.362          10.0       170.0         0.0     117.4      26.9
      126        482       0   0.000  0.029    940     2.828          89.3       160.7        70.0     117.4      41.5
      126        455       0   0.000  0.034   1076     4.000          89.5       160.5        70.0     117.4      29.3
      126        400       0   0.000  0.006    216     3.084          31.7       161.8       130.2     117.4      38.1
      126        457       0   0.000  0.019    600     6.727          50.0       160.0       110.0     117.4      17.4
      126        425       0   0.000  0.001     20     1.189          30.0       160.0        10.0     117.4      98.7
      126        473       0   0.000  0.001     20     2.828          20.0       170.0       150.0     117.4      41.5
      126        464       0   0.000  0.001     24     1.682          60.0       160.0        40.0     117.4      69.8
      126        447       0   0.000  0.001     32     6.169          30.0       160.0        10.0     117.4      19.0
      126        374       0   0.000  0.001     20     5.187          30.0       170.0       140.0     117.4      22.6
      126        381       0   0.000  0.000     12     5.657          20.0       170.0        10.0     117.4      20.7
      126        360       0   0.000  0.000      0       nan           nan         nan         nan       nan       nan
      126        364       0   0.000  0.000      0       nan           nan         nan         nan       nan       nan
      126        367       0   0.000  0.000      0       nan           nan         nan         nan       nan       nan
      126        376       0   0.000  0.000      0       nan           nan         nan         nan       nan       nan
      126        377       0   0.000  0.000      0       nan           nan         nan         nan       nan       nan
      126        385       0   0.000  0.000      0       nan           nan         nan         nan       nan       nan
      126        388       0   0.000  0.000      0       nan           nan         nan         nan       nan       nan
      126        392       0   0.000  0.000      0       nan           nan         nan         nan       nan       nan
      126        393       0   0.000  0.000      0       nan           nan         nan         nan       nan       nan
      126        394       0   0.000  0.000      0       nan           nan         nan         nan       nan       nan
      126        397       0   0.000  0.000      0       nan           nan         nan         nan       nan       nan
      126        402       0   0.000  0.000      0       nan           nan         nan         nan       nan       nan
      126        405       0   0.000  0.000      0       nan           nan         nan         nan       nan       nan
      126        407       0   0.000  0.000      0       nan           nan         nan         nan       nan       nan
      126        410       0   0.000  0.000      0       nan           nan         nan         nan       nan       nan
      126        412       0   0.000  0.000      0       nan           nan         nan         nan       nan       nan
      126        413       0   0.000  0.000      0       nan           nan         nan         nan       nan       nan
      126        415       0   0.000  0.000      0       nan           nan         nan         nan       nan       nan
      126        421       0   0.000  0.000      0       nan           nan         nan         nan       nan       nan
      126        423       0   0.000  0.000      0       nan           nan         nan         nan       nan       nan
      126        427       0   0.000  0.000      0       nan           nan         nan         nan       nan       nan
      126        429       0   0.000  0.000      0       nan           nan         nan         nan       nan       nan
      126        430       0   0.000  0.000      0       nan           nan         nan         nan       nan       nan
      126        431       0   0.000  0.000      0       nan           nan         nan         nan       nan       nan
      126        432       0   0.000  0.000      0       nan           nan         nan         nan       nan       nan
      126        433       0   0.000  0.000      0       nan           nan         nan         nan       nan       nan
      126        434       0   0.000  0.000      0       nan           nan         nan         nan       nan       nan
      126        436       0   0.000  0.000      0       nan           nan         nan         nan       nan       nan
      126        442       0   0.000  0.000      0       nan           nan         nan         nan       nan       nan
      126        444       0   0.000  0.000      0       nan           nan         nan         nan       nan       nan
      126        445       0   0.000  0.000      0       nan           nan         nan         nan       nan       nan
      126        446       0   0.000  0.000      0       nan           nan         nan         nan       nan       nan
      126        448       0   0.000  0.000      0       nan           nan         nan         nan       nan       nan
      126        454       0   0.000  0.000      0       nan           nan         nan         nan       nan       nan
      126        461       0   0.000  0.000      0       nan           nan         nan         nan       nan       nan
      126        463       0   0.000  0.000      0       nan           nan         nan         nan       nan       nan
      126        465       0   0.000  0.000      0       nan           nan         nan         nan       nan       nan
      126        467       0   0.000  0.000      0       nan           nan         nan         nan       nan       nan
      126        468       0   0.000  0.000      0       nan           nan         nan         nan       nan       nan
      126        469       0   0.000  0.000      0       nan           nan         nan         nan       nan       nan
      126        470       0   0.000  0.000      0       nan           nan         nan         nan       nan       nan
      126        471       0   0.000  0.000      0       nan           nan         nan         nan       nan       nan
      126        472       0   0.000  0.000      0       nan           nan         nan         nan       nan       nan
      126        474       0   0.000  0.000      0       nan           nan         nan         nan       nan       nan
      126        476       0   0.000  0.000      0       nan           nan         nan         nan       nan       nan
      126        477       0   0.000  0.000      0       nan           nan         nan         nan       nan       nan
      126        480       0   0.000  0.000      0       nan           nan         nan         nan       nan       nan
      126        481       0   0.000  0.000      0       nan           nan         nan         nan       nan       nan
      126        484       0   0.000  0.000      0       nan           nan         nan         nan       nan       nan
      127        350       0   0.000  0.000      0       nan           nan         nan         nan       nan       nan
      127        351       0   0.000  0.000      0       nan           nan         nan         nan       nan       nan
      127        352       0   0.000  0.000      0       nan           nan         nan         nan       nan       nan
      127        353       0   0.000  0.000      0       nan           nan         nan         nan       nan       nan
      127        354       0   0.000  0.000      0       nan           nan         nan         nan       nan       nan
      127        355       0   0.000  0.000      0       nan           nan         nan         nan       nan       nan
      127        356       0   0.000  0.000      0       nan           nan         nan         nan       nan       nan
      127        357       0   0.000  0.000      0       nan           nan         nan         nan       nan       nan
      127        358       0   0.000  0.000      0       nan           nan         nan         nan       nan       nan
      127        359       0   0.000  0.000      0       nan           nan         nan         nan       nan       nan
      127        360       0   0.000  0.000      0       nan           nan         nan         nan       nan       nan
      127        361       0   0.000  0.000      0       nan           nan         nan         nan       nan       nan
      127        362       0   0.000  0.000      0       nan           nan         nan         nan       nan       nan
      127        363       0   0.000  0.000      0       nan           nan         nan         nan       nan       nan
      127        364       0   0.000  0.000      0       nan           nan         nan         nan       nan       nan
      127        365       0   0.000  0.000      0       nan           nan         nan         nan       nan       nan
      127        366       0   0.000  0.000      0       nan           nan         nan         nan       nan       nan
      127        367       0   0.000  0.000      0       nan           nan         nan         nan       nan       nan
      127        368       0   0.000  0.000      0       nan           nan         nan         nan       nan       nan
      127        369       0   0.000  0.000      0       nan           nan         nan         nan       nan       nan
      127        370       0   0.000  0.000      0       nan           nan         nan         nan       nan       nan
      127        371       0   0.000  0.000      0       nan           nan         nan         nan       nan       nan
      127        372       0   0.000  0.000      0       nan           nan         nan         nan       nan       nan
      127        373       0   0.000  0.000      0       nan           nan         nan         nan       nan       nan
      127        374       0   0.000  0.000      0       nan           nan         nan         nan       nan       nan
      127        375       0   0.000  0.000      0       nan           nan         nan         nan       nan       nan
      127        376       0   0.000  0.000      0       nan           nan         nan         nan       nan       nan
      127        377       0   0.000  0.000      0       nan           nan         nan         nan       nan       nan
      127        378       0   0.000  0.000      0       nan           nan         nan         nan       nan       nan
      127        379       0   0.000  0.000      0       nan           nan         nan         nan       nan       nan
      127        380       0   0.000  0.000      0       nan           nan         nan         nan       nan       nan
      127        381       0   0.000  0.000      0       nan           nan         nan         nan       nan       nan
      127        382       0   0.000  0.000      0       nan           nan         nan         nan       nan       nan
      127        383       0   0.000  0.000      0       nan           nan         nan         nan       nan       nan
      127        384       0   0.000  0.000      0       nan           nan         nan         nan       nan       nan
      127        385       0   0.000  0.000      0       nan           nan         nan         nan       nan       nan
      127        386       0   0.000  0.000      0       nan           nan         nan         nan       nan       nan
      127        387       0   0.000  0.000      0       nan           nan         nan         nan       nan       nan
      127        388       0   0.000  0.000      0       nan           nan         nan         nan       nan       nan
      127        389       0   0.000  0.000      0       nan           nan         nan         nan       nan       nan
      127        390       0   0.000  0.000      0       nan           nan         nan         nan       nan       nan
      127        391       0   0.000  0.000      0       nan           nan         nan         nan       nan       nan
      127        392       0   0.000  0.000      0       nan           nan         nan         nan       nan       nan
      127        393       0   0.000  0.000      0       nan           nan         nan         nan       nan       nan
      127        394       0   0.000  0.000      0       nan           nan         nan         nan       nan       nan
      127        395       0   0.000  0.000      0       nan           nan         nan         nan       nan       nan
      127        396       0   0.000  0.000      0       nan           nan         nan         nan       nan       nan
      127        397       0   0.000  0.000      0       nan           nan         nan         nan       nan       nan
      127        398       0   0.000  0.000      0       nan           nan         nan         nan       nan       nan
      127        399       0   0.000  0.000      0       nan           nan         nan         nan       nan       nan
      127        400       0   0.000  0.000      0       nan           nan         nan         nan       nan       nan
      127        401       0   0.000  0.000      0       nan           nan         nan         nan       nan       nan
      127        402       0   0.000  0.000      0       nan           nan         nan         nan       nan       nan
      127        403       0   0.000  0.000      0       nan           nan         nan         nan       nan       nan
      127        404       0   0.000  0.000      0       nan           nan         nan         nan       nan       nan
      127        405       0   0.000  0.000      0       nan           nan         nan         nan       nan       nan
      127        406       0   0.000  0.000      0       nan           nan         nan         nan       nan       nan
      127        407       0   0.000  0.000      0       nan           nan         nan         nan       nan       nan
      127        408       0   0.000  0.000      0       nan           nan         nan         nan       nan       nan
      127        409       0   0.000  0.000      0       nan           nan         nan         nan       nan       nan
      127        410       0   0.000  0.000      0       nan           nan         nan         nan       nan       nan
      127        411       0   0.000  0.000      0       nan           nan         nan         nan       nan       nan
      127        412       0   0.000  0.000      0       nan           nan         nan         nan       nan       nan
      127        413       0   0.000  0.000      0       nan           nan         nan         nan       nan       nan
      127        414       0   0.000  0.000      0       nan           nan         nan         nan       nan       nan
      127        415       0   0.000  0.000      0       nan           nan         nan         nan       nan       nan
      127        416       0   0.000  0.000      0       nan           nan         nan         nan       nan       nan
      127        417       0   0.000  0.000      0       nan           nan         nan         nan       nan       nan
      127        418       0   0.000  0.000      0       nan           nan         nan         nan       nan       nan
      127        419       0   0.000  0.000      0       nan           nan         nan         nan       nan       nan
      127        420       0   0.000  0.000      0       nan           nan         nan         nan       nan       nan
      127        421       0   0.000  0.000      0       nan           nan         nan         nan       nan       nan
      127        422       0   0.000  0.000      0       nan           nan         nan         nan       nan       nan
      127        423       0   0.000  0.000      0       nan           nan         nan         nan       nan       nan
      127        424       0   0.000  0.000      0       nan           nan         nan         nan       nan       nan
      127        425       0   0.000  0.000      0       nan           nan         nan         nan       nan       nan
      127        426       0   0.000  0.000      0       nan           nan         nan         nan       nan       nan
      127        427       0   0.000  0.000      0       nan           nan         nan         nan       nan       nan
      127        428       0   0.000  0.000      0       nan           nan         nan         nan       nan       nan
      127        429       0   0.000  0.000      0       nan           nan         nan         nan       nan       nan
      127        430       0   0.000  0.000      0       nan           nan         nan         nan       nan       nan
      127        431       0   0.000  0.000      0       nan           nan         nan         nan       nan       nan
      127        432       0   0.000  0.000      0       nan           nan         nan         nan       nan       nan
      127        433       0   0.000  0.000      0       nan           nan         nan         nan       nan       nan
      127        434       0   0.000  0.000      0       nan           nan         nan         nan       nan       nan
      127        435       0   0.000  0.000      0       nan           nan         nan         nan       nan       nan
      127        436       0   0.000  0.000      0       nan           nan         nan         nan       nan       nan
      127        437       0   0.000  0.000      0       nan           nan         nan         nan       nan       nan
      127        438       0   0.000  0.000      0       nan           nan         nan         nan       nan       nan
      127        439       0   0.000  0.000      0       nan           nan         nan         nan       nan       nan
      127        440       0   0.000  0.000      0       nan           nan         nan         nan       nan       nan
      127        441       0   0.000  0.000      0       nan           nan         nan         nan       nan       nan
      127        442       0   0.000  0.000      0       nan           nan         nan         nan       nan       nan
      127        443       0   0.000  0.000      0       nan           nan         nan         nan       nan       nan
      127        444       0   0.000  0.000      0       nan           nan         nan         nan       nan       nan
      127        445       0   0.000  0.000      0       nan           nan         nan         nan       nan       nan
      127        446       0   0.000  0.000      0       nan           nan         nan         nan       nan       nan
      127        447       0   0.000  0.000      0       nan           nan         nan         nan       nan       nan
      127        448       0   0.000  0.000      0       nan           nan         nan         nan       nan       nan
      127        449       0   0.000  0.000      0       nan           nan         nan         nan       nan       nan
      127        450       0   0.000  0.000      0       nan           nan         nan         nan       nan       nan
      127        451       0   0.000  0.000      0       nan           nan         nan         nan       nan       nan
      127        452       0   0.000  0.000      0       nan           nan         nan         nan       nan       nan
      127        453       0   0.000  0.000      0       nan           nan         nan         nan       nan       nan
      127        454       0   0.000  0.000      0       nan           nan         nan         nan       nan       nan
      127        455       0   0.000  0.000      0       nan           nan         nan         nan       nan       nan
      127        456       0   0.000  0.000      0       nan           nan         nan         nan       nan       nan
      127        457       0   0.000  0.000      0       nan           nan         nan         nan       nan       nan
      127        458       0   0.000  0.000      0       nan           nan         nan         nan       nan       nan
      127        459       0   0.000  0.000      0       nan           nan         nan         nan       nan       nan
      127        460       0   0.000  0.000      0       nan           nan         nan         nan       nan       nan
      127        461       0   0.000  0.000      0       nan           nan         nan         nan       nan       nan
      127        462       0   0.000  0.000      0       nan           nan         nan         nan       nan       nan
      127        463       0   0.000  0.000      0       nan           nan         nan         nan       nan       nan
      127        464       0   0.000  0.000      0       nan           nan         nan         nan       nan       nan
      127        465       0   0.000  0.000      0       nan           nan         nan         nan       nan       nan
      127        466       0   0.000  0.000      0       nan           nan         nan         nan       nan       nan
      127        467       0   0.000  0.000      0       nan           nan         nan         nan       nan       nan
      127        468       0   0.000  0.000      0       nan           nan         nan         nan       nan       nan
      127        469       0   0.000  0.000      0       nan           nan         nan         nan       nan       nan
      127        470       0   0.000  0.000      0       nan           nan         nan         nan       nan       nan
      127        471       0   0.000  0.000      0       nan           nan         nan         nan       nan       nan
      127        472       0   0.000  0.000      0       nan           nan         nan         nan       nan       nan
      127        473       0   0.000  0.000      0       nan           nan         nan         nan       nan       nan
      127        474       0   0.000  0.000      0       nan           nan         nan         nan       nan       nan
      127        475       0   0.000  0.000      0       nan           nan         nan         nan       nan       nan
      127        476       0   0.000  0.000      0       nan           nan         nan         nan       nan       nan
      127        477       0   0.000  0.000      0       nan           nan         nan         nan       nan       nan
      127        478       0   0.000  0.000      0       nan           nan         nan         nan       nan       nan
      127        479       0   0.000  0.000      0       nan           nan         nan         nan       nan       nan
      127        480       0   0.000  0.000      0       nan           nan         nan         nan       nan       nan
      127        481       0   0.000  0.000      0       nan           nan         nan         nan       nan       nan
      127        482       0   0.000  0.000      0       nan           nan         nan         nan       nan       nan
      127        483       0   0.000  0.000      0       nan           nan         nan         nan       nan       nan
      127        484       0   0.000  0.000      0       nan           nan         nan         nan       nan       nan
      128        478       1   0.040  0.313   2668     1.000           6.8       102.8        96.0      29.3      29.3
      128        411       1   0.028  0.232   1828     1.091           6.7       108.1       114.8      29.3      32.0
      128        423       0   0.025  0.070    564     2.828           0.0       100.0       100.0      41.5     117.4
      128        417       0   0.013  0.314   2364     1.189          18.9       104.5        85.5      29.3      34.9
      128        460       0   0.012  0.018    168     1.189           0.2       119.8       120.0      26.9      32.0
      128        457       0   0.009  0.082    592     1.542           4.9       114.9       110.0      26.9      17.4
      128        350       0   0.009  0.285   6304     1.000          31.5       105.6       137.2      29.3      29.3
      128        400       0   0.007  0.216   1912     1.000          29.3       100.7       130.0      41.5      41.5
      128        366       0   0.007  0.369   3188     1.091          51.1       108.9       160.0      26.9      29.3
      128        379       0   0.006  0.197   2340     1.189          26.9       105.7        78.8      29.3      34.9
      128        361       0   0.006  0.421   6180     2.000          34.9       104.5       139.4      29.3      58.7
      128        418       0   0.006  0.103    756     1.000          17.0       106.1       123.2      34.9      34.9
      128        387       0   0.005  0.103   1536     2.000           8.8       101.2        92.5      41.5      83.0
      128        391       0   0.005  0.188   1368     1.834          21.6       105.6       127.1      29.3      16.0
      128        359       0   0.004  0.423   4264     1.189          88.5       104.3        12.7      29.3      34.9
      128        371       0   0.003  0.108   1500     1.091          28.9       101.1       130.0      41.5      45.3
      128        352       0   0.003  0.413   6780     1.682          76.0       105.4         1.5      29.3      49.4
      128        439       0   0.003  0.168   1248     1.189          44.4       105.6       150.0      32.0      38.1
      128        395       0   0.003  0.263   2272     1.297          64.4       105.6       170.0      29.3      38.1
      128        362       0   0.003  0.196   2256     1.297          50.7       109.3       160.0      29.3      38.1
      128        409       0   0.003  0.195   1416     1.091          60.5       103.3       163.7      29.3      26.9
      128        354       0   0.003  0.295   7248     4.000          25.7       105.1       130.8      29.3     117.4
      128        455       0   0.003  0.117    872     1.091          41.1       111.1        70.0      26.9      29.3
      128        351       0   0.002  0.255   6928     1.834          56.2       105.3       161.5      29.3      53.8
      128        368       0   0.002  0.444   4568     2.378          77.8       106.1        28.3      29.3      69.8
      128        383       0   0.002  0.240   2492     1.542          67.3       102.6       170.0      29.3      19.0
      128        355       0   0.002  0.201   2800     1.414          62.5       107.5       170.0      29.3      41.5
      128        372       0   0.002  0.070    828     1.297          30.0       100.0       130.0      41.5      53.8
      128        358       0   0.002  0.244   3580     2.594          53.6       106.4       160.0      29.3      76.1
      128        363       0   0.002  0.348   5388     2.594          81.8       105.3        23.5      29.3      76.1
      128        365       0   0.002  0.143   2336     1.414          63.2       102.2       165.4      29.3      20.7
      128        483       0   0.002  0.106    780     2.378          27.5        92.5       120.0      29.3      69.8
      128        428       0   0.002  0.066    552     1.000          41.2       118.8       160.0      26.9      26.9
      128        357       0   0.001  0.064   1408     1.091          39.3       100.6       139.9      41.5      45.3
      128        482       0   0.001  0.101    752     1.542          47.0       117.0        70.0      26.9      41.5
      128        464       0   0.001  0.200   1464     2.378          66.8       106.8        40.0      29.3      69.8
      128        370       0   0.001  0.110   1480     1.834          47.3       111.1       158.4      26.9      49.4
      128        353       0   0.001  0.194   7248     3.084          51.2       105.1       156.3      29.3      90.5
      128        450       0   0.001  0.241   1780     2.828          71.7       103.4        31.6      29.3      83.0
      128        451       0   0.001  0.115    940     1.682          57.6       117.0        59.4      26.9      45.3
      128        373       0   0.001  0.063    972     1.189          51.6       108.4       160.0      26.9      22.6
      128        426       0   0.001  0.046    508     2.181          20.0       100.0       120.0      41.5      19.0
      128        447       0   0.001  0.081    604     1.297          71.2       113.4         4.6      24.7      19.0
      128        406       0   0.001  0.275   2064     4.000          81.9       104.4         6.2      29.3     117.4
      128        380       0   0.001  0.122   1096     2.181          69.3       110.7         0.0      29.3      64.0
      128        384       0   0.000  0.025    260     1.542          32.8       100.0       132.8      41.5      26.9
      128        403       0   0.000  0.018    180     1.189          36.9       113.1       150.0      38.1      32.0
      128        369       0   0.000  0.030    256     1.189          70.0       110.0         0.0      38.1      32.0
      128        462       0   0.000  0.033    280     1.297          71.9       111.7         3.6      38.1      29.3
      128        385       0   0.000  0.027    196     1.000          80.8       120.0        20.8      24.7      24.7
      128        416       0   0.000  0.004     40     1.189          10.0       120.0       110.0      26.9      32.0
      128        475       0   0.000  0.024    200     1.297          59.2       110.8       170.0      38.1      29.3
      128        375       0   0.000  0.015    196     2.594          21.6       118.4       140.0      26.9      69.8
      128        441       0   0.000  0.031    268     1.834          79.6       100.4         0.0      41.5      76.1
      128        377       0   0.000  0.006     44     1.091          40.0       120.0       160.0      24.7      26.9
      128        397       0   0.000  0.011     80     1.091          80.0       120.0        20.0      24.7      26.9
      128        404       0   0.000  0.019    168     2.000          76.6       113.4        10.0      29.3      58.7
      128        449       0   0.000  0.022    180     2.828          62.6       107.4       170.0      29.3      83.0
      128        419       0   0.000  0.010     84     1.542          60.0       100.0       160.0      41.5      26.9
      128        356       0   0.000  0.006     48     1.297          60.0       110.0       170.0      38.1      49.4
      128        378       0   0.000  0.007     72     2.378          47.2       112.8       160.0      29.3      69.8
      128        424       0   0.000  0.009     76     2.378          63.7       106.3       170.0      29.3      69.8
      128        382       0   0.000  0.007     64     2.000          80.0       100.0         0.0      45.3      22.6
      128        420       0   0.000  0.004     36     2.181          90.0       100.0        10.0      45.3      20.7
      128        453       0   0.000  0.005     40     2.828          80.0       110.0        10.0      29.3      83.0
      128        445       0   0.000  0.000      4     1.542          20.0       100.0       120.0      45.3      69.8
      128        425       0   0.000  0.003     20     3.084          80.0        90.0        10.0      32.0      98.7
      128        360       0   0.000  0.000      0       nan           nan         nan         nan       nan       nan
      128        364       0   0.000  0.000      0       nan           nan         nan         nan       nan       nan
      128        367       0   0.000  0.000      0       nan           nan         nan         nan       nan       nan
      128        374       0   0.000  0.000      0       nan           nan         nan         nan       nan       nan
      128        376       0   0.000  0.000      0       nan           nan         nan         nan       nan       nan
      128        381       0   0.000  0.000      0       nan           nan         nan         nan       nan       nan
      128        386       0   0.000  0.000      0       nan           nan         nan         nan       nan       nan
      128        388       0   0.000  0.000      0       nan           nan         nan         nan       nan       nan
      128        389       0   0.000  0.000      0       nan           nan         nan         nan       nan       nan
      128        390       0   0.000  0.000      0       nan           nan         nan         nan       nan       nan
      128        392       0   0.000  0.000      0       nan           nan         nan         nan       nan       nan
      128        393       0   0.000  0.000      0       nan           nan         nan         nan       nan       nan
      128        394       0   0.000  0.000      0       nan           nan         nan         nan       nan       nan
      128        396       0   0.000  0.000      0       nan           nan         nan         nan       nan       nan
      128        398       0   0.000  0.000      0       nan           nan         nan         nan       nan       nan
      128        399       0   0.000  0.000      0       nan           nan         nan         nan       nan       nan
      128        401       0   0.000  0.000      0       nan           nan         nan         nan       nan       nan
      128        402       0   0.000  0.000      0       nan           nan         nan         nan       nan       nan
      128        405       0   0.000  0.000      0       nan           nan         nan         nan       nan       nan
      128        407       0   0.000  0.000      0       nan           nan         nan         nan       nan       nan
      128        408       0   0.000  0.000      0       nan           nan         nan         nan       nan       nan
      128        410       0   0.000  0.000      0       nan           nan         nan         nan       nan       nan
      128        412       0   0.000  0.000      0       nan           nan         nan         nan       nan       nan
      128        413       0   0.000  0.000      0       nan           nan         nan         nan       nan       nan
      128        414       0   0.000  0.000      0       nan           nan         nan         nan       nan       nan
      128        415       0   0.000  0.000      0       nan           nan         nan         nan       nan       nan
      128        421       0   0.000  0.000      0       nan           nan         nan         nan       nan       nan
      128        422       0   0.000  0.000      0       nan           nan         nan         nan       nan       nan
      128        427       0   0.000  0.000      0       nan           nan         nan         nan       nan       nan
      128        429       0   0.000  0.000      0       nan           nan         nan         nan       nan       nan
      128        430       0   0.000  0.000      0       nan           nan         nan         nan       nan       nan
      128        431       0   0.000  0.000      0       nan           nan         nan         nan       nan       nan
      128        432       0   0.000  0.000      0       nan           nan         nan         nan       nan       nan
      128        433       0   0.000  0.000      0       nan           nan         nan         nan       nan       nan
      128        434       0   0.000  0.000      0       nan           nan         nan         nan       nan       nan
      128        435       0   0.000  0.000      0       nan           nan         nan         nan       nan       nan
      128        436       0   0.000  0.000      0       nan           nan         nan         nan       nan       nan
      128        437       0   0.000  0.000      0       nan           nan         nan         nan       nan       nan
      128        438       0   0.000  0.000      0       nan           nan         nan         nan       nan       nan
      128        440       0   0.000  0.000      0       nan           nan         nan         nan       nan       nan
      128        442       0   0.000  0.000      0       nan           nan         nan         nan       nan       nan
      128        443       0   0.000  0.000      0       nan           nan         nan         nan       nan       nan
      128        444       0   0.000  0.000      0       nan           nan         nan         nan       nan       nan
      128        446       0   0.000  0.000      0       nan           nan         nan         nan       nan       nan
      128        448       0   0.000  0.000      0       nan           nan         nan         nan       nan       nan
      128        452       0   0.000  0.000      0       nan           nan         nan         nan       nan       nan
      128        454       0   0.000  0.000      0       nan           nan         nan         nan       nan       nan
      128        456       0   0.000  0.000      0       nan           nan         nan         nan       nan       nan
      128        458       0   0.000  0.000      0       nan           nan         nan         nan       nan       nan
      128        459       0   0.000  0.000      0       nan           nan         nan         nan       nan       nan
      128        461       0   0.000  0.000      0       nan           nan         nan         nan       nan       nan
      128        463       0   0.000  0.000      0       nan           nan         nan         nan       nan       nan
      128        465       0   0.000  0.000      0       nan           nan         nan         nan       nan       nan
      128        466       0   0.000  0.000      0       nan           nan         nan         nan       nan       nan
      128        467       0   0.000  0.000      0       nan           nan         nan         nan       nan       nan
      128        468       0   0.000  0.000      0       nan           nan         nan         nan       nan       nan
      128        469       0   0.000  0.000      0       nan           nan         nan         nan       nan       nan
      128        470       0   0.000  0.000      0       nan           nan         nan         nan       nan       nan
      128        471       0   0.000  0.000      0       nan           nan         nan         nan       nan       nan
      128        472       0   0.000  0.000      0       nan           nan         nan         nan       nan       nan
      128        473       0   0.000  0.000      0       nan           nan         nan         nan       nan       nan
      128        474       0   0.000  0.000      0       nan           nan         nan         nan       nan       nan
      128        476       0   0.000  0.000      0       nan           nan         nan         nan       nan       nan
      128        477       0   0.000  0.000      0       nan           nan         nan         nan       nan       nan
      128        479       0   0.000  0.000      0       nan           nan         nan         nan       nan       nan
      128        480       0   0.000  0.000      0       nan           nan         nan         nan       nan       nan
      128        481       0   0.000  0.000      0       nan           nan         nan         nan       nan       nan
      128        484       0   0.000  0.000      0       nan           nan         nan         nan       nan       nan
