cluster_a  cluster_c  passes  score    iou    inter  lam_ratio  ang_diff_deg  thetaA_deg  thetaC_deg  lamA_med  lamC_med
        0          1       1   0.521  0.621  35508     1.000           0.2        99.6        99.4      41.5      41.5
        0          5       0   0.133  0.481  26784     1.414           1.6        98.0        96.4      41.5      29.3
        0          4       1   0.066  0.088   3392     1.091           0.2       101.0       100.7      38.1      34.9
        0          6       0   0.063  0.323  21872     2.000           1.6        97.8        99.4      45.3      90.5
        0         18       0   0.052  0.312  14368     1.414           3.2        96.8       100.0      41.5      58.7
        0         12       0   0.024  0.190   7480     1.542           4.2        98.3       102.5      41.5      26.9
        0          2       0   0.019  0.441  19504     1.189          18.7        99.9       118.6      41.5      49.4
        0          3       0   0.017  0.379  20304     1.682          11.9        97.2        85.3      45.3      76.1
        0         24       0   0.016  0.149   5700     1.297           6.3       102.1        95.8      64.0      49.4
        0         79       0   0.014  0.143   5568     2.000           4.1        95.9       100.0      45.3      22.6
        0         14       0   0.012  0.151  10712     2.000           5.1        94.9        89.8      41.5      83.0
        0         25       0   0.012  0.292  14592     1.414          15.9        98.3       114.1      45.3      64.0
        0         36       0   0.009  0.105   4012     1.682           5.8        94.2       100.0      45.3      76.1
        0        124       0   0.009  0.124   5040     1.682           7.4        97.4        90.0      32.0      53.8
        0         55       0   0.008  0.133   5084     1.297          11.3       100.6        89.2      41.5      32.0
        0         41       0   0.008  0.161   7004     1.000          18.9       102.8        83.8      41.5      41.5
        0         37       0   0.008  0.203   7760     1.542          16.4        93.6       110.0      45.3      69.8
        0          7       0   0.008  0.194   7688     2.181          10.9        98.4        87.5      49.4      22.6
        0         35       0   0.007  0.383  15320     1.542          34.3        95.7       130.0      45.3      29.3
        0        140       0   0.007  0.030   1152     1.414           2.2       107.8       110.0      41.5      29.3
        0         88       0   0.007  0.134   5128     1.542          12.2        92.2        80.0      49.4      32.0
        0        113       0   0.006  0.094   3752     1.834           7.0       101.8       108.8      41.5      22.6
        0         28       0   0.006  0.279  11200     1.091          42.2        99.5       141.7      41.5      38.1
        0        156       0   0.006  0.053   2036     1.682           4.4       105.6       110.0      83.0      49.4
        0         23       1   0.005  0.068   2608     1.091          10.4        99.6       110.0      45.3      41.5
        0         33       0   0.005  0.108   4388     1.091          17.1       102.9       120.0      32.0      34.9
        0        118       0   0.005  0.034   1284     1.297           3.9       103.9       100.0      49.4      64.0
        0         10       0   0.005  0.236  16280     2.594          16.3       100.6        84.3      41.5     107.6
        0        104       0   0.005  0.157   6020     2.181          13.1        99.7        86.6      49.4      22.6
        0        126       0   0.004  0.222   8500     1.682          31.0        96.8        65.8      45.3      26.9
        0         11       0   0.004  0.247  15360     1.682          38.8       100.5       139.3      41.5      24.7
        0         90       0   0.004  0.043   1664     1.091          10.0       110.0       100.0      41.5      38.1
        0         69       0   0.004  0.042   1748     1.542           6.7       103.2       109.9      45.3      29.3
        0         91       0   0.003  0.196   7516     1.682          32.9        97.1       130.0      45.3      26.9
        0        185       0   0.003  0.086   3300     1.834          13.1       104.9       118.0      49.4      26.9
        0        139       0   0.003  0.103   4072     1.297          25.1        94.9       120.0      32.0      24.7
        0        114       0   0.003  0.127   4876     1.189          35.5        95.5        60.0      49.4      58.7
        0         38       0   0.003  0.092   3600     1.834          16.4       103.6       120.0      41.5      22.6
        0         77       0   0.003  0.215   8652     1.189          65.5        98.7        33.3      41.5      34.9
        0        157       0   0.003  0.032   1208     1.682           5.9        93.5        87.6      32.0      19.0
        0        160       0   0.003  0.018    704     1.297           4.3       105.7       110.0      53.8      69.8
        0        174       0   0.003  0.028   1084     1.834           4.8       104.8       100.0      32.0      17.4
        0         82       0   0.003  0.058   2224     2.181           9.3        90.7       100.0      32.0      69.8
        0        163       0   0.002  0.040   1532     1.834           7.7        92.6        84.9      32.0      17.4
        0        158       0   0.002  0.037   1484     1.542           8.9       100.4       109.4      32.0      20.7
        0         99       0   0.002  0.118   4632     1.834          26.6        93.4       120.0      49.4      90.5
        0        175       0   0.002  0.035   1340     1.414          10.0       100.0        90.0      41.5      58.7
        0        119       0   0.002  0.029   1144     1.189          10.0       110.0       100.0      41.5      34.9
        0         47       0   0.002  0.059   2248     1.542          18.5        98.5        80.0      64.0      41.5
        0          0       0   0.002  0.156  10912     1.542          57.0       100.7        43.8      41.5      26.9
        0         86       0   0.002  0.079   3032     1.542          28.5        91.5       120.0      45.3      29.3
        0        199       0   0.002  0.057   2180     1.682          18.4        98.4        80.0      64.0      38.1
        0         31       0   0.002  0.047   2368     2.828           8.7        91.3       100.0      32.0      90.5
        0         30       0   0.002  0.120   5748     1.542          43.9        96.1       140.0      41.5      26.9
        0        102       0   0.002  0.128   4956     1.297          57.4        97.4        40.0      32.0      41.5
        0        147       0   0.002  0.030   1160     1.189          14.3       105.7       120.0      53.8      64.0
        0        152       0   0.002  0.180   6888     2.000          53.7        96.2       149.9      49.4      24.7
        0         39       0   0.002  0.089   4028     1.682          32.5        94.6       127.2      32.0      19.0
        0         21       0   0.002  0.029   1436     1.682          10.3        99.7       110.0      32.0      19.0
        0         29       0   0.001  0.020    752     1.189          10.1        99.9       110.0      38.1      32.0
        0        128       0   0.001  0.085   3388     3.084          17.6        99.2        81.6      58.7      19.0
        0          8       0   0.001  0.108   7744     1.682          43.0       103.4       146.4      41.5      69.8
        0        116       0   0.001  0.053   2024     1.682          20.6        99.4       120.0      41.5      24.7
        0        196       0   0.001  0.031   1184     1.000          21.3       101.3        80.0      49.4      49.4
        0         64       0   0.001  0.121   4964     2.594          33.0        95.7       128.7      32.0      83.0
        0        172       0   0.001  0.053   2024     1.297          29.3        91.4        62.1      49.4      64.0
        0         76       0   0.001  0.148   5756     1.297          87.1        95.6         2.7      41.5      53.8
        0        205       0   0.001  0.027   1056     2.000          10.0       110.0       120.0      41.5      20.7
        0        203       0   0.001  0.080   3076     1.414          44.8        95.9       140.6      41.5      29.3
        0         43       0   0.001  0.140   5668     1.542          72.7        97.3       170.0      32.0      49.4
        0         95       0   0.001  0.138   5272     1.682          70.7       100.7        30.0      41.5      24.7
        0        201       0   0.001  0.060   2344     1.091          47.9        92.1       140.0      32.0      29.3
        0         74       0   0.001  0.050   2112     2.000          21.4        99.0       120.5      32.0      16.0
        0        188       0   0.001  0.030   1324     1.297          20.0       110.0       130.0      41.5      32.0
        0         73       0   0.001  0.164   6288     2.181          67.6       100.0        32.4      49.4      22.6
        0        141       0   0.001  0.080   3048     2.000          36.5        96.5        60.0      49.4      24.7
        0         20       0   0.001  0.040   1752     1.414          27.0       102.3        75.3      32.0      22.6
        0        122       0   0.001  0.033   1280     1.542          21.1        98.9       120.0      41.5      26.9
        0         40       0   0.001  0.088   3352     2.378          37.3        94.8        57.5      49.4      20.7
        0        117       0   0.001  0.048   1844     1.414          37.1        92.9       130.0      32.0      45.3
        0        106       0   0.001  0.088   3368     1.542          63.1        93.1        30.0      45.3      69.8
        0         83       0   0.001  0.049   1972     2.378          24.0        94.0        70.0      32.0      76.1
        0        155       0   0.001  0.067   2580     1.189          71.9       108.1         0.0      41.5      34.9
        0         16       0   0.001  0.071   4044     3.364          26.8        97.7        70.8      32.0     107.6
        0        135       0   0.001  0.039   1476     1.834          28.3        91.7       120.0      45.3      83.0
        0        132       0   0.001  0.071   2700     1.297          79.2        97.9        18.7      49.4      64.0
        0        111       0   0.001  0.061   2492     1.414          68.3       105.1        36.8      41.5      29.3
        0        173       0   0.001  0.043   1684     3.364          20.9       101.3        80.4      64.0      19.0
        0        198       0   0.001  0.041   1560     2.828          24.1       105.3       129.4      83.0      29.3
        0        171       0   0.001  0.056   2128     4.000          23.7       105.1       128.8      83.0      20.7
        0        131       0   0.001  0.062   2384     1.414          79.0       110.0         9.0      41.5      29.3
        0        192       0   0.001  0.045   1740     1.189          74.9        95.1       170.0      49.4      58.7
        0        181       0   0.000  0.027   1052     1.834          29.9        90.1       120.0      29.3      53.8
        0        151       0   0.000  0.066   2544     1.682          84.8        94.8        10.0      49.4      29.3
        0        142       0   0.000  0.033   1388     1.542          49.7       110.0       159.7      41.5      26.9
        0        164       0   0.000  0.037   1404     2.181          43.2        96.8       140.0      64.0      29.3
        0        197       0   0.000  0.013    508     1.091          34.2       104.2        70.0      41.5      45.3
        0        148       0   0.000  0.022    876     1.414          55.6       105.6        50.0      32.0      22.6
        0        204       0   0.000  0.023    892     1.682          49.3       107.6        58.4      32.0      19.0
        0        193       0   0.000  0.028   1084     2.000          52.1       110.0       162.1      41.5      20.7
        0         80       0   0.000  0.005    212     1.834          10.0       110.0       120.0      32.0      17.4
        0         94       0   0.000  0.009    360     1.834          20.0       110.0        90.0      41.5      76.1
        0         57       0   0.000  0.020    844     3.084          33.0       107.0       140.0      32.0      98.7
        0         15       0   0.000  0.006    348     1.000          40.0       110.0        70.0      32.0      32.0
        0        194       0   0.000  0.002    100     1.414          13.0        90.4       103.4      29.3      20.7
        0        166       0   0.000  0.011    432     1.414          77.4       110.0         7.4      41.5      29.3
        0         92       0   0.000  0.007    284     1.414          60.0       110.0       170.0      41.5      29.3
        0        101       0   0.000  0.005    208     2.181          30.0       110.0        80.0      41.5      90.5
        0        208       0   0.000  0.008    304     2.000          54.6        94.6        40.0      32.0      16.0
        0         75       0   0.000  0.009    396     1.682          90.0       110.0        20.0      41.5      69.8
        0          9       0   0.000  0.005    388     3.364          30.0       110.0       140.0      32.0     107.6
        0        195       0   0.000  0.001     48     1.682          16.7        96.7        80.0      41.5      69.8
        0         53       0   0.000  0.001     28     1.542          10.0       110.0       120.0      41.5      26.9
        0         71       0   0.000  0.005    264     1.834          90.0       110.0        20.0      41.5      76.1
        0         48       0   0.000  0.004    200     3.084          50.0       110.0        60.0      32.0      98.7
        0        191       0   0.000  0.001     24     2.594          50.0       110.0       160.0      41.5      16.0
        0         98       0   0.000  0.000      8     1.834          30.0       110.0       140.0      32.0      17.4
        0         49       0   0.000  0.000     16     2.594          40.0       110.0        70.0      32.0      83.0
        0         44       0   0.000  0.000     24     1.542          90.0       110.0        20.0      41.5      64.0
        0         13       0   0.000  0.000      0       nan           nan         nan         nan       nan       nan
        0         17       0   0.000  0.000      0       nan           nan         nan         nan       nan       nan
        0         19       0   0.000  0.000      0       nan           nan         nan         nan       nan       nan
        0         22       0   0.000  0.000      0       nan           nan         nan         nan       nan       nan
        0         26       0   0.000  0.000      0       nan           nan         nan         nan       nan       nan
        0         27       0   0.000  0.000      0       nan           nan         nan         nan       nan       nan
        0         32       0   0.000  0.000      0       nan           nan         nan         nan       nan       nan
        0         34       0   0.000  0.000      0       nan           nan         nan         nan       nan       nan
        0         42       0   0.000  0.000      0       nan           nan         nan         nan       nan       nan
        0         45       0   0.000  0.000      0       nan           nan         nan         nan       nan       nan
        0         46       0   0.000  0.000      0       nan           nan         nan         nan       nan       nan
        0         50       0   0.000  0.000      0       nan           nan         nan         nan       nan       nan
        0         51       0   0.000  0.000      0       nan           nan         nan         nan       nan       nan
        0         52       0   0.000  0.000      0       nan           nan         nan         nan       nan       nan
        0         54       0   0.000  0.000      0       nan           nan         nan         nan       nan       nan
        0         56       0   0.000  0.000      0       nan           nan         nan         nan       nan       nan
        0         58       0   0.000  0.000      0       nan           nan         nan         nan       nan       nan
        0         59       0   0.000  0.000      0       nan           nan         nan         nan       nan       nan
        0         60       0   0.000  0.000      0       nan           nan         nan         nan       nan       nan
        0         61       0   0.000  0.000      0       nan           nan         nan         nan       nan       nan
        0         62       0   0.000  0.000      0       nan           nan         nan         nan       nan       nan
        0         63       0   0.000  0.000      0       nan           nan         nan         nan       nan       nan
        0         65       0   0.000  0.000      0       nan           nan         nan         nan       nan       nan
        0         66       0   0.000  0.000      0       nan           nan         nan         nan       nan       nan
        0         67       0   0.000  0.000      0       nan           nan         nan         nan       nan       nan
        0         68       0   0.000  0.000      0       nan           nan         nan         nan       nan       nan
        0         70       0   0.000  0.000      0       nan           nan         nan         nan       nan       nan
        0         72       0   0.000  0.000      0       nan           nan         nan         nan       nan       nan
        0         78       0   0.000  0.000      0       nan           nan         nan         nan       nan       nan
        0         81       0   0.000  0.000      0       nan           nan         nan         nan       nan       nan
        0         84       0   0.000  0.000      0       nan           nan         nan         nan       nan       nan
        0         85       0   0.000  0.000      0       nan           nan         nan         nan       nan       nan
        0         87       0   0.000  0.000      0       nan           nan         nan         nan       nan       nan
        0         89       0   0.000  0.000      0       nan           nan         nan         nan       nan       nan
        0         93       0   0.000  0.000      0       nan           nan         nan         nan       nan       nan
        0         96       0   0.000  0.000      0       nan           nan         nan         nan       nan       nan
        0         97       0   0.000  0.000      0       nan           nan         nan         nan       nan       nan
        0        100       0   0.000  0.000      0       nan           nan         nan         nan       nan       nan
        0        103       0   0.000  0.000      0       nan           nan         nan         nan       nan       nan
        0        105       0   0.000  0.000      0       nan           nan         nan         nan       nan       nan
        0        107       0   0.000  0.000      0       nan           nan         nan         nan       nan       nan
        0        108       0   0.000  0.000      0       nan           nan         nan         nan       nan       nan
        0        109       0   0.000  0.000      0       nan           nan         nan         nan       nan       nan
        0        110       0   0.000  0.000      0       nan           nan         nan         nan       nan       nan
        0        112       0   0.000  0.000      0       nan           nan         nan         nan       nan       nan
        0        115       0   0.000  0.000      0       nan           nan         nan         nan       nan       nan
        0        120       0   0.000  0.000      0       nan           nan         nan         nan       nan       nan
        0        121       0   0.000  0.000      0       nan           nan         nan         nan       nan       nan
        0        123       0   0.000  0.000      0       nan           nan         nan         nan       nan       nan
        0        125       0   0.000  0.000      0       nan           nan         nan         nan       nan       nan
        0        127       0   0.000  0.000      0       nan           nan         nan         nan       nan       nan
        0        129       0   0.000  0.000      0       nan           nan         nan         nan       nan       nan
        0        130       0   0.000  0.000      0       nan           nan         nan         nan       nan       nan
        0        133       0   0.000  0.000      0       nan           nan         nan         nan       nan       nan
        0        134       0   0.000  0.000      0       nan           nan         nan         nan       nan       nan
        0        136       0   0.000  0.000      0       nan           nan         nan         nan       nan       nan
        0        137       0   0.000  0.000      0       nan           nan         nan         nan       nan       nan
        0        138       0   0.000  0.000      0       nan           nan         nan         nan       nan       nan
        0        143       0   0.000  0.000      0       nan           nan         nan         nan       nan       nan
        0        144       0   0.000  0.000      0       nan           nan         nan         nan       nan       nan
        0        145       0   0.000  0.000      0       nan           nan         nan         nan       nan       nan
        0        146       0   0.000  0.000      0       nan           nan         nan         nan       nan       nan
        0        149       0   0.000  0.000      0       nan           nan         nan         nan       nan       nan
        0        150       0   0.000  0.000      0       nan           nan         nan         nan       nan       nan
        0        153       0   0.000  0.000      0       nan           nan         nan         nan       nan       nan
        0        154       0   0.000  0.000      0       nan           nan         nan         nan       nan       nan
        0        159       0   0.000  0.000      0       nan           nan         nan         nan       nan       nan
        0        161       0   0.000  0.000      0       nan           nan         nan         nan       nan       nan
        0        162       0   0.000  0.000      0       nan           nan         nan         nan       nan       nan
        0        165       0   0.000  0.000      0       nan           nan         nan         nan       nan       nan
        0        167       0   0.000  0.000      0       nan           nan         nan         nan       nan       nan
        0        168       0   0.000  0.000      0       nan           nan         nan         nan       nan       nan
        0        169       0   0.000  0.000      0       nan           nan         nan         nan       nan       nan
        0        170       0   0.000  0.000      0       nan           nan         nan         nan       nan       nan
        0        176       0   0.000  0.000      0       nan           nan         nan         nan       nan       nan
        0        177       0   0.000  0.000      0       nan           nan         nan         nan       nan       nan
        0        178       0   0.000  0.000      0       nan           nan         nan         nan       nan       nan
        0        179       0   0.000  0.000      0       nan           nan         nan         nan       nan       nan
        0        180       0   0.000  0.000      0       nan           nan         nan         nan       nan       nan
        0        182       0   0.000  0.000      0       nan           nan         nan         nan       nan       nan
        0        183       0   0.000  0.000      0       nan           nan         nan         nan       nan       nan
        0        184       0   0.000  0.000      0       nan           nan         nan         nan       nan       nan
        0        186       0   0.000  0.000      0       nan           nan         nan         nan       nan       nan
        0        187       0   0.000  0.000      0       nan           nan         nan         nan       nan       nan
        0        189       0   0.000  0.000      0       nan           nan         nan         nan       nan       nan
        0        190       0   0.000  0.000      0       nan           nan         nan         nan       nan       nan
        0        200       0   0.000  0.000      0       nan           nan         nan         nan       nan       nan
        0        202       0   0.000  0.000      0       nan           nan         nan         nan       nan       nan
        0        206       0   0.000  0.000      0       nan           nan         nan         nan       nan       nan
        0        207       0   0.000  0.000      0       nan           nan         nan         nan       nan       nan
        1         32       0   0.220  0.285   4644     1.297           0.0         0.0         0.0      32.0      24.7
        1         17       0   0.186  0.313   4228     1.542           0.1         0.0         0.1      32.0      20.7
        1         19       0   0.097  0.298   5916     1.297           1.4         0.1         1.5      32.0      41.5
        1          0       1   0.094  0.161   7720     1.091           0.6         0.1         0.6      29.3      32.0
        1        107       1   0.036  0.129   1704     1.189           2.0         0.0         2.0      19.0      16.0
        1        202       0   0.029  0.082   1084     2.828           0.0         0.0         0.0      22.6      64.0
        1        115       1   0.017  0.184   2532     1.000           9.9         0.1        10.0      29.3      29.3
        1         89       0   0.010  0.168   2912     1.414          10.5         0.1       169.6      29.3      20.7
        1         13       0   0.008  0.145   3940     1.414          12.5         0.1       167.6      24.7      34.9
        1         63       0   0.007  0.134   1912     1.682          10.0         0.0       170.0      24.7      41.5
        1        207       0   0.005  0.091   1336     1.091          17.1         0.0       162.9      24.7      22.6
        1        112       0   0.005  0.101   1336     2.000          10.0         0.0       170.0      32.0      16.0
        1         72       0   0.005  0.099   1984     2.000           9.8         0.2        10.0      24.7      49.4
        1         44       0   0.003  0.141   3584     2.181          22.4         0.0        22.4      24.7      53.8
        1        176       0   0.002  0.090   1328     1.834          21.9         0.4        22.3      24.7      45.3
        1        123       0   0.002  0.113   1528     1.834          29.6         0.0        29.6      24.7      45.3
        1        165       0   0.002  0.104   1436     1.091          56.6         0.4        56.9      20.7      19.0
        1         11       0   0.001  0.025   1296     1.000          17.9         0.0       162.1      24.7      24.7
        1         27       0   0.001  0.176   3796     2.181          70.2         0.1       109.9      26.9      58.7
        1         68       0   0.001  0.017    328     1.297          10.5         0.5       170.0      20.7      26.9
        1        109       0   0.001  0.062   1128     1.834          29.5         0.5        30.0      26.9      49.4
        1         60       0   0.001  0.041    620     4.000          10.0         0.0        10.0      29.3     117.4
        1         52       0   0.001  0.028    452     1.682          20.0         0.0        20.0      32.0      19.0
        1        110       0   0.001  0.057    792     4.000          20.0         0.0       160.0      22.6      90.5
        1         42       0   0.001  0.041    880     1.000          65.7         0.4       114.8      26.9      26.9
        1         97       0   0.001  0.054    732     4.757          20.0         0.0       160.0      22.6     107.6
        1         51       0   0.000  0.038    916     1.091          70.6         0.6        71.2      32.0      34.9
        1         85       0   0.000  0.056    876     4.000          30.0         0.0       150.0      24.7      98.7
        1         14       0   0.000  0.068   3612     2.181          73.5         0.1       106.6      24.7      53.8
        1          9       0   0.000  0.069   3108     5.187          30.5         0.2       149.7      22.6     117.4
        1          8       0   0.000  0.045   2352     4.757          30.2         0.2       150.0      22.6     107.6
        1        138       0   0.000  0.031    500     1.297          78.8         0.7       101.9      22.6      17.4
        1        144       0   0.000  0.031    468     1.682          66.7         0.5       113.8      32.0      19.0
        1         15       0   0.000  0.027    792     1.414          79.4         0.6        80.0      20.7      29.3
        1         84       0   0.000  0.031    460     2.181          60.0         0.0       120.0      29.3      64.0
        1         61       0   0.000  0.042    728     2.378          80.7         0.7       100.0      32.0      76.1
        1        143       0   0.000  0.018    248     3.364          30.0         0.0       150.0      24.7      83.0
        1         56       0   0.000  0.002     36     1.297          10.0         0.0        10.0      26.9      20.7
        1        177       0   0.000  0.003     52     2.378          10.0         0.0        10.0      24.7      58.7
        1        149       0   0.000  0.004     56     3.218          10.0         0.0       170.0      25.8      83.0
        1         21       0   0.000  0.013    336     1.834          70.0         0.0       110.0      32.0      17.4
        1         59       0   0.000  0.011    216     2.000          55.3         0.4       125.1      32.0      16.0
        1          1       0   0.000  0.011    716     1.542          89.3         0.7        90.0      32.0      49.4
        1         26       0   0.000  0.024    528     3.668          89.1         0.9        90.0      32.0     117.4
        1         96       0   0.000  0.004     88     1.091          49.2         0.0       130.8      29.3      32.0
        1         10       0   0.000  0.010    624     3.364          89.3         0.7        90.0      32.0     107.6
        1         53       0   0.000  0.003     72     1.189          75.0         5.0       110.0      29.3      34.9
        1          6       0   0.000  0.007    476     3.084          89.8         0.2        90.0      32.0      98.7
        1          5       0   0.000  0.003    156     1.542          80.0         0.0        80.0      29.3      45.3
        1        179       0   0.000  0.002     28     1.682          61.4         0.0       118.6      24.7      41.5
        1         46       0   0.000  0.001     20     3.668          50.0         0.0       130.0      29.3     107.6
        1          2       0   0.000  0.000      0       nan           nan         nan         nan       nan       nan
        1          3       0   0.000  0.000      0       nan           nan         nan         nan       nan       nan
        1          4       0   0.000  0.000      0       nan           nan         nan         nan       nan       nan
        1          7       0   0.000  0.000      0       nan           nan         nan         nan       nan       nan
        1         12       0   0.000  0.000      0       nan           nan         nan         nan       nan       nan
        1         16       0   0.000  0.000      0       nan           nan         nan         nan       nan       nan
        1         18       0   0.000  0.000      0       nan           nan         nan         nan       nan       nan
        1         20       0   0.000  0.000      0       nan           nan         nan         nan       nan       nan
        1         22       0   0.000  0.000      0       nan           nan         nan         nan       nan       nan
        1         23       0   0.000  0.000      0       nan           nan         nan         nan       nan       nan
        1         24       0   0.000  0.000      0       nan           nan         nan         nan       nan       nan
        1         25       0   0.000  0.000      0       nan           nan         nan         nan       nan       nan
        1         28       0   0.000  0.000      0       nan           nan         nan         nan       nan       nan
        1         29       0   0.000  0.000      0       nan           nan         nan         nan       nan       nan
        1         30       0   0.000  0.000      0       nan           nan         nan         nan       nan       nan
        1         31       0   0.000  0.000      0       nan           nan         nan         nan       nan       nan
        1         33       0   0.000  0.000      0       nan           nan         nan         nan       nan       nan
        1         34       0   0.000  0.000      0       nan           nan         nan         nan       nan       nan
        1         35       0   0.000  0.000      0       nan           nan         nan         nan       nan       nan
        1         36       0   0.000  0.000      0       nan           nan         nan         nan       nan       nan
        1         37       0   0.000  0.000      0       nan           nan         nan         nan       nan       nan
        1         38       0   0.000  0.000      0       nan           nan         nan         nan       nan       nan
        1         39       0   0.000  0.000      0       nan           nan         nan         nan       nan       nan
        1         40       0   0.000  0.000      0       nan           nan         nan         nan       nan       nan
        1         41       0   0.000  0.000      0       nan           nan         nan         nan       nan       nan
        1         43       0   0.000  0.000      0       nan           nan         nan         nan       nan       nan
        1         45       0   0.000  0.000      0       nan           nan         nan         nan       nan       nan
        1         47       0   0.000  0.000      0       nan           nan         nan         nan       nan       nan
        1         48       0   0.000  0.000      0       nan           nan         nan         nan       nan       nan
        1         49       0   0.000  0.000      0       nan           nan         nan         nan       nan       nan
        1         50       0   0.000  0.000      0       nan           nan         nan         nan       nan       nan
        1         54       0   0.000  0.000      0       nan           nan         nan         nan       nan       nan
        1         55       0   0.000  0.000      0       nan           nan         nan         nan       nan       nan
        1         57       0   0.000  0.000      0       nan           nan         nan         nan       nan       nan
        1         58       0   0.000  0.000      0       nan           nan         nan         nan       nan       nan
        1         62       0   0.000  0.000      0       nan           nan         nan         nan       nan       nan
        1         64       0   0.000  0.000      0       nan           nan         nan         nan       nan       nan
        1         65       0   0.000  0.000      0       nan           nan         nan         nan       nan       nan
        1         66       0   0.000  0.000      0       nan           nan         nan         nan       nan       nan
        1         67       0   0.000  0.000      0       nan           nan         nan         nan       nan       nan
        1         69       0   0.000  0.000      0       nan           nan         nan         nan       nan       nan
        1         70       0   0.000  0.000      0       nan           nan         nan         nan       nan       nan
        1         71       0   0.000  0.000      0       nan           nan         nan         nan       nan       nan
        1         73       0   0.000  0.000      0       nan           nan         nan         nan       nan       nan
        1         74       0   0.000  0.000      0       nan           nan         nan         nan       nan       nan
        1         75       0   0.000  0.000      0       nan           nan         nan         nan       nan       nan
        1         76       0   0.000  0.000      0       nan           nan         nan         nan       nan       nan
        1         77       0   0.000  0.000      0       nan           nan         nan         nan       nan       nan
        1         78       0   0.000  0.000      0       nan           nan         nan         nan       nan       nan
        1         79       0   0.000  0.000      0       nan           nan         nan         nan       nan       nan
        1         80       0   0.000  0.000      0       nan           nan         nan         nan       nan       nan
        1         81       0   0.000  0.000      0       nan           nan         nan         nan       nan       nan
        1         82       0   0.000  0.000      0       nan           nan         nan         nan       nan       nan
        1         83       0   0.000  0.000      0       nan           nan         nan         nan       nan       nan
        1         86       0   0.000  0.000      0       nan           nan         nan         nan       nan       nan
        1         87       0   0.000  0.000      0       nan           nan         nan         nan       nan       nan
        1         88       0   0.000  0.000      0       nan           nan         nan         nan       nan       nan
        1         90       0   0.000  0.000      0       nan           nan         nan         nan       nan       nan
        1         91       0   0.000  0.000      0       nan           nan         nan         nan       nan       nan
        1         92       0   0.000  0.000      0       nan           nan         nan         nan       nan       nan
        1         93       0   0.000  0.000      0       nan           nan         nan         nan       nan       nan
        1         94       0   0.000  0.000      0       nan           nan         nan         nan       nan       nan
        1         95       0   0.000  0.000      0       nan           nan         nan         nan       nan       nan
        1         98       0   0.000  0.000      0       nan           nan         nan         nan       nan       nan
        1         99       0   0.000  0.000      0       nan           nan         nan         nan       nan       nan
        1        100       0   0.000  0.000      0       nan           nan         nan         nan       nan       nan
        1        101       0   0.000  0.000      0       nan           nan         nan         nan       nan       nan
        1        102       0   0.000  0.000      0       nan           nan         nan         nan       nan       nan
        1        103       0   0.000  0.000      0       nan           nan         nan         nan       nan       nan
        1        104       0   0.000  0.000      0       nan           nan         nan         nan       nan       nan
        1        105       0   0.000  0.000      0       nan           nan         nan         nan       nan       nan
        1        106       0   0.000  0.000      0       nan           nan         nan         nan       nan       nan
        1        108       0   0.000  0.000      0       nan           nan         nan         nan       nan       nan
        1        111       0   0.000  0.000      0       nan           nan         nan         nan       nan       nan
        1        113       0   0.000  0.000      0       nan           nan         nan         nan       nan       nan
        1        114       0   0.000  0.000      0       nan           nan         nan         nan       nan       nan
        1        116       0   0.000  0.000      0       nan           nan         nan         nan       nan       nan
        1        117       0   0.000  0.000      0       nan           nan         nan         nan       nan       nan
        1        118       0   0.000  0.000      0       nan           nan         nan         nan       nan       nan
        1        119       0   0.000  0.000      0       nan           nan         nan         nan       nan       nan
        1        120       0   0.000  0.000      0       nan           nan         nan         nan       nan       nan
        1        121       0   0.000  0.000      0       nan           nan         nan         nan       nan       nan
        1        122       0   0.000  0.000      0       nan           nan         nan         nan       nan       nan
        1        124       0   0.000  0.000      0       nan           nan         nan         nan       nan       nan
        1        125       0   0.000  0.000      0       nan           nan         nan         nan       nan       nan
        1        126       0   0.000  0.000      0       nan           nan         nan         nan       nan       nan
        1        127       0   0.000  0.000      0       nan           nan         nan         nan       nan       nan
        1        128       0   0.000  0.000      0       nan           nan         nan         nan       nan       nan
        1        129       0   0.000  0.000      0       nan           nan         nan         nan       nan       nan
        1        130       0   0.000  0.000      0       nan           nan         nan         nan       nan       nan
        1        131       0   0.000  0.000      0       nan           nan         nan         nan       nan       nan
        1        132       0   0.000  0.000      0       nan           nan         nan         nan       nan       nan
        1        133       0   0.000  0.000      0       nan           nan         nan         nan       nan       nan
        1        134       0   0.000  0.000      0       nan           nan         nan         nan       nan       nan
        1        135       0   0.000  0.000      0       nan           nan         nan         nan       nan       nan
        1        136       0   0.000  0.000      0       nan           nan         nan         nan       nan       nan
        1        137       0   0.000  0.000      0       nan           nan         nan         nan       nan       nan
        1        139       0   0.000  0.000      0       nan           nan         nan         nan       nan       nan
        1        140       0   0.000  0.000      0       nan           nan         nan         nan       nan       nan
        1        141       0   0.000  0.000      0       nan           nan         nan         nan       nan       nan
        1        142       0   0.000  0.000      0       nan           nan         nan         nan       nan       nan
        1        145       0   0.000  0.000      0       nan           nan         nan         nan       nan       nan
        1        146       0   0.000  0.000      0       nan           nan         nan         nan       nan       nan
        1        147       0   0.000  0.000      0       nan           nan         nan         nan       nan       nan
        1        148       0   0.000  0.000      0       nan           nan         nan         nan       nan       nan
        1        150       0   0.000  0.000      0       nan           nan         nan         nan       nan       nan
        1        151       0   0.000  0.000      0       nan           nan         nan         nan       nan       nan
        1        152       0   0.000  0.000      0       nan           nan         nan         nan       nan       nan
        1        153       0   0.000  0.000      0       nan           nan         nan         nan       nan       nan
        1        154       0   0.000  0.000      0       nan           nan         nan         nan       nan       nan
        1        155       0   0.000  0.000      0       nan           nan         nan         nan       nan       nan
        1        156       0   0.000  0.000      0       nan           nan         nan         nan       nan       nan
        1        157       0   0.000  0.000      0       nan           nan         nan         nan       nan       nan
        1        158       0   0.000  0.000      0       nan           nan         nan         nan       nan       nan
        1        159       0   0.000  0.000      0       nan           nan         nan         nan       nan       nan
        1        160       0   0.000  0.000      0       nan           nan         nan         nan       nan       nan
        1        161       0   0.000  0.000      0       nan           nan         nan         nan       nan       nan
        1        162       0   0.000  0.000      0       nan           nan         nan         nan       nan       nan
        1        163       0   0.000  0.000      0       nan           nan         nan         nan       nan       nan
        1        164       0   0.000  0.000      0       nan           nan         nan         nan       nan       nan
        1        166       0   0.000  0.000      0       nan           nan         nan         nan       nan       nan
        1        167       0   0.000  0.000      0       nan           nan         nan         nan       nan       nan
        1        168       0   0.000  0.000      0       nan           nan         nan         nan       nan       nan
        1        169       0   0.000  0.000      0       nan           nan         nan         nan       nan       nan
        1        170       0   0.000  0.000      0       nan           nan         nan         nan       nan       nan
        1        171       0   0.000  0.000      0       nan           nan         nan         nan       nan       nan
        1        172       0   0.000  0.000      0       nan           nan         nan         nan       nan       nan
        1        173       0   0.000  0.000      0       nan           nan         nan         nan       nan       nan
        1        174       0   0.000  0.000      0       nan           nan         nan         nan       nan       nan
        1        175       0   0.000  0.000      0       nan           nan         nan         nan       nan       nan
        1        178       0   0.000  0.000      0       nan           nan         nan         nan       nan       nan
        1        180       0   0.000  0.000      0       nan           nan         nan         nan       nan       nan
        1        181       0   0.000  0.000      0       nan           nan         nan         nan       nan       nan
        1        182       0   0.000  0.000      0       nan           nan         nan         nan       nan       nan
        1        183       0   0.000  0.000      0       nan           nan         nan         nan       nan       nan
        1        184       0   0.000  0.000      0       nan           nan         nan         nan       nan       nan
        1        185       0   0.000  0.000      0       nan           nan         nan         nan       nan       nan
        1        186       0   0.000  0.000      0       nan           nan         nan         nan       nan       nan
        1        187       0   0.000  0.000      0       nan           nan         nan         nan       nan       nan
        1        188       0   0.000  0.000      0       nan           nan         nan         nan       nan       nan
        1        189       0   0.000  0.000      0       nan           nan         nan         nan       nan       nan
        1        190       0   0.000  0.000      0       nan           nan         nan         nan       nan       nan
        1        191       0   0.000  0.000      0       nan           nan         nan         nan       nan       nan
        1        192       0   0.000  0.000      0       nan           nan         nan         nan       nan       nan
        1        193       0   0.000  0.000      0       nan           nan         nan         nan       nan       nan
        1        194       0   0.000  0.000      0       nan           nan         nan         nan       nan       nan
        1        195       0   0.000  0.000      0       nan           nan         nan         nan       nan       nan
        1        196       0   0.000  0.000      0       nan           nan         nan         nan       nan       nan
        1        197       0   0.000  0.000      0       nan           nan         nan         nan       nan       nan
        1        198       0   0.000  0.000      0       nan           nan         nan         nan       nan       nan
        1        199       0   0.000  0.000      0       nan           nan         nan         nan       nan       nan
        1        200       0   0.000  0.000      0       nan           nan         nan         nan       nan       nan
        1        201       0   0.000  0.000      0       nan           nan         nan         nan       nan       nan
        1        203       0   0.000  0.000      0       nan           nan         nan         nan       nan       nan
        1        204       0   0.000  0.000      0       nan           nan         nan         nan       nan       nan
        1        205       0   0.000  0.000      0       nan           nan         nan         nan       nan       nan
        1        206       0   0.000  0.000      0       nan           nan         nan         nan       nan       nan
        1        208       0   0.000  0.000      0       nan           nan         nan         nan       nan       nan
        2         32       0   0.096  0.271   7452     2.828           0.0         0.0         0.0      69.8      24.7
        2         19       0   0.050  0.292   8992     1.542           2.8         0.0         2.8      69.8      45.3
        2         17       0   0.049  0.166   4520     3.084           0.1         0.0         0.1      64.0      20.7
        2          0       0   0.041  0.220  12608     2.181           1.5         0.0         1.5      64.0      29.3
        2        202       0   0.040  0.040   1084     1.000           0.0         0.0         0.0      64.0      64.0
        2         72       1   0.015  0.161   4992     1.000          10.0         0.0        10.0      49.4      49.4
        2         44       0   0.008  0.188   6800     1.091          20.3         0.0        20.3      49.4      53.8
        2         13       0   0.008  0.270   9608     2.000          15.8         0.0       164.2      69.8      34.9
        2        107       0   0.007  0.062   1704     3.084           2.0         0.0         2.0      49.4      16.0
        2         63       0   0.005  0.107   2924     1.834          10.0         0.0       170.0      69.8      38.1
        2         60       0   0.005  0.091   2484     1.682          10.0         0.0        10.0      69.8     117.4
        2        115       0   0.004  0.113   3076     2.378          10.0         0.0        10.0      69.8      29.3
        2        177       1   0.004  0.056   1540     1.189          10.0         0.0        10.0      49.4      58.7
        2         89       0   0.004  0.216   6100     3.084          17.1         0.0       162.9      69.8      22.6
        2          9       0   0.003  0.189   9908     1.682          32.1         0.0       147.9      69.8     117.4
        2         27       0   0.003  0.281   8628     1.189          69.5         0.0       110.5      69.8      58.7
        2        176       0   0.003  0.102   2788     1.542          22.9         0.0        22.9      69.8      45.3
        2        109       0   0.003  0.101   3072     1.297          28.7         0.0        28.7      69.8      53.8
        2         87       0   0.003  0.031    952     1.091          10.0         0.0        10.0      45.3      41.5
        2          8       0   0.002  0.133   8036     1.834          30.0         0.0       150.0      58.7     107.6
        2         68       0   0.002  0.060   1936     2.594          10.0         0.0       170.0      69.8      26.9
        2         56       0   0.002  0.053   1532     2.378          10.0         0.0        10.0      49.4      20.7
        2        123       0   0.002  0.066   1796     1.091          29.9         0.0        29.9      49.4      45.3
        2         85       0   0.002  0.103   2852     2.000          30.0         0.0       150.0      49.4      98.7
        2         14       0   0.001  0.137   8476     1.297          75.6         0.0       104.4      69.8      53.8
        2        110       0   0.001  0.053   1440     2.000          20.0         0.0       160.0      45.3      90.5
        2         84       0   0.001  0.082   2248     1.091          60.0         0.0       120.0      69.8      64.0
        2         52       0   0.001  0.051   1464     2.594          16.0         0.0        16.0      49.4      19.0
        2        112       0   0.001  0.049   1336     4.000          10.0         0.0       170.0      64.0      16.0
        2         51       0   0.001  0.137   4700     1.682          72.5         0.0        72.5      69.8      41.5
        2        207       0   0.001  0.048   1376     2.181          19.0         0.0       161.0      49.4      22.6
        2         61       0   0.001  0.095   2768     1.091          80.0         0.0       100.0      69.8      76.1
        2        149       0   0.001  0.021    584     1.834          10.0         0.0       170.0      45.3      83.0
        2         71       0   0.001  0.027    996     1.297          20.0         0.0        20.0      69.8      90.5
        2         46       0   0.001  0.075   2336     1.682          50.0         0.0       130.0      69.8     117.4
        2         97       0   0.001  0.043   1160     2.378          20.0         0.0       160.0      45.3     107.6
        2         11       0   0.001  0.037   2348     1.834          22.9         0.0       157.1      45.3      24.7
        2         42       0   0.001  0.148   4708     3.084          60.9         0.0       119.1      69.8      22.6
        2         15       0   0.001  0.115   4580     2.000          81.7         0.0        81.7      69.8      34.9
        2        129       0   0.001  0.021    592     2.000          14.4         0.0       165.6      45.3      22.6
        2         53       0   0.001  0.098   3396     2.000          71.6         0.0       108.4      69.8      34.9
        2         96       0   0.001  0.062   2168     2.181          42.5         0.0       137.5      69.8      32.0
        2         58       0   0.001  0.036   1240     1.414          40.0         0.0       140.0      69.8      98.7
        2         59       0   0.001  0.098   3096     3.668          43.4         0.0       136.6      69.8      19.0
        2         26       0   0.001  0.080   2708     1.682          90.0         0.0        90.0      69.8     117.4
        2        143       0   0.000  0.022    600     1.682          30.0         0.0       150.0      49.4      83.0
        2         21       0   0.000  0.090   3380     4.000          65.8         0.0       114.2      69.8      17.4
        2        165       0   0.000  0.072   1976     3.668          57.8         0.0        57.8      69.8      19.0
        2         30       0   0.000  0.026   1088     2.000          40.0         0.0       140.0      69.8      34.9
        2          5       0   0.000  0.039   2656     1.542          80.0         0.0        80.0      69.8      45.3
        2        138       0   0.000  0.098   2740     4.000          80.6         0.0        99.4      69.8      17.4
        2         10       0   0.000  0.041   2908     1.542          90.0         0.0        90.0      69.8     107.6
        2        168       0   0.000  0.006    180     1.189          20.0         0.0        20.0      69.8      58.7
        2        188       0   0.000  0.023    748     1.834          50.0         0.0       130.0      49.4      26.9
        2         54       0   0.000  0.041   1180     2.181          80.0         0.0       100.0      69.8      32.0
        2        144       0   0.000  0.060   1676     3.668          69.2         0.0       110.8      69.8      19.0
        2        125       0   0.000  0.013    368     1.297          50.0         0.0       130.0      69.8      90.5
        2         62       0   0.000  0.036   1012     2.378          80.0         0.0       100.0      49.4     117.4
        2          6       0   0.000  0.032   2472     2.000          90.0         0.0        90.0      49.4      98.7
        2          1       0   0.000  0.021   1684     1.414          90.0         0.0        90.0      69.8      49.4
        2        183       0   0.000  0.005    148     1.414          30.0         0.0       150.0      53.8      76.1
        2         22       0   0.000  0.022    652     3.668          50.0         0.0        50.0      69.8      19.0
        2        153       0   0.000  0.000      4     1.297           0.0         0.0         0.0      69.8      53.8
        2         16       0   0.000  0.013    648     1.542          80.0         0.0        80.0      69.8     107.6
        2        108       0   0.000  0.003     84     1.189          50.0         0.0        50.0      69.8      58.7
        2        121       0   0.000  0.003     92     2.378          30.0         0.0       150.0      69.8      29.3
        2        154       0   0.000  0.002     60     1.834          40.0         0.0        40.0      69.8      38.1
        2        170       0   0.000  0.004    108     4.362          50.0         0.0        50.0      69.8      16.0
        2        137       0   0.000  0.001     24     1.297          60.0         0.0       120.0      49.4      64.0
        2          2       0   0.000  0.000      0       nan           nan         nan         nan       nan       nan
        2          3       0   0.000  0.000      0       nan           nan         nan         nan       nan       nan
        2          4       0   0.000  0.000      0       nan           nan         nan         nan       nan       nan
        2          7       0   0.000  0.000      0       nan           nan         nan         nan       nan       nan
        2         12       0   0.000  0.000      0       nan           nan         nan         nan       nan       nan
        2         18       0   0.000  0.000      0       nan           nan         nan         nan       nan       nan
        2         20       0   0.000  0.000      0       nan           nan         nan         nan       nan       nan
        2         23       0   0.000  0.000      0       nan           nan         nan         nan       nan       nan
        2         24       0   0.000  0.000      0       nan           nan         nan         nan       nan       nan
        2         25       0   0.000  0.000      0       nan           nan         nan         nan       nan       nan
        2         28       0   0.000  0.000      0       nan           nan         nan         nan       nan       nan
        2         29       0   0.000  0.000      0       nan           nan         nan         nan       nan       nan
        2         31       0   0.000  0.000      0       nan           nan         nan         nan       nan       nan
        2         33       0   0.000  0.000      0       nan           nan         nan         nan       nan       nan
        2         34       0   0.000  0.000      0       nan           nan         nan         nan       nan       nan
        2         35       0   0.000  0.000      0       nan           nan         nan         nan       nan       nan
        2         36       0   0.000  0.000      0       nan           nan         nan         nan       nan       nan
        2         37       0   0.000  0.000      0       nan           nan         nan         nan       nan       nan
        2         38       0   0.000  0.000      0       nan           nan         nan         nan       nan       nan
        2         39       0   0.000  0.000      0       nan           nan         nan         nan       nan       nan
        2         40       0   0.000  0.000      0       nan           nan         nan         nan       nan       nan
        2         41       0   0.000  0.000      0       nan           nan         nan         nan       nan       nan
        2         43       0   0.000  0.000      0       nan           nan         nan         nan       nan       nan
        2         45       0   0.000  0.000      0       nan           nan         nan         nan       nan       nan
        2         47       0   0.000  0.000      0       nan           nan         nan         nan       nan       nan
        2         48       0   0.000  0.000      0       nan           nan         nan         nan       nan       nan
        2         49       0   0.000  0.000      0       nan           nan         nan         nan       nan       nan
        2         50       0   0.000  0.000      0       nan           nan         nan         nan       nan       nan
        2         55       0   0.000  0.000      0       nan           nan         nan         nan       nan       nan
        2         57       0   0.000  0.000      0       nan           nan         nan         nan       nan       nan
        2         64       0   0.000  0.000      0       nan           nan         nan         nan       nan       nan
        2         65       0   0.000  0.000      0       nan           nan         nan         nan       nan       nan
        2         66       0   0.000  0.000      0       nan           nan         nan         nan       nan       nan
        2         67       0   0.000  0.000      0       nan           nan         nan         nan       nan       nan
        2         69       0   0.000  0.000      0       nan           nan         nan         nan       nan       nan
        2         70       0   0.000  0.000      0       nan           nan         nan         nan       nan       nan
        2         73       0   0.000  0.000      0       nan           nan         nan         nan       nan       nan
        2         74       0   0.000  0.000      0       nan           nan         nan         nan       nan       nan
        2         75       0   0.000  0.000      0       nan           nan         nan         nan       nan       nan
        2         76       0   0.000  0.000      0       nan           nan         nan         nan       nan       nan
        2         77       0   0.000  0.000      0       nan           nan         nan         nan       nan       nan
        2         78       0   0.000  0.000      0       nan           nan         nan         nan       nan       nan
        2         79       0   0.000  0.000      0       nan           nan         nan         nan       nan       nan
        2         80       0   0.000  0.000      0       nan           nan         nan         nan       nan       nan
        2         81       0   0.000  0.000      0       nan           nan         nan         nan       nan       nan
        2         82       0   0.000  0.000      0       nan           nan         nan         nan       nan       nan
        2         83       0   0.000  0.000      0       nan           nan         nan         nan       nan       nan
        2         86       0   0.000  0.000      0       nan           nan         nan         nan       nan       nan
        2         88       0   0.000  0.000      0       nan           nan         nan         nan       nan       nan
        2         90       0   0.000  0.000      0       nan           nan         nan         nan       nan       nan
        2         91       0   0.000  0.000      0       nan           nan         nan         nan       nan       nan
        2         92       0   0.000  0.000      0       nan           nan         nan         nan       nan       nan
        2         93       0   0.000  0.000      0       nan           nan         nan         nan       nan       nan
        2         94       0   0.000  0.000      0       nan           nan         nan         nan       nan       nan
        2         95       0   0.000  0.000      0       nan           nan         nan         nan       nan       nan
        2         98       0   0.000  0.000      0       nan           nan         nan         nan       nan       nan
        2         99       0   0.000  0.000      0       nan           nan         nan         nan       nan       nan
        2        100       0   0.000  0.000      0       nan           nan         nan         nan       nan       nan
        2        101       0   0.000  0.000      0       nan           nan         nan         nan       nan       nan
        2        102       0   0.000  0.000      0       nan           nan         nan         nan       nan       nan
        2        103       0   0.000  0.000      0       nan           nan         nan         nan       nan       nan
        2        104       0   0.000  0.000      0       nan           nan         nan         nan       nan       nan
        2        105       0   0.000  0.000      0       nan           nan         nan         nan       nan       nan
        2        106       0   0.000  0.000      0       nan           nan         nan         nan       nan       nan
        2        111       0   0.000  0.000      0       nan           nan         nan         nan       nan       nan
        2        113       0   0.000  0.000      0       nan           nan         nan         nan       nan       nan
        2        114       0   0.000  0.000      0       nan           nan         nan         nan       nan       nan
        2        116       0   0.000  0.000      0       nan           nan         nan         nan       nan       nan
        2        117       0   0.000  0.000      0       nan           nan         nan         nan       nan       nan
        2        118       0   0.000  0.000      0       nan           nan         nan         nan       nan       nan
        2        119       0   0.000  0.000      0       nan           nan         nan         nan       nan       nan
        2        120       0   0.000  0.000      0       nan           nan         nan         nan       nan       nan
        2        122       0   0.000  0.000      0       nan           nan         nan         nan       nan       nan
        2        124       0   0.000  0.000      0       nan           nan         nan         nan       nan       nan
        2        126       0   0.000  0.000      0       nan           nan         nan         nan       nan       nan
        2        127       0   0.000  0.000      0       nan           nan         nan         nan       nan       nan
        2        128       0   0.000  0.000      0       nan           nan         nan         nan       nan       nan
        2        130       0   0.000  0.000      0       nan           nan         nan         nan       nan       nan
        2        131       0   0.000  0.000      0       nan           nan         nan         nan       nan       nan
        2        132       0   0.000  0.000      0       nan           nan         nan         nan       nan       nan
        2        133       0   0.000  0.000      0       nan           nan         nan         nan       nan       nan
        2        134       0   0.000  0.000      0       nan           nan         nan         nan       nan       nan
        2        135       0   0.000  0.000      0       nan           nan         nan         nan       nan       nan
        2        136       0   0.000  0.000      0       nan           nan         nan         nan       nan       nan
        2        139       0   0.000  0.000      0       nan           nan         nan         nan       nan       nan
        2        140       0   0.000  0.000      0       nan           nan         nan         nan       nan       nan
        2        141       0   0.000  0.000      0       nan           nan         nan         nan       nan       nan
        2        142       0   0.000  0.000      0       nan           nan         nan         nan       nan       nan
        2        145       0   0.000  0.000      0       nan           nan         nan         nan       nan       nan
        2        146       0   0.000  0.000      0       nan           nan         nan         nan       nan       nan
        2        147       0   0.000  0.000      0       nan           nan         nan         nan       nan       nan
        2        148       0   0.000  0.000      0       nan           nan         nan         nan       nan       nan
        2        150       0   0.000  0.000      0       nan           nan         nan         nan       nan       nan
        2        151       0   0.000  0.000      0       nan           nan         nan         nan       nan       nan
        2        152       0   0.000  0.000      0       nan           nan         nan         nan       nan       nan
        2        155       0   0.000  0.000      0       nan           nan         nan         nan       nan       nan
        2        156       0   0.000  0.000      0       nan           nan         nan         nan       nan       nan
        2        157       0   0.000  0.000      0       nan           nan         nan         nan       nan       nan
        2        158       0   0.000  0.000      0       nan           nan         nan         nan       nan       nan
        2        159       0   0.000  0.000      0       nan           nan         nan         nan       nan       nan
        2        160       0   0.000  0.000      0       nan           nan         nan         nan       nan       nan
        2        161       0   0.000  0.000      0       nan           nan         nan         nan       nan       nan
        2        162       0   0.000  0.000      0       nan           nan         nan         nan       nan       nan
        2        163       0   0.000  0.000      0       nan           nan         nan         nan       nan       nan
        2        164       0   0.000  0.000      0       nan           nan         nan         nan       nan       nan
        2        166       0   0.000  0.000      0       nan           nan         nan         nan       nan       nan
        2        167       0   0.000  0.000      0       nan           nan         nan         nan       nan       nan
        2        169       0   0.000  0.000      0       nan           nan         nan         nan       nan       nan
        2        171       0   0.000  0.000      0       nan           nan         nan         nan       nan       nan
        2        172       0   0.000  0.000      0       nan           nan         nan         nan       nan       nan
        2        173       0   0.000  0.000      0       nan           nan         nan         nan       nan       nan
        2        174       0   0.000  0.000      0       nan           nan         nan         nan       nan       nan
        2        175       0   0.000  0.000      0       nan           nan         nan         nan       nan       nan
        2        178       0   0.000  0.000      0       nan           nan         nan         nan       nan       nan
        2        179       0   0.000  0.000      0       nan           nan         nan         nan       nan       nan
        2        180       0   0.000  0.000      0       nan           nan         nan         nan       nan       nan
        2        181       0   0.000  0.000      0       nan           nan         nan         nan       nan       nan
        2        182       0   0.000  0.000      0       nan           nan         nan         nan       nan       nan
        2        184       0   0.000  0.000      0       nan           nan         nan         nan       nan       nan
        2        185       0   0.000  0.000      0       nan           nan         nan         nan       nan       nan
        2        186       0   0.000  0.000      0       nan           nan         nan         nan       nan       nan
        2        187       0   0.000  0.000      0       nan           nan         nan         nan       nan       nan
        2        189       0   0.000  0.000      0       nan           nan         nan         nan       nan       nan
        2        190       0   0.000  0.000      0       nan           nan         nan         nan       nan       nan
        2        191       0   0.000  0.000      0       nan           nan         nan         nan       nan       nan
        2        192       0   0.000  0.000      0       nan           nan         nan         nan       nan       nan
        2        193       0   0.000  0.000      0       nan           nan         nan         nan       nan       nan
        2        194       0   0.000  0.000      0       nan           nan         nan         nan       nan       nan
        2        195       0   0.000  0.000      0       nan           nan         nan         nan       nan       nan
        2        196       0   0.000  0.000      0       nan           nan         nan         nan       nan       nan
        2        197       0   0.000  0.000      0       nan           nan         nan         nan       nan       nan
        2        198       0   0.000  0.000      0       nan           nan         nan         nan       nan       nan
        2        199       0   0.000  0.000      0       nan           nan         nan         nan       nan       nan
        2        200       0   0.000  0.000      0       nan           nan         nan         nan       nan       nan
        2        201       0   0.000  0.000      0       nan           nan         nan         nan       nan       nan
        2        203       0   0.000  0.000      0       nan           nan         nan         nan       nan       nan
        2        204       0   0.000  0.000      0       nan           nan         nan         nan       nan       nan
        2        205       0   0.000  0.000      0       nan           nan         nan         nan       nan       nan
        2        206       0   0.000  0.000      0       nan           nan         nan         nan       nan       nan
        2        208       0   0.000  0.000      0       nan           nan         nan         nan       nan       nan
        3          2       1   0.124  0.623  22576     1.000           4.0       119.2       123.2      49.4      49.4
        3         25       1   0.099  0.209  10280     1.091           0.9       112.7       111.7      58.7      64.0
        3        188       0   0.081  0.134   4728     1.542           0.1       133.0       133.0      45.3      29.3
        3         37       1   0.035  0.170   5960     1.091           3.5       113.5       110.0      64.0      69.8
        3          1       1   0.026  0.440  26812     1.189          13.5       116.5       102.9      49.4      41.5
        3        140       0   0.021  0.035   1152     1.682           0.0       110.0       110.0      49.4      29.3
        3         38       0   0.018  0.124   4176     2.181           2.1       117.9       120.0      49.4      22.6
        3        160       0   0.016  0.021    704     1.297           0.0       110.0       110.0      53.8      69.8
        3         99       0   0.014  0.134   4600     1.682           4.6       115.4       120.0      53.8      90.5
        3         33       0   0.014  0.183   6200     1.414           8.0       128.0       120.0      49.4      34.9
        3        139       0   0.014  0.121   4152     2.181           2.9       117.1       120.0      49.4      22.6
        3         23       0   0.011  0.064   2164     1.297           3.6       113.6       110.0      53.8      41.5
        3         28       0   0.010  0.311  11000     1.297          21.9       121.5       143.4      49.4      38.1
        3         18       1   0.010  0.166   7888     1.091          13.6       113.6       100.0      53.8      58.7
        3         35       0   0.010  0.292  11372     1.682          15.8       114.2       130.0      49.4      29.3
        3          5       0   0.010  0.425  23108     1.682          23.5       116.3        92.7      49.4      29.3
        3         11       0   0.010  0.409  21088     2.000          20.1       122.3       142.4      49.4      24.7
        3         39       0   0.009  0.151   5812     2.594           5.6       122.4       128.1      49.4      19.0
        3          8       0   0.008  0.262  15472     1.542          20.5       127.7       148.1      49.4      76.1
        3         64       0   0.007  0.146   5220     1.682          10.9       117.7       128.6      49.4      83.0
        3         74       0   0.007  0.110   3888     3.084           4.4       128.2       123.7      49.4      16.0
        3        185       0   0.006  0.099   3300     1.834           7.9       110.0       118.0      49.4      26.9
        3        124       0   0.005  0.161   5624     1.091          26.6       116.6        90.0      49.4      53.8
        3          6       0   0.005  0.280  18528     2.000          25.4       119.6        94.3      49.4      98.7
        3         57       0   0.005  0.065   2292     2.000           5.7       134.3       140.0      49.4      98.7
        3         69       0   0.005  0.038   1392     2.000           3.0       110.9       108.0      58.7      29.3
        3         14       0   0.005  0.188  12092     1.542          25.7       114.9        89.2      53.8      83.0
        3        113       0   0.005  0.079   2832     2.594           5.7       111.6       105.9      58.7      22.6
        3          3       0   0.004  0.291  15528     1.682          39.6       118.5        78.9      53.8      90.5
        3         43       0   0.004  0.197   6788     1.000          45.4       124.6       170.0      49.4      49.4
        3         79       0   0.004  0.122   4280     2.594          10.9       110.9       100.0      58.7      22.6
        3         36       0   0.004  0.047   1680     1.189          10.1       110.1       100.0      64.0      76.1
        3         82       0   0.004  0.067   2252     1.414          12.3       112.3       100.0      49.4      69.8
        3         90       0   0.003  0.050   1664     1.297          10.0       110.0       100.0      49.4      38.1
        3         10       0   0.003  0.286  17824     2.000          41.8       123.8        82.0      49.4      98.7
        3         30       0   0.003  0.146   6228     1.834          23.6       116.6       140.2      49.4      26.9
        3        181       0   0.003  0.032   1052     1.091           8.0       112.0       120.0      49.4      53.8
        3         31       0   0.003  0.069   3068     1.682          11.8       111.8       100.0      53.8      90.5
        3        142       0   0.003  0.131   4416     1.682          23.9       134.3       158.2      45.3      26.9
        3        104       0   0.003  0.181   6020     2.181          26.3       112.9        86.6      49.4      22.6
        3        118       0   0.003  0.039   1284     1.189          10.0       110.0       100.0      53.8      64.0
        3        147       0   0.003  0.035   1160     1.189          10.0       110.0       120.0      53.8      64.0
        3         92       0   0.003  0.117   3944     1.414          30.4       137.7       168.1      45.3      32.0
        3        117       0   0.003  0.054   1804     1.091          18.0       112.0       130.0      49.4      45.3
        3         12       0   0.003  0.072   2820     2.378          10.9       110.9       100.0      58.7      24.7
        3        126       0   0.003  0.248   8316     2.000          47.9       113.7        65.8      53.8      26.9
        3        152       0   0.003  0.207   6888     2.181          36.5       113.4       149.9      53.8      24.7
        3          9       0   0.003  0.101   6288     2.594          14.4       133.9       148.3      45.3     117.4
        3        205       0   0.003  0.041   1368     2.181           6.5       124.7       118.2      45.3      20.7
        3         53       0   0.002  0.072   2976     1.682          16.3       140.8       124.6      45.3      26.9
        3         76       0   0.002  0.171   5796     1.000          68.7       113.9         2.7      53.8      53.8
        3         77       0   0.002  0.283   9684     1.414          83.8       119.3        35.5      49.4      34.9
        3         16       0   0.002  0.247  11140     2.000          53.6       128.7        75.1      49.4      98.7
        3         55       0   0.002  0.095   3344     1.542          27.4       116.2        88.8      49.4      32.0
        3        156       0   0.002  0.017    580     1.091           7.3       117.3       110.0      58.7      53.8
        3        114       0   0.002  0.107   3692     1.091          53.4       113.4        60.0      64.0      58.7
        3          0       0   0.002  0.276  16404     1.834          83.1       121.4        38.3      49.4      26.9
        3        201       0   0.002  0.072   2428     1.834          22.1       117.9       140.0      53.8      29.3
        3        158       0   0.002  0.073   2496     2.000          20.7       127.9       107.2      49.4      24.7
        3        191       0   0.002  0.067   2280     2.828          13.3       139.3       152.5      45.3      16.0
        3        102       0   0.002  0.158   5292     1.189          80.8       120.8        40.0      49.4      41.5
        3         91       0   0.002  0.071   2692     2.378          17.5       112.5       130.0      64.0      26.9
        3         96       0   0.002  0.026   1076     1.542          10.0       120.0       130.0      49.4      32.0
        3         21       0   0.001  0.045   2028     2.594          10.9       121.5       110.6      49.4      19.0
        3         41       0   0.001  0.054   2320     1.913          18.5       110.2        91.6      58.7      30.7
        3         83       0   0.001  0.071   2432     1.297          40.1       110.1        70.0      58.7      76.1
        3         75       0   0.001  0.124   4400     1.542          60.1       139.9        20.0      45.3      69.8
        3         88       0   0.001  0.083   2952     2.000          32.5       112.5        80.0      64.0      32.0
        3        127       0   0.001  0.033   1104     1.297          20.0       140.0       160.0      49.4      64.0
        3        166       0   0.001  0.076   2556     1.297          48.2       134.3         2.5      38.1      29.3
        3        198       0   0.001  0.027    916     2.000          10.6       112.8       123.3      58.7      29.3
        3        196       0   0.001  0.036   1184     1.000          30.0       110.0        80.0      49.4      49.4
        3         73       0   0.001  0.187   6248     2.181          79.3       111.8        32.5      49.4      22.6
        3        172       0   0.001  0.058   1944     1.000          54.4       116.6        62.2      64.0      64.0
        3         44       0   0.001  0.088   3964     1.414          60.3       140.1        20.4      45.3      64.0
        3        161       0   0.001  0.052   1756     1.189          44.6       135.4         0.0      45.3      38.1
        3        132       0   0.001  0.081   2700     1.000          83.3       115.4        18.7      64.0      64.0
        3         95       0   0.001  0.156   5216     2.000          81.3       111.3        30.0      49.4      24.7
        3        100       0   0.001  0.054   1792     2.378          22.9       137.1       160.0      45.3      19.0
        3        135       0   0.001  0.013    452     1.297          10.0       110.0       120.0      64.0      83.0
        3        106       0   0.001  0.082   2792     1.091          83.0       113.0        30.0      64.0      69.8
        3        199       0   0.001  0.050   1704     1.834          30.8       110.8        80.0      64.0      34.9
        3        141       0   0.001  0.090   2992     2.000          51.6       111.6        60.0      49.4      24.7
        3        192       0   0.001  0.050   1672     1.189          50.0       120.0       170.0      49.4      58.7
        3        111       0   0.001  0.115   3944     1.682          83.7       131.9        35.7      49.4      29.3
        3         15       0   0.001  0.043   2092     1.091          48.8       123.7        74.9      49.4      45.3
        3         80       0   0.001  0.024    804     2.828           9.6       129.6       120.0      49.4      17.4
        3        155       0   0.001  0.077   2580     1.414          70.0       110.0         0.0      49.4      34.9
        3         24       0   0.001  0.023    868     1.189          24.0       116.6        92.7      58.7      49.4
        3         20       0   0.001  0.091   3360     2.181          55.2       131.4        76.1      49.4      22.6
        3        120       0   0.001  0.032   1108     1.414          30.0       140.0       170.0      49.4      69.8
        3         71       0   0.001  0.075   3076     1.682          60.0       140.0        20.0      45.3      76.1
        3         40       0   0.001  0.101   3348     2.378          57.0       114.5        57.5      49.4      20.7
        3         93       0   0.001  0.042   1412     2.000          30.0       140.0       170.0      45.3      22.6
        3        128       0   0.001  0.061   2196     3.084          29.6       110.0        80.4      58.7      19.0
        3        137       0   0.001  0.020    720     1.542          20.0       140.0       120.0      45.3      69.8
        3         94       0   0.001  0.051   1736     2.000          40.2       131.7        91.5      38.1      76.1
        3        163       0   0.001  0.048   1608     3.084          24.9       110.1        85.2      53.8      17.4
        3        151       0   0.001  0.076   2540     1.682          75.4       114.6        10.0      49.4      29.3
        3        174       0   0.001  0.038   1280     2.828          21.8       121.8       100.0      49.4      17.4
        3        178       0   0.001  0.008    276     1.297          10.0       120.0       110.0      49.4      64.0
        3          7       0   0.001  0.035   1428     2.828          21.2       111.2        90.0      64.0      22.6
        3        131       0   0.001  0.072   2384     1.682          79.0       110.0         9.0      49.4      29.3
        3        203       0   0.000  0.031   1108     2.378          25.6       115.2       140.8      64.0      26.9
        3         98       0   0.000  0.028    948     2.828          20.0       120.0       140.0      49.4      17.4
        3         47       0   0.000  0.023    800     1.542          30.3       110.3        80.0      64.0      41.5
        3        116       0   0.000  0.010    340     2.378           8.2       111.8       120.0      58.7      24.7
        3         49       0   0.000  0.037   1388     1.682          50.0       120.0        70.0      49.4      83.0
        3          4       0   0.000  0.011    404     1.834          14.6       114.6       100.0      64.0      34.9
        3         50       0   0.000  0.011    448     1.414          20.0       120.0       100.0      49.4      69.8
        3        101       0   0.000  0.048   1592     2.378          52.5       132.5        80.0      38.1      90.5
        3         48       0   0.000  0.048   1896     2.000          67.7       127.7        60.0      49.4      98.7
        3        130       0   0.000  0.018    708     1.091          46.3       116.3        70.0      49.4      45.3
        3         13       0   0.000  0.019    940     1.834          29.9       120.1       150.0      49.4      26.9
        3        136       0   0.000  0.019    632     1.834          30.2       130.2       100.0      38.1      69.8
        3         51       0   0.000  0.018    800     1.091          50.0       120.0        70.0      49.4      53.8
        3        171       0   0.000  0.010    348     3.084           9.7       118.1       127.7      58.7      19.0
        3        193       0   0.000  0.033   1084     2.181          52.1       110.0       162.1      45.3      20.7
        3        148       0   0.000  0.049   1680     2.000          89.1       140.9        50.0      49.4      24.7
        3        164       0   0.000  0.012    424     2.181          25.9       114.1       140.0      64.0      29.3
        3        150       0   0.000  0.006    188     1.297          20.0       110.0        90.0      58.7      76.1
        3        179       0   0.000  0.006    208     1.542          18.9       130.0       111.1      38.1      58.7
        3         67       0   0.000  0.024    792     2.378          50.0       120.0        70.0      49.4     117.4
        3        175       0   0.000  0.011    384     1.414          40.0       130.0        90.0      41.5      58.7
        3         26       0   0.000  0.018    740     2.378          44.1       134.1        90.0      49.4     117.4
        3        204       0   0.000  0.029    956     2.594          67.4       123.4        56.0      49.4      19.0
        3        194       0   0.000  0.009    312     2.828          20.0       110.0        90.0      58.7      20.7
        3         68       0   0.000  0.012    456     1.834          50.0       120.0       170.0      49.4      26.9
        3        133       0   0.000  0.012    432     2.828          35.9       120.0       155.9      49.4      17.4
        3        105       0   0.000  0.000      8     2.828           0.0       120.0       120.0      49.4      17.4
        3        177       0   0.000  0.003     92     1.189          50.0       140.0        10.0      49.4      58.7
        3        208       0   0.000  0.009    304     3.084          70.0       110.0        40.0      49.4      16.0
        3         59       0   0.000  0.005    184     2.828          50.0       120.0       170.0      49.4      17.4
        3        207       0   0.000  0.002     56     2.000          32.1       137.9       170.0      45.3      22.6
        3        184       0   0.000  0.001     28     1.189          30.0       110.0        80.0      58.7      69.8
        3        122       0   0.000  0.000     12     1.542          10.0       130.0       120.0      41.5      26.9
        3        195       0   0.000  0.001     48     1.834          46.8       126.8        80.0      38.1      69.8
        3         22       0   0.000  0.002     56     2.594          60.0       120.0        60.0      49.4      19.0
        3         86       0   0.000  0.000      4     1.414          10.0       130.0       120.0      41.5      29.3
        3         56       0   0.000  0.000      8     2.378          50.0       140.0        10.0      49.4      20.7
        3        169       0   0.000  0.000      4     2.181          30.0       130.0       100.0      38.1      83.0
        3         17       0   0.000  0.000      0       nan           nan         nan         nan       nan       nan
        3         19       0   0.000  0.000      0       nan           nan         nan         nan       nan       nan
        3         27       0   0.000  0.000      0       nan           nan         nan         nan       nan       nan
        3         29       0   0.000  0.000      0       nan           nan         nan         nan       nan       nan
        3         32       0   0.000  0.000      0       nan           nan         nan         nan       nan       nan
        3         34       0   0.000  0.000      0       nan           nan         nan         nan       nan       nan
        3         42       0   0.000  0.000      0       nan           nan         nan         nan       nan       nan
        3         45       0   0.000  0.000      0       nan           nan         nan         nan       nan       nan
        3         46       0   0.000  0.000      0       nan           nan         nan         nan       nan       nan
        3         52       0   0.000  0.000      0       nan           nan         nan         nan       nan       nan
        3         54       0   0.000  0.000      0       nan           nan         nan         nan       nan       nan
        3         58       0   0.000  0.000      0       nan           nan         nan         nan       nan       nan
        3         60       0   0.000  0.000      0       nan           nan         nan         nan       nan       nan
        3         61       0   0.000  0.000      0       nan           nan         nan         nan       nan       nan
        3         62       0   0.000  0.000      0       nan           nan         nan         nan       nan       nan
        3         63       0   0.000  0.000      0       nan           nan         nan         nan       nan       nan
        3         65       0   0.000  0.000      0       nan           nan         nan         nan       nan       nan
        3         66       0   0.000  0.000      0       nan           nan         nan         nan       nan       nan
        3         70       0   0.000  0.000      0       nan           nan         nan         nan       nan       nan
        3         72       0   0.000  0.000      0       nan           nan         nan         nan       nan       nan
        3         78       0   0.000  0.000      0       nan           nan         nan         nan       nan       nan
        3         81       0   0.000  0.000      0       nan           nan         nan         nan       nan       nan
        3         84       0   0.000  0.000      0       nan           nan         nan         nan       nan       nan
        3         85       0   0.000  0.000      0       nan           nan         nan         nan       nan       nan
        3         87       0   0.000  0.000      0       nan           nan         nan         nan       nan       nan
        3         89       0   0.000  0.000      0       nan           nan         nan         nan       nan       nan
        3         97       0   0.000  0.000      0       nan           nan         nan         nan       nan       nan
        3        103       0   0.000  0.000      0       nan           nan         nan         nan       nan       nan
        3        107       0   0.000  0.000      0       nan           nan         nan         nan       nan       nan
        3        108       0   0.000  0.000      0       nan           nan         nan         nan       nan       nan
        3        109       0   0.000  0.000      0       nan           nan         nan         nan       nan       nan
        3        110       0   0.000  0.000      0       nan           nan         nan         nan       nan       nan
        3        112       0   0.000  0.000      0       nan           nan         nan         nan       nan       nan
        3        115       0   0.000  0.000      0       nan           nan         nan         nan       nan       nan
        3        119       0   0.000  0.000      0       nan           nan         nan         nan       nan       nan
        3        121       0   0.000  0.000      0       nan           nan         nan         nan       nan       nan
        3        123       0   0.000  0.000      0       nan           nan         nan         nan       nan       nan
        3        125       0   0.000  0.000      0       nan           nan         nan         nan       nan       nan
        3        129       0   0.000  0.000      0       nan           nan         nan         nan       nan       nan
        3        134       0   0.000  0.000      0       nan           nan         nan         nan       nan       nan
        3        138       0   0.000  0.000      0       nan           nan         nan         nan       nan       nan
        3        143       0   0.000  0.000      0       nan           nan         nan         nan       nan       nan
        3        144       0   0.000  0.000      0       nan           nan         nan         nan       nan       nan
        3        145       0   0.000  0.000      0       nan           nan         nan         nan       nan       nan
        3        146       0   0.000  0.000      0       nan           nan         nan         nan       nan       nan
        3        149       0   0.000  0.000      0       nan           nan         nan         nan       nan       nan
        3        153       0   0.000  0.000      0       nan           nan         nan         nan       nan       nan
        3        154       0   0.000  0.000      0       nan           nan         nan         nan       nan       nan
        3        157       0   0.000  0.000      0       nan           nan         nan         nan       nan       nan
        3        159       0   0.000  0.000      0       nan           nan         nan         nan       nan       nan
        3        162       0   0.000  0.000      0       nan           nan         nan         nan       nan       nan
        3        165       0   0.000  0.000      0       nan           nan         nan         nan       nan       nan
        3        167       0   0.000  0.000      0       nan           nan         nan         nan       nan       nan
        3        168       0   0.000  0.000      0       nan           nan         nan         nan       nan       nan
        3        170       0   0.000  0.000      0       nan           nan         nan         nan       nan       nan
        3        173       0   0.000  0.000      0       nan           nan         nan         nan       nan       nan
        3        176       0   0.000  0.000      0       nan           nan         nan         nan       nan       nan
        3        180       0   0.000  0.000      0       nan           nan         nan         nan       nan       nan
        3        182       0   0.000  0.000      0       nan           nan         nan         nan       nan       nan
        3        183       0   0.000  0.000      0       nan           nan         nan         nan       nan       nan
        3        186       0   0.000  0.000      0       nan           nan         nan         nan       nan       nan
        3        187       0   0.000  0.000      0       nan           nan         nan         nan       nan       nan
        3        189       0   0.000  0.000      0       nan           nan         nan         nan       nan       nan
        3        190       0   0.000  0.000      0       nan           nan         nan         nan       nan       nan
        3        197       0   0.000  0.000      0       nan           nan         nan         nan       nan       nan
        3        200       0   0.000  0.000      0       nan           nan         nan         nan       nan       nan
        3        202       0   0.000  0.000      0       nan           nan         nan         nan       nan       nan
        3        206       0   0.000  0.000      0       nan           nan         nan         nan       nan       nan
        4         32       0   0.070  0.217   7692     3.084           0.0         0.0         0.0      76.1      24.7
        4         17       0   0.032  0.128   4520     3.668           0.1         0.0         0.1      76.1      20.7
        4         19       0   0.027  0.331  11912     2.181           4.6         0.0         4.6      98.7      45.3
        4        202       0   0.026  0.031   1084     1.189           0.0         0.0         0.0      76.1      64.0
        4          0       0   0.023  0.265  16328     3.364           2.5         0.0         2.5      98.7      29.3
        4        153       0   0.021  0.042   1512     2.000           0.0         0.0         0.0     107.6      53.8
        4         72       0   0.010  0.220   7964     2.000          10.0         0.0        10.0      98.7      49.4
        4          9       0   0.007  0.262  14656     1.091          31.7         0.0       148.3     107.6     117.4
        4         44       0   0.007  0.245  10048     1.834          17.6         0.0        17.6      98.7      53.8
        4         13       0   0.007  0.325  13080     2.828          15.1         0.0       164.9      98.7      34.9
        4          8       0   0.006  0.198  12664     1.000          30.0         0.0       150.0     107.6     107.6
        4         60       1   0.006  0.074   2624     1.091          10.0         0.0        10.0     107.6     117.4
        4         63       0   0.004  0.083   2924     2.000          10.0         0.0       170.0      76.1      38.1
        4         87       0   0.003  0.094   3404     2.594          10.0         0.0        10.0     107.6      41.5
        4        115       0   0.003  0.087   3076     2.594          10.0         0.0        10.0      76.1      29.3
        4        177       0   0.003  0.054   1916     1.682          10.0         0.0        10.0      98.7      58.7
        4         85       0   0.003  0.091   3208     1.000          30.0         0.0       150.0      98.7      98.7
        4        107       0   0.003  0.048   1704     5.657           2.0         0.0         2.0      90.5      16.0
        4         27       0   0.003  0.307  11156     1.682          68.7         0.0       111.3      98.7      58.7
        4        149       0   0.002  0.032   1164     1.189          10.0         0.0       170.0      98.7      83.0
        4         68       0   0.002  0.109   4124     4.000          10.0         0.0       170.0     107.6      26.9
        4         71       0   0.002  0.064   2760     1.297          20.0         0.0        20.0     107.6      83.0
        4        109       0   0.002  0.129   4748     2.000          28.5         0.0        28.5     107.6      53.8
        4         89       0   0.002  0.193   6876     4.757          19.2         0.0       160.8     107.6      22.6
        4        110       0   0.002  0.041   1440     1.091          20.0         0.0       160.0      98.7      90.5
        4         56       0   0.002  0.084   2976     4.757          10.0         0.0        10.0      98.7      20.7
        4         26       0   0.002  0.154   5980     1.091          90.0         0.0        90.0     107.6     117.4
        4         46       0   0.002  0.079   3032     1.000          50.0         0.0       130.0     117.4     117.4
        4        176       0   0.002  0.080   2824     2.181          22.9         0.0        22.9      98.7      45.3
        4         97       0   0.001  0.033   1160     1.091          20.0         0.0       160.0      98.7     107.6
        4         61       0   0.001  0.131   4644     1.414          80.0         0.0       100.0     107.6      76.1
        4         14       0   0.001  0.181  12060     2.000          80.2         0.0        99.8     107.6      53.8
        4        168       0   0.001  0.039   1380     1.834          18.5         0.0        18.5     107.6      58.7
        4         10       0   0.001  0.087   6556     1.000          90.0         0.0        90.0     107.6     107.6
        4         52       0   0.001  0.089   3144     5.657          17.0         0.0        17.0      98.7      17.4
        4        123       0   0.001  0.043   1532     1.682          29.9         0.0        29.9      76.1      45.3
        4         16       0   0.001  0.073   3968     1.091          80.0         0.0        80.0     107.6      98.7
        4         51       0   0.001  0.136   5628     2.378          70.7         0.0        70.7     107.6      45.3
        4         58       0   0.001  0.038   1592     1.189          40.0         0.0       140.0     117.4      98.7
        4         75       0   0.001  0.024    992     1.542          20.0         0.0        20.0     107.6      69.8
        4          6       0   0.001  0.074   5956     1.091          90.0         0.0        90.0     107.6      98.7
        4         53       0   0.001  0.163   6468     3.084          70.5         0.0       109.5     107.6      34.9
        4        112       0   0.001  0.038   1336     4.757          10.0         0.0       170.0      76.1      16.0
        4         59       0   0.001  0.154   5700     5.657          37.4         0.0       142.6     107.6      19.0
        4         11       0   0.001  0.070   4860     4.362          21.6         0.0       158.4     107.6      24.7
        4         15       0   0.001  0.173   7756     3.084          85.3         0.0        85.3     107.6      34.9
        4         84       0   0.001  0.064   2248     1.682          60.0         0.0       120.0     107.6      64.0
        4         42       0   0.001  0.157   6068     4.757          61.7         0.0       118.3     107.6      22.6
        4         62       0   0.000  0.048   1700     1.189          80.0         0.0       100.0      98.7     117.4
        4        129       0   0.000  0.037   1296     4.362          16.4         0.0       163.6      98.7      22.6
        4        143       0   0.000  0.017    600     1.189          30.0         0.0       150.0      98.7      83.0
        4         96       0   0.000  0.071   2984     3.668          44.0         0.0       136.0     117.4      32.0
        4        207       0   0.000  0.030   1108     3.364          20.0         0.0       160.0      76.1      22.6
        4        134       0   0.000  0.005    184     1.189          10.0         0.0        10.0     107.6      90.5
        4        137       0   0.000  0.040   1468     1.682          60.0         0.0       120.0     107.6      64.0
        4          5       0   0.000  0.065   4860     2.378          80.0         0.0        80.0     107.6      45.3
        4        120       0   0.000  0.005    184     1.414          10.0         0.0       170.0     107.6      76.1
        4        154       0   0.000  0.036   1316     2.828          40.0         0.0        40.0     107.6      38.1
        4         21       0   0.000  0.128   5552     6.169          67.9         0.0       112.1     107.6      17.4
        4         54       0   0.000  0.074   2612     3.364          80.0         0.0       100.0     107.6      32.0
        4         30       0   0.000  0.035   1728     3.364          39.7         0.0       140.3     117.4      34.9
        4         48       0   0.000  0.014    584     1.091          60.0         0.0        60.0     107.6      98.7
        4          1       0   0.000  0.040   3448     2.181          90.0         0.0        90.0     107.6      49.4
        4        125       0   0.000  0.013    480     1.297          50.0         0.0       130.0     117.4      90.5
        4        144       0   0.000  0.073   2572     5.187          71.2         0.0       108.8      98.7      19.0
        4        165       0   0.000  0.057   2012     5.187          57.9         0.0        57.9      98.7      19.0
        4        188       0   0.000  0.034   1372     3.668          50.0         0.0       130.0      98.7      26.9
        4        138       0   0.000  0.089   3164     6.169          81.4         0.0        98.6     107.6      17.4
        4         22       0   0.000  0.038   1436     5.657          50.3         0.0        50.3     107.6      19.0
        4        108       0   0.000  0.013    472     1.834          53.5         0.0        53.5     117.4      64.0
        4         34       0   0.000  0.012    444     5.187          20.0         0.0        20.0     107.6      20.7
        4        183       0   0.000  0.004    148     1.297          30.0         0.0       150.0      98.7      76.1
        4        170       0   0.000  0.034   1224     6.727          60.9         0.0        60.9     107.6      16.0
        4        133       0   0.000  0.007    264     5.657          20.0         0.0       160.0     107.6      19.0
        4        121       0   0.000  0.005    216     4.000          29.1         0.0       150.9     117.4      29.3
        4         39       0   0.000  0.006    260     5.657          50.0         0.0       130.0     107.6      19.0
        4         20       0   0.000  0.007    304     6.169          90.0         0.0        90.0     107.6      17.4
        4         81       0   0.000  0.007    264     6.727          84.5         0.0        95.5     107.6      16.0
        4          3       0   0.000  0.001     48     1.189          70.0         0.0        70.0     107.6      90.5
        4        182       0   0.000  0.001     20     1.542          50.0         0.0        50.0     117.4      76.1
        4          2       0   0.000  0.000      0       nan           nan         nan         nan       nan       nan
        4          4       0   0.000  0.000      0       nan           nan         nan         nan       nan       nan
        4          7       0   0.000  0.000      0       nan           nan         nan         nan       nan       nan
        4         12       0   0.000  0.000      0       nan           nan         nan         nan       nan       nan
        4         18       0   0.000  0.000      0       nan           nan         nan         nan       nan       nan
        4         23       0   0.000  0.000      0       nan           nan         nan         nan       nan       nan
        4         24       0   0.000  0.000      0       nan           nan         nan         nan       nan       nan
        4         25       0   0.000  0.000      0       nan           nan         nan         nan       nan       nan
        4         28       0   0.000  0.000      0       nan           nan         nan         nan       nan       nan
        4         29       0   0.000  0.000      0       nan           nan         nan         nan       nan       nan
        4         31       0   0.000  0.000      0       nan           nan         nan         nan       nan       nan
        4         33       0   0.000  0.000      0       nan           nan         nan         nan       nan       nan
        4         35       0   0.000  0.000      0       nan           nan         nan         nan       nan       nan
        4         36       0   0.000  0.000      0       nan           nan         nan         nan       nan       nan
        4         37       0   0.000  0.000      0       nan           nan         nan         nan       nan       nan
        4         38       0   0.000  0.000      0       nan           nan         nan         nan       nan       nan
        4         40       0   0.000  0.000      0       nan           nan         nan         nan       nan       nan
        4         41       0   0.000  0.000      0       nan           nan         nan         nan       nan       nan
        4         43       0   0.000  0.000      0       nan           nan         nan         nan       nan       nan
        4         45       0   0.000  0.000      0       nan           nan         nan         nan       nan       nan
        4         47       0   0.000  0.000      0       nan           nan         nan         nan       nan       nan
        4         49       0   0.000  0.000      0       nan           nan         nan         nan       nan       nan
        4         50       0   0.000  0.000      0       nan           nan         nan         nan       nan       nan
        4         55       0   0.000  0.000      0       nan           nan         nan         nan       nan       nan
        4         57       0   0.000  0.000      0       nan           nan         nan         nan       nan       nan
        4         64       0   0.000  0.000      0       nan           nan         nan         nan       nan       nan
        4         65       0   0.000  0.000      0       nan           nan         nan         nan       nan       nan
        4         66       0   0.000  0.000      0       nan           nan         nan         nan       nan       nan
        4         67       0   0.000  0.000      0       nan           nan         nan         nan       nan       nan
        4         69       0   0.000  0.000      0       nan           nan         nan         nan       nan       nan
        4         70       0   0.000  0.000      0       nan           nan         nan         nan       nan       nan
        4         73       0   0.000  0.000      0       nan           nan         nan         nan       nan       nan
        4         74       0   0.000  0.000      0       nan           nan         nan         nan       nan       nan
        4         76       0   0.000  0.000      0       nan           nan         nan         nan       nan       nan
        4         77       0   0.000  0.000      0       nan           nan         nan         nan       nan       nan
        4         78       0   0.000  0.000      0       nan           nan         nan         nan       nan       nan
        4         79       0   0.000  0.000      0       nan           nan         nan         nan       nan       nan
        4         80       0   0.000  0.000      0       nan           nan         nan         nan       nan       nan
        4         82       0   0.000  0.000      0       nan           nan         nan         nan       nan       nan
        4         83       0   0.000  0.000      0       nan           nan         nan         nan       nan       nan
        4         86       0   0.000  0.000      0       nan           nan         nan         nan       nan       nan
        4         88       0   0.000  0.000      0       nan           nan         nan         nan       nan       nan
        4         90       0   0.000  0.000      0       nan           nan         nan         nan       nan       nan
        4         91       0   0.000  0.000      0       nan           nan         nan         nan       nan       nan
        4         92       0   0.000  0.000      0       nan           nan         nan         nan       nan       nan
        4         93       0   0.000  0.000      0       nan           nan         nan         nan       nan       nan
        4         94       0   0.000  0.000      0       nan           nan         nan         nan       nan       nan
        4         95       0   0.000  0.000      0       nan           nan         nan         nan       nan       nan
        4         98       0   0.000  0.000      0       nan           nan         nan         nan       nan       nan
        4         99       0   0.000  0.000      0       nan           nan         nan         nan       nan       nan
        4        100       0   0.000  0.000      0       nan           nan         nan         nan       nan       nan
        4        101       0   0.000  0.000      0       nan           nan         nan         nan       nan       nan
        4        102       0   0.000  0.000      0       nan           nan         nan         nan       nan       nan
        4        103       0   0.000  0.000      0       nan           nan         nan         nan       nan       nan
        4        104       0   0.000  0.000      0       nan           nan         nan         nan       nan       nan
        4        105       0   0.000  0.000      0       nan           nan         nan         nan       nan       nan
        4        106       0   0.000  0.000      0       nan           nan         nan         nan       nan       nan
        4        111       0   0.000  0.000      0       nan           nan         nan         nan       nan       nan
        4        113       0   0.000  0.000      0       nan           nan         nan         nan       nan       nan
        4        114       0   0.000  0.000      0       nan           nan         nan         nan       nan       nan
        4        116       0   0.000  0.000      0       nan           nan         nan         nan       nan       nan
        4        117       0   0.000  0.000      0       nan           nan         nan         nan       nan       nan
        4        118       0   0.000  0.000      0       nan           nan         nan         nan       nan       nan
        4        119       0   0.000  0.000      0       nan           nan         nan         nan       nan       nan
        4        122       0   0.000  0.000      0       nan           nan         nan         nan       nan       nan
        4        124       0   0.000  0.000      0       nan           nan         nan         nan       nan       nan
        4        126       0   0.000  0.000      0       nan           nan         nan         nan       nan       nan
        4        127       0   0.000  0.000      0       nan           nan         nan         nan       nan       nan
        4        128       0   0.000  0.000      0       nan           nan         nan         nan       nan       nan
        4        130       0   0.000  0.000      0       nan           nan         nan         nan       nan       nan
        4        131       0   0.000  0.000      0       nan           nan         nan         nan       nan       nan
        4        132       0   0.000  0.000      0       nan           nan         nan         nan       nan       nan
        4        135       0   0.000  0.000      0       nan           nan         nan         nan       nan       nan
        4        136       0   0.000  0.000      0       nan           nan         nan         nan       nan       nan
        4        139       0   0.000  0.000      0       nan           nan         nan         nan       nan       nan
        4        140       0   0.000  0.000      0       nan           nan         nan         nan       nan       nan
        4        141       0   0.000  0.000      0       nan           nan         nan         nan       nan       nan
        4        142       0   0.000  0.000      0       nan           nan         nan         nan       nan       nan
        4        145       0   0.000  0.000      0       nan           nan         nan         nan       nan       nan
        4        146       0   0.000  0.000      0       nan           nan         nan         nan       nan       nan
        4        147       0   0.000  0.000      0       nan           nan         nan         nan       nan       nan
        4        148       0   0.000  0.000      0       nan           nan         nan         nan       nan       nan
        4        150       0   0.000  0.000      0       nan           nan         nan         nan       nan       nan
        4        151       0   0.000  0.000      0       nan           nan         nan         nan       nan       nan
        4        152       0   0.000  0.000      0       nan           nan         nan         nan       nan       nan
        4        155       0   0.000  0.000      0       nan           nan         nan         nan       nan       nan
        4        156       0   0.000  0.000      0       nan           nan         nan         nan       nan       nan
        4        157       0   0.000  0.000      0       nan           nan         nan         nan       nan       nan
        4        158       0   0.000  0.000      0       nan           nan         nan         nan       nan       nan
        4        159       0   0.000  0.000      0       nan           nan         nan         nan       nan       nan
        4        160       0   0.000  0.000      0       nan           nan         nan         nan       nan       nan
        4        161       0   0.000  0.000      0       nan           nan         nan         nan       nan       nan
        4        162       0   0.000  0.000      0       nan           nan         nan         nan       nan       nan
        4        163       0   0.000  0.000      0       nan           nan         nan         nan       nan       nan
        4        164       0   0.000  0.000      0       nan           nan         nan         nan       nan       nan
        4        166       0   0.000  0.000      0       nan           nan         nan         nan       nan       nan
        4        167       0   0.000  0.000      0       nan           nan         nan         nan       nan       nan
        4        169       0   0.000  0.000      0       nan           nan         nan         nan       nan       nan
        4        171       0   0.000  0.000      0       nan           nan         nan         nan       nan       nan
        4        172       0   0.000  0.000      0       nan           nan         nan         nan       nan       nan
        4        173       0   0.000  0.000      0       nan           nan         nan         nan       nan       nan
        4        174       0   0.000  0.000      0       nan           nan         nan         nan       nan       nan
        4        175       0   0.000  0.000      0       nan           nan         nan         nan       nan       nan
        4        178       0   0.000  0.000      0       nan           nan         nan         nan       nan       nan
        4        179       0   0.000  0.000      0       nan           nan         nan         nan       nan       nan
        4        180       0   0.000  0.000      0       nan           nan         nan         nan       nan       nan
        4        181       0   0.000  0.000      0       nan           nan         nan         nan       nan       nan
        4        184       0   0.000  0.000      0       nan           nan         nan         nan       nan       nan
        4        185       0   0.000  0.000      0       nan           nan         nan         nan       nan       nan
        4        186       0   0.000  0.000      0       nan           nan         nan         nan       nan       nan
        4        187       0   0.000  0.000      0       nan           nan         nan         nan       nan       nan
        4        189       0   0.000  0.000      0       nan           nan         nan         nan       nan       nan
        4        190       0   0.000  0.000      0       nan           nan         nan         nan       nan       nan
        4        191       0   0.000  0.000      0       nan           nan         nan         nan       nan       nan
        4        192       0   0.000  0.000      0       nan           nan         nan         nan       nan       nan
        4        193       0   0.000  0.000      0       nan           nan         nan         nan       nan       nan
        4        194       0   0.000  0.000      0       nan           nan         nan         nan       nan       nan
        4        195       0   0.000  0.000      0       nan           nan         nan         nan       nan       nan
        4        196       0   0.000  0.000      0       nan           nan         nan         nan       nan       nan
        4        197       0   0.000  0.000      0       nan           nan         nan         nan       nan       nan
        4        198       0   0.000  0.000      0       nan           nan         nan         nan       nan       nan
        4        199       0   0.000  0.000      0       nan           nan         nan         nan       nan       nan
        4        200       0   0.000  0.000      0       nan           nan         nan         nan       nan       nan
        4        201       0   0.000  0.000      0       nan           nan         nan         nan       nan       nan
        4        203       0   0.000  0.000      0       nan           nan         nan         nan       nan       nan
        4        204       0   0.000  0.000      0       nan           nan         nan         nan       nan       nan
        4        205       0   0.000  0.000      0       nan           nan         nan         nan       nan       nan
        4        206       0   0.000  0.000      0       nan           nan         nan         nan       nan       nan
        4        208       0   0.000  0.000      0       nan           nan         nan         nan       nan       nan
        5          4       1   0.093  0.324   2940     1.000           2.5       103.3       100.8      34.9      34.9
        5         12       0   0.041  0.295   3852     1.297           4.5       105.9       101.4      34.9      26.9
        5         24       0   0.025  0.473   4504     1.414          12.3       108.4        96.2      34.9      49.4
        5         25       1   0.024  0.157   4684     1.189           4.5       117.0       121.5      32.0      38.1
        5          5       1   0.021  0.059   2904     1.189           1.4       101.1        99.7      34.9      29.3
        5        113       0   0.014  0.135   1620     1.542           5.3       115.3       110.0      34.9      22.6
        5        156       0   0.014  0.151   1348     1.414           6.7       103.3       110.0      34.9      49.4
        5         18       0   0.011  0.196   4984     1.682           9.3       109.3       100.0      34.9      58.7
        5         41       0   0.011  0.396   5820     1.189          28.8       111.8        82.9      34.9      41.5
        5          7       0   0.011  0.372   4684     1.542          21.3       108.2        86.9      34.9      22.6
        5        119       1   0.008  0.128   1228     1.000          14.6       114.6       100.0      34.9      34.9
        5         29       1   0.008  0.090    744     1.091           9.8       100.2       110.0      34.9      32.0
        5         47       0   0.006  0.153   1392     1.189          20.5       100.5        80.0      34.9      41.5
        5        157       0   0.006  0.135   1124     1.834          12.0       100.0        88.0      34.9      19.0
        5        171       0   0.005  0.188   1644     1.682          22.3       106.6       128.9      34.9      20.7
        5          1       0   0.005  0.118   6604     1.297          18.8       110.2        91.4      34.9      45.3
        5         69       1   0.004  0.056    704     1.189          10.0       120.0       110.0      34.9      29.3
        5          6       0   0.004  0.136   7144     2.594          11.7       111.0        99.3      34.9      90.5
        5        198       1   0.004  0.066    620     1.189          13.2       120.0       133.2      34.9      29.3
        5          3       0   0.004  0.163   6168     2.000          20.3       109.8        89.5      34.9      69.8
        5        173       0   0.003  0.167   1492     1.682          35.3       114.3        78.9      32.0      19.0
        5        128       0   0.003  0.139   1636     1.542          34.5       116.1        81.6      32.0      20.7
        5         88       0   0.003  0.071    892     1.297          20.9       100.9        80.0      34.9      26.9
        5         86       0   0.002  0.064    680     1.297          20.0       100.0       120.0      34.9      26.9
        5         91       0   0.002  0.077   1128     1.297          27.4       102.6       130.0      34.9      26.9
        5         10       0   0.002  0.141   6800     3.364          24.5       113.6        89.1      34.9     117.4
        5        164       0   0.001  0.066    596     1.189          37.9       102.1       140.0      34.9      29.3
        5        199       0   0.001  0.036    364     1.091          22.8       102.8        80.0      34.9      38.1
        5         79       0   0.001  0.023    324     1.542          10.9       110.9       100.0      34.9      22.6
        5        114       0   0.001  0.074    908     1.542          41.4       101.4        60.0      34.9      53.8
        5         35       0   0.001  0.030    736     1.189          28.3       101.7       130.0      34.9      29.3
        5         37       0   0.001  0.013    212     2.000           8.1       101.9       110.0      34.9      69.8
        5         11       0   0.001  0.020    940     1.542          22.9       110.1       133.0      34.9      22.6
        5         30       0   0.000  0.021    496     1.297          37.4       102.6       140.0      34.9      26.9
        5         14       0   0.000  0.008    404     2.378          23.2       113.2        90.0      34.9      83.0
        5         83       0   0.000  0.003     36     2.181          50.0       120.0        70.0      34.9      76.1
        5        132       0   0.000  0.001     12     1.542          90.0       110.0        20.0      34.9      53.8
        5          0       0   0.000  0.000      0       nan           nan         nan         nan       nan       nan
        5          2       0   0.000  0.000      0       nan           nan         nan         nan       nan       nan
        5          8       0   0.000  0.000      0       nan           nan         nan         nan       nan       nan
        5          9       0   0.000  0.000      0       nan           nan         nan         nan       nan       nan
        5         13       0   0.000  0.000      0       nan           nan         nan         nan       nan       nan
        5         15       0   0.000  0.000      0       nan           nan         nan         nan       nan       nan
        5         16       0   0.000  0.000      0       nan           nan         nan         nan       nan       nan
        5         17       0   0.000  0.000      0       nan           nan         nan         nan       nan       nan
        5         19       0   0.000  0.000      0       nan           nan         nan         nan       nan       nan
        5         20       0   0.000  0.000      0       nan           nan         nan         nan       nan       nan
        5         21       0   0.000  0.000      0       nan           nan         nan         nan       nan       nan
        5         22       0   0.000  0.000      0       nan           nan         nan         nan       nan       nan
        5         23       0   0.000  0.000      0       nan           nan         nan         nan       nan       nan
        5         26       0   0.000  0.000      0       nan           nan         nan         nan       nan       nan
        5         27       0   0.000  0.000      0       nan           nan         nan         nan       nan       nan
        5         28       0   0.000  0.000      0       nan           nan         nan         nan       nan       nan
        5         31       0   0.000  0.000      0       nan           nan         nan         nan       nan       nan
        5         32       0   0.000  0.000      0       nan           nan         nan         nan       nan       nan
        5         33       0   0.000  0.000      0       nan           nan         nan         nan       nan       nan
        5         34       0   0.000  0.000      0       nan           nan         nan         nan       nan       nan
        5         36       0   0.000  0.000      0       nan           nan         nan         nan       nan       nan
        5         38       0   0.000  0.000      0       nan           nan         nan         nan       nan       nan
        5         39       0   0.000  0.000      0       nan           nan         nan         nan       nan       nan
        5         40       0   0.000  0.000      0       nan           nan         nan         nan       nan       nan
        5         42       0   0.000  0.000      0       nan           nan         nan         nan       nan       nan
        5         43       0   0.000  0.000      0       nan           nan         nan         nan       nan       nan
        5         44       0   0.000  0.000      0       nan           nan         nan         nan       nan       nan
        5         45       0   0.000  0.000      0       nan           nan         nan         nan       nan       nan
        5         46       0   0.000  0.000      0       nan           nan         nan         nan       nan       nan
        5         48       0   0.000  0.000      0       nan           nan         nan         nan       nan       nan
        5         49       0   0.000  0.000      0       nan           nan         nan         nan       nan       nan
        5         50       0   0.000  0.000      0       nan           nan         nan         nan       nan       nan
        5         51       0   0.000  0.000      0       nan           nan         nan         nan       nan       nan
        5         52       0   0.000  0.000      0       nan           nan         nan         nan       nan       nan
        5         53       0   0.000  0.000      0       nan           nan         nan         nan       nan       nan
        5         54       0   0.000  0.000      0       nan           nan         nan         nan       nan       nan
        5         55       0   0.000  0.000      0       nan           nan         nan         nan       nan       nan
        5         56       0   0.000  0.000      0       nan           nan         nan         nan       nan       nan
        5         57       0   0.000  0.000      0       nan           nan         nan         nan       nan       nan
        5         58       0   0.000  0.000      0       nan           nan         nan         nan       nan       nan
        5         59       0   0.000  0.000      0       nan           nan         nan         nan       nan       nan
        5         60       0   0.000  0.000      0       nan           nan         nan         nan       nan       nan
        5         61       0   0.000  0.000      0       nan           nan         nan         nan       nan       nan
        5         62       0   0.000  0.000      0       nan           nan         nan         nan       nan       nan
        5         63       0   0.000  0.000      0       nan           nan         nan         nan       nan       nan
        5         64       0   0.000  0.000      0       nan           nan         nan         nan       nan       nan
        5         65       0   0.000  0.000      0       nan           nan         nan         nan       nan       nan
        5         66       0   0.000  0.000      0       nan           nan         nan         nan       nan       nan
        5         67       0   0.000  0.000      0       nan           nan         nan         nan       nan       nan
        5         68       0   0.000  0.000      0       nan           nan         nan         nan       nan       nan
        5         70       0   0.000  0.000      0       nan           nan         nan         nan       nan       nan
        5         71       0   0.000  0.000      0       nan           nan         nan         nan       nan       nan
        5         72       0   0.000  0.000      0       nan           nan         nan         nan       nan       nan
        5         73       0   0.000  0.000      0       nan           nan         nan         nan       nan       nan
        5         74       0   0.000  0.000      0       nan           nan         nan         nan       nan       nan
        5         75       0   0.000  0.000      0       nan           nan         nan         nan       nan       nan
        5         76       0   0.000  0.000      0       nan           nan         nan         nan       nan       nan
        5         77       0   0.000  0.000      0       nan           nan         nan         nan       nan       nan
        5         78       0   0.000  0.000      0       nan           nan         nan         nan       nan       nan
        5         80       0   0.000  0.000      0       nan           nan         nan         nan       nan       nan
        5         81       0   0.000  0.000      0       nan           nan         nan         nan       nan       nan
        5         82       0   0.000  0.000      0       nan           nan         nan         nan       nan       nan
        5         84       0   0.000  0.000      0       nan           nan         nan         nan       nan       nan
        5         85       0   0.000  0.000      0       nan           nan         nan         nan       nan       nan
        5         87       0   0.000  0.000      0       nan           nan         nan         nan       nan       nan
        5         89       0   0.000  0.000      0       nan           nan         nan         nan       nan       nan
        5         90       0   0.000  0.000      0       nan           nan         nan         nan       nan       nan
        5         92       0   0.000  0.000      0       nan           nan         nan         nan       nan       nan
        5         93       0   0.000  0.000      0       nan           nan         nan         nan       nan       nan
        5         94       0   0.000  0.000      0       nan           nan         nan         nan       nan       nan
        5         95       0   0.000  0.000      0       nan           nan         nan         nan       nan       nan
        5         96       0   0.000  0.000      0       nan           nan         nan         nan       nan       nan
        5         97       0   0.000  0.000      0       nan           nan         nan         nan       nan       nan
        5         98       0   0.000  0.000      0       nan           nan         nan         nan       nan       nan
        5         99       0   0.000  0.000      0       nan           nan         nan         nan       nan       nan
        5        100       0   0.000  0.000      0       nan           nan         nan         nan       nan       nan
        5        101       0   0.000  0.000      0       nan           nan         nan         nan       nan       nan
        5        102       0   0.000  0.000      0       nan           nan         nan         nan       nan       nan
        5        103       0   0.000  0.000      0       nan           nan         nan         nan       nan       nan
        5        104       0   0.000  0.000      0       nan           nan         nan         nan       nan       nan
        5        105       0   0.000  0.000      0       nan           nan         nan         nan       nan       nan
        5        106       0   0.000  0.000      0       nan           nan         nan         nan       nan       nan
        5        107       0   0.000  0.000      0       nan           nan         nan         nan       nan       nan
        5        108       0   0.000  0.000      0       nan           nan         nan         nan       nan       nan
        5        109       0   0.000  0.000      0       nan           nan         nan         nan       nan       nan
        5        110       0   0.000  0.000      0       nan           nan         nan         nan       nan       nan
        5        111       0   0.000  0.000      0       nan           nan         nan         nan       nan       nan
        5        112       0   0.000  0.000      0       nan           nan         nan         nan       nan       nan
        5        115       0   0.000  0.000      0       nan           nan         nan         nan       nan       nan
        5        116       0   0.000  0.000      0       nan           nan         nan         nan       nan       nan
        5        117       0   0.000  0.000      0       nan           nan         nan         nan       nan       nan
        5        118       0   0.000  0.000      0       nan           nan         nan         nan       nan       nan
        5        120       0   0.000  0.000      0       nan           nan         nan         nan       nan       nan
        5        121       0   0.000  0.000      0       nan           nan         nan         nan       nan       nan
        5        122       0   0.000  0.000      0       nan           nan         nan         nan       nan       nan
        5        123       0   0.000  0.000      0       nan           nan         nan         nan       nan       nan
        5        124       0   0.000  0.000      0       nan           nan         nan         nan       nan       nan
        5        125       0   0.000  0.000      0       nan           nan         nan         nan       nan       nan
        5        126       0   0.000  0.000      0       nan           nan         nan         nan       nan       nan
        5        127       0   0.000  0.000      0       nan           nan         nan         nan       nan       nan
        5        129       0   0.000  0.000      0       nan           nan         nan         nan       nan       nan
        5        130       0   0.000  0.000      0       nan           nan         nan         nan       nan       nan
        5        131       0   0.000  0.000      0       nan           nan         nan         nan       nan       nan
        5        133       0   0.000  0.000      0       nan           nan         nan         nan       nan       nan
        5        134       0   0.000  0.000      0       nan           nan         nan         nan       nan       nan
        5        135       0   0.000  0.000      0       nan           nan         nan         nan       nan       nan
        5        136       0   0.000  0.000      0       nan           nan         nan         nan       nan       nan
        5        137       0   0.000  0.000      0       nan           nan         nan         nan       nan       nan
        5        138       0   0.000  0.000      0       nan           nan         nan         nan       nan       nan
        5        139       0   0.000  0.000      0       nan           nan         nan         nan       nan       nan
        5        140       0   0.000  0.000      0       nan           nan         nan         nan       nan       nan
        5        141       0   0.000  0.000      0       nan           nan         nan         nan       nan       nan
        5        142       0   0.000  0.000      0       nan           nan         nan         nan       nan       nan
        5        143       0   0.000  0.000      0       nan           nan         nan         nan       nan       nan
        5        144       0   0.000  0.000      0       nan           nan         nan         nan       nan       nan
        5        145       0   0.000  0.000      0       nan           nan         nan         nan       nan       nan
        5        146       0   0.000  0.000      0       nan           nan         nan         nan       nan       nan
        5        147       0   0.000  0.000      0       nan           nan         nan         nan       nan       nan
        5        148       0   0.000  0.000      0       nan           nan         nan         nan       nan       nan
        5        149       0   0.000  0.000      0       nan           nan         nan         nan       nan       nan
        5        150       0   0.000  0.000      0       nan           nan         nan         nan       nan       nan
        5        151       0   0.000  0.000      0       nan           nan         nan         nan       nan       nan
        5        152       0   0.000  0.000      0       nan           nan         nan         nan       nan       nan
        5        153       0   0.000  0.000      0       nan           nan         nan         nan       nan       nan
        5        154       0   0.000  0.000      0       nan           nan         nan         nan       nan       nan
        5        155       0   0.000  0.000      0       nan           nan         nan         nan       nan       nan
        5        158       0   0.000  0.000      0       nan           nan         nan         nan       nan       nan
        5        159       0   0.000  0.000      0       nan           nan         nan         nan       nan       nan
        5        160       0   0.000  0.000      0       nan           nan         nan         nan       nan       nan
        5        161       0   0.000  0.000      0       nan           nan         nan         nan       nan       nan
        5        162       0   0.000  0.000      0       nan           nan         nan         nan       nan       nan
        5        163       0   0.000  0.000      0       nan           nan         nan         nan       nan       nan
        5        165       0   0.000  0.000      0       nan           nan         nan         nan       nan       nan
        5        166       0   0.000  0.000      0       nan           nan         nan         nan       nan       nan
        5        167       0   0.000  0.000      0       nan           nan         nan         nan       nan       nan
        5        168       0   0.000  0.000      0       nan           nan         nan         nan       nan       nan
        5        169       0   0.000  0.000      0       nan           nan         nan         nan       nan       nan
        5        170       0   0.000  0.000      0       nan           nan         nan         nan       nan       nan
        5        172       0   0.000  0.000      0       nan           nan         nan         nan       nan       nan
        5        174       0   0.000  0.000      0       nan           nan         nan         nan       nan       nan
        5        175       0   0.000  0.000      0       nan           nan         nan         nan       nan       nan
        5        176       0   0.000  0.000      0       nan           nan         nan         nan       nan       nan
        5        177       0   0.000  0.000      0       nan           nan         nan         nan       nan       nan
        5        178       0   0.000  0.000      0       nan           nan         nan         nan       nan       nan
        5        179       0   0.000  0.000      0       nan           nan         nan         nan       nan       nan
        5        180       0   0.000  0.000      0       nan           nan         nan         nan       nan       nan
        5        181       0   0.000  0.000      0       nan           nan         nan         nan       nan       nan
        5        182       0   0.000  0.000      0       nan           nan         nan         nan       nan       nan
        5        183       0   0.000  0.000      0       nan           nan         nan         nan       nan       nan
        5        184       0   0.000  0.000      0       nan           nan         nan         nan       nan       nan
        5        185       0   0.000  0.000      0       nan           nan         nan         nan       nan       nan
        5        186       0   0.000  0.000      0       nan           nan         nan         nan       nan       nan
        5        187       0   0.000  0.000      0       nan           nan         nan         nan       nan       nan
        5        188       0   0.000  0.000      0       nan           nan         nan         nan       nan       nan
        5        189       0   0.000  0.000      0       nan           nan         nan         nan       nan       nan
        5        190       0   0.000  0.000      0       nan           nan         nan         nan       nan       nan
        5        191       0   0.000  0.000      0       nan           nan         nan         nan       nan       nan
        5        192       0   0.000  0.000      0       nan           nan         nan         nan       nan       nan
        5        193       0   0.000  0.000      0       nan           nan         nan         nan       nan       nan
        5        194       0   0.000  0.000      0       nan           nan         nan         nan       nan       nan
        5        195       0   0.000  0.000      0       nan           nan         nan         nan       nan       nan
        5        196       0   0.000  0.000      0       nan           nan         nan         nan       nan       nan
        5        197       0   0.000  0.000      0       nan           nan         nan         nan       nan       nan
        5        200       0   0.000  0.000      0       nan           nan         nan         nan       nan       nan
        5        201       0   0.000  0.000      0       nan           nan         nan         nan       nan       nan
        5        202       0   0.000  0.000      0       nan           nan         nan         nan       nan       nan
        5        203       0   0.000  0.000      0       nan           nan         nan         nan       nan       nan
        5        204       0   0.000  0.000      0       nan           nan         nan         nan       nan       nan
        5        205       0   0.000  0.000      0       nan           nan         nan         nan       nan       nan
        5        206       0   0.000  0.000      0       nan           nan         nan         nan       nan       nan
        5        207       0   0.000  0.000      0       nan           nan         nan         nan       nan       nan
        5        208       0   0.000  0.000      0       nan           nan         nan         nan       nan       nan
        6         89       1   0.114  0.184   2684     1.189           0.4       170.0       169.6      24.7      20.7
        6         63       0   0.087  0.134   1560     1.542           0.0       170.0       170.0      24.7      38.1
        6        112       0   0.078  0.130   1336     1.682           0.0       170.0       170.0      26.9      16.0
        6         13       0   0.029  0.162   3924     1.414           2.9       170.0       167.1      24.7      34.9
        6         17       0   0.023  0.360   3908     1.414          10.0       170.0         0.0      29.3      20.7
        6         32       1   0.023  0.294   4080     1.189          10.0       170.0         0.0      29.3      24.7
        6         19       0   0.016  0.276   4928     1.297          12.1       170.0         2.1      29.3      38.1
        6        207       1   0.012  0.095   1128     1.091           6.2       170.0       163.8      24.7      22.6
        6         68       0   0.012  0.017    280     1.414           0.0       170.0       170.0      19.0      26.9
        6          0       0   0.010  0.149   6864     1.297          10.6       170.0         0.6      24.7      32.0
        6        107       0   0.010  0.164   1684     1.297          12.1       170.0         2.1      20.7      16.0
        6        149       0   0.009  0.025    296     2.828           0.0       170.0       170.0      29.3      83.0
        6        115       0   0.009  0.200   2220     1.091          20.0       170.0        10.0      26.9      29.3
        6        129       0   0.005  0.007     76     1.297           0.0       170.0       170.0      29.3      22.6
        6        202       0   0.004  0.100   1032     2.594          10.0       170.0         0.0      24.7      64.0
        6         11       0   0.003  0.033   1576     1.045           8.6       170.0       161.4      25.8      24.7
        6         72       0   0.003  0.122   2072     1.834          20.0       170.0        10.0      26.9      49.4
        6        110       0   0.002  0.105   1108     4.000          10.0       170.0       160.0      22.6      90.5
        6         44       0   0.002  0.154   3468     2.181          30.6       170.0        20.6      24.7      53.8
        6         97       0   0.002  0.095    992     4.000          10.0       170.0       160.0      26.9     107.6
        6        176       0   0.002  0.107   1264     1.682          31.4       170.0        21.4      26.9      45.3
        6        165       0   0.002  0.115   1268     1.091          67.5       170.0        57.5      20.7      19.0
        6        123       0   0.001  0.106   1152     1.834          39.7       170.0        29.7      24.7      45.3
        6         27       0   0.001  0.186   3500     2.181          59.8       170.0       110.2      26.9      58.7
        6         85       0   0.001  0.107   1296     4.362          20.0       170.0       150.0      22.6      98.7
        6         56       0   0.001  0.027    348     1.414          20.0       170.0        10.0      29.3      20.7
        6        109       0   0.001  0.062    956     1.682          40.0       170.0        30.0      29.3      49.4
        6         52       0   0.001  0.034    444     1.682          29.3       170.0        19.3      32.0      19.0
        6          9       0   0.001  0.071   3024     5.187          20.0       170.0       150.0      22.6     117.4
        6         14       0   0.001  0.068   3388     2.000          65.8       170.0       104.2      26.9      53.8
        6          8       0   0.001  0.050   2468     4.757          20.0       170.0       150.0      22.6     107.6
        6         42       0   0.000  0.034    636     1.189          57.2       170.0       112.8      22.6      26.9
        6         87       0   0.000  0.013    188     1.414          20.0       170.0        10.0      29.3      41.5
        6        144       0   0.000  0.040    492     1.542          62.0       170.0       108.0      29.3      19.0
        6        143       0   0.000  0.035    364     4.362          20.0       170.0       150.0      19.0      83.0
        6        138       0   0.000  0.029    388     1.297          68.8       170.0       101.2      22.6      17.4
        6         61       0   0.000  0.058    820     2.594          70.0       170.0       100.0      29.3      76.1
        6         60       0   0.000  0.025    316     4.000          20.0       170.0        10.0      29.3     117.4
        6        177       0   0.000  0.016    188     3.084          20.0       170.0        10.0      19.0      58.7
        6         59       0   0.000  0.017    296     1.834          40.3       170.0       129.7      29.3      16.0
        6         15       0   0.000  0.028    736     1.414          85.9       170.0        84.1      20.7      29.3
        6         51       0   0.000  0.026    548     1.542          80.5       170.0        70.5      22.6      34.9
        6         21       0   0.000  0.017    404     1.682          60.0       170.0       110.0      29.3      17.4
        6         84       0   0.000  0.016    192     2.181          50.0       170.0       120.0      29.3      64.0
        6         53       0   0.000  0.008    176     1.189          60.0       170.0       110.0      29.3      34.9
        6         26       0   0.000  0.035    668     4.000          80.0       170.0        90.0      29.3     117.4
        6         62       0   0.000  0.018    208     4.000          70.0       170.0       100.0      29.3     117.4
        6         10       0   0.000  0.014    772     3.668          80.0       170.0        90.0      29.3     107.6
        6         54       0   0.000  0.003     44     1.091          70.0       170.0       100.0      29.3      32.0
        6          6       0   0.000  0.011    696     3.364          80.0       170.0        90.0      29.3      98.7
        6          1       0   0.000  0.008    516     2.378          80.0       170.0        90.0      20.7      49.4
        6        179       0   0.000  0.002     28     1.542          57.2       170.0       112.8      24.7      38.1
        6        188       0   0.000  0.001     16     1.414          40.0       170.0       130.0      19.0      26.9
        6        183       0   0.000  0.001      8     4.000          20.0       170.0       150.0      19.0      76.1
        6          5       0   0.000  0.000     20     1.542          90.0       170.0        80.0      29.3      45.3
        6          2       0   0.000  0.000      0       nan           nan         nan         nan       nan       nan
        6          3       0   0.000  0.000      0       nan           nan         nan         nan       nan       nan
        6          4       0   0.000  0.000      0       nan           nan         nan         nan       nan       nan
        6          7       0   0.000  0.000      0       nan           nan         nan         nan       nan       nan
        6         12       0   0.000  0.000      0       nan           nan         nan         nan       nan       nan
        6         16       0   0.000  0.000      0       nan           nan         nan         nan       nan       nan
        6         18       0   0.000  0.000      0       nan           nan         nan         nan       nan       nan
        6         20       0   0.000  0.000      0       nan           nan         nan         nan       nan       nan
        6         22       0   0.000  0.000      0       nan           nan         nan         nan       nan       nan
        6         23       0   0.000  0.000      0       nan           nan         nan         nan       nan       nan
        6         24       0   0.000  0.000      0       nan           nan         nan         nan       nan       nan
        6         25       0   0.000  0.000      0       nan           nan         nan         nan       nan       nan
        6         28       0   0.000  0.000      0       nan           nan         nan         nan       nan       nan
        6         29       0   0.000  0.000      0       nan           nan         nan         nan       nan       nan
        6         30       0   0.000  0.000      0       nan           nan         nan         nan       nan       nan
        6         31       0   0.000  0.000      0       nan           nan         nan         nan       nan       nan
        6         33       0   0.000  0.000      0       nan           nan         nan         nan       nan       nan
        6         34       0   0.000  0.000      0       nan           nan         nan         nan       nan       nan
        6         35       0   0.000  0.000      0       nan           nan         nan         nan       nan       nan
        6         36       0   0.000  0.000      0       nan           nan         nan         nan       nan       nan
        6         37       0   0.000  0.000      0       nan           nan         nan         nan       nan       nan
        6         38       0   0.000  0.000      0       nan           nan         nan         nan       nan       nan
        6         39       0   0.000  0.000      0       nan           nan         nan         nan       nan       nan
        6         40       0   0.000  0.000      0       nan           nan         nan         nan       nan       nan
        6         41       0   0.000  0.000      0       nan           nan         nan         nan       nan       nan
        6         43       0   0.000  0.000      0       nan           nan         nan         nan       nan       nan
        6         45       0   0.000  0.000      0       nan           nan         nan         nan       nan       nan
        6         46       0   0.000  0.000      0       nan           nan         nan         nan       nan       nan
        6         47       0   0.000  0.000      0       nan           nan         nan         nan       nan       nan
        6         48       0   0.000  0.000      0       nan           nan         nan         nan       nan       nan
        6         49       0   0.000  0.000      0       nan           nan         nan         nan       nan       nan
        6         50       0   0.000  0.000      0       nan           nan         nan         nan       nan       nan
        6         55       0   0.000  0.000      0       nan           nan         nan         nan       nan       nan
        6         57       0   0.000  0.000      0       nan           nan         nan         nan       nan       nan
        6         58       0   0.000  0.000      0       nan           nan         nan         nan       nan       nan
        6         64       0   0.000  0.000      0       nan           nan         nan         nan       nan       nan
        6         65       0   0.000  0.000      0       nan           nan         nan         nan       nan       nan
        6         66       0   0.000  0.000      0       nan           nan         nan         nan       nan       nan
        6         67       0   0.000  0.000      0       nan           nan         nan         nan       nan       nan
        6         69       0   0.000  0.000      0       nan           nan         nan         nan       nan       nan
        6         70       0   0.000  0.000      0       nan           nan         nan         nan       nan       nan
        6         71       0   0.000  0.000      0       nan           nan         nan         nan       nan       nan
        6         73       0   0.000  0.000      0       nan           nan         nan         nan       nan       nan
        6         74       0   0.000  0.000      0       nan           nan         nan         nan       nan       nan
        6         75       0   0.000  0.000      0       nan           nan         nan         nan       nan       nan
        6         76       0   0.000  0.000      0       nan           nan         nan         nan       nan       nan
        6         77       0   0.000  0.000      0       nan           nan         nan         nan       nan       nan
        6         78       0   0.000  0.000      0       nan           nan         nan         nan       nan       nan
        6         79       0   0.000  0.000      0       nan           nan         nan         nan       nan       nan
        6         80       0   0.000  0.000      0       nan           nan         nan         nan       nan       nan
        6         81       0   0.000  0.000      0       nan           nan         nan         nan       nan       nan
        6         82       0   0.000  0.000      0       nan           nan         nan         nan       nan       nan
        6         83       0   0.000  0.000      0       nan           nan         nan         nan       nan       nan
        6         86       0   0.000  0.000      0       nan           nan         nan         nan       nan       nan
        6         88       0   0.000  0.000      0       nan           nan         nan         nan       nan       nan
        6         90       0   0.000  0.000      0       nan           nan         nan         nan       nan       nan
        6         91       0   0.000  0.000      0       nan           nan         nan         nan       nan       nan
        6         92       0   0.000  0.000      0       nan           nan         nan         nan       nan       nan
        6         93       0   0.000  0.000      0       nan           nan         nan         nan       nan       nan
        6         94       0   0.000  0.000      0       nan           nan         nan         nan       nan       nan
        6         95       0   0.000  0.000      0       nan           nan         nan         nan       nan       nan
        6         96       0   0.000  0.000      0       nan           nan         nan         nan       nan       nan
        6         98       0   0.000  0.000      0       nan           nan         nan         nan       nan       nan
        6         99       0   0.000  0.000      0       nan           nan         nan         nan       nan       nan
        6        100       0   0.000  0.000      0       nan           nan         nan         nan       nan       nan
        6        101       0   0.000  0.000      0       nan           nan         nan         nan       nan       nan
        6        102       0   0.000  0.000      0       nan           nan         nan         nan       nan       nan
        6        103       0   0.000  0.000      0       nan           nan         nan         nan       nan       nan
        6        104       0   0.000  0.000      0       nan           nan         nan         nan       nan       nan
        6        105       0   0.000  0.000      0       nan           nan         nan         nan       nan       nan
        6        106       0   0.000  0.000      0       nan           nan         nan         nan       nan       nan
        6        108       0   0.000  0.000      0       nan           nan         nan         nan       nan       nan
        6        111       0   0.000  0.000      0       nan           nan         nan         nan       nan       nan
        6        113       0   0.000  0.000      0       nan           nan         nan         nan       nan       nan
        6        114       0   0.000  0.000      0       nan           nan         nan         nan       nan       nan
        6        116       0   0.000  0.000      0       nan           nan         nan         nan       nan       nan
        6        117       0   0.000  0.000      0       nan           nan         nan         nan       nan       nan
        6        118       0   0.000  0.000      0       nan           nan         nan         nan       nan       nan
        6        119       0   0.000  0.000      0       nan           nan         nan         nan       nan       nan
        6        120       0   0.000  0.000      0       nan           nan         nan         nan       nan       nan
        6        121       0   0.000  0.000      0       nan           nan         nan         nan       nan       nan
        6        122       0   0.000  0.000      0       nan           nan         nan         nan       nan       nan
        6        124       0   0.000  0.000      0       nan           nan         nan         nan       nan       nan
        6        125       0   0.000  0.000      0       nan           nan         nan         nan       nan       nan
        6        126       0   0.000  0.000      0       nan           nan         nan         nan       nan       nan
        6        127       0   0.000  0.000      0       nan           nan         nan         nan       nan       nan
        6        128       0   0.000  0.000      0       nan           nan         nan         nan       nan       nan
        6        130       0   0.000  0.000      0       nan           nan         nan         nan       nan       nan
        6        131       0   0.000  0.000      0       nan           nan         nan         nan       nan       nan
        6        132       0   0.000  0.000      0       nan           nan         nan         nan       nan       nan
        6        133       0   0.000  0.000      0       nan           nan         nan         nan       nan       nan
        6        134       0   0.000  0.000      0       nan           nan         nan         nan       nan       nan
        6        135       0   0.000  0.000      0       nan           nan         nan         nan       nan       nan
        6        136       0   0.000  0.000      0       nan           nan         nan         nan       nan       nan
        6        137       0   0.000  0.000      0       nan           nan         nan         nan       nan       nan
        6        139       0   0.000  0.000      0       nan           nan         nan         nan       nan       nan
        6        140       0   0.000  0.000      0       nan           nan         nan         nan       nan       nan
        6        141       0   0.000  0.000      0       nan           nan         nan         nan       nan       nan
        6        142       0   0.000  0.000      0       nan           nan         nan         nan       nan       nan
        6        145       0   0.000  0.000      0       nan           nan         nan         nan       nan       nan
        6        146       0   0.000  0.000      0       nan           nan         nan         nan       nan       nan
        6        147       0   0.000  0.000      0       nan           nan         nan         nan       nan       nan
        6        148       0   0.000  0.000      0       nan           nan         nan         nan       nan       nan
        6        150       0   0.000  0.000      0       nan           nan         nan         nan       nan       nan
        6        151       0   0.000  0.000      0       nan           nan         nan         nan       nan       nan
        6        152       0   0.000  0.000      0       nan           nan         nan         nan       nan       nan
        6        153       0   0.000  0.000      0       nan           nan         nan         nan       nan       nan
        6        154       0   0.000  0.000      0       nan           nan         nan         nan       nan       nan
        6        155       0   0.000  0.000      0       nan           nan         nan         nan       nan       nan
        6        156       0   0.000  0.000      0       nan           nan         nan         nan       nan       nan
        6        157       0   0.000  0.000      0       nan           nan         nan         nan       nan       nan
        6        158       0   0.000  0.000      0       nan           nan         nan         nan       nan       nan
        6        159       0   0.000  0.000      0       nan           nan         nan         nan       nan       nan
        6        160       0   0.000  0.000      0       nan           nan         nan         nan       nan       nan
        6        161       0   0.000  0.000      0       nan           nan         nan         nan       nan       nan
        6        162       0   0.000  0.000      0       nan           nan         nan         nan       nan       nan
        6        163       0   0.000  0.000      0       nan           nan         nan         nan       nan       nan
        6        164       0   0.000  0.000      0       nan           nan         nan         nan       nan       nan
        6        166       0   0.000  0.000      0       nan           nan         nan         nan       nan       nan
        6        167       0   0.000  0.000      0       nan           nan         nan         nan       nan       nan
        6        168       0   0.000  0.000      0       nan           nan         nan         nan       nan       nan
        6        169       0   0.000  0.000      0       nan           nan         nan         nan       nan       nan
        6        170       0   0.000  0.000      0       nan           nan         nan         nan       nan       nan
        6        171       0   0.000  0.000      0       nan           nan         nan         nan       nan       nan
        6        172       0   0.000  0.000      0       nan           nan         nan         nan       nan       nan
        6        173       0   0.000  0.000      0       nan           nan         nan         nan       nan       nan
        6        174       0   0.000  0.000      0       nan           nan         nan         nan       nan       nan
        6        175       0   0.000  0.000      0       nan           nan         nan         nan       nan       nan
        6        178       0   0.000  0.000      0       nan           nan         nan         nan       nan       nan
        6        180       0   0.000  0.000      0       nan           nan         nan         nan       nan       nan
        6        181       0   0.000  0.000      0       nan           nan         nan         nan       nan       nan
        6        182       0   0.000  0.000      0       nan           nan         nan         nan       nan       nan
        6        184       0   0.000  0.000      0       nan           nan         nan         nan       nan       nan
        6        185       0   0.000  0.000      0       nan           nan         nan         nan       nan       nan
        6        186       0   0.000  0.000      0       nan           nan         nan         nan       nan       nan
        6        187       0   0.000  0.000      0       nan           nan         nan         nan       nan       nan
        6        189       0   0.000  0.000      0       nan           nan         nan         nan       nan       nan
        6        190       0   0.000  0.000      0       nan           nan         nan         nan       nan       nan
        6        191       0   0.000  0.000      0       nan           nan         nan         nan       nan       nan
        6        192       0   0.000  0.000      0       nan           nan         nan         nan       nan       nan
        6        193       0   0.000  0.000      0       nan           nan         nan         nan       nan       nan
        6        194       0   0.000  0.000      0       nan           nan         nan         nan       nan       nan
        6        195       0   0.000  0.000      0       nan           nan         nan         nan       nan       nan
        6        196       0   0.000  0.000      0       nan           nan         nan         nan       nan       nan
        6        197       0   0.000  0.000      0       nan           nan         nan         nan       nan       nan
        6        198       0   0.000  0.000      0       nan           nan         nan         nan       nan       nan
        6        199       0   0.000  0.000      0       nan           nan         nan         nan       nan       nan
        6        200       0   0.000  0.000      0       nan           nan         nan         nan       nan       nan
        6        201       0   0.000  0.000      0       nan           nan         nan         nan       nan       nan
        6        203       0   0.000  0.000      0       nan           nan         nan         nan       nan       nan
        6        204       0   0.000  0.000      0       nan           nan         nan         nan       nan       nan
        6        205       0   0.000  0.000      0       nan           nan         nan         nan       nan       nan
        6        206       0   0.000  0.000      0       nan           nan         nan         nan       nan       nan
        6        208       0   0.000  0.000      0       nan           nan         nan         nan       nan       nan
        7         47       0   0.135  0.175   1160     1.297           0.0        80.0        80.0      53.8      41.5
        7         88       0   0.123  0.247   2112     2.000           0.0        80.0        80.0      53.8      26.9
        7         41       1   0.077  0.091   1488     1.189           0.0        80.0        80.0      53.8      45.3
        7        199       0   0.052  0.073    528     1.414           0.0        80.0        80.0      53.8      38.1
        7          7       0   0.018  0.322   3544     2.181           7.4        80.0        87.4      53.8      24.7
        7          3       0   0.014  0.121   4440     1.297           5.5        80.0        85.5      53.8      69.8
        7         24       1   0.013  0.162   1572     1.091          10.2        80.0        90.2      53.8      49.4
        7        157       0   0.009  0.204   1144     2.828           6.8        80.0        86.8      53.8      19.0
        7        197       1   0.008  0.092    508     1.000          10.0        80.0        70.0      45.3      45.3
        7          1       1   0.008  0.102   5524     1.189           9.8        80.0        89.8      53.8      45.3
        7        114       0   0.007  0.140   1276     1.000          20.0        80.0        60.0      53.8      53.8
        7         36       0   0.006  0.225   1756     1.682          20.0        80.0       100.0      45.3      76.1
        7         86       0   0.006  0.467   2728     1.834          40.0        80.0       120.0      53.8      29.3
        7          4       0   0.006  0.186   1460     1.542          20.2        80.0       100.2      53.8      34.9
        7         18       0   0.005  0.116   2868     1.091          20.0        80.0       100.0      53.8      58.7
        7         12       0   0.005  0.256   2892     2.000          25.6        80.0       105.6      53.8      26.9
        7         91       0   0.004  0.439   3980     2.000          50.0        80.0       130.0      53.8      26.9
        7         79       0   0.004  0.158   1588     2.000          20.0        80.0       100.0      53.8      26.9
        7        156       0   0.004  0.123    832     1.091          30.0        80.0       110.0      53.8      49.4
        7         37       0   0.004  0.143   1664     1.297          30.0        80.0       110.0      53.8      69.8
        7         55       0   0.003  0.048    484     1.297          10.0        80.0        90.0      41.5      32.0
        7         10       0   0.003  0.024   1208     1.834           3.3        80.0        83.3      53.8      98.7
        7        135       0   0.003  0.188   1112     1.542          40.0        80.0       120.0      53.8      83.0
        7          5       0   0.002  0.098   4428     1.834          22.2        80.0       102.2      53.8      29.3
        7         35       0   0.002  0.185   3528     1.834          50.0        80.0       130.0      53.8      29.3
        7        116       0   0.002  0.148    972     1.834          40.0        80.0       120.0      45.3      24.7
        7          6       0   0.002  0.086   4500     1.542          27.6        80.0       107.6      53.8      83.0
        7        122       0   0.002  0.134    804     1.682          40.0        80.0       120.0      45.3      26.9
        7        203       0   0.002  0.188   1364     1.682          60.8        80.0       140.8      45.3      26.9
        7        164       0   0.002  0.188   1096     1.834          60.0        80.0       140.0      53.8      29.3
        7         14       0   0.002  0.027   1268     1.542          10.0        80.0        90.0      53.8      83.0
        7         25       0   0.001  0.044   1352     1.189          30.6        80.0       110.6      53.8      64.0
        7        171       0   0.001  0.108    744     2.828          55.4        80.0       135.4      53.8      19.0
        7          2       0   0.001  0.019    568     1.091          30.0        80.0       110.0      53.8      58.7
        7         30       0   0.000  0.060   1196     2.000          60.0        80.0       140.0      53.8      26.9
        7         28       0   0.000  0.025    452     1.189          60.0        80.0       140.0      41.5      34.9
        7        175       0   0.000  0.005     32     1.414          10.0        80.0        90.0      41.5      58.7
        7        106       0   0.000  0.020    172     1.414          50.0        80.0        30.0      53.8      76.1
        7         99       0   0.000  0.010    112     1.682          40.0        80.0       120.0      53.8      90.5
        7        113       0   0.000  0.007     80     2.378          30.0        80.0       110.0      53.8      22.6
        7         29       0   0.000  0.005     32     1.682          30.0        80.0       110.0      53.8      32.0
        7         11       0   0.000  0.012    524     2.378          52.8        80.0       132.8      53.8      22.6
        7        132       0   0.000  0.005     44     1.091          60.0        80.0        20.0      53.8      58.7
        7        173       0   0.000  0.002     16     2.594          10.0        80.0        70.0      53.8      20.7
        7         76       0   0.000  0.002     24     1.000          70.0        80.0        10.0      53.8      53.8
        7         77       0   0.000  0.000      4     2.000          70.0        80.0        10.0      53.8      26.9
        7          0       0   0.000  0.000      0       nan           nan         nan         nan       nan       nan
        7          8       0   0.000  0.000      0       nan           nan         nan         nan       nan       nan
        7          9       0   0.000  0.000      0       nan           nan         nan         nan       nan       nan
        7         13       0   0.000  0.000      0       nan           nan         nan         nan       nan       nan
        7         15       0   0.000  0.000      0       nan           nan         nan         nan       nan       nan
        7         16       0   0.000  0.000      0       nan           nan         nan         nan       nan       nan
        7         17       0   0.000  0.000      0       nan           nan         nan         nan       nan       nan
        7         19       0   0.000  0.000      0       nan           nan         nan         nan       nan       nan
        7         20       0   0.000  0.000      0       nan           nan         nan         nan       nan       nan
        7         21       0   0.000  0.000      0       nan           nan         nan         nan       nan       nan
        7         22       0   0.000  0.000      0       nan           nan         nan         nan       nan       nan
        7         23       0   0.000  0.000      0       nan           nan         nan         nan       nan       nan
        7         26       0   0.000  0.000      0       nan           nan         nan         nan       nan       nan
        7         27       0   0.000  0.000      0       nan           nan         nan         nan       nan       nan
        7         31       0   0.000  0.000      0       nan           nan         nan         nan       nan       nan
        7         32       0   0.000  0.000      0       nan           nan         nan         nan       nan       nan
        7         33       0   0.000  0.000      0       nan           nan         nan         nan       nan       nan
        7         34       0   0.000  0.000      0       nan           nan         nan         nan       nan       nan
        7         38       0   0.000  0.000      0       nan           nan         nan         nan       nan       nan
        7         39       0   0.000  0.000      0       nan           nan         nan         nan       nan       nan
        7         40       0   0.000  0.000      0       nan           nan         nan         nan       nan       nan
        7         42       0   0.000  0.000      0       nan           nan         nan         nan       nan       nan
        7         43       0   0.000  0.000      0       nan           nan         nan         nan       nan       nan
        7         44       0   0.000  0.000      0       nan           nan         nan         nan       nan       nan
        7         45       0   0.000  0.000      0       nan           nan         nan         nan       nan       nan
        7         46       0   0.000  0.000      0       nan           nan         nan         nan       nan       nan
        7         48       0   0.000  0.000      0       nan           nan         nan         nan       nan       nan
        7         49       0   0.000  0.000      0       nan           nan         nan         nan       nan       nan
        7         50       0   0.000  0.000      0       nan           nan         nan         nan       nan       nan
        7         51       0   0.000  0.000      0       nan           nan         nan         nan       nan       nan
        7         52       0   0.000  0.000      0       nan           nan         nan         nan       nan       nan
        7         53       0   0.000  0.000      0       nan           nan         nan         nan       nan       nan
        7         54       0   0.000  0.000      0       nan           nan         nan         nan       nan       nan
        7         56       0   0.000  0.000      0       nan           nan         nan         nan       nan       nan
        7         57       0   0.000  0.000      0       nan           nan         nan         nan       nan       nan
        7         58       0   0.000  0.000      0       nan           nan         nan         nan       nan       nan
        7         59       0   0.000  0.000      0       nan           nan         nan         nan       nan       nan
        7         60       0   0.000  0.000      0       nan           nan         nan         nan       nan       nan
        7         61       0   0.000  0.000      0       nan           nan         nan         nan       nan       nan
        7         62       0   0.000  0.000      0       nan           nan         nan         nan       nan       nan
        7         63       0   0.000  0.000      0       nan           nan         nan         nan       nan       nan
        7         64       0   0.000  0.000      0       nan           nan         nan         nan       nan       nan
        7         65       0   0.000  0.000      0       nan           nan         nan         nan       nan       nan
        7         66       0   0.000  0.000      0       nan           nan         nan         nan       nan       nan
        7         67       0   0.000  0.000      0       nan           nan         nan         nan       nan       nan
        7         68       0   0.000  0.000      0       nan           nan         nan         nan       nan       nan
        7         69       0   0.000  0.000      0       nan           nan         nan         nan       nan       nan
        7         70       0   0.000  0.000      0       nan           nan         nan         nan       nan       nan
        7         71       0   0.000  0.000      0       nan           nan         nan         nan       nan       nan
        7         72       0   0.000  0.000      0       nan           nan         nan         nan       nan       nan
        7         73       0   0.000  0.000      0       nan           nan         nan         nan       nan       nan
        7         74       0   0.000  0.000      0       nan           nan         nan         nan       nan       nan
        7         75       0   0.000  0.000      0       nan           nan         nan         nan       nan       nan
        7         78       0   0.000  0.000      0       nan           nan         nan         nan       nan       nan
        7         80       0   0.000  0.000      0       nan           nan         nan         nan       nan       nan
        7         81       0   0.000  0.000      0       nan           nan         nan         nan       nan       nan
        7         82       0   0.000  0.000      0       nan           nan         nan         nan       nan       nan
        7         83       0   0.000  0.000      0       nan           nan         nan         nan       nan       nan
        7         84       0   0.000  0.000      0       nan           nan         nan         nan       nan       nan
        7         85       0   0.000  0.000      0       nan           nan         nan         nan       nan       nan
        7         87       0   0.000  0.000      0       nan           nan         nan         nan       nan       nan
        7         89       0   0.000  0.000      0       nan           nan         nan         nan       nan       nan
        7         90       0   0.000  0.000      0       nan           nan         nan         nan       nan       nan
        7         92       0   0.000  0.000      0       nan           nan         nan         nan       nan       nan
        7         93       0   0.000  0.000      0       nan           nan         nan         nan       nan       nan
        7         94       0   0.000  0.000      0       nan           nan         nan         nan       nan       nan
        7         95       0   0.000  0.000      0       nan           nan         nan         nan       nan       nan
        7         96       0   0.000  0.000      0       nan           nan         nan         nan       nan       nan
        7         97       0   0.000  0.000      0       nan           nan         nan         nan       nan       nan
        7         98       0   0.000  0.000      0       nan           nan         nan         nan       nan       nan
        7        100       0   0.000  0.000      0       nan           nan         nan         nan       nan       nan
        7        101       0   0.000  0.000      0       nan           nan         nan         nan       nan       nan
        7        102       0   0.000  0.000      0       nan           nan         nan         nan       nan       nan
        7        103       0   0.000  0.000      0       nan           nan         nan         nan       nan       nan
        7        104       0   0.000  0.000      0       nan           nan         nan         nan       nan       nan
        7        105       0   0.000  0.000      0       nan           nan         nan         nan       nan       nan
        7        107       0   0.000  0.000      0       nan           nan         nan         nan       nan       nan
        7        108       0   0.000  0.000      0       nan           nan         nan         nan       nan       nan
        7        109       0   0.000  0.000      0       nan           nan         nan         nan       nan       nan
        7        110       0   0.000  0.000      0       nan           nan         nan         nan       nan       nan
        7        111       0   0.000  0.000      0       nan           nan         nan         nan       nan       nan
        7        112       0   0.000  0.000      0       nan           nan         nan         nan       nan       nan
        7        115       0   0.000  0.000      0       nan           nan         nan         nan       nan       nan
        7        117       0   0.000  0.000      0       nan           nan         nan         nan       nan       nan
        7        118       0   0.000  0.000      0       nan           nan         nan         nan       nan       nan
        7        119       0   0.000  0.000      0       nan           nan         nan         nan       nan       nan
        7        120       0   0.000  0.000      0       nan           nan         nan         nan       nan       nan
        7        121       0   0.000  0.000      0       nan           nan         nan         nan       nan       nan
        7        123       0   0.000  0.000      0       nan           nan         nan         nan       nan       nan
        7        124       0   0.000  0.000      0       nan           nan         nan         nan       nan       nan
        7        125       0   0.000  0.000      0       nan           nan         nan         nan       nan       nan
        7        126       0   0.000  0.000      0       nan           nan         nan         nan       nan       nan
        7        127       0   0.000  0.000      0       nan           nan         nan         nan       nan       nan
        7        128       0   0.000  0.000      0       nan           nan         nan         nan       nan       nan
        7        129       0   0.000  0.000      0       nan           nan         nan         nan       nan       nan
        7        130       0   0.000  0.000      0       nan           nan         nan         nan       nan       nan
        7        131       0   0.000  0.000      0       nan           nan         nan         nan       nan       nan
        7        133       0   0.000  0.000      0       nan           nan         nan         nan       nan       nan
        7        134       0   0.000  0.000      0       nan           nan         nan         nan       nan       nan
        7        136       0   0.000  0.000      0       nan           nan         nan         nan       nan       nan
        7        137       0   0.000  0.000      0       nan           nan         nan         nan       nan       nan
        7        138       0   0.000  0.000      0       nan           nan         nan         nan       nan       nan
        7        139       0   0.000  0.000      0       nan           nan         nan         nan       nan       nan
        7        140       0   0.000  0.000      0       nan           nan         nan         nan       nan       nan
        7        141       0   0.000  0.000      0       nan           nan         nan         nan       nan       nan
        7        142       0   0.000  0.000      0       nan           nan         nan         nan       nan       nan
        7        143       0   0.000  0.000      0       nan           nan         nan         nan       nan       nan
        7        144       0   0.000  0.000      0       nan           nan         nan         nan       nan       nan
        7        145       0   0.000  0.000      0       nan           nan         nan         nan       nan       nan
        7        146       0   0.000  0.000      0       nan           nan         nan         nan       nan       nan
        7        147       0   0.000  0.000      0       nan           nan         nan         nan       nan       nan
        7        148       0   0.000  0.000      0       nan           nan         nan         nan       nan       nan
        7        149       0   0.000  0.000      0       nan           nan         nan         nan       nan       nan
        7        150       0   0.000  0.000      0       nan           nan         nan         nan       nan       nan
        7        151       0   0.000  0.000      0       nan           nan         nan         nan       nan       nan
        7        152       0   0.000  0.000      0       nan           nan         nan         nan       nan       nan
        7        153       0   0.000  0.000      0       nan           nan         nan         nan       nan       nan
        7        154       0   0.000  0.000      0       nan           nan         nan         nan       nan       nan
        7        155       0   0.000  0.000      0       nan           nan         nan         nan       nan       nan
        7        158       0   0.000  0.000      0       nan           nan         nan         nan       nan       nan
        7        159       0   0.000  0.000      0       nan           nan         nan         nan       nan       nan
        7        160       0   0.000  0.000      0       nan           nan         nan         nan       nan       nan
        7        161       0   0.000  0.000      0       nan           nan         nan         nan       nan       nan
        7        162       0   0.000  0.000      0       nan           nan         nan         nan       nan       nan
        7        163       0   0.000  0.000      0       nan           nan         nan         nan       nan       nan
        7        165       0   0.000  0.000      0       nan           nan         nan         nan       nan       nan
        7        166       0   0.000  0.000      0       nan           nan         nan         nan       nan       nan
        7        167       0   0.000  0.000      0       nan           nan         nan         nan       nan       nan
        7        168       0   0.000  0.000      0       nan           nan         nan         nan       nan       nan
        7        169       0   0.000  0.000      0       nan           nan         nan         nan       nan       nan
        7        170       0   0.000  0.000      0       nan           nan         nan         nan       nan       nan
        7        172       0   0.000  0.000      0       nan           nan         nan         nan       nan       nan
        7        174       0   0.000  0.000      0       nan           nan         nan         nan       nan       nan
        7        176       0   0.000  0.000      0       nan           nan         nan         nan       nan       nan
        7        177       0   0.000  0.000      0       nan           nan         nan         nan       nan       nan
        7        178       0   0.000  0.000      0       nan           nan         nan         nan       nan       nan
        7        179       0   0.000  0.000      0       nan           nan         nan         nan       nan       nan
        7        180       0   0.000  0.000      0       nan           nan         nan         nan       nan       nan
        7        181       0   0.000  0.000      0       nan           nan         nan         nan       nan       nan
        7        182       0   0.000  0.000      0       nan           nan         nan         nan       nan       nan
        7        183       0   0.000  0.000      0       nan           nan         nan         nan       nan       nan
        7        184       0   0.000  0.000      0       nan           nan         nan         nan       nan       nan
        7        185       0   0.000  0.000      0       nan           nan         nan         nan       nan       nan
        7        186       0   0.000  0.000      0       nan           nan         nan         nan       nan       nan
        7        187       0   0.000  0.000      0       nan           nan         nan         nan       nan       nan
        7        188       0   0.000  0.000      0       nan           nan         nan         nan       nan       nan
        7        189       0   0.000  0.000      0       nan           nan         nan         nan       nan       nan
        7        190       0   0.000  0.000      0       nan           nan         nan         nan       nan       nan
        7        191       0   0.000  0.000      0       nan           nan         nan         nan       nan       nan
        7        192       0   0.000  0.000      0       nan           nan         nan         nan       nan       nan
        7        193       0   0.000  0.000      0       nan           nan         nan         nan       nan       nan
        7        194       0   0.000  0.000      0       nan           nan         nan         nan       nan       nan
        7        195       0   0.000  0.000      0       nan           nan         nan         nan       nan       nan
        7        196       0   0.000  0.000      0       nan           nan         nan         nan       nan       nan
        7        198       0   0.000  0.000      0       nan           nan         nan         nan       nan       nan
        7        200       0   0.000  0.000      0       nan           nan         nan         nan       nan       nan
        7        201       0   0.000  0.000      0       nan           nan         nan         nan       nan       nan
        7        202       0   0.000  0.000      0       nan           nan         nan         nan       nan       nan
        7        204       0   0.000  0.000      0       nan           nan         nan         nan       nan       nan
        7        205       0   0.000  0.000      0       nan           nan         nan         nan       nan       nan
        7        206       0   0.000  0.000      0       nan           nan         nan         nan       nan       nan
        7        207       0   0.000  0.000      0       nan           nan         nan         nan       nan       nan
        7        208       0   0.000  0.000      0       nan           nan         nan         nan       nan       nan
        8          5       1   0.048  0.219   9668     1.189           2.9        93.0        95.9      26.9      32.0
        8        104       1   0.032  0.261   3256     1.189           5.9        94.7        88.8      26.9      22.6
        8        124       0   0.030  0.321   4140     2.000           4.4        94.4        90.0      26.9      53.8
        8         24       0   0.023  0.043    636     1.834           0.0        90.0        90.0      26.9      49.4
        8         55       1   0.015  0.144   1868     1.189           7.1        96.8        89.6      26.9      32.0
        8         14       0   0.013  0.060   2972     3.084           0.5        90.5        90.0      26.9      83.0
        8          1       0   0.013  0.179   9716     1.542           7.9        93.0       100.9      26.9      41.5
        8          7       1   0.011  0.061   1080     1.189           3.5        90.0        86.5      26.9      22.6
        8         88       1   0.009  0.130   1708     1.189          10.7        90.7        80.0      26.9      32.0
        8         35       0   0.008  0.324   6548     1.091          37.4        92.6       130.0      26.9      29.3
        8        141       0   0.007  0.289   2860     1.091          34.7        94.7        60.0      26.9      24.7
        8          2       0   0.007  0.314   8420     1.834          23.2        93.5       116.7      26.9      49.4
        8         23       0   0.006  0.110   1224     1.542          10.0       100.0       110.0      26.9      41.5
        8        199       0   0.006  0.091    992     1.414          10.0        90.0        80.0      26.9      38.1
        8        126       0   0.006  0.199   3036     1.091          31.3        95.1        63.7      26.9      29.3
        8         77       0   0.006  0.432   6124     1.297          59.3        90.9        31.7      26.9      34.9
        8         18       0   0.005  0.123   3480     2.181           9.3        90.7       100.0      26.9      58.7
        8        185       0   0.005  0.104   1224     1.091          16.6        97.8       114.4      26.9      24.7
        8         38       0   0.005  0.175   2140     1.189          26.4        93.6       120.0      26.9      22.6
        8         82       0   0.005  0.139   1484     2.594           9.4        90.6       100.0      26.9      69.8
        8         73       0   0.005  0.388   4480     1.189          62.4        95.3        32.9      26.9      22.6
        8        118       0   0.005  0.055    576     2.378           3.9        96.1       100.0      26.9      64.0
        8        152       0   0.005  0.279   3620     1.091          52.9        95.8       148.6      26.9      24.7
        8         95       0   0.005  0.340   3804     1.091          65.0        95.0        30.0      26.9      24.7
        8         40       0   0.005  0.241   2540     1.297          39.6        93.7        54.0      26.9      20.7
        8        139       0   0.005  0.149   1936     1.091          29.3        90.7       120.0      26.9      29.3
        8        163       0   0.004  0.044    492     1.542           5.8        90.2        84.5      26.9      17.4
        8         47       0   0.004  0.071    796     1.542          10.0        90.0        80.0      26.9      41.5
        8        102       0   0.004  0.310   3596     1.542          51.0        91.0        40.0      26.9      41.5
        8          3       0   0.004  0.076   3216     3.084           5.7        90.4        84.7      26.9      83.0
        8         12       0   0.004  0.041    728     1.000          10.4        90.0       100.4      26.9      26.9
        8          4       0   0.003  0.049    632     1.297          10.0        90.0       100.0      26.9      34.9
        8         79       0   0.003  0.045    680     1.189          10.0        90.0       100.0      26.9      22.6
        8         37       0   0.003  0.180   2672     2.594          19.5        90.5       110.0      26.9      69.8
        8         28       0   0.003  0.235   4336     1.414          49.4        92.4       141.7      26.9      38.1
        8        196       0   0.003  0.122   1184     1.834          19.2        99.2        80.0      26.9      49.4
        8          0       0   0.003  0.148   6756     1.000          44.9        92.8        47.9      26.9      26.9
        8         11       0   0.003  0.171   7164     1.091          47.6        91.8       139.4      26.9      24.7
        8         20       0   0.003  0.026    420     1.189           6.6        90.3        83.7      26.9      22.6
        8        117       0   0.003  0.173   1708     1.682          37.9        92.1       130.0      26.9      45.3
        8          6       0   0.003  0.070   4008     3.364           7.3        90.7        98.0      26.9      90.5
        8        151       0   0.002  0.228   2280     1.091          83.1        93.1        10.0      26.9      29.3
        8         30       0   0.002  0.121   2716     1.000          48.8        91.2       140.0      26.9      26.9
        8         64       0   0.002  0.248   3464     3.084          35.4        93.4       128.9      26.9      83.0
        8        111       0   0.002  0.110   1444     1.091          49.6        89.0        39.3      26.9      29.3
        8         43       0   0.002  0.292   4004     2.000          78.7        91.3       170.0      26.9      53.8
        8        128       0   0.002  0.028    400     1.414          10.0        90.0        80.0      26.9      19.0
        8         33       0   0.002  0.078   1200     1.297          32.9        87.1       120.0      26.9      34.9
        8        181       0   0.002  0.108   1052     2.000          30.0        90.0       120.0      26.9      53.8
        8         41       0   0.002  0.032    676     1.682          10.0        90.0        80.0      26.9      45.3
        8         25       0   0.002  0.084   2800     2.378          20.6        90.3       110.9      26.9      64.0
        8        114       0   0.002  0.111   1464     2.181          30.4        90.4        60.0      26.9      58.7
        8         90       0   0.002  0.036    392     1.414          14.5        85.5       100.0      26.9      38.1
        8        157       0   0.002  0.025    264     1.414          10.0        90.0        80.0      26.9      19.0
        8        201       0   0.002  0.085   1004     1.091          48.9        91.1       140.0      26.9      29.3
        8         39       0   0.002  0.085   1628     1.414          38.4        90.4       128.9      26.9      19.0
        8         91       0   0.001  0.056    920     1.000          40.0        90.0       130.0      26.9      26.9
        8         31       0   0.001  0.041    940     3.084           9.7        90.3       100.0      26.9      83.0
        8        158       0   0.001  0.034    432     1.297          19.9        90.1       110.0      26.9      20.7
        8         10       0   0.001  0.058   3080     3.668          11.9        90.5        78.6      26.9      98.7
        8         99       0   0.001  0.112   1548     3.364          28.2        91.8       120.0      26.9      90.5
        8         76       0   0.001  0.194   2612     2.000          88.5        90.6         2.1      26.9      53.8
        8        155       0   0.001  0.119   1312     1.297          87.4        92.6         0.0      26.9      34.9
        8        140       0   0.001  0.023    244     1.091          20.0        90.0       110.0      26.9      29.3
        8        156       0   0.001  0.036    408     1.834          20.0        90.0       110.0      26.9      49.4
        8        164       0   0.001  0.052    548     1.091          50.0        90.0       140.0      26.9      29.3
        8         74       0   0.001  0.055    808     1.682          37.4        90.0       127.4      26.9      16.0
        8        172       0   0.001  0.065    716     2.378          31.2        91.2        60.0      26.9      64.0
        8        131       0   0.001  0.065    740     1.091          77.3        85.7         8.4      26.9      29.3
        8         86       0   0.001  0.022    276     1.000          30.0        90.0       120.0      26.9      26.9
        8         21       0   0.001  0.019    436     1.414          19.9        90.1       110.0      26.9      19.0
        8        174       0   0.001  0.011    124     1.542          10.0        90.0       100.0      26.9      17.4
        8        192       0   0.001  0.110   1136     2.181          78.1        91.9       170.0      26.9      58.7
        8        175       0   0.001  0.014    148     2.181          10.0       100.0        90.0      26.9      58.7
        8          8       0   0.000  0.072   3420     2.594          55.0        89.4       144.4      26.9      69.8
        8        132       0   0.000  0.076    876     2.378          73.8        90.1        16.3      26.9      64.0
        8        208       0   0.000  0.031    304     1.682          52.6        92.6        40.0      26.9      16.0
        8         83       0   0.000  0.019    252     2.828          20.0        90.0        70.0      26.9      76.1
        8        160       0   0.000  0.014    148     2.594          17.9        92.1       110.0      26.9      69.8
        8         36       0   0.000  0.009    124     2.828          10.0        90.0       100.0      26.9      76.1
        8         16       0   0.000  0.022    716     4.000          20.1        90.1        70.0      26.9     107.6
        8        171       0   0.000  0.013    156     1.414          42.3        90.0       132.3      26.9      19.0
        8        113       0   0.000  0.002     36     1.297          10.0        90.0       100.0      26.9      20.7
        8        147       0   0.000  0.011    116     2.378          27.3        92.7       120.0      26.9      64.0
        8        148       0   0.000  0.006     68     1.091          40.0        90.0        50.0      26.9      29.3
        8        205       0   0.000  0.008     88     1.682          39.6        80.4       120.0      29.3      17.4
        8        203       0   0.000  0.003     40     1.000          50.0        90.0       140.0      26.9      26.9
        8         57       0   0.000  0.004     60     3.668          48.7        91.3       140.0      26.9      98.7
        8        142       0   0.000  0.001     20     1.189          76.0        84.0       160.0      32.0      26.9
        8          9       0   0.000  0.000      0       nan           nan         nan         nan       nan       nan
        8         13       0   0.000  0.000      0       nan           nan         nan         nan       nan       nan
        8         15       0   0.000  0.000      0       nan           nan         nan         nan       nan       nan
        8         17       0   0.000  0.000      0       nan           nan         nan         nan       nan       nan
        8         19       0   0.000  0.000      0       nan           nan         nan         nan       nan       nan
        8         22       0   0.000  0.000      0       nan           nan         nan         nan       nan       nan
        8         26       0   0.000  0.000      0       nan           nan         nan         nan       nan       nan
        8         27       0   0.000  0.000      0       nan           nan         nan         nan       nan       nan
        8         29       0   0.000  0.000      0       nan           nan         nan         nan       nan       nan
        8         32       0   0.000  0.000      0       nan           nan         nan         nan       nan       nan
        8         34       0   0.000  0.000      0       nan           nan         nan         nan       nan       nan
        8         42       0   0.000  0.000      0       nan           nan         nan         nan       nan       nan
        8         44       0   0.000  0.000      0       nan           nan         nan         nan       nan       nan
        8         45       0   0.000  0.000      0       nan           nan         nan         nan       nan       nan
        8         46       0   0.000  0.000      0       nan           nan         nan         nan       nan       nan
        8         48       0   0.000  0.000      0       nan           nan         nan         nan       nan       nan
        8         49       0   0.000  0.000      0       nan           nan         nan         nan       nan       nan
        8         50       0   0.000  0.000      0       nan           nan         nan         nan       nan       nan
        8         51       0   0.000  0.000      0       nan           nan         nan         nan       nan       nan
        8         52       0   0.000  0.000      0       nan           nan         nan         nan       nan       nan
        8         53       0   0.000  0.000      0       nan           nan         nan         nan       nan       nan
        8         54       0   0.000  0.000      0       nan           nan         nan         nan       nan       nan
        8         56       0   0.000  0.000      0       nan           nan         nan         nan       nan       nan
        8         58       0   0.000  0.000      0       nan           nan         nan         nan       nan       nan
        8         59       0   0.000  0.000      0       nan           nan         nan         nan       nan       nan
        8         60       0   0.000  0.000      0       nan           nan         nan         nan       nan       nan
        8         61       0   0.000  0.000      0       nan           nan         nan         nan       nan       nan
        8         62       0   0.000  0.000      0       nan           nan         nan         nan       nan       nan
        8         63       0   0.000  0.000      0       nan           nan         nan         nan       nan       nan
        8         65       0   0.000  0.000      0       nan           nan         nan         nan       nan       nan
        8         66       0   0.000  0.000      0       nan           nan         nan         nan       nan       nan
        8         67       0   0.000  0.000      0       nan           nan         nan         nan       nan       nan
        8         68       0   0.000  0.000      0       nan           nan         nan         nan       nan       nan
        8         69       0   0.000  0.000      0       nan           nan         nan         nan       nan       nan
        8         70       0   0.000  0.000      0       nan           nan         nan         nan       nan       nan
        8         71       0   0.000  0.000      0       nan           nan         nan         nan       nan       nan
        8         72       0   0.000  0.000      0       nan           nan         nan         nan       nan       nan
        8         75       0   0.000  0.000      0       nan           nan         nan         nan       nan       nan
        8         78       0   0.000  0.000      0       nan           nan         nan         nan       nan       nan
        8         80       0   0.000  0.000      0       nan           nan         nan         nan       nan       nan
        8         81       0   0.000  0.000      0       nan           nan         nan         nan       nan       nan
        8         84       0   0.000  0.000      0       nan           nan         nan         nan       nan       nan
        8         85       0   0.000  0.000      0       nan           nan         nan         nan       nan       nan
        8         87       0   0.000  0.000      0       nan           nan         nan         nan       nan       nan
        8         89       0   0.000  0.000      0       nan           nan         nan         nan       nan       nan
        8         92       0   0.000  0.000      0       nan           nan         nan         nan       nan       nan
        8         93       0   0.000  0.000      0       nan           nan         nan         nan       nan       nan
        8         94       0   0.000  0.000      0       nan           nan         nan         nan       nan       nan
        8         96       0   0.000  0.000      0       nan           nan         nan         nan       nan       nan
        8         97       0   0.000  0.000      0       nan           nan         nan         nan       nan       nan
        8         98       0   0.000  0.000      0       nan           nan         nan         nan       nan       nan
        8        100       0   0.000  0.000      0       nan           nan         nan         nan       nan       nan
        8        101       0   0.000  0.000      0       nan           nan         nan         nan       nan       nan
        8        103       0   0.000  0.000      0       nan           nan         nan         nan       nan       nan
        8        105       0   0.000  0.000      0       nan           nan         nan         nan       nan       nan
        8        106       0   0.000  0.000      0       nan           nan         nan         nan       nan       nan
        8        107       0   0.000  0.000      0       nan           nan         nan         nan       nan       nan
        8        108       0   0.000  0.000      0       nan           nan         nan         nan       nan       nan
        8        109       0   0.000  0.000      0       nan           nan         nan         nan       nan       nan
        8        110       0   0.000  0.000      0       nan           nan         nan         nan       nan       nan
        8        112       0   0.000  0.000      0       nan           nan         nan         nan       nan       nan
        8        115       0   0.000  0.000      0       nan           nan         nan         nan       nan       nan
        8        116       0   0.000  0.000      0       nan           nan         nan         nan       nan       nan
        8        119       0   0.000  0.000      0       nan           nan         nan         nan       nan       nan
        8        120       0   0.000  0.000      0       nan           nan         nan         nan       nan       nan
        8        121       0   0.000  0.000      0       nan           nan         nan         nan       nan       nan
        8        122       0   0.000  0.000      0       nan           nan         nan         nan       nan       nan
        8        123       0   0.000  0.000      0       nan           nan         nan         nan       nan       nan
        8        125       0   0.000  0.000      0       nan           nan         nan         nan       nan       nan
        8        127       0   0.000  0.000      0       nan           nan         nan         nan       nan       nan
        8        129       0   0.000  0.000      0       nan           nan         nan         nan       nan       nan
        8        130       0   0.000  0.000      0       nan           nan         nan         nan       nan       nan
        8        133       0   0.000  0.000      0       nan           nan         nan         nan       nan       nan
        8        134       0   0.000  0.000      0       nan           nan         nan         nan       nan       nan
        8        135       0   0.000  0.000      0       nan           nan         nan         nan       nan       nan
        8        136       0   0.000  0.000      0       nan           nan         nan         nan       nan       nan
        8        137       0   0.000  0.000      0       nan           nan         nan         nan       nan       nan
        8        138       0   0.000  0.000      0       nan           nan         nan         nan       nan       nan
        8        143       0   0.000  0.000      0       nan           nan         nan         nan       nan       nan
        8        144       0   0.000  0.000      0       nan           nan         nan         nan       nan       nan
        8        145       0   0.000  0.000      0       nan           nan         nan         nan       nan       nan
        8        146       0   0.000  0.000      0       nan           nan         nan         nan       nan       nan
        8        149       0   0.000  0.000      0       nan           nan         nan         nan       nan       nan
        8        150       0   0.000  0.000      0       nan           nan         nan         nan       nan       nan
        8        153       0   0.000  0.000      0       nan           nan         nan         nan       nan       nan
        8        154       0   0.000  0.000      0       nan           nan         nan         nan       nan       nan
        8        159       0   0.000  0.000      0       nan           nan         nan         nan       nan       nan
        8        161       0   0.000  0.000      0       nan           nan         nan         nan       nan       nan
        8        162       0   0.000  0.000      0       nan           nan         nan         nan       nan       nan
        8        165       0   0.000  0.000      0       nan           nan         nan         nan       nan       nan
        8        166       0   0.000  0.000      0       nan           nan         nan         nan       nan       nan
        8        167       0   0.000  0.000      0       nan           nan         nan         nan       nan       nan
        8        168       0   0.000  0.000      0       nan           nan         nan         nan       nan       nan
        8        169       0   0.000  0.000      0       nan           nan         nan         nan       nan       nan
        8        170       0   0.000  0.000      0       nan           nan         nan         nan       nan       nan
        8        173       0   0.000  0.000      0       nan           nan         nan         nan       nan       nan
        8        176       0   0.000  0.000      0       nan           nan         nan         nan       nan       nan
        8        177       0   0.000  0.000      0       nan           nan         nan         nan       nan       nan
        8        178       0   0.000  0.000      0       nan           nan         nan         nan       nan       nan
        8        179       0   0.000  0.000      0       nan           nan         nan         nan       nan       nan
        8        180       0   0.000  0.000      0       nan           nan         nan         nan       nan       nan
        8        182       0   0.000  0.000      0       nan           nan         nan         nan       nan       nan
        8        183       0   0.000  0.000      0       nan           nan         nan         nan       nan       nan
        8        184       0   0.000  0.000      0       nan           nan         nan         nan       nan       nan
        8        186       0   0.000  0.000      0       nan           nan         nan         nan       nan       nan
        8        187       0   0.000  0.000      0       nan           nan         nan         nan       nan       nan
        8        188       0   0.000  0.000      0       nan           nan         nan         nan       nan       nan
        8        189       0   0.000  0.000      0       nan           nan         nan         nan       nan       nan
        8        190       0   0.000  0.000      0       nan           nan         nan         nan       nan       nan
        8        191       0   0.000  0.000      0       nan           nan         nan         nan       nan       nan
        8        193       0   0.000  0.000      0       nan           nan         nan         nan       nan       nan
        8        194       0   0.000  0.000      0       nan           nan         nan         nan       nan       nan
        8        195       0   0.000  0.000      0       nan           nan         nan         nan       nan       nan
        8        197       0   0.000  0.000      0       nan           nan         nan         nan       nan       nan
        8        198       0   0.000  0.000      0       nan           nan         nan         nan       nan       nan
        8        200       0   0.000  0.000      0       nan           nan         nan         nan       nan       nan
        8        202       0   0.000  0.000      0       nan           nan         nan         nan       nan       nan
        8        204       0   0.000  0.000      0       nan           nan         nan         nan       nan       nan
        8        206       0   0.000  0.000      0       nan           nan         nan         nan       nan       nan
        8        207       0   0.000  0.000      0       nan           nan         nan         nan       nan       nan
        9         82       0   0.054  0.129    880     2.378           0.0       100.0       100.0      32.0      76.1
        9         18       0   0.046  0.085   2140     1.834           0.0       100.0       100.0      32.0      58.7
        9        118       0   0.024  0.048    300     2.000           0.0       100.0       100.0      32.0      64.0
        9        124       0   0.022  0.431   3792     1.682          10.4       100.4        90.0      32.0      53.8
        9          5       1   0.022  0.119   5272     1.000           4.4       100.3        95.9      32.0      32.0
        9         31       0   0.021  0.054    980     2.594           0.0       100.0       100.0      32.0      83.0
        9          1       0   0.019  0.095   5196     1.414           2.6       100.3       102.9      32.0      45.3
        9        174       0   0.013  0.052    352     1.834           1.1       101.1       100.0      32.0      17.4
        9        104       0   0.013  0.223   2056     1.414          11.2       100.0        88.8      32.0      22.6
        9          6       0   0.012  0.041   2228     2.828           0.2       100.0        99.8      32.0      90.5
        9        139       0   0.009  0.211   1820     1.091          19.5       100.5       120.0      32.0      29.3
        9         38       0   0.007  0.213   1740     1.414          20.0       100.0       120.0      32.0      22.6
        9         35       0   0.007  0.231   4184     1.091          29.9       100.1       130.0      32.0      29.3
        9        185       0   0.007  0.116    892     1.297          12.5       100.0       112.5      32.0      24.7
        9        141       0   0.006  0.344   2128     1.297          40.0       100.0        60.0      32.0      24.7
        9        196       0   0.006  0.209   1116     1.542          20.0       100.0        80.0      32.0      49.4
        9        158       0   0.006  0.100    804     1.542           9.1       100.9       110.0      32.0      20.7
        9          2       0   0.006  0.207   5272     1.542          19.9       100.3       120.2      32.0      49.4
        9         33       0   0.006  0.138   1472     1.091          18.8       101.2       120.0      32.0      34.9
        9        102       0   0.006  0.499   3580     1.297          60.5       100.5        40.0      32.0      41.5
        9        117       0   0.005  0.237   1364     1.414          30.0       100.0       130.0      32.0      45.3
        9         64       0   0.005  0.391   3652     2.594          29.0       100.5       129.5      32.0      83.0
        9        181       0   0.005  0.169    912     1.682          20.0       100.0       120.0      32.0      53.8
        9         77       0   0.005  0.372   4296     1.189          65.5       100.4        34.9      32.0      38.1
        9         73       0   0.004  0.405   3332     1.414          65.0       100.0        35.0      32.0      22.6
        9         40       0   0.004  0.315   2064     1.542          47.5       100.0        52.5      32.0      20.7
        9        152       0   0.004  0.267   2560     1.297          49.3       100.0       149.3      32.0      24.7
        9         95       0   0.004  0.368   2836     1.297          70.0       100.0        30.0      32.0      24.7
        9         28       0   0.004  0.192   2948     1.189          42.7       100.6       143.3      32.0      38.1
        9         37       0   0.004  0.086   1036     2.181          10.0       100.0       110.0      32.0      69.8
        9         55       0   0.004  0.039    384     1.000          10.0       100.0        90.0      32.0      32.0
        9         43       0   0.003  0.318   3200     1.542          69.5       100.5       170.0      32.0      49.4
        9        151       0   0.003  0.286   1740     1.091          90.0       100.0        10.0      32.0      29.3
        9         74       0   0.003  0.124   1220     2.000          21.3       101.2       122.6      32.0      16.0
        9         21       0   0.003  0.045    808     1.682           9.4       100.6       110.0      32.0      19.0
        9         11       0   0.003  0.120   4788     1.297          35.6       100.4       136.0      32.0      24.7
        9         39       0   0.002  0.107   1572     1.682          26.2       101.1       127.2      32.0      19.0
        9          3       0   0.002  0.036   1412     2.000           8.4       100.2        91.9      32.0      64.0
        9          0       0   0.002  0.115   4920     1.189          50.0       100.3        50.4      32.0      26.9
        9         20       0   0.002  0.060    680     1.414          21.6       102.4        80.8      32.0      22.6
        9         25       0   0.002  0.043   1284     1.834          13.0       100.0       113.0      32.0      58.7
        9         30       0   0.002  0.077   1480     1.189          40.0       100.0       140.0      32.0      26.9
        9        201       0   0.002  0.069    540     1.091          40.0       100.0       140.0      32.0      29.3
        9         99       0   0.001  0.080    808     2.828          20.0       100.0       120.0      32.0      90.5
        9        111       0   0.001  0.087    812     1.091          64.2       101.9        37.7      32.0      29.3
        9         14       0   0.001  0.032   1492     2.594          10.0       100.0        90.0      32.0      83.0
        9        126       0   0.001  0.059    768     1.297          45.5       100.0        54.5      32.0      24.7
        9        155       0   0.001  0.080    584     1.091          80.0       100.0         0.0      32.0      34.9
        9         76       0   0.001  0.121   1252     1.834          80.0       100.0         0.0      32.0      58.7
        9        192       0   0.001  0.103    656     1.834          70.0       100.0       170.0      32.0      58.7
        9          8       0   0.001  0.066   2856     2.181          41.2       100.6       141.7      32.0      69.8
        9        208       0   0.000  0.058    304     2.000          60.0       100.0        40.0      32.0      16.0
        9         88       0   0.000  0.008     80     1.000          20.0       100.0        80.0      32.0      32.0
        9         16       0   0.000  0.038   1044     3.364          31.3       101.3        70.0      32.0     107.6
        9         10       0   0.000  0.028   1444     3.084          28.1       101.1        73.1      32.0      98.7
        9        204       0   0.000  0.020    128     1.682          38.0       102.8        64.8      32.0      19.0
        9        148       0   0.000  0.018    136     1.189          60.0       110.0        50.0      34.9      29.3
        9        172       0   0.000  0.018    132     2.000          36.7       100.0        63.3      32.0      64.0
        9         57       0   0.000  0.015    140     2.828          32.0       108.0       140.0      34.9      98.7
        9        114       0   0.000  0.011    112     1.682          40.0       100.0        60.0      34.9      58.7
        9        131       0   0.000  0.012     88     1.414          80.0       100.0        20.0      32.0      22.6
        9        132       0   0.000  0.013    104     2.000          80.0       100.0        20.0      34.9      69.8
        9        106       0   0.000  0.004     32     2.000          70.0       100.0        30.0      34.9      69.8
        9          4       0   0.000  0.000      0       nan           nan         nan         nan       nan       nan
        9          7       0   0.000  0.000      0       nan           nan         nan         nan       nan       nan
        9          9       0   0.000  0.000      0       nan           nan         nan         nan       nan       nan
        9         12       0   0.000  0.000      0       nan           nan         nan         nan       nan       nan
        9         13       0   0.000  0.000      0       nan           nan         nan         nan       nan       nan
        9         15       0   0.000  0.000      0       nan           nan         nan         nan       nan       nan
        9         17       0   0.000  0.000      0       nan           nan         nan         nan       nan       nan
        9         19       0   0.000  0.000      0       nan           nan         nan         nan       nan       nan
        9         22       0   0.000  0.000      0       nan           nan         nan         nan       nan       nan
        9         23       0   0.000  0.000      0       nan           nan         nan         nan       nan       nan
        9         24       0   0.000  0.000      0       nan           nan         nan         nan       nan       nan
        9         26       0   0.000  0.000      0       nan           nan         nan         nan       nan       nan
        9         27       0   0.000  0.000      0       nan           nan         nan         nan       nan       nan
        9         29       0   0.000  0.000      0       nan           nan         nan         nan       nan       nan
        9         32       0   0.000  0.000      0       nan           nan         nan         nan       nan       nan
        9         34       0   0.000  0.000      0       nan           nan         nan         nan       nan       nan
        9         36       0   0.000  0.000      0       nan           nan         nan         nan       nan       nan
        9         41       0   0.000  0.000      0       nan           nan         nan         nan       nan       nan
        9         42       0   0.000  0.000      0       nan           nan         nan         nan       nan       nan
        9         44       0   0.000  0.000      0       nan           nan         nan         nan       nan       nan
        9         45       0   0.000  0.000      0       nan           nan         nan         nan       nan       nan
        9         46       0   0.000  0.000      0       nan           nan         nan         nan       nan       nan
        9         47       0   0.000  0.000      0       nan           nan         nan         nan       nan       nan
        9         48       0   0.000  0.000      0       nan           nan         nan         nan       nan       nan
        9         49       0   0.000  0.000      0       nan           nan         nan         nan       nan       nan
        9         50       0   0.000  0.000      0       nan           nan         nan         nan       nan       nan
        9         51       0   0.000  0.000      0       nan           nan         nan         nan       nan       nan
        9         52       0   0.000  0.000      0       nan           nan         nan         nan       nan       nan
        9         53       0   0.000  0.000      0       nan           nan         nan         nan       nan       nan
        9         54       0   0.000  0.000      0       nan           nan         nan         nan       nan       nan
        9         56       0   0.000  0.000      0       nan           nan         nan         nan       nan       nan
        9         58       0   0.000  0.000      0       nan           nan         nan         nan       nan       nan
        9         59       0   0.000  0.000      0       nan           nan         nan         nan       nan       nan
        9         60       0   0.000  0.000      0       nan           nan         nan         nan       nan       nan
        9         61       0   0.000  0.000      0       nan           nan         nan         nan       nan       nan
        9         62       0   0.000  0.000      0       nan           nan         nan         nan       nan       nan
        9         63       0   0.000  0.000      0       nan           nan         nan         nan       nan       nan
        9         65       0   0.000  0.000      0       nan           nan         nan         nan       nan       nan
        9         66       0   0.000  0.000      0       nan           nan         nan         nan       nan       nan
        9         67       0   0.000  0.000      0       nan           nan         nan         nan       nan       nan
        9         68       0   0.000  0.000      0       nan           nan         nan         nan       nan       nan
        9         69       0   0.000  0.000      0       nan           nan         nan         nan       nan       nan
        9         70       0   0.000  0.000      0       nan           nan         nan         nan       nan       nan
        9         71       0   0.000  0.000      0       nan           nan         nan         nan       nan       nan
        9         72       0   0.000  0.000      0       nan           nan         nan         nan       nan       nan
        9         75       0   0.000  0.000      0       nan           nan         nan         nan       nan       nan
        9         78       0   0.000  0.000      0       nan           nan         nan         nan       nan       nan
        9         79       0   0.000  0.000      0       nan           nan         nan         nan       nan       nan
        9         80       0   0.000  0.000      0       nan           nan         nan         nan       nan       nan
        9         81       0   0.000  0.000      0       nan           nan         nan         nan       nan       nan
        9         83       0   0.000  0.000      0       nan           nan         nan         nan       nan       nan
        9         84       0   0.000  0.000      0       nan           nan         nan         nan       nan       nan
        9         85       0   0.000  0.000      0       nan           nan         nan         nan       nan       nan
        9         86       0   0.000  0.000      0       nan           nan         nan         nan       nan       nan
        9         87       0   0.000  0.000      0       nan           nan         nan         nan       nan       nan
        9         89       0   0.000  0.000      0       nan           nan         nan         nan       nan       nan
        9         90       0   0.000  0.000      0       nan           nan         nan         nan       nan       nan
        9         91       0   0.000  0.000      0       nan           nan         nan         nan       nan       nan
        9         92       0   0.000  0.000      0       nan           nan         nan         nan       nan       nan
        9         93       0   0.000  0.000      0       nan           nan         nan         nan       nan       nan
        9         94       0   0.000  0.000      0       nan           nan         nan         nan       nan       nan
        9         96       0   0.000  0.000      0       nan           nan         nan         nan       nan       nan
        9         97       0   0.000  0.000      0       nan           nan         nan         nan       nan       nan
        9         98       0   0.000  0.000      0       nan           nan         nan         nan       nan       nan
        9        100       0   0.000  0.000      0       nan           nan         nan         nan       nan       nan
        9        101       0   0.000  0.000      0       nan           nan         nan         nan       nan       nan
        9        103       0   0.000  0.000      0       nan           nan         nan         nan       nan       nan
        9        105       0   0.000  0.000      0       nan           nan         nan         nan       nan       nan
        9        107       0   0.000  0.000      0       nan           nan         nan         nan       nan       nan
        9        108       0   0.000  0.000      0       nan           nan         nan         nan       nan       nan
        9        109       0   0.000  0.000      0       nan           nan         nan         nan       nan       nan
        9        110       0   0.000  0.000      0       nan           nan         nan         nan       nan       nan
        9        112       0   0.000  0.000      0       nan           nan         nan         nan       nan       nan
        9        113       0   0.000  0.000      0       nan           nan         nan         nan       nan       nan
        9        115       0   0.000  0.000      0       nan           nan         nan         nan       nan       nan
        9        116       0   0.000  0.000      0       nan           nan         nan         nan       nan       nan
        9        119       0   0.000  0.000      0       nan           nan         nan         nan       nan       nan
        9        120       0   0.000  0.000      0       nan           nan         nan         nan       nan       nan
        9        121       0   0.000  0.000      0       nan           nan         nan         nan       nan       nan
        9        122       0   0.000  0.000      0       nan           nan         nan         nan       nan       nan
        9        123       0   0.000  0.000      0       nan           nan         nan         nan       nan       nan
        9        125       0   0.000  0.000      0       nan           nan         nan         nan       nan       nan
        9        127       0   0.000  0.000      0       nan           nan         nan         nan       nan       nan
        9        128       0   0.000  0.000      0       nan           nan         nan         nan       nan       nan
        9        129       0   0.000  0.000      0       nan           nan         nan         nan       nan       nan
        9        130       0   0.000  0.000      0       nan           nan         nan         nan       nan       nan
        9        133       0   0.000  0.000      0       nan           nan         nan         nan       nan       nan
        9        134       0   0.000  0.000      0       nan           nan         nan         nan       nan       nan
        9        135       0   0.000  0.000      0       nan           nan         nan         nan       nan       nan
        9        136       0   0.000  0.000      0       nan           nan         nan         nan       nan       nan
        9        137       0   0.000  0.000      0       nan           nan         nan         nan       nan       nan
        9        138       0   0.000  0.000      0       nan           nan         nan         nan       nan       nan
        9        140       0   0.000  0.000      0       nan           nan         nan         nan       nan       nan
        9        142       0   0.000  0.000      0       nan           nan         nan         nan       nan       nan
        9        143       0   0.000  0.000      0       nan           nan         nan         nan       nan       nan
        9        144       0   0.000  0.000      0       nan           nan         nan         nan       nan       nan
        9        145       0   0.000  0.000      0       nan           nan         nan         nan       nan       nan
        9        146       0   0.000  0.000      0       nan           nan         nan         nan       nan       nan
        9        147       0   0.000  0.000      0       nan           nan         nan         nan       nan       nan
        9        149       0   0.000  0.000      0       nan           nan         nan         nan       nan       nan
        9        150       0   0.000  0.000      0       nan           nan         nan         nan       nan       nan
        9        153       0   0.000  0.000      0       nan           nan         nan         nan       nan       nan
        9        154       0   0.000  0.000      0       nan           nan         nan         nan       nan       nan
        9        156       0   0.000  0.000      0       nan           nan         nan         nan       nan       nan
        9        157       0   0.000  0.000      0       nan           nan         nan         nan       nan       nan
        9        159       0   0.000  0.000      0       nan           nan         nan         nan       nan       nan
        9        160       0   0.000  0.000      0       nan           nan         nan         nan       nan       nan
        9        161       0   0.000  0.000      0       nan           nan         nan         nan       nan       nan
        9        162       0   0.000  0.000      0       nan           nan         nan         nan       nan       nan
        9        163       0   0.000  0.000      0       nan           nan         nan         nan       nan       nan
        9        164       0   0.000  0.000      0       nan           nan         nan         nan       nan       nan
        9        165       0   0.000  0.000      0       nan           nan         nan         nan       nan       nan
        9        166       0   0.000  0.000      0       nan           nan         nan         nan       nan       nan
        9        167       0   0.000  0.000      0       nan           nan         nan         nan       nan       nan
        9        168       0   0.000  0.000      0       nan           nan         nan         nan       nan       nan
        9        169       0   0.000  0.000      0       nan           nan         nan         nan       nan       nan
        9        170       0   0.000  0.000      0       nan           nan         nan         nan       nan       nan
        9        171       0   0.000  0.000      0       nan           nan         nan         nan       nan       nan
        9        173       0   0.000  0.000      0       nan           nan         nan         nan       nan       nan
        9        175       0   0.000  0.000      0       nan           nan         nan         nan       nan       nan
        9        176       0   0.000  0.000      0       nan           nan         nan         nan       nan       nan
        9        177       0   0.000  0.000      0       nan           nan         nan         nan       nan       nan
        9        178       0   0.000  0.000      0       nan           nan         nan         nan       nan       nan
        9        179       0   0.000  0.000      0       nan           nan         nan         nan       nan       nan
        9        180       0   0.000  0.000      0       nan           nan         nan         nan       nan       nan
        9        182       0   0.000  0.000      0       nan           nan         nan         nan       nan       nan
        9        183       0   0.000  0.000      0       nan           nan         nan         nan       nan       nan
        9        184       0   0.000  0.000      0       nan           nan         nan         nan       nan       nan
        9        186       0   0.000  0.000      0       nan           nan         nan         nan       nan       nan
        9        187       0   0.000  0.000      0       nan           nan         nan         nan       nan       nan
        9        188       0   0.000  0.000      0       nan           nan         nan         nan       nan       nan
        9        189       0   0.000  0.000      0       nan           nan         nan         nan       nan       nan
        9        190       0   0.000  0.000      0       nan           nan         nan         nan       nan       nan
        9        191       0   0.000  0.000      0       nan           nan         nan         nan       nan       nan
        9        193       0   0.000  0.000      0       nan           nan         nan         nan       nan       nan
        9        194       0   0.000  0.000      0       nan           nan         nan         nan       nan       nan
        9        195       0   0.000  0.000      0       nan           nan         nan         nan       nan       nan
        9        197       0   0.000  0.000      0       nan           nan         nan         nan       nan       nan
        9        198       0   0.000  0.000      0       nan           nan         nan         nan       nan       nan
        9        199       0   0.000  0.000      0       nan           nan         nan         nan       nan       nan
        9        200       0   0.000  0.000      0       nan           nan         nan         nan       nan       nan
        9        202       0   0.000  0.000      0       nan           nan         nan         nan       nan       nan
        9        203       0   0.000  0.000      0       nan           nan         nan         nan       nan       nan
        9        205       0   0.000  0.000      0       nan           nan         nan         nan       nan       nan
        9        206       0   0.000  0.000      0       nan           nan         nan         nan       nan       nan
        9        207       0   0.000  0.000      0       nan           nan         nan         nan       nan       nan
       10        115       1   0.223  0.244   1164     1.091           0.0        10.0        10.0      32.0      29.3
       10         17       0   0.022  0.368   1988     1.542           9.9        10.0         0.1      32.0      20.7
       10         32       0   0.017  0.238   2028     1.297          10.0        10.0         0.0      32.0      24.7
       10         60       0   0.010  0.037    196     3.668           0.0        10.0        10.0      32.0     117.4
       10         19       0   0.008  0.126   1720     1.478          10.0        10.0         0.0      32.0      47.3
       10        112       0   0.007  0.285    932     2.000          20.0        10.0       170.0      32.0      16.0
       10         89       0   0.005  0.168   1424     1.542          20.0        10.0       170.0      32.0      20.7
       10         63       0   0.004  0.110    572     1.414          20.0        10.0       170.0      32.0      45.3
       10        202       0   0.004  0.078    284     2.000          10.0        10.0         0.0      32.0      64.0
       10          0       0   0.003  0.048   2080     1.414          10.0        10.0         0.0      32.0      22.6
       10         13       0   0.002  0.052   1024     1.091          20.0        10.0       170.0      32.0      34.9
       10         27       0   0.000  0.028    412     1.834          78.7        10.0       111.3      32.0      58.7
       10         84       0   0.000  0.012     60     2.000          70.0        10.0       120.0      32.0      64.0
       10         14       0   0.000  0.007    328     1.682          74.0        10.0       116.0      32.0      53.8
       10         51       0   0.000  0.000      4     1.297          60.0        10.0        70.0      32.0      41.5
       10          1       0   0.000  0.000      0       nan           nan         nan         nan       nan       nan
       10          2       0   0.000  0.000      0       nan           nan         nan         nan       nan       nan
       10          3       0   0.000  0.000      0       nan           nan         nan         nan       nan       nan
       10          4       0   0.000  0.000      0       nan           nan         nan         nan       nan       nan
       10          5       0   0.000  0.000      0       nan           nan         nan         nan       nan       nan
       10          6       0   0.000  0.000      0       nan           nan         nan         nan       nan       nan
       10          7       0   0.000  0.000      0       nan           nan         nan         nan       nan       nan
       10          8       0   0.000  0.000      0       nan           nan         nan         nan       nan       nan
       10          9       0   0.000  0.000      0       nan           nan         nan         nan       nan       nan
       10         10       0   0.000  0.000      0       nan           nan         nan         nan       nan       nan
       10         11       0   0.000  0.000      0       nan           nan         nan         nan       nan       nan
       10         12       0   0.000  0.000      0       nan           nan         nan         nan       nan       nan
       10         15       0   0.000  0.000      0       nan           nan         nan         nan       nan       nan
       10         16       0   0.000  0.000      0       nan           nan         nan         nan       nan       nan
       10         18       0   0.000  0.000      0       nan           nan         nan         nan       nan       nan
       10         20       0   0.000  0.000      0       nan           nan         nan         nan       nan       nan
       10         21       0   0.000  0.000      0       nan           nan         nan         nan       nan       nan
       10         22       0   0.000  0.000      0       nan           nan         nan         nan       nan       nan
       10         23       0   0.000  0.000      0       nan           nan         nan         nan       nan       nan
       10         24       0   0.000  0.000      0       nan           nan         nan         nan       nan       nan
       10         25       0   0.000  0.000      0       nan           nan         nan         nan       nan       nan
       10         26       0   0.000  0.000      0       nan           nan         nan         nan       nan       nan
       10         28       0   0.000  0.000      0       nan           nan         nan         nan       nan       nan
       10         29       0   0.000  0.000      0       nan           nan         nan         nan       nan       nan
       10         30       0   0.000  0.000      0       nan           nan         nan         nan       nan       nan
       10         31       0   0.000  0.000      0       nan           nan         nan         nan       nan       nan
       10         33       0   0.000  0.000      0       nan           nan         nan         nan       nan       nan
       10         34       0   0.000  0.000      0       nan           nan         nan         nan       nan       nan
       10         35       0   0.000  0.000      0       nan           nan         nan         nan       nan       nan
       10         36       0   0.000  0.000      0       nan           nan         nan         nan       nan       nan
       10         37       0   0.000  0.000      0       nan           nan         nan         nan       nan       nan
       10         38       0   0.000  0.000      0       nan           nan         nan         nan       nan       nan
       10         39       0   0.000  0.000      0       nan           nan         nan         nan       nan       nan
       10         40       0   0.000  0.000      0       nan           nan         nan         nan       nan       nan
       10         41       0   0.000  0.000      0       nan           nan         nan         nan       nan       nan
       10         42       0   0.000  0.000      0       nan           nan         nan         nan       nan       nan
       10         43       0   0.000  0.000      0       nan           nan         nan         nan       nan       nan
       10         44       0   0.000  0.000      0       nan           nan         nan         nan       nan       nan
       10         45       0   0.000  0.000      0       nan           nan         nan         nan       nan       nan
       10         46       0   0.000  0.000      0       nan           nan         nan         nan       nan       nan
       10         47       0   0.000  0.000      0       nan           nan         nan         nan       nan       nan
       10         48       0   0.000  0.000      0       nan           nan         nan         nan       nan       nan
       10         49       0   0.000  0.000      0       nan           nan         nan         nan       nan       nan
       10         50       0   0.000  0.000      0       nan           nan         nan         nan       nan       nan
       10         52       0   0.000  0.000      0       nan           nan         nan         nan       nan       nan
       10         53       0   0.000  0.000      0       nan           nan         nan         nan       nan       nan
       10         54       0   0.000  0.000      0       nan           nan         nan         nan       nan       nan
       10         55       0   0.000  0.000      0       nan           nan         nan         nan       nan       nan
       10         56       0   0.000  0.000      0       nan           nan         nan         nan       nan       nan
       10         57       0   0.000  0.000      0       nan           nan         nan         nan       nan       nan
       10         58       0   0.000  0.000      0       nan           nan         nan         nan       nan       nan
       10         59       0   0.000  0.000      0       nan           nan         nan         nan       nan       nan
       10         61       0   0.000  0.000      0       nan           nan         nan         nan       nan       nan
       10         62       0   0.000  0.000      0       nan           nan         nan         nan       nan       nan
       10         64       0   0.000  0.000      0       nan           nan         nan         nan       nan       nan
       10         65       0   0.000  0.000      0       nan           nan         nan         nan       nan       nan
       10         66       0   0.000  0.000      0       nan           nan         nan         nan       nan       nan
       10         67       0   0.000  0.000      0       nan           nan         nan         nan       nan       nan
       10         68       0   0.000  0.000      0       nan           nan         nan         nan       nan       nan
       10         69       0   0.000  0.000      0       nan           nan         nan         nan       nan       nan
       10         70       0   0.000  0.000      0       nan           nan         nan         nan       nan       nan
       10         71       0   0.000  0.000      0       nan           nan         nan         nan       nan       nan
       10         72       0   0.000  0.000      0       nan           nan         nan         nan       nan       nan
       10         73       0   0.000  0.000      0       nan           nan         nan         nan       nan       nan
       10         74       0   0.000  0.000      0       nan           nan         nan         nan       nan       nan
       10         75       0   0.000  0.000      0       nan           nan         nan         nan       nan       nan
       10         76       0   0.000  0.000      0       nan           nan         nan         nan       nan       nan
       10         77       0   0.000  0.000      0       nan           nan         nan         nan       nan       nan
       10         78       0   0.000  0.000      0       nan           nan         nan         nan       nan       nan
       10         79       0   0.000  0.000      0       nan           nan         nan         nan       nan       nan
       10         80       0   0.000  0.000      0       nan           nan         nan         nan       nan       nan
       10         81       0   0.000  0.000      0       nan           nan         nan         nan       nan       nan
       10         82       0   0.000  0.000      0       nan           nan         nan         nan       nan       nan
       10         83       0   0.000  0.000      0       nan           nan         nan         nan       nan       nan
       10         85       0   0.000  0.000      0       nan           nan         nan         nan       nan       nan
       10         86       0   0.000  0.000      0       nan           nan         nan         nan       nan       nan
       10         87       0   0.000  0.000      0       nan           nan         nan         nan       nan       nan
       10         88       0   0.000  0.000      0       nan           nan         nan         nan       nan       nan
       10         90       0   0.000  0.000      0       nan           nan         nan         nan       nan       nan
       10         91       0   0.000  0.000      0       nan           nan         nan         nan       nan       nan
       10         92       0   0.000  0.000      0       nan           nan         nan         nan       nan       nan
       10         93       0   0.000  0.000      0       nan           nan         nan         nan       nan       nan
       10         94       0   0.000  0.000      0       nan           nan         nan         nan       nan       nan
       10         95       0   0.000  0.000      0       nan           nan         nan         nan       nan       nan
       10         96       0   0.000  0.000      0       nan           nan         nan         nan       nan       nan
       10         97       0   0.000  0.000      0       nan           nan         nan         nan       nan       nan
       10         98       0   0.000  0.000      0       nan           nan         nan         nan       nan       nan
       10         99       0   0.000  0.000      0       nan           nan         nan         nan       nan       nan
       10        100       0   0.000  0.000      0       nan           nan         nan         nan       nan       nan
       10        101       0   0.000  0.000      0       nan           nan         nan         nan       nan       nan
       10        102       0   0.000  0.000      0       nan           nan         nan         nan       nan       nan
       10        103       0   0.000  0.000      0       nan           nan         nan         nan       nan       nan
       10        104       0   0.000  0.000      0       nan           nan         nan         nan       nan       nan
       10        105       0   0.000  0.000      0       nan           nan         nan         nan       nan       nan
       10        106       0   0.000  0.000      0       nan           nan         nan         nan       nan       nan
       10        107       0   0.000  0.000      0       nan           nan         nan         nan       nan       nan
       10        108       0   0.000  0.000      0       nan           nan         nan         nan       nan       nan
       10        109       0   0.000  0.000      0       nan           nan         nan         nan       nan       nan
       10        110       0   0.000  0.000      0       nan           nan         nan         nan       nan       nan
       10        111       0   0.000  0.000      0       nan           nan         nan         nan       nan       nan
       10        113       0   0.000  0.000      0       nan           nan         nan         nan       nan       nan
       10        114       0   0.000  0.000      0       nan           nan         nan         nan       nan       nan
       10        116       0   0.000  0.000      0       nan           nan         nan         nan       nan       nan
       10        117       0   0.000  0.000      0       nan           nan         nan         nan       nan       nan
       10        118       0   0.000  0.000      0       nan           nan         nan         nan       nan       nan
       10        119       0   0.000  0.000      0       nan           nan         nan         nan       nan       nan
       10        120       0   0.000  0.000      0       nan           nan         nan         nan       nan       nan
       10        121       0   0.000  0.000      0       nan           nan         nan         nan       nan       nan
       10        122       0   0.000  0.000      0       nan           nan         nan         nan       nan       nan
       10        123       0   0.000  0.000      0       nan           nan         nan         nan       nan       nan
       10        124       0   0.000  0.000      0       nan           nan         nan         nan       nan       nan
       10        125       0   0.000  0.000      0       nan           nan         nan         nan       nan       nan
       10        126       0   0.000  0.000      0       nan           nan         nan         nan       nan       nan
       10        127       0   0.000  0.000      0       nan           nan         nan         nan       nan       nan
       10        128       0   0.000  0.000      0       nan           nan         nan         nan       nan       nan
       10        129       0   0.000  0.000      0       nan           nan         nan         nan       nan       nan
       10        130       0   0.000  0.000      0       nan           nan         nan         nan       nan       nan
       10        131       0   0.000  0.000      0       nan           nan         nan         nan       nan       nan
       10        132       0   0.000  0.000      0       nan           nan         nan         nan       nan       nan
       10        133       0   0.000  0.000      0       nan           nan         nan         nan       nan       nan
       10        134       0   0.000  0.000      0       nan           nan         nan         nan       nan       nan
       10        135       0   0.000  0.000      0       nan           nan         nan         nan       nan       nan
       10        136       0   0.000  0.000      0       nan           nan         nan         nan       nan       nan
       10        137       0   0.000  0.000      0       nan           nan         nan         nan       nan       nan
       10        138       0   0.000  0.000      0       nan           nan         nan         nan       nan       nan
       10        139       0   0.000  0.000      0       nan           nan         nan         nan       nan       nan
       10        140       0   0.000  0.000      0       nan           nan         nan         nan       nan       nan
       10        141       0   0.000  0.000      0       nan           nan         nan         nan       nan       nan
       10        142       0   0.000  0.000      0       nan           nan         nan         nan       nan       nan
       10        143       0   0.000  0.000      0       nan           nan         nan         nan       nan       nan
       10        144       0   0.000  0.000      0       nan           nan         nan         nan       nan       nan
       10        145       0   0.000  0.000      0       nan           nan         nan         nan       nan       nan
       10        146       0   0.000  0.000      0       nan           nan         nan         nan       nan       nan
       10        147       0   0.000  0.000      0       nan           nan         nan         nan       nan       nan
       10        148       0   0.000  0.000      0       nan           nan         nan         nan       nan       nan
       10        149       0   0.000  0.000      0       nan           nan         nan         nan       nan       nan
       10        150       0   0.000  0.000      0       nan           nan         nan         nan       nan       nan
       10        151       0   0.000  0.000      0       nan           nan         nan         nan       nan       nan
       10        152       0   0.000  0.000      0       nan           nan         nan         nan       nan       nan
       10        153       0   0.000  0.000      0       nan           nan         nan         nan       nan       nan
       10        154       0   0.000  0.000      0       nan           nan         nan         nan       nan       nan
       10        155       0   0.000  0.000      0       nan           nan         nan         nan       nan       nan
       10        156       0   0.000  0.000      0       nan           nan         nan         nan       nan       nan
       10        157       0   0.000  0.000      0       nan           nan         nan         nan       nan       nan
       10        158       0   0.000  0.000      0       nan           nan         nan         nan       nan       nan
       10        159       0   0.000  0.000      0       nan           nan         nan         nan       nan       nan
       10        160       0   0.000  0.000      0       nan           nan         nan         nan       nan       nan
       10        161       0   0.000  0.000      0       nan           nan         nan         nan       nan       nan
       10        162       0   0.000  0.000      0       nan           nan         nan         nan       nan       nan
       10        163       0   0.000  0.000      0       nan           nan         nan         nan       nan       nan
       10        164       0   0.000  0.000      0       nan           nan         nan         nan       nan       nan
       10        165       0   0.000  0.000      0       nan           nan         nan         nan       nan       nan
       10        166       0   0.000  0.000      0       nan           nan         nan         nan       nan       nan
       10        167       0   0.000  0.000      0       nan           nan         nan         nan       nan       nan
       10        168       0   0.000  0.000      0       nan           nan         nan         nan       nan       nan
       10        169       0   0.000  0.000      0       nan           nan         nan         nan       nan       nan
       10        170       0   0.000  0.000      0       nan           nan         nan         nan       nan       nan
       10        171       0   0.000  0.000      0       nan           nan         nan         nan       nan       nan
       10        172       0   0.000  0.000      0       nan           nan         nan         nan       nan       nan
       10        173       0   0.000  0.000      0       nan           nan         nan         nan       nan       nan
       10        174       0   0.000  0.000      0       nan           nan         nan         nan       nan       nan
       10        175       0   0.000  0.000      0       nan           nan         nan         nan       nan       nan
       10        176       0   0.000  0.000      0       nan           nan         nan         nan       nan       nan
       10        177       0   0.000  0.000      0       nan           nan         nan         nan       nan       nan
       10        178       0   0.000  0.000      0       nan           nan         nan         nan       nan       nan
       10        179       0   0.000  0.000      0       nan           nan         nan         nan       nan       nan
       10        180       0   0.000  0.000      0       nan           nan         nan         nan       nan       nan
       10        181       0   0.000  0.000      0       nan           nan         nan         nan       nan       nan
       10        182       0   0.000  0.000      0       nan           nan         nan         nan       nan       nan
       10        183       0   0.000  0.000      0       nan           nan         nan         nan       nan       nan
       10        184       0   0.000  0.000      0       nan           nan         nan         nan       nan       nan
       10        185       0   0.000  0.000      0       nan           nan         nan         nan       nan       nan
       10        186       0   0.000  0.000      0       nan           nan         nan         nan       nan       nan
       10        187       0   0.000  0.000      0       nan           nan         nan         nan       nan       nan
       10        188       0   0.000  0.000      0       nan           nan         nan         nan       nan       nan
       10        189       0   0.000  0.000      0       nan           nan         nan         nan       nan       nan
       10        190       0   0.000  0.000      0       nan           nan         nan         nan       nan       nan
       10        191       0   0.000  0.000      0       nan           nan         nan         nan       nan       nan
       10        192       0   0.000  0.000      0       nan           nan         nan         nan       nan       nan
       10        193       0   0.000  0.000      0       nan           nan         nan         nan       nan       nan
       10        194       0   0.000  0.000      0       nan           nan         nan         nan       nan       nan
       10        195       0   0.000  0.000      0       nan           nan         nan         nan       nan       nan
       10        196       0   0.000  0.000      0       nan           nan         nan         nan       nan       nan
       10        197       0   0.000  0.000      0       nan           nan         nan         nan       nan       nan
       10        198       0   0.000  0.000      0       nan           nan         nan         nan       nan       nan
       10        199       0   0.000  0.000      0       nan           nan         nan         nan       nan       nan
       10        200       0   0.000  0.000      0       nan           nan         nan         nan       nan       nan
       10        201       0   0.000  0.000      0       nan           nan         nan         nan       nan       nan
       10        203       0   0.000  0.000      0       nan           nan         nan         nan       nan       nan
       10        204       0   0.000  0.000      0       nan           nan         nan         nan       nan       nan
       10        205       0   0.000  0.000      0       nan           nan         nan         nan       nan       nan
       10        206       0   0.000  0.000      0       nan           nan         nan         nan       nan       nan
       10        207       0   0.000  0.000      0       nan           nan         nan         nan       nan       nan
       10        208       0   0.000  0.000      0       nan           nan         nan         nan       nan       nan
       11         47       0   0.141  0.237   2248     1.682           0.0        80.0        80.0      69.8      41.5
       11         88       0   0.128  0.279   3184     2.181           0.0        80.0        80.0      69.8      32.0
       11        199       0   0.107  0.196   1912     1.834           0.0        80.0        80.0      69.8      38.1
       11         41       0   0.068  0.176   3252     1.542           0.7        80.0        80.7      69.8      45.3
       11          3       1   0.040  0.266   9476     1.091           5.2        80.0        85.2      69.8      76.1
       11          7       0   0.020  0.507   6220     2.828           8.2        80.0        88.2      69.8      24.7
       11        128       0   0.018  0.062    852     3.364           0.0        80.0        80.0      69.8      20.7
       11        126       0   0.017  0.045    780     2.594           0.0        80.0        80.0      76.1      29.3
       11         24       0   0.017  0.394   4308     1.414          15.2        80.0        95.2      69.8      49.4
       11         18       0   0.013  0.315   7572     1.189          20.0        80.0       100.0      69.8      58.7
       11         10       0   0.012  0.118   5968     1.542           5.2        80.0        85.2      69.8     107.6
       11        114       0   0.011  0.290   3228     1.297          20.0        80.0        60.0      69.8      53.8
       11         36       0   0.010  0.218   2416     1.091          20.0        80.0       100.0      69.8      76.1
       11         37       0   0.009  0.268   3644     1.000          30.0        80.0       110.0      69.8      69.8
       11          1       0   0.008  0.160   8828     1.542          12.3        80.0        92.3      69.8      45.3
       11          4       0   0.007  0.312   3152     2.000          20.2        80.0       100.2      69.8      34.9
       11         12       0   0.007  0.452   5644     2.594          23.4        80.0       103.4      69.8      26.9
       11         14       1   0.006  0.084   4060     1.189          10.0        80.0        90.0      69.8      83.0
       11          6       0   0.006  0.185   9476     1.297          21.7        80.0       101.7      69.8      90.5
       11         79       0   0.005  0.352   4060     3.084          20.0        80.0       100.0      69.8      22.6
       11        163       0   0.005  0.023    260     4.362           0.0        80.0        80.0      76.1      17.4
       11         25       0   0.005  0.191   5728     1.091          32.1        80.0       112.1      69.8      64.0
       11        156       0   0.005  0.213   2020     1.414          30.0        80.0       110.0      69.8      49.4
       11         83       1   0.005  0.053    656     1.000          10.0        80.0        70.0      76.1      76.1
       11        157       0   0.004  0.127   1208     3.668           7.6        80.0        87.6      69.8      19.0
       11         91       0   0.004  0.502   5680     2.594          50.0        80.0       130.0      69.8      26.9
       11          5       0   0.003  0.156   7228     2.378          17.9        80.0        97.9      69.8      29.3
       11        135       0   0.003  0.142   1360     1.189          40.0        80.0       120.0      69.8      83.0
       11        173       0   0.002  0.055    608     3.364           5.9        80.0        74.1      69.8      20.7
       11         86       0   0.002  0.211   2176     2.378          40.0        80.0       120.0      69.8      29.3
       11         35       0   0.002  0.203   4468     2.378          50.0        80.0       130.0      69.8      29.3
       11        106       0   0.002  0.080    952     1.000          50.0        80.0        30.0      69.8      69.8
       11        132       0   0.001  0.115   1260     1.297          60.1        80.0        19.9      76.1      58.7
       11        113       0   0.001  0.130   1700     3.084          30.0        80.0       110.0      69.8      22.6
       11        172       0   0.001  0.032    356     1.189          20.0        80.0        60.0      76.1      64.0
       11        104       0   0.001  0.003     52     2.828           0.0        80.0        80.0      69.8      24.7
       11         29       0   0.001  0.079    752     2.181          30.0        80.0       110.0      69.8      32.0
       11         76       0   0.001  0.113   1600     1.414          71.4        80.0         8.6      76.1      53.8
       11        164       0   0.001  0.148   1404     2.378          60.0        80.0       140.0      69.8      29.3
       11          2       0   0.001  0.038   1268     1.189          30.0        80.0       110.0      69.8      58.7
       11        171       0   0.001  0.191   1860     3.668          50.6        80.0       130.6      69.8      19.0
       11         16       0   0.001  0.015    472     1.414          10.0        80.0        70.0      76.1     107.6
       11        203       0   0.001  0.147   1608     2.594          61.1        80.0       141.1      69.8      26.9
       11         99       0   0.001  0.037    544     1.297          40.0        80.0       120.0      69.8      90.5
       11        198       0   0.001  0.069    720     2.594          40.0        80.0       120.0      76.1      29.3
       11         30       0   0.001  0.100   2268     2.594          60.0        80.0       140.0      69.8      26.9
       11         69       0   0.001  0.037    516     2.378          30.0        80.0       110.0      69.8      29.3
       11         11       0   0.000  0.047   2204     3.084          54.3        80.0       134.3      69.8      22.6
       11         82       0   0.000  0.005     56     1.091          20.0        80.0       100.0      76.1      69.8
       11        122       0   0.000  0.014    152     2.594          40.0        80.0       120.0      69.8      26.9
       11         77       0   0.000  0.020    396     2.828          70.0        80.0        10.0      76.1      26.9
       11        197       0   0.000  0.002     16     1.542          10.0        80.0        70.0      69.8      45.3
       11        116       0   0.000  0.010    116     2.828          40.0        80.0       120.0      69.8      24.7
       11         31       0   0.000  0.002     44     1.297          20.0        80.0       100.0      69.8      90.5
       11        152       0   0.000  0.011    184     3.668          80.0        80.0       160.0      69.8      19.0
       11         28       0   0.000  0.004     96     2.000          60.0        80.0       140.0      69.8      34.9
       11        139       0   0.000  0.003     40     3.364          40.0        80.0       120.0      76.1      22.6
       11        194       0   0.000  0.000      4     3.364          10.0        80.0        90.0      69.8      20.7
       11          0       0   0.000  0.000      0       nan           nan         nan         nan       nan       nan
       11          8       0   0.000  0.000      0       nan           nan         nan         nan       nan       nan
       11          9       0   0.000  0.000      0       nan           nan         nan         nan       nan       nan
       11         13       0   0.000  0.000      0       nan           nan         nan         nan       nan       nan
       11         15       0   0.000  0.000      0       nan           nan         nan         nan       nan       nan
       11         17       0   0.000  0.000      0       nan           nan         nan         nan       nan       nan
       11         19       0   0.000  0.000      0       nan           nan         nan         nan       nan       nan
       11         20       0   0.000  0.000      0       nan           nan         nan         nan       nan       nan
       11         21       0   0.000  0.000      0       nan           nan         nan         nan       nan       nan
       11         22       0   0.000  0.000      0       nan           nan         nan         nan       nan       nan
       11         23       0   0.000  0.000      0       nan           nan         nan         nan       nan       nan
       11         26       0   0.000  0.000      0       nan           nan         nan         nan       nan       nan
       11         27       0   0.000  0.000      0       nan           nan         nan         nan       nan       nan
       11         32       0   0.000  0.000      0       nan           nan         nan         nan       nan       nan
       11         33       0   0.000  0.000      0       nan           nan         nan         nan       nan       nan
       11         34       0   0.000  0.000      0       nan           nan         nan         nan       nan       nan
       11         38       0   0.000  0.000      0       nan           nan         nan         nan       nan       nan
       11         39       0   0.000  0.000      0       nan           nan         nan         nan       nan       nan
       11         40       0   0.000  0.000      0       nan           nan         nan         nan       nan       nan
       11         42       0   0.000  0.000      0       nan           nan         nan         nan       nan       nan
       11         43       0   0.000  0.000      0       nan           nan         nan         nan       nan       nan
       11         44       0   0.000  0.000      0       nan           nan         nan         nan       nan       nan
       11         45       0   0.000  0.000      0       nan           nan         nan         nan       nan       nan
       11         46       0   0.000  0.000      0       nan           nan         nan         nan       nan       nan
       11         48       0   0.000  0.000      0       nan           nan         nan         nan       nan       nan
       11         49       0   0.000  0.000      0       nan           nan         nan         nan       nan       nan
       11         50       0   0.000  0.000      0       nan           nan         nan         nan       nan       nan
       11         51       0   0.000  0.000      0       nan           nan         nan         nan       nan       nan
       11         52       0   0.000  0.000      0       nan           nan         nan         nan       nan       nan
       11         53       0   0.000  0.000      0       nan           nan         nan         nan       nan       nan
       11         54       0   0.000  0.000      0       nan           nan         nan         nan       nan       nan
       11         55       0   0.000  0.000      0       nan           nan         nan         nan       nan       nan
       11         56       0   0.000  0.000      0       nan           nan         nan         nan       nan       nan
       11         57       0   0.000  0.000      0       nan           nan         nan         nan       nan       nan
       11         58       0   0.000  0.000      0       nan           nan         nan         nan       nan       nan
       11         59       0   0.000  0.000      0       nan           nan         nan         nan       nan       nan
       11         60       0   0.000  0.000      0       nan           nan         nan         nan       nan       nan
       11         61       0   0.000  0.000      0       nan           nan         nan         nan       nan       nan
       11         62       0   0.000  0.000      0       nan           nan         nan         nan       nan       nan
       11         63       0   0.000  0.000      0       nan           nan         nan         nan       nan       nan
       11         64       0   0.000  0.000      0       nan           nan         nan         nan       nan       nan
       11         65       0   0.000  0.000      0       nan           nan         nan         nan       nan       nan
       11         66       0   0.000  0.000      0       nan           nan         nan         nan       nan       nan
       11         67       0   0.000  0.000      0       nan           nan         nan         nan       nan       nan
       11         68       0   0.000  0.000      0       nan           nan         nan         nan       nan       nan
       11         70       0   0.000  0.000      0       nan           nan         nan         nan       nan       nan
       11         71       0   0.000  0.000      0       nan           nan         nan         nan       nan       nan
       11         72       0   0.000  0.000      0       nan           nan         nan         nan       nan       nan
       11         73       0   0.000  0.000      0       nan           nan         nan         nan       nan       nan
       11         74       0   0.000  0.000      0       nan           nan         nan         nan       nan       nan
       11         75       0   0.000  0.000      0       nan           nan         nan         nan       nan       nan
       11         78       0   0.000  0.000      0       nan           nan         nan         nan       nan       nan
       11         80       0   0.000  0.000      0       nan           nan         nan         nan       nan       nan
       11         81       0   0.000  0.000      0       nan           nan         nan         nan       nan       nan
       11         84       0   0.000  0.000      0       nan           nan         nan         nan       nan       nan
       11         85       0   0.000  0.000      0       nan           nan         nan         nan       nan       nan
       11         87       0   0.000  0.000      0       nan           nan         nan         nan       nan       nan
       11         89       0   0.000  0.000      0       nan           nan         nan         nan       nan       nan
       11         90       0   0.000  0.000      0       nan           nan         nan         nan       nan       nan
       11         92       0   0.000  0.000      0       nan           nan         nan         nan       nan       nan
       11         93       0   0.000  0.000      0       nan           nan         nan         nan       nan       nan
       11         94       0   0.000  0.000      0       nan           nan         nan         nan       nan       nan
       11         95       0   0.000  0.000      0       nan           nan         nan         nan       nan       nan
       11         96       0   0.000  0.000      0       nan           nan         nan         nan       nan       nan
       11         97       0   0.000  0.000      0       nan           nan         nan         nan       nan       nan
       11         98       0   0.000  0.000      0       nan           nan         nan         nan       nan       nan
       11        100       0   0.000  0.000      0       nan           nan         nan         nan       nan       nan
       11        101       0   0.000  0.000      0       nan           nan         nan         nan       nan       nan
       11        102       0   0.000  0.000      0       nan           nan         nan         nan       nan       nan
       11        103       0   0.000  0.000      0       nan           nan         nan         nan       nan       nan
       11        105       0   0.000  0.000      0       nan           nan         nan         nan       nan       nan
       11        107       0   0.000  0.000      0       nan           nan         nan         nan       nan       nan
       11        108       0   0.000  0.000      0       nan           nan         nan         nan       nan       nan
       11        109       0   0.000  0.000      0       nan           nan         nan         nan       nan       nan
       11        110       0   0.000  0.000      0       nan           nan         nan         nan       nan       nan
       11        111       0   0.000  0.000      0       nan           nan         nan         nan       nan       nan
       11        112       0   0.000  0.000      0       nan           nan         nan         nan       nan       nan
       11        115       0   0.000  0.000      0       nan           nan         nan         nan       nan       nan
       11        117       0   0.000  0.000      0       nan           nan         nan         nan       nan       nan
       11        118       0   0.000  0.000      0       nan           nan         nan         nan       nan       nan
       11        119       0   0.000  0.000      0       nan           nan         nan         nan       nan       nan
       11        120       0   0.000  0.000      0       nan           nan         nan         nan       nan       nan
       11        121       0   0.000  0.000      0       nan           nan         nan         nan       nan       nan
       11        123       0   0.000  0.000      0       nan           nan         nan         nan       nan       nan
       11        124       0   0.000  0.000      0       nan           nan         nan         nan       nan       nan
       11        125       0   0.000  0.000      0       nan           nan         nan         nan       nan       nan
       11        127       0   0.000  0.000      0       nan           nan         nan         nan       nan       nan
       11        129       0   0.000  0.000      0       nan           nan         nan         nan       nan       nan
       11        130       0   0.000  0.000      0       nan           nan         nan         nan       nan       nan
       11        131       0   0.000  0.000      0       nan           nan         nan         nan       nan       nan
       11        133       0   0.000  0.000      0       nan           nan         nan         nan       nan       nan
       11        134       0   0.000  0.000      0       nan           nan         nan         nan       nan       nan
       11        136       0   0.000  0.000      0       nan           nan         nan         nan       nan       nan
       11        137       0   0.000  0.000      0       nan           nan         nan         nan       nan       nan
       11        138       0   0.000  0.000      0       nan           nan         nan         nan       nan       nan
       11        140       0   0.000  0.000      0       nan           nan         nan         nan       nan       nan
       11        141       0   0.000  0.000      0       nan           nan         nan         nan       nan       nan
       11        142       0   0.000  0.000      0       nan           nan         nan         nan       nan       nan
       11        143       0   0.000  0.000      0       nan           nan         nan         nan       nan       nan
       11        144       0   0.000  0.000      0       nan           nan         nan         nan       nan       nan
       11        145       0   0.000  0.000      0       nan           nan         nan         nan       nan       nan
       11        146       0   0.000  0.000      0       nan           nan         nan         nan       nan       nan
       11        147       0   0.000  0.000      0       nan           nan         nan         nan       nan       nan
       11        148       0   0.000  0.000      0       nan           nan         nan         nan       nan       nan
       11        149       0   0.000  0.000      0       nan           nan         nan         nan       nan       nan
       11        150       0   0.000  0.000      0       nan           nan         nan         nan       nan       nan
       11        151       0   0.000  0.000      0       nan           nan         nan         nan       nan       nan
       11        153       0   0.000  0.000      0       nan           nan         nan         nan       nan       nan
       11        154       0   0.000  0.000      0       nan           nan         nan         nan       nan       nan
       11        155       0   0.000  0.000      0       nan           nan         nan         nan       nan       nan
       11        158       0   0.000  0.000      0       nan           nan         nan         nan       nan       nan
       11        159       0   0.000  0.000      0       nan           nan         nan         nan       nan       nan
       11        160       0   0.000  0.000      0       nan           nan         nan         nan       nan       nan
       11        161       0   0.000  0.000      0       nan           nan         nan         nan       nan       nan
       11        162       0   0.000  0.000      0       nan           nan         nan         nan       nan       nan
       11        165       0   0.000  0.000      0       nan           nan         nan         nan       nan       nan
       11        166       0   0.000  0.000      0       nan           nan         nan         nan       nan       nan
       11        167       0   0.000  0.000      0       nan           nan         nan         nan       nan       nan
       11        168       0   0.000  0.000      0       nan           nan         nan         nan       nan       nan
       11        169       0   0.000  0.000      0       nan           nan         nan         nan       nan       nan
       11        170       0   0.000  0.000      0       nan           nan         nan         nan       nan       nan
       11        174       0   0.000  0.000      0       nan           nan         nan         nan       nan       nan
       11        175       0   0.000  0.000      0       nan           nan         nan         nan       nan       nan
       11        176       0   0.000  0.000      0       nan           nan         nan         nan       nan       nan
       11        177       0   0.000  0.000      0       nan           nan         nan         nan       nan       nan
       11        178       0   0.000  0.000      0       nan           nan         nan         nan       nan       nan
       11        179       0   0.000  0.000      0       nan           nan         nan         nan       nan       nan
       11        180       0   0.000  0.000      0       nan           nan         nan         nan       nan       nan
       11        181       0   0.000  0.000      0       nan           nan         nan         nan       nan       nan
       11        182       0   0.000  0.000      0       nan           nan         nan         nan       nan       nan
       11        183       0   0.000  0.000      0       nan           nan         nan         nan       nan       nan
       11        184       0   0.000  0.000      0       nan           nan         nan         nan       nan       nan
       11        185       0   0.000  0.000      0       nan           nan         nan         nan       nan       nan
       11        186       0   0.000  0.000      0       nan           nan         nan         nan       nan       nan
       11        187       0   0.000  0.000      0       nan           nan         nan         nan       nan       nan
       11        188       0   0.000  0.000      0       nan           nan         nan         nan       nan       nan
       11        189       0   0.000  0.000      0       nan           nan         nan         nan       nan       nan
       11        190       0   0.000  0.000      0       nan           nan         nan         nan       nan       nan
       11        191       0   0.000  0.000      0       nan           nan         nan         nan       nan       nan
       11        192       0   0.000  0.000      0       nan           nan         nan         nan       nan       nan
       11        193       0   0.000  0.000      0       nan           nan         nan         nan       nan       nan
       11        195       0   0.000  0.000      0       nan           nan         nan         nan       nan       nan
       11        196       0   0.000  0.000      0       nan           nan         nan         nan       nan       nan
       11        200       0   0.000  0.000      0       nan           nan         nan         nan       nan       nan
       11        201       0   0.000  0.000      0       nan           nan         nan         nan       nan       nan
       11        202       0   0.000  0.000      0       nan           nan         nan         nan       nan       nan
       11        204       0   0.000  0.000      0       nan           nan         nan         nan       nan       nan
       11        205       0   0.000  0.000      0       nan           nan         nan         nan       nan       nan
       11        206       0   0.000  0.000      0       nan           nan         nan         nan       nan       nan
       11        207       0   0.000  0.000      0       nan           nan         nan         nan       nan       nan
       11        208       0   0.000  0.000      0       nan           nan         nan         nan       nan       nan
       12        156       0   0.230  0.386   1636     1.682           0.0       110.0       110.0      29.3      49.4
       12         29       1   0.144  0.144    576     1.000           0.0       110.0       110.0      32.0      32.0
       12        113       0   0.069  0.097    812     1.414           0.0       110.0       110.0      32.0      22.6
       12          4       1   0.041  0.529   2632     1.189           9.9       110.0       100.1      29.3      34.9
       12         12       1   0.035  0.324   3060     1.091           7.5       110.0       102.5      29.3      26.9
       12         37       0   0.027  0.064    700     2.378           0.0       110.0       110.0      29.3      69.8
       12         24       0   0.017  0.473   3084     1.682          15.9       110.0        94.1      29.3      49.4
       12         86       1   0.013  0.160    948     1.091          10.0       110.0       120.0      29.3      26.9
       12          7       0   0.013  0.379   3532     1.297          22.3       110.0        87.7      29.3      22.6
       12        171       0   0.011  0.370   1612     1.542          21.0       110.0       131.0      29.3      19.0
       12         91       0   0.009  0.201   1896     1.091          20.0       110.0       130.0      29.3      26.9
       12        157       0   0.008  0.287   1124     1.542          22.4       110.0        87.6      29.3      19.0
       12        164       0   0.008  0.242   1020     1.000          30.0       110.0       140.0      29.3      29.3
       12         47       0   0.008  0.341   1548     1.414          30.0       110.0        80.0      29.3      41.5
       12         18       0   0.007  0.149   3368     2.000          10.0       110.0       100.0      29.3      58.7
       12          5       1   0.006  0.075   3336     1.000          11.4       110.0        98.6      29.3      29.3
       12         79       1   0.006  0.078    716     1.189          10.0       110.0       100.0      26.9      22.6
       12         88       0   0.005  0.162   1248     1.091          30.0       110.0        80.0      29.3      26.9
       12         25       0   0.005  0.066   1872     2.181           5.5       110.0       115.5      29.3      64.0
       12        199       0   0.004  0.160    828     1.297          30.0       110.0        80.0      29.3      38.1
       12         41       0   0.004  0.183   2488     1.542          30.6       110.0        79.4      29.3      45.3
       12         35       0   0.003  0.064   1264     1.000          20.0       110.0       130.0      29.3      29.3
       12          6       0   0.002  0.075   3836     3.364           8.5       110.0       101.5      29.3      98.7
       12        114       0   0.002  0.202   1464     1.834          50.0       110.0        60.0      29.3      53.8
       12         30       0   0.002  0.066   1200     1.091          30.0       110.0       140.0      29.3      26.9
       12          1       0   0.002  0.071   3836     1.834          21.6       110.0        88.4      29.3      53.8
       12          3       0   0.002  0.108   3836     2.378          25.7       110.0        84.3      29.3      69.8
       12        173       0   0.001  0.086    472     1.542          38.0       110.0        72.0      32.0      20.7
       12        128       0   0.001  0.067    568     1.542          30.0       110.0        80.0      32.0      20.7
       12         11       0   0.001  0.025   1060     1.297          23.0       110.0       133.0      29.3      22.6
       12         10       0   0.001  0.057   2756     3.668          24.5       110.0        85.5      29.3     107.6
       12         36       0   0.001  0.017    128     2.594          10.0       110.0       100.0      29.3      76.1
       12        132       0   0.000  0.070    428     2.378          90.0       110.0        20.0      24.7      58.7
       12         76       0   0.000  0.043    416     2.181          80.0       110.0        10.0      24.7      53.8
       12         14       0   0.000  0.013    592     2.828          20.0       110.0        90.0      29.3      83.0
       12        163       0   0.000  0.009     52     1.414          30.0       110.0        80.0      24.7      17.4
       12        203       0   0.000  0.006     40     1.045          30.0       110.0       140.0      28.1      26.9
       12         77       0   0.000  0.010    136     1.091          80.0       110.0        10.0      24.7      26.9
       12        126       0   0.000  0.001      8     1.091          30.0       110.0        80.0      24.7      26.9
       12          0       0   0.000  0.000      0       nan           nan         nan         nan       nan       nan
       12          2       0   0.000  0.000      0       nan           nan         nan         nan       nan       nan
       12          8       0   0.000  0.000      0       nan           nan         nan         nan       nan       nan
       12          9       0   0.000  0.000      0       nan           nan         nan         nan       nan       nan
       12         13       0   0.000  0.000      0       nan           nan         nan         nan       nan       nan
       12         15       0   0.000  0.000      0       nan           nan         nan         nan       nan       nan
       12         16       0   0.000  0.000      0       nan           nan         nan         nan       nan       nan
       12         17       0   0.000  0.000      0       nan           nan         nan         nan       nan       nan
       12         19       0   0.000  0.000      0       nan           nan         nan         nan       nan       nan
       12         20       0   0.000  0.000      0       nan           nan         nan         nan       nan       nan
       12         21       0   0.000  0.000      0       nan           nan         nan         nan       nan       nan
       12         22       0   0.000  0.000      0       nan           nan         nan         nan       nan       nan
       12         23       0   0.000  0.000      0       nan           nan         nan         nan       nan       nan
       12         26       0   0.000  0.000      0       nan           nan         nan         nan       nan       nan
       12         27       0   0.000  0.000      0       nan           nan         nan         nan       nan       nan
       12         28       0   0.000  0.000      0       nan           nan         nan         nan       nan       nan
       12         31       0   0.000  0.000      0       nan           nan         nan         nan       nan       nan
       12         32       0   0.000  0.000      0       nan           nan         nan         nan       nan       nan
       12         33       0   0.000  0.000      0       nan           nan         nan         nan       nan       nan
       12         34       0   0.000  0.000      0       nan           nan         nan         nan       nan       nan
       12         38       0   0.000  0.000      0       nan           nan         nan         nan       nan       nan
       12         39       0   0.000  0.000      0       nan           nan         nan         nan       nan       nan
       12         40       0   0.000  0.000      0       nan           nan         nan         nan       nan       nan
       12         42       0   0.000  0.000      0       nan           nan         nan         nan       nan       nan
       12         43       0   0.000  0.000      0       nan           nan         nan         nan       nan       nan
       12         44       0   0.000  0.000      0       nan           nan         nan         nan       nan       nan
       12         45       0   0.000  0.000      0       nan           nan         nan         nan       nan       nan
       12         46       0   0.000  0.000      0       nan           nan         nan         nan       nan       nan
       12         48       0   0.000  0.000      0       nan           nan         nan         nan       nan       nan
       12         49       0   0.000  0.000      0       nan           nan         nan         nan       nan       nan
       12         50       0   0.000  0.000      0       nan           nan         nan         nan       nan       nan
       12         51       0   0.000  0.000      0       nan           nan         nan         nan       nan       nan
       12         52       0   0.000  0.000      0       nan           nan         nan         nan       nan       nan
       12         53       0   0.000  0.000      0       nan           nan         nan         nan       nan       nan
       12         54       0   0.000  0.000      0       nan           nan         nan         nan       nan       nan
       12         55       0   0.000  0.000      0       nan           nan         nan         nan       nan       nan
       12         56       0   0.000  0.000      0       nan           nan         nan         nan       nan       nan
       12         57       0   0.000  0.000      0       nan           nan         nan         nan       nan       nan
       12         58       0   0.000  0.000      0       nan           nan         nan         nan       nan       nan
       12         59       0   0.000  0.000      0       nan           nan         nan         nan       nan       nan
       12         60       0   0.000  0.000      0       nan           nan         nan         nan       nan       nan
       12         61       0   0.000  0.000      0       nan           nan         nan         nan       nan       nan
       12         62       0   0.000  0.000      0       nan           nan         nan         nan       nan       nan
       12         63       0   0.000  0.000      0       nan           nan         nan         nan       nan       nan
       12         64       0   0.000  0.000      0       nan           nan         nan         nan       nan       nan
       12         65       0   0.000  0.000      0       nan           nan         nan         nan       nan       nan
       12         66       0   0.000  0.000      0       nan           nan         nan         nan       nan       nan
       12         67       0   0.000  0.000      0       nan           nan         nan         nan       nan       nan
       12         68       0   0.000  0.000      0       nan           nan         nan         nan       nan       nan
       12         69       0   0.000  0.000      0       nan           nan         nan         nan       nan       nan
       12         70       0   0.000  0.000      0       nan           nan         nan         nan       nan       nan
       12         71       0   0.000  0.000      0       nan           nan         nan         nan       nan       nan
       12         72       0   0.000  0.000      0       nan           nan         nan         nan       nan       nan
       12         73       0   0.000  0.000      0       nan           nan         nan         nan       nan       nan
       12         74       0   0.000  0.000      0       nan           nan         nan         nan       nan       nan
       12         75       0   0.000  0.000      0       nan           nan         nan         nan       nan       nan
       12         78       0   0.000  0.000      0       nan           nan         nan         nan       nan       nan
       12         80       0   0.000  0.000      0       nan           nan         nan         nan       nan       nan
       12         81       0   0.000  0.000      0       nan           nan         nan         nan       nan       nan
       12         82       0   0.000  0.000      0       nan           nan         nan         nan       nan       nan
       12         83       0   0.000  0.000      0       nan           nan         nan         nan       nan       nan
       12         84       0   0.000  0.000      0       nan           nan         nan         nan       nan       nan
       12         85       0   0.000  0.000      0       nan           nan         nan         nan       nan       nan
       12         87       0   0.000  0.000      0       nan           nan         nan         nan       nan       nan
       12         89       0   0.000  0.000      0       nan           nan         nan         nan       nan       nan
       12         90       0   0.000  0.000      0       nan           nan         nan         nan       nan       nan
       12         92       0   0.000  0.000      0       nan           nan         nan         nan       nan       nan
       12         93       0   0.000  0.000      0       nan           nan         nan         nan       nan       nan
       12         94       0   0.000  0.000      0       nan           nan         nan         nan       nan       nan
       12         95       0   0.000  0.000      0       nan           nan         nan         nan       nan       nan
       12         96       0   0.000  0.000      0       nan           nan         nan         nan       nan       nan
       12         97       0   0.000  0.000      0       nan           nan         nan         nan       nan       nan
       12         98       0   0.000  0.000      0       nan           nan         nan         nan       nan       nan
       12         99       0   0.000  0.000      0       nan           nan         nan         nan       nan       nan
       12        100       0   0.000  0.000      0       nan           nan         nan         nan       nan       nan
       12        101       0   0.000  0.000      0       nan           nan         nan         nan       nan       nan
       12        102       0   0.000  0.000      0       nan           nan         nan         nan       nan       nan
       12        103       0   0.000  0.000      0       nan           nan         nan         nan       nan       nan
       12        104       0   0.000  0.000      0       nan           nan         nan         nan       nan       nan
       12        105       0   0.000  0.000      0       nan           nan         nan         nan       nan       nan
       12        106       0   0.000  0.000      0       nan           nan         nan         nan       nan       nan
       12        107       0   0.000  0.000      0       nan           nan         nan         nan       nan       nan
       12        108       0   0.000  0.000      0       nan           nan         nan         nan       nan       nan
       12        109       0   0.000  0.000      0       nan           nan         nan         nan       nan       nan
       12        110       0   0.000  0.000      0       nan           nan         nan         nan       nan       nan
       12        111       0   0.000  0.000      0       nan           nan         nan         nan       nan       nan
       12        112       0   0.000  0.000      0       nan           nan         nan         nan       nan       nan
       12        115       0   0.000  0.000      0       nan           nan         nan         nan       nan       nan
       12        116       0   0.000  0.000      0       nan           nan         nan         nan       nan       nan
       12        117       0   0.000  0.000      0       nan           nan         nan         nan       nan       nan
       12        118       0   0.000  0.000      0       nan           nan         nan         nan       nan       nan
       12        119       0   0.000  0.000      0       nan           nan         nan         nan       nan       nan
       12        120       0   0.000  0.000      0       nan           nan         nan         nan       nan       nan
       12        121       0   0.000  0.000      0       nan           nan         nan         nan       nan       nan
       12        122       0   0.000  0.000      0       nan           nan         nan         nan       nan       nan
       12        123       0   0.000  0.000      0       nan           nan         nan         nan       nan       nan
       12        124       0   0.000  0.000      0       nan           nan         nan         nan       nan       nan
       12        125       0   0.000  0.000      0       nan           nan         nan         nan       nan       nan
       12        127       0   0.000  0.000      0       nan           nan         nan         nan       nan       nan
       12        129       0   0.000  0.000      0       nan           nan         nan         nan       nan       nan
       12        130       0   0.000  0.000      0       nan           nan         nan         nan       nan       nan
       12        131       0   0.000  0.000      0       nan           nan         nan         nan       nan       nan
       12        133       0   0.000  0.000      0       nan           nan         nan         nan       nan       nan
       12        134       0   0.000  0.000      0       nan           nan         nan         nan       nan       nan
       12        135       0   0.000  0.000      0       nan           nan         nan         nan       nan       nan
       12        136       0   0.000  0.000      0       nan           nan         nan         nan       nan       nan
       12        137       0   0.000  0.000      0       nan           nan         nan         nan       nan       nan
       12        138       0   0.000  0.000      0       nan           nan         nan         nan       nan       nan
       12        139       0   0.000  0.000      0       nan           nan         nan         nan       nan       nan
       12        140       0   0.000  0.000      0       nan           nan         nan         nan       nan       nan
       12        141       0   0.000  0.000      0       nan           nan         nan         nan       nan       nan
       12        142       0   0.000  0.000      0       nan           nan         nan         nan       nan       nan
       12        143       0   0.000  0.000      0       nan           nan         nan         nan       nan       nan
       12        144       0   0.000  0.000      0       nan           nan         nan         nan       nan       nan
       12        145       0   0.000  0.000      0       nan           nan         nan         nan       nan       nan
       12        146       0   0.000  0.000      0       nan           nan         nan         nan       nan       nan
       12        147       0   0.000  0.000      0       nan           nan         nan         nan       nan       nan
       12        148       0   0.000  0.000      0       nan           nan         nan         nan       nan       nan
       12        149       0   0.000  0.000      0       nan           nan         nan         nan       nan       nan
       12        150       0   0.000  0.000      0       nan           nan         nan         nan       nan       nan
       12        151       0   0.000  0.000      0       nan           nan         nan         nan       nan       nan
       12        152       0   0.000  0.000      0       nan           nan         nan         nan       nan       nan
       12        153       0   0.000  0.000      0       nan           nan         nan         nan       nan       nan
       12        154       0   0.000  0.000      0       nan           nan         nan         nan       nan       nan
       12        155       0   0.000  0.000      0       nan           nan         nan         nan       nan       nan
       12        158       0   0.000  0.000      0       nan           nan         nan         nan       nan       nan
       12        159       0   0.000  0.000      0       nan           nan         nan         nan       nan       nan
       12        160       0   0.000  0.000      0       nan           nan         nan         nan       nan       nan
       12        161       0   0.000  0.000      0       nan           nan         nan         nan       nan       nan
       12        162       0   0.000  0.000      0       nan           nan         nan         nan       nan       nan
       12        165       0   0.000  0.000      0       nan           nan         nan         nan       nan       nan
       12        166       0   0.000  0.000      0       nan           nan         nan         nan       nan       nan
       12        167       0   0.000  0.000      0       nan           nan         nan         nan       nan       nan
       12        168       0   0.000  0.000      0       nan           nan         nan         nan       nan       nan
       12        169       0   0.000  0.000      0       nan           nan         nan         nan       nan       nan
       12        170       0   0.000  0.000      0       nan           nan         nan         nan       nan       nan
       12        172       0   0.000  0.000      0       nan           nan         nan         nan       nan       nan
       12        174       0   0.000  0.000      0       nan           nan         nan         nan       nan       nan
       12        175       0   0.000  0.000      0       nan           nan         nan         nan       nan       nan
       12        176       0   0.000  0.000      0       nan           nan         nan         nan       nan       nan
       12        177       0   0.000  0.000      0       nan           nan         nan         nan       nan       nan
       12        178       0   0.000  0.000      0       nan           nan         nan         nan       nan       nan
       12        179       0   0.000  0.000      0       nan           nan         nan         nan       nan       nan
       12        180       0   0.000  0.000      0       nan           nan         nan         nan       nan       nan
       12        181       0   0.000  0.000      0       nan           nan         nan         nan       nan       nan
       12        182       0   0.000  0.000      0       nan           nan         nan         nan       nan       nan
       12        183       0   0.000  0.000      0       nan           nan         nan         nan       nan       nan
       12        184       0   0.000  0.000      0       nan           nan         nan         nan       nan       nan
       12        185       0   0.000  0.000      0       nan           nan         nan         nan       nan       nan
       12        186       0   0.000  0.000      0       nan           nan         nan         nan       nan       nan
       12        187       0   0.000  0.000      0       nan           nan         nan         nan       nan       nan
       12        188       0   0.000  0.000      0       nan           nan         nan         nan       nan       nan
       12        189       0   0.000  0.000      0       nan           nan         nan         nan       nan       nan
       12        190       0   0.000  0.000      0       nan           nan         nan         nan       nan       nan
       12        191       0   0.000  0.000      0       nan           nan         nan         nan       nan       nan
       12        192       0   0.000  0.000      0       nan           nan         nan         nan       nan       nan
       12        193       0   0.000  0.000      0       nan           nan         nan         nan       nan       nan
       12        194       0   0.000  0.000      0       nan           nan         nan         nan       nan       nan
       12        195       0   0.000  0.000      0       nan           nan         nan         nan       nan       nan
       12        196       0   0.000  0.000      0       nan           nan         nan         nan       nan       nan
       12        197       0   0.000  0.000      0       nan           nan         nan         nan       nan       nan
       12        198       0   0.000  0.000      0       nan           nan         nan         nan       nan       nan
       12        200       0   0.000  0.000      0       nan           nan         nan         nan       nan       nan
       12        201       0   0.000  0.000      0       nan           nan         nan         nan       nan       nan
       12        202       0   0.000  0.000      0       nan           nan         nan         nan       nan       nan
       12        204       0   0.000  0.000      0       nan           nan         nan         nan       nan       nan
       12        205       0   0.000  0.000      0       nan           nan         nan         nan       nan       nan
       12        206       0   0.000  0.000      0       nan           nan         nan         nan       nan       nan
       12        207       0   0.000  0.000      0       nan           nan         nan         nan       nan       nan
       12        208       0   0.000  0.000      0       nan           nan         nan         nan       nan       nan
       13         38       0   0.187  0.264   2352     1.414           0.0       120.0       120.0      32.0      22.6
       13        185       1   0.162  0.380   2736     1.189           1.0       120.0       119.0      32.0      26.9
       13         33       1   0.154  0.183   2092     1.189           0.0       120.0       120.0      29.3      34.9
       13        147       0   0.088  0.162   1084     1.834           0.0       120.0       120.0      34.9      64.0
       13          2       0   0.046  0.245   6328     1.542           2.4       120.0       117.6      32.0      49.4
       13        205       0   0.032  0.046    352     1.414           0.0       120.0       120.0      29.3      20.7
       13        140       1   0.013  0.174   1152     1.189          10.0       120.0       110.0      34.9      29.3
       13         35       1   0.012  0.143   2960     1.091          10.0       120.0       130.0      32.0      29.3
       13        188       1   0.011  0.133   1568     1.091          10.0       120.0       130.0      29.3      32.0
       13         90       0   0.008  0.174   1232     1.091          20.0       120.0       100.0      34.9      38.1
       13          1       0   0.007  0.111   6092     1.414          10.6       120.0       109.4      32.0      45.3
       13        152       0   0.006  0.118   1424     1.189          16.5       120.0       136.5      32.0      26.9
       13         28       0   0.006  0.153   2604     1.189          22.3       120.0       142.3      32.0      38.1
       13        118       0   0.005  0.194   1284     1.834          20.0       120.0       100.0      34.9      64.0
       13        160       0   0.005  0.106    704     2.000          10.0       120.0       110.0      34.9      69.8
       13        104       0   0.005  0.204   2144     1.542          26.8       120.0        93.2      34.9      22.6
       13        155       0   0.005  0.282   2028     1.000          60.0       120.0         0.0      34.9      34.9
       13         23       0   0.004  0.046    408     1.189          10.0       120.0       110.0      34.9      41.5
       13          5       0   0.004  0.107   4908     1.189          24.5       120.0        95.5      32.0      26.9
       13         64       0   0.003  0.099   1292     2.594          10.0       120.0       130.0      32.0      83.0
       13         11       0   0.003  0.089   3760     1.414          20.1       120.0       140.1      32.0      22.6
       13        131       0   0.003  0.212   1576     1.189          68.3       120.0         8.3      34.9      29.3
       13         53       0   0.002  0.003     44     1.091           0.0       120.0       120.0      29.3      26.9
       13        142       0   0.002  0.092    960     1.091          39.0       120.0       159.0      29.3      26.9
       13        166       0   0.002  0.123   1048     1.000          63.0       120.0         3.0      29.3      29.3
       13         73       0   0.002  0.242   2520     1.542          83.6       120.0        36.4      34.9      22.6
       13         95       0   0.002  0.237   2280     1.414          90.0       120.0        30.0      34.9      24.7
       13         77       0   0.002  0.164   2424     1.189          75.7       120.0        44.3      32.0      38.1
       13        193       0   0.002  0.100    704     1.414          41.2       120.0       161.2      29.3      20.7
       13         94       0   0.002  0.122    984     2.594          30.0       120.0        90.0      29.3      76.1
       13        196       0   0.002  0.087    628     1.414          40.0       120.0        80.0      34.9      49.4
       13        124       0   0.002  0.079   1016     1.682          30.0       120.0        90.0      32.0      53.8
       13        126       0   0.001  0.146   1936     1.414          70.0       120.0        50.0      34.9      24.7
       13          8       0   0.001  0.095   4164     2.181          29.2       120.0       149.2      32.0      69.8
       13        102       0   0.001  0.150   1576     1.297          80.0       120.0        40.0      32.0      41.5
       13         55       0   0.001  0.048    532     1.091          30.0       120.0        90.0      34.9      32.0
       13         43       0   0.001  0.104   1376     1.542          50.0       120.0       170.0      32.0      49.4
       13         92       0   0.001  0.069    712     1.091          50.0       120.0       170.0      29.3      32.0
       13        111       0   0.001  0.119   1224     1.189          80.0       120.0        40.0      34.9      29.3
       13          0       0   0.001  0.117   5168     1.189          87.9       120.0        27.9      32.0      26.9
       13        139       0   0.001  0.001     16     1.414           0.0       120.0       120.0      32.0      22.6
       13        101       0   0.001  0.107    808     3.084          40.0       120.0        80.0      29.3      90.5
       13         39       0   0.001  0.012    212     1.682          10.0       120.0       130.0      32.0      19.0
       13         74       0   0.001  0.011    136     2.000          10.0       120.0       130.0      32.0      16.0
       13        100       0   0.000  0.031    256     1.542          40.0       120.0       160.0      29.3      19.0
       13        161       0   0.000  0.032    268     1.297          60.0       120.0         0.0      29.3      38.1
       13        141       0   0.000  0.029    276     1.414          60.0       120.0        60.0      34.9      24.7
       13        136       0   0.000  0.014    104     2.378          20.0       120.0       100.0      29.3      69.8
       13         10       0   0.000  0.030   1572     3.668          31.8       120.0        88.2      29.3     107.6
       13         16       0   0.000  0.033    948     3.364          40.5       120.0        79.5      29.3      98.7
       13          6       0   0.000  0.021   1192     3.364          30.0       120.0        90.0      29.3      98.7
       13        191       0   0.000  0.014    128     1.834          40.0       120.0       160.0      29.3      16.0
       13         18       0   0.000  0.007    196     1.834          20.0       120.0       100.0      32.0      58.7
       13         20       0   0.000  0.008    112     1.297          37.2       120.0        82.8      32.0      24.7
       13         93       0   0.000  0.011     88     1.297          50.0       120.0       170.0      29.3      22.6
       13         30       0   0.000  0.004     84     1.189          20.0       120.0       140.0      32.0      26.9
       13         40       0   0.000  0.013    128     1.542          60.6       120.0        59.4      32.0      20.7
       13        151       0   0.000  0.008     72     1.091          70.0       120.0        10.0      32.0      29.3
       13        148       0   0.000  0.007     64     1.091          70.0       120.0        50.0      32.0      29.3
       13         75       0   0.000  0.015    196     2.378          80.0       120.0        20.0      29.3      69.8
       13        117       0   0.000  0.000      4     1.414          10.0       120.0       130.0      32.0      45.3
       13         71       0   0.000  0.004     72     2.594          80.0       120.0        20.0      29.3      76.1
       13         25       0   0.000  0.000     12     1.834          10.0       120.0       110.0      32.0      58.7
       13          9       0   0.000  0.000      8     4.000          30.0       120.0       150.0      29.3     117.4
       13          3       0   0.000  0.000      0       nan           nan         nan         nan       nan       nan
       13          4       0   0.000  0.000      0       nan           nan         nan         nan       nan       nan
       13          7       0   0.000  0.000      0       nan           nan         nan         nan       nan       nan
       13         12       0   0.000  0.000      0       nan           nan         nan         nan       nan       nan
       13         13       0   0.000  0.000      0       nan           nan         nan         nan       nan       nan
       13         14       0   0.000  0.000      0       nan           nan         nan         nan       nan       nan
       13         15       0   0.000  0.000      0       nan           nan         nan         nan       nan       nan
       13         17       0   0.000  0.000      0       nan           nan         nan         nan       nan       nan
       13         19       0   0.000  0.000      0       nan           nan         nan         nan       nan       nan
       13         21       0   0.000  0.000      0       nan           nan         nan         nan       nan       nan
       13         22       0   0.000  0.000      0       nan           nan         nan         nan       nan       nan
       13         24       0   0.000  0.000      0       nan           nan         nan         nan       nan       nan
       13         26       0   0.000  0.000      0       nan           nan         nan         nan       nan       nan
       13         27       0   0.000  0.000      0       nan           nan         nan         nan       nan       nan
       13         29       0   0.000  0.000      0       nan           nan         nan         nan       nan       nan
       13         31       0   0.000  0.000      0       nan           nan         nan         nan       nan       nan
       13         32       0   0.000  0.000      0       nan           nan         nan         nan       nan       nan
       13         34       0   0.000  0.000      0       nan           nan         nan         nan       nan       nan
       13         36       0   0.000  0.000      0       nan           nan         nan         nan       nan       nan
       13         37       0   0.000  0.000      0       nan           nan         nan         nan       nan       nan
       13         41       0   0.000  0.000      0       nan           nan         nan         nan       nan       nan
       13         42       0   0.000  0.000      0       nan           nan         nan         nan       nan       nan
       13         44       0   0.000  0.000      0       nan           nan         nan         nan       nan       nan
       13         45       0   0.000  0.000      0       nan           nan         nan         nan       nan       nan
       13         46       0   0.000  0.000      0       nan           nan         nan         nan       nan       nan
       13         47       0   0.000  0.000      0       nan           nan         nan         nan       nan       nan
       13         48       0   0.000  0.000      0       nan           nan         nan         nan       nan       nan
       13         49       0   0.000  0.000      0       nan           nan         nan         nan       nan       nan
       13         50       0   0.000  0.000      0       nan           nan         nan         nan       nan       nan
       13         51       0   0.000  0.000      0       nan           nan         nan         nan       nan       nan
       13         52       0   0.000  0.000      0       nan           nan         nan         nan       nan       nan
       13         54       0   0.000  0.000      0       nan           nan         nan         nan       nan       nan
       13         56       0   0.000  0.000      0       nan           nan         nan         nan       nan       nan
       13         57       0   0.000  0.000      0       nan           nan         nan         nan       nan       nan
       13         58       0   0.000  0.000      0       nan           nan         nan         nan       nan       nan
       13         59       0   0.000  0.000      0       nan           nan         nan         nan       nan       nan
       13         60       0   0.000  0.000      0       nan           nan         nan         nan       nan       nan
       13         61       0   0.000  0.000      0       nan           nan         nan         nan       nan       nan
       13         62       0   0.000  0.000      0       nan           nan         nan         nan       nan       nan
       13         63       0   0.000  0.000      0       nan           nan         nan         nan       nan       nan
       13         65       0   0.000  0.000      0       nan           nan         nan         nan       nan       nan
       13         66       0   0.000  0.000      0       nan           nan         nan         nan       nan       nan
       13         67       0   0.000  0.000      0       nan           nan         nan         nan       nan       nan
       13         68       0   0.000  0.000      0       nan           nan         nan         nan       nan       nan
       13         69       0   0.000  0.000      0       nan           nan         nan         nan       nan       nan
       13         70       0   0.000  0.000      0       nan           nan         nan         nan       nan       nan
       13         72       0   0.000  0.000      0       nan           nan         nan         nan       nan       nan
       13         76       0   0.000  0.000      0       nan           nan         nan         nan       nan       nan
       13         78       0   0.000  0.000      0       nan           nan         nan         nan       nan       nan
       13         79       0   0.000  0.000      0       nan           nan         nan         nan       nan       nan
       13         80       0   0.000  0.000      0       nan           nan         nan         nan       nan       nan
       13         81       0   0.000  0.000      0       nan           nan         nan         nan       nan       nan
       13         82       0   0.000  0.000      0       nan           nan         nan         nan       nan       nan
       13         83       0   0.000  0.000      0       nan           nan         nan         nan       nan       nan
       13         84       0   0.000  0.000      0       nan           nan         nan         nan       nan       nan
       13         85       0   0.000  0.000      0       nan           nan         nan         nan       nan       nan
       13         86       0   0.000  0.000      0       nan           nan         nan         nan       nan       nan
       13         87       0   0.000  0.000      0       nan           nan         nan         nan       nan       nan
       13         88       0   0.000  0.000      0       nan           nan         nan         nan       nan       nan
       13         89       0   0.000  0.000      0       nan           nan         nan         nan       nan       nan
       13         91       0   0.000  0.000      0       nan           nan         nan         nan       nan       nan
       13         96       0   0.000  0.000      0       nan           nan         nan         nan       nan       nan
       13         97       0   0.000  0.000      0       nan           nan         nan         nan       nan       nan
       13         98       0   0.000  0.000      0       nan           nan         nan         nan       nan       nan
       13         99       0   0.000  0.000      0       nan           nan         nan         nan       nan       nan
       13        103       0   0.000  0.000      0       nan           nan         nan         nan       nan       nan
       13        105       0   0.000  0.000      0       nan           nan         nan         nan       nan       nan
       13        106       0   0.000  0.000      0       nan           nan         nan         nan       nan       nan
       13        107       0   0.000  0.000      0       nan           nan         nan         nan       nan       nan
       13        108       0   0.000  0.000      0       nan           nan         nan         nan       nan       nan
       13        109       0   0.000  0.000      0       nan           nan         nan         nan       nan       nan
       13        110       0   0.000  0.000      0       nan           nan         nan         nan       nan       nan
       13        112       0   0.000  0.000      0       nan           nan         nan         nan       nan       nan
       13        113       0   0.000  0.000      0       nan           nan         nan         nan       nan       nan
       13        114       0   0.000  0.000      0       nan           nan         nan         nan       nan       nan
       13        115       0   0.000  0.000      0       nan           nan         nan         nan       nan       nan
       13        116       0   0.000  0.000      0       nan           nan         nan         nan       nan       nan
       13        119       0   0.000  0.000      0       nan           nan         nan         nan       nan       nan
       13        120       0   0.000  0.000      0       nan           nan         nan         nan       nan       nan
       13        121       0   0.000  0.000      0       nan           nan         nan         nan       nan       nan
       13        122       0   0.000  0.000      0       nan           nan         nan         nan       nan       nan
       13        123       0   0.000  0.000      0       nan           nan         nan         nan       nan       nan
       13        125       0   0.000  0.000      0       nan           nan         nan         nan       nan       nan
       13        127       0   0.000  0.000      0       nan           nan         nan         nan       nan       nan
       13        128       0   0.000  0.000      0       nan           nan         nan         nan       nan       nan
       13        129       0   0.000  0.000      0       nan           nan         nan         nan       nan       nan
       13        130       0   0.000  0.000      0       nan           nan         nan         nan       nan       nan
       13        132       0   0.000  0.000      0       nan           nan         nan         nan       nan       nan
       13        133       0   0.000  0.000      0       nan           nan         nan         nan       nan       nan
       13        134       0   0.000  0.000      0       nan           nan         nan         nan       nan       nan
       13        135       0   0.000  0.000      0       nan           nan         nan         nan       nan       nan
       13        137       0   0.000  0.000      0       nan           nan         nan         nan       nan       nan
       13        138       0   0.000  0.000      0       nan           nan         nan         nan       nan       nan
       13        143       0   0.000  0.000      0       nan           nan         nan         nan       nan       nan
       13        144       0   0.000  0.000      0       nan           nan         nan         nan       nan       nan
       13        145       0   0.000  0.000      0       nan           nan         nan         nan       nan       nan
       13        146       0   0.000  0.000      0       nan           nan         nan         nan       nan       nan
       13        149       0   0.000  0.000      0       nan           nan         nan         nan       nan       nan
       13        150       0   0.000  0.000      0       nan           nan         nan         nan       nan       nan
       13        153       0   0.000  0.000      0       nan           nan         nan         nan       nan       nan
       13        154       0   0.000  0.000      0       nan           nan         nan         nan       nan       nan
       13        156       0   0.000  0.000      0       nan           nan         nan         nan       nan       nan
       13        157       0   0.000  0.000      0       nan           nan         nan         nan       nan       nan
       13        158       0   0.000  0.000      0       nan           nan         nan         nan       nan       nan
       13        159       0   0.000  0.000      0       nan           nan         nan         nan       nan       nan
       13        162       0   0.000  0.000      0       nan           nan         nan         nan       nan       nan
       13        163       0   0.000  0.000      0       nan           nan         nan         nan       nan       nan
       13        164       0   0.000  0.000      0       nan           nan         nan         nan       nan       nan
       13        165       0   0.000  0.000      0       nan           nan         nan         nan       nan       nan
       13        167       0   0.000  0.000      0       nan           nan         nan         nan       nan       nan
       13        168       0   0.000  0.000      0       nan           nan         nan         nan       nan       nan
       13        169       0   0.000  0.000      0       nan           nan         nan         nan       nan       nan
       13        170       0   0.000  0.000      0       nan           nan         nan         nan       nan       nan
       13        171       0   0.000  0.000      0       nan           nan         nan         nan       nan       nan
       13        172       0   0.000  0.000      0       nan           nan         nan         nan       nan       nan
       13        173       0   0.000  0.000      0       nan           nan         nan         nan       nan       nan
       13        174       0   0.000  0.000      0       nan           nan         nan         nan       nan       nan
       13        175       0   0.000  0.000      0       nan           nan         nan         nan       nan       nan
       13        176       0   0.000  0.000      0       nan           nan         nan         nan       nan       nan
       13        177       0   0.000  0.000      0       nan           nan         nan         nan       nan       nan
       13        178       0   0.000  0.000      0       nan           nan         nan         nan       nan       nan
       13        179       0   0.000  0.000      0       nan           nan         nan         nan       nan       nan
       13        180       0   0.000  0.000      0       nan           nan         nan         nan       nan       nan
       13        181       0   0.000  0.000      0       nan           nan         nan         nan       nan       nan
       13        182       0   0.000  0.000      0       nan           nan         nan         nan       nan       nan
       13        183       0   0.000  0.000      0       nan           nan         nan         nan       nan       nan
       13        184       0   0.000  0.000      0       nan           nan         nan         nan       nan       nan
       13        186       0   0.000  0.000      0       nan           nan         nan         nan       nan       nan
       13        187       0   0.000  0.000      0       nan           nan         nan         nan       nan       nan
       13        189       0   0.000  0.000      0       nan           nan         nan         nan       nan       nan
       13        190       0   0.000  0.000      0       nan           nan         nan         nan       nan       nan
       13        192       0   0.000  0.000      0       nan           nan         nan         nan       nan       nan
       13        194       0   0.000  0.000      0       nan           nan         nan         nan       nan       nan
       13        195       0   0.000  0.000      0       nan           nan         nan         nan       nan       nan
       13        197       0   0.000  0.000      0       nan           nan         nan         nan       nan       nan
       13        198       0   0.000  0.000      0       nan           nan         nan         nan       nan       nan
       13        199       0   0.000  0.000      0       nan           nan         nan         nan       nan       nan
       13        200       0   0.000  0.000      0       nan           nan         nan         nan       nan       nan
       13        201       0   0.000  0.000      0       nan           nan         nan         nan       nan       nan
       13        202       0   0.000  0.000      0       nan           nan         nan         nan       nan       nan
       13        203       0   0.000  0.000      0       nan           nan         nan         nan       nan       nan
       13        204       0   0.000  0.000      0       nan           nan         nan         nan       nan       nan
       13        206       0   0.000  0.000      0       nan           nan         nan         nan       nan       nan
       13        207       0   0.000  0.000      0       nan           nan         nan         nan       nan       nan
       13        208       0   0.000  0.000      0       nan           nan         nan         nan       nan       nan
       14         63       0   0.083  0.140   2788     1.682           0.0       170.0       170.0      64.0      38.1
       14         13       0   0.020  0.240   7296     1.834           5.4       170.0       164.6      64.0      34.9
       14         68       0   0.019  0.046   1160     2.378           0.0       170.0       170.0      64.0      26.9
       14         19       0   0.019  0.356   8480     1.414          12.4       170.0         2.4      64.0      45.3
       14        112       0   0.017  0.068   1336     4.000           0.0       170.0       170.0      64.0      16.0
       14         89       0   0.016  0.192   4308     2.828           3.3       170.0       166.7      64.0      22.6
       14        149       0   0.014  0.025    520     1.834           0.0       170.0       170.0      45.3      83.0
       14         32       0   0.011  0.307   6452     2.594          10.0       170.0         0.0      64.0      24.7
       14          0       0   0.009  0.207  10668     1.834          11.2       170.0         1.2      58.7      32.0
       14         72       0   0.007  0.166   4060     1.091          20.0       170.0        10.0      53.8      49.4
       14         17       0   0.007  0.229   4520     3.084          10.1       170.0         0.1      64.0      20.7
       14         44       0   0.006  0.193   5756     1.000          30.4       170.0        20.4      53.8      53.8
       14        202       1   0.005  0.055   1084     1.000          10.0       170.0         0.0      64.0      64.0
       14         27       0   0.004  0.263   6624     1.091          59.3       170.0       110.7      64.0      58.7
       14        176       0   0.003  0.133   2648     1.189          33.1       170.0        23.1      53.8      45.3
       14          9       0   0.003  0.146   7000     2.000          21.4       170.0       148.6      58.7     117.4
       14        115       0   0.003  0.148   2952     2.181          20.0       170.0        10.0      64.0      29.3
       14        110       0   0.003  0.069   1364     2.000          10.0       170.0       160.0      45.3      90.5
       14         85       0   0.003  0.116   2388     2.000          20.0       170.0       150.0      49.4      98.7
       14        207       0   0.003  0.064   1364     2.378           9.0       170.0       161.0      53.8      22.6
       14          8       0   0.003  0.101   5584     1.834          20.0       170.0       150.0      58.7     107.6
       14        177       0   0.002  0.049   1012     1.000          20.0       170.0        10.0      58.7      58.7
       14         97       0   0.002  0.059   1160     2.378          10.0       170.0       160.0      45.3     107.6
       14         60       0   0.002  0.081   1676     1.834          20.0       170.0        10.0      64.0     117.4
       14        109       0   0.002  0.097   2304     1.189          39.2       170.0        29.2      58.7      49.4
       14        107       0   0.002  0.086   1704     3.364          12.0       170.0         2.0      53.8      16.0
       14        123       0   0.002  0.091   1796     1.189          39.9       170.0        29.9      53.8      45.3
       14        129       0   0.002  0.022    448     2.000           4.9       170.0       165.1      45.3      22.6
       14         14       0   0.002  0.115   6512     1.091          64.6       170.0       105.4      58.7      53.8
       14         84       0   0.001  0.075   1536     1.000          50.0       170.0       120.0      64.0      64.0
       14         11       0   0.001  0.033   1872     1.834          12.1       170.0       157.9      45.3      24.7
       14         87       0   0.001  0.031    724     1.091          20.0       170.0        10.0      45.3      41.5
       14        143       0   0.001  0.030    588     1.297          20.0       170.0       150.0      64.0      83.0
       14         56       0   0.001  0.048   1036     2.181          20.0       170.0        10.0      45.3      20.7
       14         61       0   0.001  0.095   2120     1.414          70.0       170.0       100.0      53.8      76.1
       14         59       0   0.001  0.079   1996     2.828          34.9       170.0       135.1      53.8      19.0
       14         42       0   0.001  0.108   2828     2.828          51.7       170.0       118.3      64.0      22.6
       14         51       0   0.001  0.100   2864     1.834          82.5       170.0        72.5      64.0      34.9
       14         52       0   0.001  0.047   1024     2.594          26.6       170.0        16.6      49.4      19.0
       14         96       0   0.001  0.035   1000     2.000          28.9       170.0       141.1      64.0      32.0
       14         53       0   0.001  0.053   1552     1.682          60.9       170.0       109.1      58.7      34.9
       14         15       0   0.001  0.081   2772     1.834          85.8       170.0        84.2      58.7      32.0
       14        165       0   0.000  0.093   1856     2.828          67.7       170.0        57.7      53.8      19.0
       14         46       0   0.000  0.036    892     1.834          40.0       170.0       130.0      64.0     117.4
       14        144       0   0.000  0.070   1464     2.828          60.0       170.0       110.0      53.8      19.0
       14         21       0   0.000  0.067   2100     3.084          55.9       170.0       114.1      53.8      17.4
       14         26       0   0.000  0.073   1988     2.378          80.0       170.0        90.0      49.4     117.4
       14        183       0   0.000  0.007    148     1.189          20.0       170.0       150.0      64.0      76.1
       14        138       0   0.000  0.070   1520     3.668          69.8       170.0       100.2      64.0      17.4
       14         62       0   0.000  0.043    876     2.378          70.0       170.0       100.0      49.4     117.4
       14         58       0   0.000  0.012    316     1.542          30.0       170.0       140.0      64.0      98.7
       14         54       0   0.000  0.026    572     1.542          70.0       170.0       100.0      49.4      32.0
       14          1       0   0.000  0.021   1500     1.189          80.0       170.0        90.0      58.7      49.4
       14         10       0   0.000  0.033   2132     2.181          80.0       170.0        90.0      49.4     107.6
       14          6       0   0.000  0.027   1852     2.000          80.0       170.0        90.0      49.4      98.7
       14          5       0   0.000  0.019   1168     1.414          90.0       170.0        80.0      64.0      45.3
       14         30       0   0.000  0.008    284     1.834          30.0       170.0       140.0      64.0      34.9
       14        188       0   0.000  0.009    232     1.682          40.0       170.0       130.0      45.3      26.9
       14         71       0   0.000  0.002     72     1.542          30.0       170.0        20.0      64.0      98.7
       14         16       0   0.000  0.006    240     2.181          90.0       170.0        80.0      49.4     107.6
       14         22       0   0.000  0.005    108     3.364          60.0       170.0        50.0      64.0      19.0
       14        170       0   0.000  0.003     64     3.084          60.0       170.0        50.0      49.4      16.0
       14        125       0   0.000  0.001     12     1.414          40.0       170.0       130.0      64.0      90.5
       14        137       0   0.000  0.001     12     1.414          50.0       170.0       120.0      45.3      64.0
       14          2       0   0.000  0.000      0       nan           nan         nan         nan       nan       nan
       14          3       0   0.000  0.000      0       nan           nan         nan         nan       nan       nan
       14          4       0   0.000  0.000      0       nan           nan         nan         nan       nan       nan
       14          7       0   0.000  0.000      0       nan           nan         nan         nan       nan       nan
       14         12       0   0.000  0.000      0       nan           nan         nan         nan       nan       nan
       14         18       0   0.000  0.000      0       nan           nan         nan         nan       nan       nan
       14         20       0   0.000  0.000      0       nan           nan         nan         nan       nan       nan
       14         23       0   0.000  0.000      0       nan           nan         nan         nan       nan       nan
       14         24       0   0.000  0.000      0       nan           nan         nan         nan       nan       nan
       14         25       0   0.000  0.000      0       nan           nan         nan         nan       nan       nan
       14         28       0   0.000  0.000      0       nan           nan         nan         nan       nan       nan
       14         29       0   0.000  0.000      0       nan           nan         nan         nan       nan       nan
       14         31       0   0.000  0.000      0       nan           nan         nan         nan       nan       nan
       14         33       0   0.000  0.000      0       nan           nan         nan         nan       nan       nan
       14         34       0   0.000  0.000      0       nan           nan         nan         nan       nan       nan
       14         35       0   0.000  0.000      0       nan           nan         nan         nan       nan       nan
       14         36       0   0.000  0.000      0       nan           nan         nan         nan       nan       nan
       14         37       0   0.000  0.000      0       nan           nan         nan         nan       nan       nan
       14         38       0   0.000  0.000      0       nan           nan         nan         nan       nan       nan
       14         39       0   0.000  0.000      0       nan           nan         nan         nan       nan       nan
       14         40       0   0.000  0.000      0       nan           nan         nan         nan       nan       nan
       14         41       0   0.000  0.000      0       nan           nan         nan         nan       nan       nan
       14         43       0   0.000  0.000      0       nan           nan         nan         nan       nan       nan
       14         45       0   0.000  0.000      0       nan           nan         nan         nan       nan       nan
       14         47       0   0.000  0.000      0       nan           nan         nan         nan       nan       nan
       14         48       0   0.000  0.000      0       nan           nan         nan         nan       nan       nan
       14         49       0   0.000  0.000      0       nan           nan         nan         nan       nan       nan
       14         50       0   0.000  0.000      0       nan           nan         nan         nan       nan       nan
       14         55       0   0.000  0.000      0       nan           nan         nan         nan       nan       nan
       14         57       0   0.000  0.000      0       nan           nan         nan         nan       nan       nan
       14         64       0   0.000  0.000      0       nan           nan         nan         nan       nan       nan
       14         65       0   0.000  0.000      0       nan           nan         nan         nan       nan       nan
       14         66       0   0.000  0.000      0       nan           nan         nan         nan       nan       nan
       14         67       0   0.000  0.000      0       nan           nan         nan         nan       nan       nan
       14         69       0   0.000  0.000      0       nan           nan         nan         nan       nan       nan
       14         70       0   0.000  0.000      0       nan           nan         nan         nan       nan       nan
       14         73       0   0.000  0.000      0       nan           nan         nan         nan       nan       nan
       14         74       0   0.000  0.000      0       nan           nan         nan         nan       nan       nan
       14         75       0   0.000  0.000      0       nan           nan         nan         nan       nan       nan
       14         76       0   0.000  0.000      0       nan           nan         nan         nan       nan       nan
       14         77       0   0.000  0.000      0       nan           nan         nan         nan       nan       nan
       14         78       0   0.000  0.000      0       nan           nan         nan         nan       nan       nan
       14         79       0   0.000  0.000      0       nan           nan         nan         nan       nan       nan
       14         80       0   0.000  0.000      0       nan           nan         nan         nan       nan       nan
       14         81       0   0.000  0.000      0       nan           nan         nan         nan       nan       nan
       14         82       0   0.000  0.000      0       nan           nan         nan         nan       nan       nan
       14         83       0   0.000  0.000      0       nan           nan         nan         nan       nan       nan
       14         86       0   0.000  0.000      0       nan           nan         nan         nan       nan       nan
       14         88       0   0.000  0.000      0       nan           nan         nan         nan       nan       nan
       14         90       0   0.000  0.000      0       nan           nan         nan         nan       nan       nan
       14         91       0   0.000  0.000      0       nan           nan         nan         nan       nan       nan
       14         92       0   0.000  0.000      0       nan           nan         nan         nan       nan       nan
       14         93       0   0.000  0.000      0       nan           nan         nan         nan       nan       nan
       14         94       0   0.000  0.000      0       nan           nan         nan         nan       nan       nan
       14         95       0   0.000  0.000      0       nan           nan         nan         nan       nan       nan
       14         98       0   0.000  0.000      0       nan           nan         nan         nan       nan       nan
       14         99       0   0.000  0.000      0       nan           nan         nan         nan       nan       nan
       14        100       0   0.000  0.000      0       nan           nan         nan         nan       nan       nan
       14        101       0   0.000  0.000      0       nan           nan         nan         nan       nan       nan
       14        102       0   0.000  0.000      0       nan           nan         nan         nan       nan       nan
       14        103       0   0.000  0.000      0       nan           nan         nan         nan       nan       nan
       14        104       0   0.000  0.000      0       nan           nan         nan         nan       nan       nan
       14        105       0   0.000  0.000      0       nan           nan         nan         nan       nan       nan
       14        106       0   0.000  0.000      0       nan           nan         nan         nan       nan       nan
       14        108       0   0.000  0.000      0       nan           nan         nan         nan       nan       nan
       14        111       0   0.000  0.000      0       nan           nan         nan         nan       nan       nan
       14        113       0   0.000  0.000      0       nan           nan         nan         nan       nan       nan
       14        114       0   0.000  0.000      0       nan           nan         nan         nan       nan       nan
       14        116       0   0.000  0.000      0       nan           nan         nan         nan       nan       nan
       14        117       0   0.000  0.000      0       nan           nan         nan         nan       nan       nan
       14        118       0   0.000  0.000      0       nan           nan         nan         nan       nan       nan
       14        119       0   0.000  0.000      0       nan           nan         nan         nan       nan       nan
       14        120       0   0.000  0.000      0       nan           nan         nan         nan       nan       nan
       14        121       0   0.000  0.000      0       nan           nan         nan         nan       nan       nan
       14        122       0   0.000  0.000      0       nan           nan         nan         nan       nan       nan
       14        124       0   0.000  0.000      0       nan           nan         nan         nan       nan       nan
       14        126       0   0.000  0.000      0       nan           nan         nan         nan       nan       nan
       14        127       0   0.000  0.000      0       nan           nan         nan         nan       nan       nan
       14        128       0   0.000  0.000      0       nan           nan         nan         nan       nan       nan
       14        130       0   0.000  0.000      0       nan           nan         nan         nan       nan       nan
       14        131       0   0.000  0.000      0       nan           nan         nan         nan       nan       nan
       14        132       0   0.000  0.000      0       nan           nan         nan         nan       nan       nan
       14        133       0   0.000  0.000      0       nan           nan         nan         nan       nan       nan
       14        134       0   0.000  0.000      0       nan           nan         nan         nan       nan       nan
       14        135       0   0.000  0.000      0       nan           nan         nan         nan       nan       nan
       14        136       0   0.000  0.000      0       nan           nan         nan         nan       nan       nan
       14        139       0   0.000  0.000      0       nan           nan         nan         nan       nan       nan
       14        140       0   0.000  0.000      0       nan           nan         nan         nan       nan       nan
       14        141       0   0.000  0.000      0       nan           nan         nan         nan       nan       nan
       14        142       0   0.000  0.000      0       nan           nan         nan         nan       nan       nan
       14        145       0   0.000  0.000      0       nan           nan         nan         nan       nan       nan
       14        146       0   0.000  0.000      0       nan           nan         nan         nan       nan       nan
       14        147       0   0.000  0.000      0       nan           nan         nan         nan       nan       nan
       14        148       0   0.000  0.000      0       nan           nan         nan         nan       nan       nan
       14        150       0   0.000  0.000      0       nan           nan         nan         nan       nan       nan
       14        151       0   0.000  0.000      0       nan           nan         nan         nan       nan       nan
       14        152       0   0.000  0.000      0       nan           nan         nan         nan       nan       nan
       14        153       0   0.000  0.000      0       nan           nan         nan         nan       nan       nan
       14        154       0   0.000  0.000      0       nan           nan         nan         nan       nan       nan
       14        155       0   0.000  0.000      0       nan           nan         nan         nan       nan       nan
       14        156       0   0.000  0.000      0       nan           nan         nan         nan       nan       nan
       14        157       0   0.000  0.000      0       nan           nan         nan         nan       nan       nan
       14        158       0   0.000  0.000      0       nan           nan         nan         nan       nan       nan
       14        159       0   0.000  0.000      0       nan           nan         nan         nan       nan       nan
       14        160       0   0.000  0.000      0       nan           nan         nan         nan       nan       nan
       14        161       0   0.000  0.000      0       nan           nan         nan         nan       nan       nan
       14        162       0   0.000  0.000      0       nan           nan         nan         nan       nan       nan
       14        163       0   0.000  0.000      0       nan           nan         nan         nan       nan       nan
       14        164       0   0.000  0.000      0       nan           nan         nan         nan       nan       nan
       14        166       0   0.000  0.000      0       nan           nan         nan         nan       nan       nan
       14        167       0   0.000  0.000      0       nan           nan         nan         nan       nan       nan
       14        168       0   0.000  0.000      0       nan           nan         nan         nan       nan       nan
       14        169       0   0.000  0.000      0       nan           nan         nan         nan       nan       nan
       14        171       0   0.000  0.000      0       nan           nan         nan         nan       nan       nan
       14        172       0   0.000  0.000      0       nan           nan         nan         nan       nan       nan
       14        173       0   0.000  0.000      0       nan           nan         nan         nan       nan       nan
       14        174       0   0.000  0.000      0       nan           nan         nan         nan       nan       nan
       14        175       0   0.000  0.000      0       nan           nan         nan         nan       nan       nan
       14        178       0   0.000  0.000      0       nan           nan         nan         nan       nan       nan
       14        179       0   0.000  0.000      0       nan           nan         nan         nan       nan       nan
       14        180       0   0.000  0.000      0       nan           nan         nan         nan       nan       nan
       14        181       0   0.000  0.000      0       nan           nan         nan         nan       nan       nan
       14        182       0   0.000  0.000      0       nan           nan         nan         nan       nan       nan
       14        184       0   0.000  0.000      0       nan           nan         nan         nan       nan       nan
       14        185       0   0.000  0.000      0       nan           nan         nan         nan       nan       nan
       14        186       0   0.000  0.000      0       nan           nan         nan         nan       nan       nan
       14        187       0   0.000  0.000      0       nan           nan         nan         nan       nan       nan
       14        189       0   0.000  0.000      0       nan           nan         nan         nan       nan       nan
       14        190       0   0.000  0.000      0       nan           nan         nan         nan       nan       nan
       14        191       0   0.000  0.000      0       nan           nan         nan         nan       nan       nan
       14        192       0   0.000  0.000      0       nan           nan         nan         nan       nan       nan
       14        193       0   0.000  0.000      0       nan           nan         nan         nan       nan       nan
       14        194       0   0.000  0.000      0       nan           nan         nan         nan       nan       nan
       14        195       0   0.000  0.000      0       nan           nan         nan         nan       nan       nan
       14        196       0   0.000  0.000      0       nan           nan         nan         nan       nan       nan
       14        197       0   0.000  0.000      0       nan           nan         nan         nan       nan       nan
       14        198       0   0.000  0.000      0       nan           nan         nan         nan       nan       nan
       14        199       0   0.000  0.000      0       nan           nan         nan         nan       nan       nan
       14        200       0   0.000  0.000      0       nan           nan         nan         nan       nan       nan
       14        201       0   0.000  0.000      0       nan           nan         nan         nan       nan       nan
       14        203       0   0.000  0.000      0       nan           nan         nan         nan       nan       nan
       14        204       0   0.000  0.000      0       nan           nan         nan         nan       nan       nan
       14        205       0   0.000  0.000      0       nan           nan         nan         nan       nan       nan
       14        206       0   0.000  0.000      0       nan           nan         nan         nan       nan       nan
       14        208       0   0.000  0.000      0       nan           nan         nan         nan       nan       nan
       15        116       1   0.019  0.251   1064     1.000          12.4       107.6       120.0      24.7      24.7
       15        122       0   0.011  0.201    764     1.091          15.7       104.3       120.0      24.7      26.9
       15         55       0   0.010  0.319   2024     1.414          22.7       112.5        89.8      22.6      32.0
       15         23       0   0.008  0.165    832     1.834          10.0       120.0       110.0      22.6      41.5
       15          5       0   0.007  0.049   2220     1.297           4.4       112.7       108.3      22.6      29.3
       15        175       0   0.007  0.351   1200     2.594          19.6       109.6        90.0      22.6      58.7
       15         86       0   0.005  0.103    592     1.189          15.7       104.3       120.0      24.7      29.3
       15        203       0   0.005  0.215   1124     1.414          31.1       108.9       140.0      22.6      32.0
       15         91       0   0.004  0.098    964     1.189          20.3       109.7       130.0      22.6      26.9
       15         36       0   0.003  0.118    768     3.364           9.2       109.2       100.0      22.6      76.1
       15         28       0   0.003  0.158   2220     1.682          27.1       112.9       140.0      22.6      38.1
       15          1       0   0.002  0.060   3280     1.834          15.0       111.4        96.3      22.6      41.5
       15         35       0   0.002  0.047    916     1.297          19.1       110.9       130.0      22.6      29.3
       15          6       0   0.002  0.012    652     3.668           0.9       109.1       110.0      22.6      83.0
       15          2       0   0.001  0.028    792     2.000          10.0       120.0       110.0      22.6      45.3
       15        126       0   0.001  0.064    716     1.414          57.3       119.6        62.2      22.6      32.0
       15        152       0   0.001  0.022    216     1.414          29.6       120.0       149.6      22.6      32.0
       15          3       0   0.000  0.023    888     3.084          19.8       111.5        91.7      24.7      76.1
       15        197       0   0.000  0.032    116     2.378          40.0       110.0        70.0      19.0      45.3
       15        106       0   0.000  0.074    460     3.364          85.9       115.9        30.0      22.6      76.1
       15         79       0   0.000  0.005     44     1.000          30.0       130.0       100.0      20.7      20.7
       15         37       0   0.000  0.006     68     3.364          14.9       124.9       110.0      20.7      69.8
       15        195       0   0.000  0.013     44     2.828          40.0       120.0        80.0      24.7      69.8
       15         14       0   0.000  0.003    160     4.000          29.9       119.9        90.0      20.7      83.0
       15          7       0   0.000  0.001     12     1.000          40.0       130.0        90.0      20.7      20.7
       15         11       0   0.000  0.000     16     1.091          40.0       120.0       160.0      22.6      24.7
       15          0       0   0.000  0.000      0       nan           nan         nan         nan       nan       nan
       15          4       0   0.000  0.000      0       nan           nan         nan         nan       nan       nan
       15          8       0   0.000  0.000      0       nan           nan         nan         nan       nan       nan
       15          9       0   0.000  0.000      0       nan           nan         nan         nan       nan       nan
       15         10       0   0.000  0.000      0       nan           nan         nan         nan       nan       nan
       15         12       0   0.000  0.000      0       nan           nan         nan         nan       nan       nan
       15         13       0   0.000  0.000      0       nan           nan         nan         nan       nan       nan
       15         15       0   0.000  0.000      0       nan           nan         nan         nan       nan       nan
       15         16       0   0.000  0.000      0       nan           nan         nan         nan       nan       nan
       15         17       0   0.000  0.000      0       nan           nan         nan         nan       nan       nan
       15         18       0   0.000  0.000      0       nan           nan         nan         nan       nan       nan
       15         19       0   0.000  0.000      0       nan           nan         nan         nan       nan       nan
       15         20       0   0.000  0.000      0       nan           nan         nan         nan       nan       nan
       15         21       0   0.000  0.000      0       nan           nan         nan         nan       nan       nan
       15         22       0   0.000  0.000      0       nan           nan         nan         nan       nan       nan
       15         24       0   0.000  0.000      0       nan           nan         nan         nan       nan       nan
       15         25       0   0.000  0.000      0       nan           nan         nan         nan       nan       nan
       15         26       0   0.000  0.000      0       nan           nan         nan         nan       nan       nan
       15         27       0   0.000  0.000      0       nan           nan         nan         nan       nan       nan
       15         29       0   0.000  0.000      0       nan           nan         nan         nan       nan       nan
       15         30       0   0.000  0.000      0       nan           nan         nan         nan       nan       nan
       15         31       0   0.000  0.000      0       nan           nan         nan         nan       nan       nan
       15         32       0   0.000  0.000      0       nan           nan         nan         nan       nan       nan
       15         33       0   0.000  0.000      0       nan           nan         nan         nan       nan       nan
       15         34       0   0.000  0.000      0       nan           nan         nan         nan       nan       nan
       15         38       0   0.000  0.000      0       nan           nan         nan         nan       nan       nan
       15         39       0   0.000  0.000      0       nan           nan         nan         nan       nan       nan
       15         40       0   0.000  0.000      0       nan           nan         nan         nan       nan       nan
       15         41       0   0.000  0.000      0       nan           nan         nan         nan       nan       nan
       15         42       0   0.000  0.000      0       nan           nan         nan         nan       nan       nan
       15         43       0   0.000  0.000      0       nan           nan         nan         nan       nan       nan
       15         44       0   0.000  0.000      0       nan           nan         nan         nan       nan       nan
       15         45       0   0.000  0.000      0       nan           nan         nan         nan       nan       nan
       15         46       0   0.000  0.000      0       nan           nan         nan         nan       nan       nan
       15         47       0   0.000  0.000      0       nan           nan         nan         nan       nan       nan
       15         48       0   0.000  0.000      0       nan           nan         nan         nan       nan       nan
       15         49       0   0.000  0.000      0       nan           nan         nan         nan       nan       nan
       15         50       0   0.000  0.000      0       nan           nan         nan         nan       nan       nan
       15         51       0   0.000  0.000      0       nan           nan         nan         nan       nan       nan
       15         52       0   0.000  0.000      0       nan           nan         nan         nan       nan       nan
       15         53       0   0.000  0.000      0       nan           nan         nan         nan       nan       nan
       15         54       0   0.000  0.000      0       nan           nan         nan         nan       nan       nan
       15         56       0   0.000  0.000      0       nan           nan         nan         nan       nan       nan
       15         57       0   0.000  0.000      0       nan           nan         nan         nan       nan       nan
       15         58       0   0.000  0.000      0       nan           nan         nan         nan       nan       nan
       15         59       0   0.000  0.000      0       nan           nan         nan         nan       nan       nan
       15         60       0   0.000  0.000      0       nan           nan         nan         nan       nan       nan
       15         61       0   0.000  0.000      0       nan           nan         nan         nan       nan       nan
       15         62       0   0.000  0.000      0       nan           nan         nan         nan       nan       nan
       15         63       0   0.000  0.000      0       nan           nan         nan         nan       nan       nan
       15         64       0   0.000  0.000      0       nan           nan         nan         nan       nan       nan
       15         65       0   0.000  0.000      0       nan           nan         nan         nan       nan       nan
       15         66       0   0.000  0.000      0       nan           nan         nan         nan       nan       nan
       15         67       0   0.000  0.000      0       nan           nan         nan         nan       nan       nan
       15         68       0   0.000  0.000      0       nan           nan         nan         nan       nan       nan
       15         69       0   0.000  0.000      0       nan           nan         nan         nan       nan       nan
       15         70       0   0.000  0.000      0       nan           nan         nan         nan       nan       nan
       15         71       0   0.000  0.000      0       nan           nan         nan         nan       nan       nan
       15         72       0   0.000  0.000      0       nan           nan         nan         nan       nan       nan
       15         73       0   0.000  0.000      0       nan           nan         nan         nan       nan       nan
       15         74       0   0.000  0.000      0       nan           nan         nan         nan       nan       nan
       15         75       0   0.000  0.000      0       nan           nan         nan         nan       nan       nan
       15         76       0   0.000  0.000      0       nan           nan         nan         nan       nan       nan
       15         77       0   0.000  0.000      0       nan           nan         nan         nan       nan       nan
       15         78       0   0.000  0.000      0       nan           nan         nan         nan       nan       nan
       15         80       0   0.000  0.000      0       nan           nan         nan         nan       nan       nan
       15         81       0   0.000  0.000      0       nan           nan         nan         nan       nan       nan
       15         82       0   0.000  0.000      0       nan           nan         nan         nan       nan       nan
       15         83       0   0.000  0.000      0       nan           nan         nan         nan       nan       nan
       15         84       0   0.000  0.000      0       nan           nan         nan         nan       nan       nan
       15         85       0   0.000  0.000      0       nan           nan         nan         nan       nan       nan
       15         87       0   0.000  0.000      0       nan           nan         nan         nan       nan       nan
       15         88       0   0.000  0.000      0       nan           nan         nan         nan       nan       nan
       15         89       0   0.000  0.000      0       nan           nan         nan         nan       nan       nan
       15         90       0   0.000  0.000      0       nan           nan         nan         nan       nan       nan
       15         92       0   0.000  0.000      0       nan           nan         nan         nan       nan       nan
       15         93       0   0.000  0.000      0       nan           nan         nan         nan       nan       nan
       15         94       0   0.000  0.000      0       nan           nan         nan         nan       nan       nan
       15         95       0   0.000  0.000      0       nan           nan         nan         nan       nan       nan
       15         96       0   0.000  0.000      0       nan           nan         nan         nan       nan       nan
       15         97       0   0.000  0.000      0       nan           nan         nan         nan       nan       nan
       15         98       0   0.000  0.000      0       nan           nan         nan         nan       nan       nan
       15         99       0   0.000  0.000      0       nan           nan         nan         nan       nan       nan
       15        100       0   0.000  0.000      0       nan           nan         nan         nan       nan       nan
       15        101       0   0.000  0.000      0       nan           nan         nan         nan       nan       nan
       15        102       0   0.000  0.000      0       nan           nan         nan         nan       nan       nan
       15        103       0   0.000  0.000      0       nan           nan         nan         nan       nan       nan
       15        104       0   0.000  0.000      0       nan           nan         nan         nan       nan       nan
       15        105       0   0.000  0.000      0       nan           nan         nan         nan       nan       nan
       15        107       0   0.000  0.000      0       nan           nan         nan         nan       nan       nan
       15        108       0   0.000  0.000      0       nan           nan         nan         nan       nan       nan
       15        109       0   0.000  0.000      0       nan           nan         nan         nan       nan       nan
       15        110       0   0.000  0.000      0       nan           nan         nan         nan       nan       nan
       15        111       0   0.000  0.000      0       nan           nan         nan         nan       nan       nan
       15        112       0   0.000  0.000      0       nan           nan         nan         nan       nan       nan
       15        113       0   0.000  0.000      0       nan           nan         nan         nan       nan       nan
       15        114       0   0.000  0.000      0       nan           nan         nan         nan       nan       nan
       15        115       0   0.000  0.000      0       nan           nan         nan         nan       nan       nan
       15        117       0   0.000  0.000      0       nan           nan         nan         nan       nan       nan
       15        118       0   0.000  0.000      0       nan           nan         nan         nan       nan       nan
       15        119       0   0.000  0.000      0       nan           nan         nan         nan       nan       nan
       15        120       0   0.000  0.000      0       nan           nan         nan         nan       nan       nan
       15        121       0   0.000  0.000      0       nan           nan         nan         nan       nan       nan
       15        123       0   0.000  0.000      0       nan           nan         nan         nan       nan       nan
       15        124       0   0.000  0.000      0       nan           nan         nan         nan       nan       nan
       15        125       0   0.000  0.000      0       nan           nan         nan         nan       nan       nan
       15        127       0   0.000  0.000      0       nan           nan         nan         nan       nan       nan
       15        128       0   0.000  0.000      0       nan           nan         nan         nan       nan       nan
       15        129       0   0.000  0.000      0       nan           nan         nan         nan       nan       nan
       15        130       0   0.000  0.000      0       nan           nan         nan         nan       nan       nan
       15        131       0   0.000  0.000      0       nan           nan         nan         nan       nan       nan
       15        132       0   0.000  0.000      0       nan           nan         nan         nan       nan       nan
       15        133       0   0.000  0.000      0       nan           nan         nan         nan       nan       nan
       15        134       0   0.000  0.000      0       nan           nan         nan         nan       nan       nan
       15        135       0   0.000  0.000      0       nan           nan         nan         nan       nan       nan
       15        136       0   0.000  0.000      0       nan           nan         nan         nan       nan       nan
       15        137       0   0.000  0.000      0       nan           nan         nan         nan       nan       nan
       15        138       0   0.000  0.000      0       nan           nan         nan         nan       nan       nan
       15        139       0   0.000  0.000      0       nan           nan         nan         nan       nan       nan
       15        140       0   0.000  0.000      0       nan           nan         nan         nan       nan       nan
       15        141       0   0.000  0.000      0       nan           nan         nan         nan       nan       nan
       15        142       0   0.000  0.000      0       nan           nan         nan         nan       nan       nan
       15        143       0   0.000  0.000      0       nan           nan         nan         nan       nan       nan
       15        144       0   0.000  0.000      0       nan           nan         nan         nan       nan       nan
       15        145       0   0.000  0.000      0       nan           nan         nan         nan       nan       nan
       15        146       0   0.000  0.000      0       nan           nan         nan         nan       nan       nan
       15        147       0   0.000  0.000      0       nan           nan         nan         nan       nan       nan
       15        148       0   0.000  0.000      0       nan           nan         nan         nan       nan       nan
       15        149       0   0.000  0.000      0       nan           nan         nan         nan       nan       nan
       15        150       0   0.000  0.000      0       nan           nan         nan         nan       nan       nan
       15        151       0   0.000  0.000      0       nan           nan         nan         nan       nan       nan
       15        153       0   0.000  0.000      0       nan           nan         nan         nan       nan       nan
       15        154       0   0.000  0.000      0       nan           nan         nan         nan       nan       nan
       15        155       0   0.000  0.000      0       nan           nan         nan         nan       nan       nan
       15        156       0   0.000  0.000      0       nan           nan         nan         nan       nan       nan
       15        157       0   0.000  0.000      0       nan           nan         nan         nan       nan       nan
       15        158       0   0.000  0.000      0       nan           nan         nan         nan       nan       nan
       15        159       0   0.000  0.000      0       nan           nan         nan         nan       nan       nan
       15        160       0   0.000  0.000      0       nan           nan         nan         nan       nan       nan
       15        161       0   0.000  0.000      0       nan           nan         nan         nan       nan       nan
       15        162       0   0.000  0.000      0       nan           nan         nan         nan       nan       nan
       15        163       0   0.000  0.000      0       nan           nan         nan         nan       nan       nan
       15        164       0   0.000  0.000      0       nan           nan         nan         nan       nan       nan
       15        165       0   0.000  0.000      0       nan           nan         nan         nan       nan       nan
       15        166       0   0.000  0.000      0       nan           nan         nan         nan       nan       nan
       15        167       0   0.000  0.000      0       nan           nan         nan         nan       nan       nan
       15        168       0   0.000  0.000      0       nan           nan         nan         nan       nan       nan
       15        169       0   0.000  0.000      0       nan           nan         nan         nan       nan       nan
       15        170       0   0.000  0.000      0       nan           nan         nan         nan       nan       nan
       15        171       0   0.000  0.000      0       nan           nan         nan         nan       nan       nan
       15        172       0   0.000  0.000      0       nan           nan         nan         nan       nan       nan
       15        173       0   0.000  0.000      0       nan           nan         nan         nan       nan       nan
       15        174       0   0.000  0.000      0       nan           nan         nan         nan       nan       nan
       15        176       0   0.000  0.000      0       nan           nan         nan         nan       nan       nan
       15        177       0   0.000  0.000      0       nan           nan         nan         nan       nan       nan
       15        178       0   0.000  0.000      0       nan           nan         nan         nan       nan       nan
       15        179       0   0.000  0.000      0       nan           nan         nan         nan       nan       nan
       15        180       0   0.000  0.000      0       nan           nan         nan         nan       nan       nan
       15        181       0   0.000  0.000      0       nan           nan         nan         nan       nan       nan
       15        182       0   0.000  0.000      0       nan           nan         nan         nan       nan       nan
       15        183       0   0.000  0.000      0       nan           nan         nan         nan       nan       nan
       15        184       0   0.000  0.000      0       nan           nan         nan         nan       nan       nan
       15        185       0   0.000  0.000      0       nan           nan         nan         nan       nan       nan
       15        186       0   0.000  0.000      0       nan           nan         nan         nan       nan       nan
       15        187       0   0.000  0.000      0       nan           nan         nan         nan       nan       nan
       15        188       0   0.000  0.000      0       nan           nan         nan         nan       nan       nan
       15        189       0   0.000  0.000      0       nan           nan         nan         nan       nan       nan
       15        190       0   0.000  0.000      0       nan           nan         nan         nan       nan       nan
       15        191       0   0.000  0.000      0       nan           nan         nan         nan       nan       nan
       15        192       0   0.000  0.000      0       nan           nan         nan         nan       nan       nan
       15        193       0   0.000  0.000      0       nan           nan         nan         nan       nan       nan
       15        194       0   0.000  0.000      0       nan           nan         nan         nan       nan       nan
       15        196       0   0.000  0.000      0       nan           nan         nan         nan       nan       nan
       15        198       0   0.000  0.000      0       nan           nan         nan         nan       nan       nan
       15        199       0   0.000  0.000      0       nan           nan         nan         nan       nan       nan
       15        200       0   0.000  0.000      0       nan           nan         nan         nan       nan       nan
       15        201       0   0.000  0.000      0       nan           nan         nan         nan       nan       nan
       15        202       0   0.000  0.000      0       nan           nan         nan         nan       nan       nan
       15        204       0   0.000  0.000      0       nan           nan         nan         nan       nan       nan
       15        205       0   0.000  0.000      0       nan           nan         nan         nan       nan       nan
       15        206       0   0.000  0.000      0       nan           nan         nan         nan       nan       nan
       15        207       0   0.000  0.000      0       nan           nan         nan         nan       nan       nan
       15        208       0   0.000  0.000      0       nan           nan         nan         nan       nan       nan
       16         23       0   0.116  0.164   1260     1.414           0.0       110.0       110.0      29.3      41.5
       16          2       0   0.049  0.235   6052     1.682           1.9       110.2       112.1      29.3      49.4
       16        185       1   0.036  0.222   1748     1.000           5.2       110.9       116.1      26.9      26.9
       16         37       0   0.025  0.059    788     2.378           0.0       110.0       110.0      29.3      69.8
       16         38       0   0.015  0.231   2056     1.414          10.1       109.9       120.0      29.3      20.7
       16         25       0   0.013  0.028    880     2.181           0.0       110.0       110.0      29.3      64.0
       16          5       1   0.012  0.143   6324     1.000          11.4       110.2        98.7      29.3      29.3
       16          1       0   0.011  0.116   6324     1.542           5.6       110.2       104.5      29.3      45.3
       16        104       0   0.011  0.328   3052     1.297          22.3       109.3        87.1      29.3      22.6
       16        152       0   0.011  0.488   4332     1.189          37.2       110.7       147.9      29.3      24.7
       16         35       0   0.009  0.189   3720     1.000          19.6       110.4       130.0      29.3      29.3
       16        147       0   0.008  0.065    456     2.378           2.5       117.5       120.0      26.9      64.0
       16          6       0   0.007  0.017    956     2.594           0.0       110.0       110.0      29.3      76.1
       16         55       0   0.006  0.162   1592     1.091          21.9       109.4        87.5      29.3      32.0
       16         28       0   0.006  0.226   3564     1.297          30.4       110.0       140.4      29.3      38.1
       16        126       0   0.006  0.311   3524     1.091          50.6       110.1        59.5      29.3      26.9
       16        118       0   0.005  0.135    904     2.378          10.7       110.7       100.0      26.9      64.0
       16        140       0   0.005  0.036    260     1.091           6.2       116.2       110.0      26.9      29.3
       16        124       0   0.004  0.148   1756     1.834          19.2       109.2        90.0      29.3      53.8
       16         99       0   0.004  0.134   1416     3.084          10.0       110.0       120.0      29.3      90.5
       16        196       0   0.003  0.153    996     1.682          29.0       109.0        80.0      29.3      49.4
       16         33       0   0.003  0.035    452     1.189          10.0       110.0       120.0      29.3      34.9
       16         73       0   0.003  0.265   2640     1.297          75.1       109.3        34.2      29.3      22.6
       16        141       0   0.003  0.162   1308     1.189          50.0       110.0        60.0      29.3      24.7
       16        160       0   0.003  0.045    304     2.594           5.7       115.7       110.0      26.9      69.8
       16         95       0   0.003  0.240   2244     1.189          78.9       108.9        30.0      29.3      24.7
       16         64       0   0.002  0.133   1652     3.084          20.3       109.7       130.0      29.3      90.5
       16         79       0   0.002  0.024    292     1.091          10.0       110.0       100.0      29.3      26.9
       16         40       0   0.002  0.128   1096     1.414          49.6       110.0        60.4      29.3      20.7
       16         11       0   0.002  0.074   3152     1.189          35.4       109.6       145.0      29.3      24.7
       16        102       0   0.001  0.142   1468     1.414          70.0       110.0        40.0      29.3      41.5
       16         77       0   0.001  0.124   1860     1.297          70.4       109.2        38.8      29.3      38.1
       16          0       0   0.001  0.091   4076     1.091          64.1       109.7        45.6      29.3      26.9
       16         36       0   0.001  0.034    344     2.594          10.0       110.0       100.0      29.3      76.1
       16         43       0   0.001  0.111   1428     1.682          60.0       110.0       170.0      29.3      49.4
       16         88       0   0.001  0.035    388     1.091          30.0       110.0        80.0      29.3      32.0
       16        155       0   0.001  0.097    788     1.297          74.3       105.7         0.0      26.9      34.9
       16        111       0   0.001  0.080    828     1.297          66.2       106.2        40.0      22.6      29.3
       16         18       0   0.001  0.018    516     2.000          10.0       110.0       100.0      29.3      58.7
       16        117       0   0.001  0.020    164     1.542          20.0       110.0       130.0      29.3      45.3
       16        151       0   0.001  0.050    420     1.000          80.0       110.0        10.0      29.3      29.3
       16        116       0   0.001  0.007     56     1.189          10.0       110.0       120.0      29.3      24.7
       16        106       0   0.001  0.099    876     2.378          80.0       110.0        30.0      29.3      69.8
       16         91       0   0.000  0.011    156     1.091          20.0       110.0       130.0      29.3      26.9
       16        135       0   0.000  0.015    116     2.828          10.0       110.0       120.0      29.3      83.0
       16        114       0   0.000  0.040    428     2.000          50.0       110.0        60.0      29.3      58.7
       16          8       0   0.000  0.033   1520     2.378          36.3       109.3       145.6      29.3      69.8
       16          3       0   0.000  0.023    948     2.828          30.1       110.0        79.9      29.3      83.0
       16         30       0   0.000  0.009    188     1.091          30.0       110.0       140.0      29.3      26.9
       16        181       0   0.000  0.005     36     1.834          10.0       110.0       120.0      29.3      53.8
       16         14       0   0.000  0.013    612     2.828          20.0       110.0        90.0      29.3      83.0
       16         74       0   0.000  0.007     84     1.834          20.0       110.0       130.0      29.3      16.0
       16         39       0   0.000  0.006    100     1.542          20.0       110.0       130.0      29.3      19.0
       16        131       0   0.000  0.013    112     1.000          83.9       103.9        20.0      22.6      22.6
       16        172       0   0.000  0.013    108     2.181          40.4       110.0        69.6      29.3      64.0
       16        203       0   0.000  0.004     40     1.000          32.0       110.0       142.0      29.3      29.3
       16         20       0   0.000  0.003     44     1.682          20.0       110.0        90.0      29.3      17.4
       16         82       0   0.000  0.002     16     2.594          10.0       110.0       100.0      29.3      76.1
       16        192       0   0.000  0.009     68     2.181          60.0       110.0       170.0      26.9      58.7
       16        199       0   0.000  0.001      8     1.189          30.0       110.0        80.0      29.3      34.9
       16         10       0   0.000  0.002     84     3.364          32.4       110.0        77.6      29.3      98.7
       16         31       0   0.000  0.000      4     2.828          10.0       110.0       100.0      29.3      83.0
       16        132       0   0.000  0.000      4     2.378          90.0       110.0        20.0      29.3      69.8
       16         16       0   0.000  0.000      4     3.668          40.0       110.0        70.0      29.3     107.6
       16          4       0   0.000  0.000      0       nan           nan         nan         nan       nan       nan
       16          7       0   0.000  0.000      0       nan           nan         nan         nan       nan       nan
       16          9       0   0.000  0.000      0       nan           nan         nan         nan       nan       nan
       16         12       0   0.000  0.000      0       nan           nan         nan         nan       nan       nan
       16         13       0   0.000  0.000      0       nan           nan         nan         nan       nan       nan
       16         15       0   0.000  0.000      0       nan           nan         nan         nan       nan       nan
       16         17       0   0.000  0.000      0       nan           nan         nan         nan       nan       nan
       16         19       0   0.000  0.000      0       nan           nan         nan         nan       nan       nan
       16         21       0   0.000  0.000      0       nan           nan         nan         nan       nan       nan
       16         22       0   0.000  0.000      0       nan           nan         nan         nan       nan       nan
       16         24       0   0.000  0.000      0       nan           nan         nan         nan       nan       nan
       16         26       0   0.000  0.000      0       nan           nan         nan         nan       nan       nan
       16         27       0   0.000  0.000      0       nan           nan         nan         nan       nan       nan
       16         29       0   0.000  0.000      0       nan           nan         nan         nan       nan       nan
       16         32       0   0.000  0.000      0       nan           nan         nan         nan       nan       nan
       16         34       0   0.000  0.000      0       nan           nan         nan         nan       nan       nan
       16         41       0   0.000  0.000      0       nan           nan         nan         nan       nan       nan
       16         42       0   0.000  0.000      0       nan           nan         nan         nan       nan       nan
       16         44       0   0.000  0.000      0       nan           nan         nan         nan       nan       nan
       16         45       0   0.000  0.000      0       nan           nan         nan         nan       nan       nan
       16         46       0   0.000  0.000      0       nan           nan         nan         nan       nan       nan
       16         47       0   0.000  0.000      0       nan           nan         nan         nan       nan       nan
       16         48       0   0.000  0.000      0       nan           nan         nan         nan       nan       nan
       16         49       0   0.000  0.000      0       nan           nan         nan         nan       nan       nan
       16         50       0   0.000  0.000      0       nan           nan         nan         nan       nan       nan
       16         51       0   0.000  0.000      0       nan           nan         nan         nan       nan       nan
       16         52       0   0.000  0.000      0       nan           nan         nan         nan       nan       nan
       16         53       0   0.000  0.000      0       nan           nan         nan         nan       nan       nan
       16         54       0   0.000  0.000      0       nan           nan         nan         nan       nan       nan
       16         56       0   0.000  0.000      0       nan           nan         nan         nan       nan       nan
       16         57       0   0.000  0.000      0       nan           nan         nan         nan       nan       nan
       16         58       0   0.000  0.000      0       nan           nan         nan         nan       nan       nan
       16         59       0   0.000  0.000      0       nan           nan         nan         nan       nan       nan
       16         60       0   0.000  0.000      0       nan           nan         nan         nan       nan       nan
       16         61       0   0.000  0.000      0       nan           nan         nan         nan       nan       nan
       16         62       0   0.000  0.000      0       nan           nan         nan         nan       nan       nan
       16         63       0   0.000  0.000      0       nan           nan         nan         nan       nan       nan
       16         65       0   0.000  0.000      0       nan           nan         nan         nan       nan       nan
       16         66       0   0.000  0.000      0       nan           nan         nan         nan       nan       nan
       16         67       0   0.000  0.000      0       nan           nan         nan         nan       nan       nan
       16         68       0   0.000  0.000      0       nan           nan         nan         nan       nan       nan
       16         69       0   0.000  0.000      0       nan           nan         nan         nan       nan       nan
       16         70       0   0.000  0.000      0       nan           nan         nan         nan       nan       nan
       16         71       0   0.000  0.000      0       nan           nan         nan         nan       nan       nan
       16         72       0   0.000  0.000      0       nan           nan         nan         nan       nan       nan
       16         75       0   0.000  0.000      0       nan           nan         nan         nan       nan       nan
       16         76       0   0.000  0.000      0       nan           nan         nan         nan       nan       nan
       16         78       0   0.000  0.000      0       nan           nan         nan         nan       nan       nan
       16         80       0   0.000  0.000      0       nan           nan         nan         nan       nan       nan
       16         81       0   0.000  0.000      0       nan           nan         nan         nan       nan       nan
       16         83       0   0.000  0.000      0       nan           nan         nan         nan       nan       nan
       16         84       0   0.000  0.000      0       nan           nan         nan         nan       nan       nan
       16         85       0   0.000  0.000      0       nan           nan         nan         nan       nan       nan
       16         86       0   0.000  0.000      0       nan           nan         nan         nan       nan       nan
       16         87       0   0.000  0.000      0       nan           nan         nan         nan       nan       nan
       16         89       0   0.000  0.000      0       nan           nan         nan         nan       nan       nan
       16         90       0   0.000  0.000      0       nan           nan         nan         nan       nan       nan
       16         92       0   0.000  0.000      0       nan           nan         nan         nan       nan       nan
       16         93       0   0.000  0.000      0       nan           nan         nan         nan       nan       nan
       16         94       0   0.000  0.000      0       nan           nan         nan         nan       nan       nan
       16         96       0   0.000  0.000      0       nan           nan         nan         nan       nan       nan
       16         97       0   0.000  0.000      0       nan           nan         nan         nan       nan       nan
       16         98       0   0.000  0.000      0       nan           nan         nan         nan       nan       nan
       16        100       0   0.000  0.000      0       nan           nan         nan         nan       nan       nan
       16        101       0   0.000  0.000      0       nan           nan         nan         nan       nan       nan
       16        103       0   0.000  0.000      0       nan           nan         nan         nan       nan       nan
       16        105       0   0.000  0.000      0       nan           nan         nan         nan       nan       nan
       16        107       0   0.000  0.000      0       nan           nan         nan         nan       nan       nan
       16        108       0   0.000  0.000      0       nan           nan         nan         nan       nan       nan
       16        109       0   0.000  0.000      0       nan           nan         nan         nan       nan       nan
       16        110       0   0.000  0.000      0       nan           nan         nan         nan       nan       nan
       16        112       0   0.000  0.000      0       nan           nan         nan         nan       nan       nan
       16        113       0   0.000  0.000      0       nan           nan         nan         nan       nan       nan
       16        115       0   0.000  0.000      0       nan           nan         nan         nan       nan       nan
       16        119       0   0.000  0.000      0       nan           nan         nan         nan       nan       nan
       16        120       0   0.000  0.000      0       nan           nan         nan         nan       nan       nan
       16        121       0   0.000  0.000      0       nan           nan         nan         nan       nan       nan
       16        122       0   0.000  0.000      0       nan           nan         nan         nan       nan       nan
       16        123       0   0.000  0.000      0       nan           nan         nan         nan       nan       nan
       16        125       0   0.000  0.000      0       nan           nan         nan         nan       nan       nan
       16        127       0   0.000  0.000      0       nan           nan         nan         nan       nan       nan
       16        128       0   0.000  0.000      0       nan           nan         nan         nan       nan       nan
       16        129       0   0.000  0.000      0       nan           nan         nan         nan       nan       nan
       16        130       0   0.000  0.000      0       nan           nan         nan         nan       nan       nan
       16        133       0   0.000  0.000      0       nan           nan         nan         nan       nan       nan
       16        134       0   0.000  0.000      0       nan           nan         nan         nan       nan       nan
       16        136       0   0.000  0.000      0       nan           nan         nan         nan       nan       nan
       16        137       0   0.000  0.000      0       nan           nan         nan         nan       nan       nan
       16        138       0   0.000  0.000      0       nan           nan         nan         nan       nan       nan
       16        139       0   0.000  0.000      0       nan           nan         nan         nan       nan       nan
       16        142       0   0.000  0.000      0       nan           nan         nan         nan       nan       nan
       16        143       0   0.000  0.000      0       nan           nan         nan         nan       nan       nan
       16        144       0   0.000  0.000      0       nan           nan         nan         nan       nan       nan
       16        145       0   0.000  0.000      0       nan           nan         nan         nan       nan       nan
       16        146       0   0.000  0.000      0       nan           nan         nan         nan       nan       nan
       16        148       0   0.000  0.000      0       nan           nan         nan         nan       nan       nan
       16        149       0   0.000  0.000      0       nan           nan         nan         nan       nan       nan
       16        150       0   0.000  0.000      0       nan           nan         nan         nan       nan       nan
       16        153       0   0.000  0.000      0       nan           nan         nan         nan       nan       nan
       16        154       0   0.000  0.000      0       nan           nan         nan         nan       nan       nan
       16        156       0   0.000  0.000      0       nan           nan         nan         nan       nan       nan
       16        157       0   0.000  0.000      0       nan           nan         nan         nan       nan       nan
       16        158       0   0.000  0.000      0       nan           nan         nan         nan       nan       nan
       16        159       0   0.000  0.000      0       nan           nan         nan         nan       nan       nan
       16        161       0   0.000  0.000      0       nan           nan         nan         nan       nan       nan
       16        162       0   0.000  0.000      0       nan           nan         nan         nan       nan       nan
       16        163       0   0.000  0.000      0       nan           nan         nan         nan       nan       nan
       16        164       0   0.000  0.000      0       nan           nan         nan         nan       nan       nan
       16        165       0   0.000  0.000      0       nan           nan         nan         nan       nan       nan
       16        166       0   0.000  0.000      0       nan           nan         nan         nan       nan       nan
       16        167       0   0.000  0.000      0       nan           nan         nan         nan       nan       nan
       16        168       0   0.000  0.000      0       nan           nan         nan         nan       nan       nan
       16        169       0   0.000  0.000      0       nan           nan         nan         nan       nan       nan
       16        170       0   0.000  0.000      0       nan           nan         nan         nan       nan       nan
       16        171       0   0.000  0.000      0       nan           nan         nan         nan       nan       nan
       16        173       0   0.000  0.000      0       nan           nan         nan         nan       nan       nan
       16        174       0   0.000  0.000      0       nan           nan         nan         nan       nan       nan
       16        175       0   0.000  0.000      0       nan           nan         nan         nan       nan       nan
       16        176       0   0.000  0.000      0       nan           nan         nan         nan       nan       nan
       16        177       0   0.000  0.000      0       nan           nan         nan         nan       nan       nan
       16        178       0   0.000  0.000      0       nan           nan         nan         nan       nan       nan
       16        179       0   0.000  0.000      0       nan           nan         nan         nan       nan       nan
       16        180       0   0.000  0.000      0       nan           nan         nan         nan       nan       nan
       16        182       0   0.000  0.000      0       nan           nan         nan         nan       nan       nan
       16        183       0   0.000  0.000      0       nan           nan         nan         nan       nan       nan
       16        184       0   0.000  0.000      0       nan           nan         nan         nan       nan       nan
       16        186       0   0.000  0.000      0       nan           nan         nan         nan       nan       nan
       16        187       0   0.000  0.000      0       nan           nan         nan         nan       nan       nan
       16        188       0   0.000  0.000      0       nan           nan         nan         nan       nan       nan
       16        189       0   0.000  0.000      0       nan           nan         nan         nan       nan       nan
       16        190       0   0.000  0.000      0       nan           nan         nan         nan       nan       nan
       16        191       0   0.000  0.000      0       nan           nan         nan         nan       nan       nan
       16        193       0   0.000  0.000      0       nan           nan         nan         nan       nan       nan
       16        194       0   0.000  0.000      0       nan           nan         nan         nan       nan       nan
       16        195       0   0.000  0.000      0       nan           nan         nan         nan       nan       nan
       16        197       0   0.000  0.000      0       nan           nan         nan         nan       nan       nan
       16        198       0   0.000  0.000      0       nan           nan         nan         nan       nan       nan
       16        200       0   0.000  0.000      0       nan           nan         nan         nan       nan       nan
       16        201       0   0.000  0.000      0       nan           nan         nan         nan       nan       nan
       16        202       0   0.000  0.000      0       nan           nan         nan         nan       nan       nan
       16        204       0   0.000  0.000      0       nan           nan         nan         nan       nan       nan
       16        205       0   0.000  0.000      0       nan           nan         nan         nan       nan       nan
       16        206       0   0.000  0.000      0       nan           nan         nan         nan       nan       nan
       16        207       0   0.000  0.000      0       nan           nan         nan         nan       nan       nan
       16        208       0   0.000  0.000      0       nan           nan         nan         nan       nan       nan
       17         63       0   0.037  0.113   2924     3.084           0.0       170.0       170.0     117.4      38.1
       17        149       0   0.029  0.035    932     1.189           0.0       170.0       170.0      98.7      83.0
       17         68       0   0.024  0.098   2900     4.000           0.0       170.0       170.0     107.6      26.9
       17         13       0   0.017  0.346  11240     3.084           5.5       170.0       164.5     107.6      34.9
       17         19       0   0.011  0.382  10600     2.378          13.9       170.0         3.9     107.6      45.3
       17          9       0   0.010  0.241  11836     1.091          21.6       170.0       148.4     107.6     117.4
       17          8       0   0.008  0.177  10092     1.000          20.0       170.0       150.0     107.6     107.6
       17        112       0   0.007  0.052   1336     7.336           0.0       170.0       170.0     117.4      16.0
       17         32       0   0.006  0.298   7692     4.362          10.0       170.0         0.0     107.6      24.7
       17         85       0   0.006  0.124   3208     1.000          20.0       170.0       150.0      98.7      98.7
       17         72       0   0.006  0.242   6740     2.000          20.0       170.0        10.0      98.7      49.4
       17          0       0   0.006  0.268  14472     3.668          11.7       170.0         1.7     107.6      29.3
       17         89       0   0.005  0.234   6244     5.187           8.0       170.0       162.0     117.4      22.6
       17         44       0   0.005  0.246   8216     1.834          27.8       170.0        17.8      98.7      53.8
       17        110       1   0.005  0.056   1440     1.091          10.0       170.0       160.0      98.7      90.5
       17         60       0   0.005  0.097   2516     1.000          20.0       170.0        10.0     117.4     117.4
       17         97       0   0.004  0.045   1160     1.091          10.0       170.0       160.0      98.7     107.6
       17         27       0   0.003  0.352   9864     1.834          59.2       170.0       110.8     107.6      58.7
       17         17       0   0.003  0.175   4520     5.657          10.1       170.0         0.1     117.4      20.7
       17        177       0   0.002  0.074   1912     1.542          20.0       170.0        10.0      90.5      58.7
       17        202       0   0.002  0.042   1084     1.834          10.0       170.0         0.0     117.4      64.0
       17         46       0   0.002  0.072   2156     1.000          40.0       170.0       130.0     117.4     117.4
       17        109       0   0.002  0.133   3764     2.000          37.4       170.0        27.4     107.6      53.8
       17         26       0   0.002  0.143   4420     1.091          80.0       170.0        90.0     107.6     117.4
       17        129       0   0.002  0.050   1296     4.362           6.4       170.0       163.6      98.7      22.6
       17         61       0   0.002  0.152   4024     1.414          70.0       170.0       100.0     107.6      76.1
       17         87       0   0.002  0.075   2100     2.378          20.0       170.0        10.0      98.7      41.5
       17        115       0   0.001  0.119   3076     4.000          20.0       170.0        10.0     117.4      29.3
       17        176       0   0.001  0.109   2824     2.378          32.9       170.0        22.9     107.6      45.3
       17         14       0   0.001  0.170  10020     2.000          67.8       170.0       102.2     107.6      53.8
       17         56       0   0.001  0.108   2812     4.757          20.0       170.0        10.0      98.7      20.7
       17        207       0   0.001  0.036    984     3.084          10.0       170.0       160.0      69.8      22.6
       17         11       0   0.001  0.060   3684     4.000          13.6       170.0       156.4      98.7      24.7
       17        143       0   0.001  0.023    600     1.091          20.0       170.0       150.0      90.5      83.0
       17        153       0   0.001  0.022    604     2.000          10.0       170.0         0.0     107.6      53.8
       17         84       0   0.001  0.087   2248     1.834          50.0       170.0       120.0     117.4      64.0
       17         59       0   0.001  0.160   4588     5.657          30.6       170.0       139.4     107.6      19.0
       17        107       0   0.001  0.066   1704     5.657          12.0       170.0         2.0      90.5      16.0
       17         71       0   0.001  0.036   1260     1.297          30.0       170.0        20.0     117.4      90.5
       17         10       0   0.001  0.072   4852     1.000          80.0       170.0        90.0     107.6     107.6
       17         58       0   0.001  0.032   1056     1.189          30.0       170.0       140.0     117.4      98.7
       17         53       0   0.001  0.161   5100     3.084          61.1       170.0       108.9     107.6      34.9
       17        123       0   0.001  0.050   1324     1.542          39.8       170.0        29.8      69.8      45.3
       17         62       0   0.001  0.066   1700     1.189          70.0       170.0       100.0      98.7     117.4
       17         52       0   0.001  0.108   2820     5.187          27.2       170.0        17.2      98.7      19.0
       17          6       0   0.001  0.059   4304     1.091          80.0       170.0        90.0     107.6      98.7
       17         42       0   0.001  0.170   5096     5.187          52.1       170.0       117.9     117.4      22.6
       17         51       0   0.001  0.141   4620     2.828          82.1       170.0        72.1     117.4      41.5
       17         15       0   0.001  0.159   5896     3.364          83.2       170.0        86.8     107.6      32.0
       17         16       0   0.001  0.049   2284     1.000          90.0       170.0        80.0     107.6     107.6
       17         96       0   0.000  0.061   2056     3.668          32.4       170.0       137.6     117.4      32.0
       17        168       0   0.000  0.027    704     1.834          30.0       170.0        20.0     107.6      58.7
       17         54       0   0.000  0.092   2400     3.364          70.0       170.0       100.0     107.6      32.0
       17        137       0   0.000  0.028    784     1.542          50.0       170.0       120.0      98.7      64.0
       17         21       0   0.000  0.116   4088     6.169          56.2       170.0       113.8     107.6      17.4
       17         75       0   0.000  0.011    368     1.414          30.0       170.0        20.0      98.7      69.8
       17        144       0   0.000  0.090   2352     5.657          61.3       170.0       108.7     107.6      19.0
       17        188       0   0.000  0.038   1180     3.668          40.0       170.0       130.0      98.7      26.9
       17         30       0   0.000  0.025   1020     3.364          30.0       170.0       140.0     117.4      34.9
       17        138       0   0.000  0.113   2960     6.727          71.5       170.0        98.5     117.4      17.4
       17        183       0   0.000  0.006    148     1.189          20.0       170.0       150.0      90.5      76.1
       17        165       0   0.000  0.078   2012     5.657          67.9       170.0        57.9     107.6      19.0
       17        125       0   0.000  0.010    264     1.297          40.0       170.0       130.0     117.4      90.5
       17          5       0   0.000  0.042   2844     2.594          90.0       170.0        80.0     117.4      45.3
       17          1       0   0.000  0.030   2320     2.181          80.0       170.0        90.0     107.6      49.4
       17         22       0   0.000  0.024    704     6.169          60.0       170.0        50.0     117.4      19.0
       17        170       0   0.000  0.026    692     6.727          65.9       170.0        55.9     107.6      16.0
       17        154       0   0.000  0.007    184     3.084          50.0       170.0        40.0     117.4      38.1
       17        108       0   0.000  0.002     52     2.000          60.0       170.0        50.0     117.4      58.7
       17        121       0   0.000  0.001     36     4.362          20.0       170.0       150.0     117.4      26.9
       17          2       0   0.000  0.000      0       nan           nan         nan         nan       nan       nan
       17          3       0   0.000  0.000      0       nan           nan         nan         nan       nan       nan
       17          4       0   0.000  0.000      0       nan           nan         nan         nan       nan       nan
       17          7       0   0.000  0.000      0       nan           nan         nan         nan       nan       nan
       17         12       0   0.000  0.000      0       nan           nan         nan         nan       nan       nan
       17         18       0   0.000  0.000      0       nan           nan         nan         nan       nan       nan
       17         20       0   0.000  0.000      0       nan           nan         nan         nan       nan       nan
       17         23       0   0.000  0.000      0       nan           nan         nan         nan       nan       nan
       17         24       0   0.000  0.000      0       nan           nan         nan         nan       nan       nan
       17         25       0   0.000  0.000      0       nan           nan         nan         nan       nan       nan
       17         28       0   0.000  0.000      0       nan           nan         nan         nan       nan       nan
       17         29       0   0.000  0.000      0       nan           nan         nan         nan       nan       nan
       17         31       0   0.000  0.000      0       nan           nan         nan         nan       nan       nan
       17         33       0   0.000  0.000      0       nan           nan         nan         nan       nan       nan
       17         34       0   0.000  0.000      0       nan           nan         nan         nan       nan       nan
       17         35       0   0.000  0.000      0       nan           nan         nan         nan       nan       nan
       17         36       0   0.000  0.000      0       nan           nan         nan         nan       nan       nan
       17         37       0   0.000  0.000      0       nan           nan         nan         nan       nan       nan
       17         38       0   0.000  0.000      0       nan           nan         nan         nan       nan       nan
       17         39       0   0.000  0.000      0       nan           nan         nan         nan       nan       nan
       17         40       0   0.000  0.000      0       nan           nan         nan         nan       nan       nan
       17         41       0   0.000  0.000      0       nan           nan         nan         nan       nan       nan
       17         43       0   0.000  0.000      0       nan           nan         nan         nan       nan       nan
       17         45       0   0.000  0.000      0       nan           nan         nan         nan       nan       nan
       17         47       0   0.000  0.000      0       nan           nan         nan         nan       nan       nan
       17         48       0   0.000  0.000      0       nan           nan         nan         nan       nan       nan
       17         49       0   0.000  0.000      0       nan           nan         nan         nan       nan       nan
       17         50       0   0.000  0.000      0       nan           nan         nan         nan       nan       nan
       17         55       0   0.000  0.000      0       nan           nan         nan         nan       nan       nan
       17         57       0   0.000  0.000      0       nan           nan         nan         nan       nan       nan
       17         64       0   0.000  0.000      0       nan           nan         nan         nan       nan       nan
       17         65       0   0.000  0.000      0       nan           nan         nan         nan       nan       nan
       17         66       0   0.000  0.000      0       nan           nan         nan         nan       nan       nan
       17         67       0   0.000  0.000      0       nan           nan         nan         nan       nan       nan
       17         69       0   0.000  0.000      0       nan           nan         nan         nan       nan       nan
       17         70       0   0.000  0.000      0       nan           nan         nan         nan       nan       nan
       17         73       0   0.000  0.000      0       nan           nan         nan         nan       nan       nan
       17         74       0   0.000  0.000      0       nan           nan         nan         nan       nan       nan
       17         76       0   0.000  0.000      0       nan           nan         nan         nan       nan       nan
       17         77       0   0.000  0.000      0       nan           nan         nan         nan       nan       nan
       17         78       0   0.000  0.000      0       nan           nan         nan         nan       nan       nan
       17         79       0   0.000  0.000      0       nan           nan         nan         nan       nan       nan
       17         80       0   0.000  0.000      0       nan           nan         nan         nan       nan       nan
       17         81       0   0.000  0.000      0       nan           nan         nan         nan       nan       nan
       17         82       0   0.000  0.000      0       nan           nan         nan         nan       nan       nan
       17         83       0   0.000  0.000      0       nan           nan         nan         nan       nan       nan
       17         86       0   0.000  0.000      0       nan           nan         nan         nan       nan       nan
       17         88       0   0.000  0.000      0       nan           nan         nan         nan       nan       nan
       17         90       0   0.000  0.000      0       nan           nan         nan         nan       nan       nan
       17         91       0   0.000  0.000      0       nan           nan         nan         nan       nan       nan
       17         92       0   0.000  0.000      0       nan           nan         nan         nan       nan       nan
       17         93       0   0.000  0.000      0       nan           nan         nan         nan       nan       nan
       17         94       0   0.000  0.000      0       nan           nan         nan         nan       nan       nan
       17         95       0   0.000  0.000      0       nan           nan         nan         nan       nan       nan
       17         98       0   0.000  0.000      0       nan           nan         nan         nan       nan       nan
       17         99       0   0.000  0.000      0       nan           nan         nan         nan       nan       nan
       17        100       0   0.000  0.000      0       nan           nan         nan         nan       nan       nan
       17        101       0   0.000  0.000      0       nan           nan         nan         nan       nan       nan
       17        102       0   0.000  0.000      0       nan           nan         nan         nan       nan       nan
       17        103       0   0.000  0.000      0       nan           nan         nan         nan       nan       nan
       17        104       0   0.000  0.000      0       nan           nan         nan         nan       nan       nan
       17        105       0   0.000  0.000      0       nan           nan         nan         nan       nan       nan
       17        106       0   0.000  0.000      0       nan           nan         nan         nan       nan       nan
       17        111       0   0.000  0.000      0       nan           nan         nan         nan       nan       nan
       17        113       0   0.000  0.000      0       nan           nan         nan         nan       nan       nan
       17        114       0   0.000  0.000      0       nan           nan         nan         nan       nan       nan
       17        116       0   0.000  0.000      0       nan           nan         nan         nan       nan       nan
       17        117       0   0.000  0.000      0       nan           nan         nan         nan       nan       nan
       17        118       0   0.000  0.000      0       nan           nan         nan         nan       nan       nan
       17        119       0   0.000  0.000      0       nan           nan         nan         nan       nan       nan
       17        120       0   0.000  0.000      0       nan           nan         nan         nan       nan       nan
       17        122       0   0.000  0.000      0       nan           nan         nan         nan       nan       nan
       17        124       0   0.000  0.000      0       nan           nan         nan         nan       nan       nan
       17        126       0   0.000  0.000      0       nan           nan         nan         nan       nan       nan
       17        127       0   0.000  0.000      0       nan           nan         nan         nan       nan       nan
       17        128       0   0.000  0.000      0       nan           nan         nan         nan       nan       nan
       17        130       0   0.000  0.000      0       nan           nan         nan         nan       nan       nan
       17        131       0   0.000  0.000      0       nan           nan         nan         nan       nan       nan
       17        132       0   0.000  0.000      0       nan           nan         nan         nan       nan       nan
       17        133       0   0.000  0.000      0       nan           nan         nan         nan       nan       nan
       17        134       0   0.000  0.000      0       nan           nan         nan         nan       nan       nan
       17        135       0   0.000  0.000      0       nan           nan         nan         nan       nan       nan
       17        136       0   0.000  0.000      0       nan           nan         nan         nan       nan       nan
       17        139       0   0.000  0.000      0       nan           nan         nan         nan       nan       nan
       17        140       0   0.000  0.000      0       nan           nan         nan         nan       nan       nan
       17        141       0   0.000  0.000      0       nan           nan         nan         nan       nan       nan
       17        142       0   0.000  0.000      0       nan           nan         nan         nan       nan       nan
       17        145       0   0.000  0.000      0       nan           nan         nan         nan       nan       nan
       17        146       0   0.000  0.000      0       nan           nan         nan         nan       nan       nan
       17        147       0   0.000  0.000      0       nan           nan         nan         nan       nan       nan
       17        148       0   0.000  0.000      0       nan           nan         nan         nan       nan       nan
       17        150       0   0.000  0.000      0       nan           nan         nan         nan       nan       nan
       17        151       0   0.000  0.000      0       nan           nan         nan         nan       nan       nan
       17        152       0   0.000  0.000      0       nan           nan         nan         nan       nan       nan
       17        155       0   0.000  0.000      0       nan           nan         nan         nan       nan       nan
       17        156       0   0.000  0.000      0       nan           nan         nan         nan       nan       nan
       17        157       0   0.000  0.000      0       nan           nan         nan         nan       nan       nan
       17        158       0   0.000  0.000      0       nan           nan         nan         nan       nan       nan
       17        159       0   0.000  0.000      0       nan           nan         nan         nan       nan       nan
       17        160       0   0.000  0.000      0       nan           nan         nan         nan       nan       nan
       17        161       0   0.000  0.000      0       nan           nan         nan         nan       nan       nan
       17        162       0   0.000  0.000      0       nan           nan         nan         nan       nan       nan
       17        163       0   0.000  0.000      0       nan           nan         nan         nan       nan       nan
       17        164       0   0.000  0.000      0       nan           nan         nan         nan       nan       nan
       17        166       0   0.000  0.000      0       nan           nan         nan         nan       nan       nan
       17        167       0   0.000  0.000      0       nan           nan         nan         nan       nan       nan
       17        169       0   0.000  0.000      0       nan           nan         nan         nan       nan       nan
       17        171       0   0.000  0.000      0       nan           nan         nan         nan       nan       nan
       17        172       0   0.000  0.000      0       nan           nan         nan         nan       nan       nan
       17        173       0   0.000  0.000      0       nan           nan         nan         nan       nan       nan
       17        174       0   0.000  0.000      0       nan           nan         nan         nan       nan       nan
       17        175       0   0.000  0.000      0       nan           nan         nan         nan       nan       nan
       17        178       0   0.000  0.000      0       nan           nan         nan         nan       nan       nan
       17        179       0   0.000  0.000      0       nan           nan         nan         nan       nan       nan
       17        180       0   0.000  0.000      0       nan           nan         nan         nan       nan       nan
       17        181       0   0.000  0.000      0       nan           nan         nan         nan       nan       nan
       17        182       0   0.000  0.000      0       nan           nan         nan         nan       nan       nan
       17        184       0   0.000  0.000      0       nan           nan         nan         nan       nan       nan
       17        185       0   0.000  0.000      0       nan           nan         nan         nan       nan       nan
       17        186       0   0.000  0.000      0       nan           nan         nan         nan       nan       nan
       17        187       0   0.000  0.000      0       nan           nan         nan         nan       nan       nan
       17        189       0   0.000  0.000      0       nan           nan         nan         nan       nan       nan
       17        190       0   0.000  0.000      0       nan           nan         nan         nan       nan       nan
       17        191       0   0.000  0.000      0       nan           nan         nan         nan       nan       nan
       17        192       0   0.000  0.000      0       nan           nan         nan         nan       nan       nan
       17        193       0   0.000  0.000      0       nan           nan         nan         nan       nan       nan
       17        194       0   0.000  0.000      0       nan           nan         nan         nan       nan       nan
       17        195       0   0.000  0.000      0       nan           nan         nan         nan       nan       nan
       17        196       0   0.000  0.000      0       nan           nan         nan         nan       nan       nan
       17        197       0   0.000  0.000      0       nan           nan         nan         nan       nan       nan
       17        198       0   0.000  0.000      0       nan           nan         nan         nan       nan       nan
       17        199       0   0.000  0.000      0       nan           nan         nan         nan       nan       nan
       17        200       0   0.000  0.000      0       nan           nan         nan         nan       nan       nan
       17        201       0   0.000  0.000      0       nan           nan         nan         nan       nan       nan
       17        203       0   0.000  0.000      0       nan           nan         nan         nan       nan       nan
       17        204       0   0.000  0.000      0       nan           nan         nan         nan       nan       nan
       17        205       0   0.000  0.000      0       nan           nan         nan         nan       nan       nan
       17        206       0   0.000  0.000      0       nan           nan         nan         nan       nan       nan
       17        208       0   0.000  0.000      0       nan           nan         nan         nan       nan       nan
       18         35       1   0.113  0.187   3408     1.000           0.7       129.3       130.0      29.3      29.3
       18        117       0   0.084  0.130    740     1.542           0.0       130.0       130.0      29.3      45.3
       18         28       0   0.028  0.282   3876     1.297           6.7       134.1       140.8      29.3      38.1
       18         38       1   0.021  0.323   2248     1.091          13.4       133.4       120.0      24.7      22.6
       18         11       1   0.017  0.115   4548     1.189           4.7       133.3       138.0      29.3      24.7
       18          2       0   0.013  0.180   4580     1.542           8.1       133.3       125.2      29.3      45.3
       18         39       0   0.011  0.033    496     1.542           0.9       129.1       130.0      29.3      19.0
       18        139       1   0.011  0.120   1048     1.000          10.0       130.0       120.0      29.3      29.3
       18        201       1   0.011  0.117    796     1.000          10.0       130.0       140.0      29.3      29.3
       18         64       0   0.007  0.109   1204     2.828           4.2       125.8       130.0      29.3      83.0
       18         33       1   0.006  0.112   1156     1.189          14.3       134.3       120.0      29.3      34.9
       18        193       1   0.006  0.078    408     1.189          10.0       150.0       160.0      24.7      20.7
       18        142       1   0.006  0.070    608     1.091          10.0       150.0       160.0      24.7      26.9
       18         30       1   0.005  0.059   1124     1.091          10.3       129.7       140.0      29.3      26.9
       18        151       0   0.005  0.276   1540     1.000          60.1       129.9        10.0      29.3      29.3
       18         43       0   0.004  0.333   3144     1.834          41.0       129.0       170.0      29.3      53.8
       18        104       0   0.004  0.257   2164     1.297          47.6       134.0        86.4      29.3      22.6
       18        152       0   0.003  0.106   1100     1.189          24.5       129.9       154.5      29.3      24.7
       18         99       0   0.003  0.118   1076     3.084          10.0       130.0       120.0      29.3      90.5
       18        205       0   0.003  0.118    632     1.189          29.6       149.6       120.0      24.7      20.7
       18         77       0   0.003  0.316   3640     1.189          81.0       129.6        30.6      29.3      34.9
       18        185       0   0.003  0.089    644     1.091          28.2       147.6       119.4      24.7      26.9
       18        131       0   0.003  0.124    768     1.189          37.7       147.8         5.5      24.7      29.3
       18        192       0   0.002  0.200   1052     2.000          40.0       130.0       170.0      29.3      58.7
       18          5       0   0.002  0.093   4156     1.000          38.7       131.8        93.0      29.3      29.3
       18        102       0   0.002  0.278   2192     1.414          87.6       127.6        40.0      29.3      41.5
       18          1       0   0.002  0.084   4580     1.414          27.5       133.3       105.8      29.3      41.5
       18        124       0   0.002  0.147   1528     1.834          37.4       127.4        90.0      29.3      53.8
       18        155       0   0.002  0.108    696     1.414          36.2       143.8         0.0      24.7      34.9
       18         40       0   0.002  0.241   1540     1.542          75.6       129.5        53.9      29.3      19.0
       18         73       0   0.002  0.217   1936     1.297          81.4       129.1        30.5      29.3      22.6
       18         95       0   0.002  0.178   1488     1.189          80.4       129.6        30.0      29.3      24.7
       18          8       0   0.002  0.071   3016     2.828          13.1       135.2       148.3      24.7      69.8
       18         37       0   0.002  0.078    888     2.378          20.0       130.0       110.0      29.3      69.8
       18        111       0   0.002  0.135   1128     1.000          88.0       132.0        40.0      29.3      29.3
       18         76       0   0.001  0.131   1264     2.000          50.0       130.0         0.0      29.3      58.7
       18        141       0   0.001  0.107    736     1.189          70.0       130.0        60.0      29.3      24.7
       18        188       0   0.001  0.033    360     1.297          20.0       150.0       130.0      24.7      32.0
       18         25       0   0.001  0.020    612     1.414          11.5       130.0       118.5      29.3      20.7
       18         90       0   0.001  0.090    516     1.542          50.0       150.0       100.0      24.7      38.1
       18        196       0   0.001  0.104    544     2.181          44.0       124.0        80.0      22.6      49.4
       18        126       0   0.001  0.053    660     1.000          52.1       130.7        78.5      29.3      29.3
       18          0       0   0.001  0.083   3616     1.091          86.6       132.0        38.5      29.3      26.9
       18         88       0   0.001  0.045    416     1.091          50.0       130.0        80.0      29.3      32.0
       18        172       0   0.001  0.110    652     2.181          68.4       130.0        61.6      29.3      64.0
       18         18       0   0.001  0.035    900     2.000          28.7       128.7       100.0      29.3      58.7
       18        132       0   0.001  0.090    600     2.378          66.7       130.0        16.7      29.3      69.8
       18        181       0   0.001  0.011     60     1.834          10.0       130.0       120.0      29.3      53.8
       18        114       0   0.001  0.072    632     2.000          70.0       130.0        60.0      29.3      58.7
       18         55       0   0.000  0.029    276     1.297          54.7       144.7        90.0      24.7      32.0
       18          6       0   0.000  0.028   1500     2.594          27.4       129.9       102.5      29.3      76.1
       18         82       0   0.000  0.025    168     2.486          30.0       130.0       100.0      29.3      73.0
       18        208       0   0.000  0.048    224     1.834          90.0       130.0        40.0      29.3      16.0
       18         14       0   0.000  0.020    936     2.828          40.0       130.0        90.0      29.3      83.0
       18          3       0   0.000  0.023    896     3.084          50.4       130.0        79.6      29.3      90.5
       18        106       0   0.000  0.019    152     2.378          80.0       130.0        30.0      29.3      69.8
       18         10       0   0.000  0.015    780     3.364          51.1       132.2        81.2      29.3      98.7
       18         20       0   0.000  0.008     92     1.414          67.7       137.7        70.0      29.3      20.7
       18        118       0   0.000  0.005     28     3.364          20.0       120.0       100.0      19.0      64.0
       18        163       0   0.000  0.003     20     1.834          46.0       130.0        84.0      29.3      16.0
       18         74       0   0.000  0.000      4     1.834          10.0       120.0       130.0      29.3      16.0
       18        148       0   0.000  0.001      4     1.000          80.0       130.0        50.0      29.3      29.3
       18         83       0   0.000  0.001      8     2.594          60.0       130.0        70.0      29.3      76.1
       18          4       0   0.000  0.000      0       nan           nan         nan         nan       nan       nan
       18          7       0   0.000  0.000      0       nan           nan         nan         nan       nan       nan
       18          9       0   0.000  0.000      0       nan           nan         nan         nan       nan       nan
       18         12       0   0.000  0.000      0       nan           nan         nan         nan       nan       nan
       18         13       0   0.000  0.000      0       nan           nan         nan         nan       nan       nan
       18         15       0   0.000  0.000      0       nan           nan         nan         nan       nan       nan
       18         16       0   0.000  0.000      0       nan           nan         nan         nan       nan       nan
       18         17       0   0.000  0.000      0       nan           nan         nan         nan       nan       nan
       18         19       0   0.000  0.000      0       nan           nan         nan         nan       nan       nan
       18         21       0   0.000  0.000      0       nan           nan         nan         nan       nan       nan
       18         22       0   0.000  0.000      0       nan           nan         nan         nan       nan       nan
       18         23       0   0.000  0.000      0       nan           nan         nan         nan       nan       nan
       18         24       0   0.000  0.000      0       nan           nan         nan         nan       nan       nan
       18         26       0   0.000  0.000      0       nan           nan         nan         nan       nan       nan
       18         27       0   0.000  0.000      0       nan           nan         nan         nan       nan       nan
       18         29       0   0.000  0.000      0       nan           nan         nan         nan       nan       nan
       18         31       0   0.000  0.000      0       nan           nan         nan         nan       nan       nan
       18         32       0   0.000  0.000      0       nan           nan         nan         nan       nan       nan
       18         34       0   0.000  0.000      0       nan           nan         nan         nan       nan       nan
       18         36       0   0.000  0.000      0       nan           nan         nan         nan       nan       nan
       18         41       0   0.000  0.000      0       nan           nan         nan         nan       nan       nan
       18         42       0   0.000  0.000      0       nan           nan         nan         nan       nan       nan
       18         44       0   0.000  0.000      0       nan           nan         nan         nan       nan       nan
       18         45       0   0.000  0.000      0       nan           nan         nan         nan       nan       nan
       18         46       0   0.000  0.000      0       nan           nan         nan         nan       nan       nan
       18         47       0   0.000  0.000      0       nan           nan         nan         nan       nan       nan
       18         48       0   0.000  0.000      0       nan           nan         nan         nan       nan       nan
       18         49       0   0.000  0.000      0       nan           nan         nan         nan       nan       nan
       18         50       0   0.000  0.000      0       nan           nan         nan         nan       nan       nan
       18         51       0   0.000  0.000      0       nan           nan         nan         nan       nan       nan
       18         52       0   0.000  0.000      0       nan           nan         nan         nan       nan       nan
       18         53       0   0.000  0.000      0       nan           nan         nan         nan       nan       nan
       18         54       0   0.000  0.000      0       nan           nan         nan         nan       nan       nan
       18         56       0   0.000  0.000      0       nan           nan         nan         nan       nan       nan
       18         57       0   0.000  0.000      0       nan           nan         nan         nan       nan       nan
       18         58       0   0.000  0.000      0       nan           nan         nan         nan       nan       nan
       18         59       0   0.000  0.000      0       nan           nan         nan         nan       nan       nan
       18         60       0   0.000  0.000      0       nan           nan         nan         nan       nan       nan
       18         61       0   0.000  0.000      0       nan           nan         nan         nan       nan       nan
       18         62       0   0.000  0.000      0       nan           nan         nan         nan       nan       nan
       18         63       0   0.000  0.000      0       nan           nan         nan         nan       nan       nan
       18         65       0   0.000  0.000      0       nan           nan         nan         nan       nan       nan
       18         66       0   0.000  0.000      0       nan           nan         nan         nan       nan       nan
       18         67       0   0.000  0.000      0       nan           nan         nan         nan       nan       nan
       18         68       0   0.000  0.000      0       nan           nan         nan         nan       nan       nan
       18         69       0   0.000  0.000      0       nan           nan         nan         nan       nan       nan
       18         70       0   0.000  0.000      0       nan           nan         nan         nan       nan       nan
       18         71       0   0.000  0.000      0       nan           nan         nan         nan       nan       nan
       18         72       0   0.000  0.000      0       nan           nan         nan         nan       nan       nan
       18         75       0   0.000  0.000      0       nan           nan         nan         nan       nan       nan
       18         78       0   0.000  0.000      0       nan           nan         nan         nan       nan       nan
       18         79       0   0.000  0.000      0       nan           nan         nan         nan       nan       nan
       18         80       0   0.000  0.000      0       nan           nan         nan         nan       nan       nan
       18         81       0   0.000  0.000      0       nan           nan         nan         nan       nan       nan
       18         84       0   0.000  0.000      0       nan           nan         nan         nan       nan       nan
       18         85       0   0.000  0.000      0       nan           nan         nan         nan       nan       nan
       18         86       0   0.000  0.000      0       nan           nan         nan         nan       nan       nan
       18         87       0   0.000  0.000      0       nan           nan         nan         nan       nan       nan
       18         89       0   0.000  0.000      0       nan           nan         nan         nan       nan       nan
       18         91       0   0.000  0.000      0       nan           nan         nan         nan       nan       nan
       18         92       0   0.000  0.000      0       nan           nan         nan         nan       nan       nan
       18         93       0   0.000  0.000      0       nan           nan         nan         nan       nan       nan
       18         94       0   0.000  0.000      0       nan           nan         nan         nan       nan       nan
       18         96       0   0.000  0.000      0       nan           nan         nan         nan       nan       nan
       18         97       0   0.000  0.000      0       nan           nan         nan         nan       nan       nan
       18         98       0   0.000  0.000      0       nan           nan         nan         nan       nan       nan
       18        100       0   0.000  0.000      0       nan           nan         nan         nan       nan       nan
       18        101       0   0.000  0.000      0       nan           nan         nan         nan       nan       nan
       18        103       0   0.000  0.000      0       nan           nan         nan         nan       nan       nan
       18        105       0   0.000  0.000      0       nan           nan         nan         nan       nan       nan
       18        107       0   0.000  0.000      0       nan           nan         nan         nan       nan       nan
       18        108       0   0.000  0.000      0       nan           nan         nan         nan       nan       nan
       18        109       0   0.000  0.000      0       nan           nan         nan         nan       nan       nan
       18        110       0   0.000  0.000      0       nan           nan         nan         nan       nan       nan
       18        112       0   0.000  0.000      0       nan           nan         nan         nan       nan       nan
       18        113       0   0.000  0.000      0       nan           nan         nan         nan       nan       nan
       18        115       0   0.000  0.000      0       nan           nan         nan         nan       nan       nan
       18        116       0   0.000  0.000      0       nan           nan         nan         nan       nan       nan
       18        119       0   0.000  0.000      0       nan           nan         nan         nan       nan       nan
       18        120       0   0.000  0.000      0       nan           nan         nan         nan       nan       nan
       18        121       0   0.000  0.000      0       nan           nan         nan         nan       nan       nan
       18        122       0   0.000  0.000      0       nan           nan         nan         nan       nan       nan
       18        123       0   0.000  0.000      0       nan           nan         nan         nan       nan       nan
       18        125       0   0.000  0.000      0       nan           nan         nan         nan       nan       nan
       18        127       0   0.000  0.000      0       nan           nan         nan         nan       nan       nan
       18        128       0   0.000  0.000      0       nan           nan         nan         nan       nan       nan
       18        129       0   0.000  0.000      0       nan           nan         nan         nan       nan       nan
       18        130       0   0.000  0.000      0       nan           nan         nan         nan       nan       nan
       18        133       0   0.000  0.000      0       nan           nan         nan         nan       nan       nan
       18        134       0   0.000  0.000      0       nan           nan         nan         nan       nan       nan
       18        135       0   0.000  0.000      0       nan           nan         nan         nan       nan       nan
       18        136       0   0.000  0.000      0       nan           nan         nan         nan       nan       nan
       18        137       0   0.000  0.000      0       nan           nan         nan         nan       nan       nan
       18        138       0   0.000  0.000      0       nan           nan         nan         nan       nan       nan
       18        140       0   0.000  0.000      0       nan           nan         nan         nan       nan       nan
       18        143       0   0.000  0.000      0       nan           nan         nan         nan       nan       nan
       18        144       0   0.000  0.000      0       nan           nan         nan         nan       nan       nan
       18        145       0   0.000  0.000      0       nan           nan         nan         nan       nan       nan
       18        146       0   0.000  0.000      0       nan           nan         nan         nan       nan       nan
       18        147       0   0.000  0.000      0       nan           nan         nan         nan       nan       nan
       18        149       0   0.000  0.000      0       nan           nan         nan         nan       nan       nan
       18        150       0   0.000  0.000      0       nan           nan         nan         nan       nan       nan
       18        153       0   0.000  0.000      0       nan           nan         nan         nan       nan       nan
       18        154       0   0.000  0.000      0       nan           nan         nan         nan       nan       nan
       18        156       0   0.000  0.000      0       nan           nan         nan         nan       nan       nan
       18        157       0   0.000  0.000      0       nan           nan         nan         nan       nan       nan
       18        158       0   0.000  0.000      0       nan           nan         nan         nan       nan       nan
       18        159       0   0.000  0.000      0       nan           nan         nan         nan       nan       nan
       18        160       0   0.000  0.000      0       nan           nan         nan         nan       nan       nan
       18        161       0   0.000  0.000      0       nan           nan         nan         nan       nan       nan
       18        162       0   0.000  0.000      0       nan           nan         nan         nan       nan       nan
       18        164       0   0.000  0.000      0       nan           nan         nan         nan       nan       nan
       18        165       0   0.000  0.000      0       nan           nan         nan         nan       nan       nan
       18        166       0   0.000  0.000      0       nan           nan         nan         nan       nan       nan
       18        167       0   0.000  0.000      0       nan           nan         nan         nan       nan       nan
       18        168       0   0.000  0.000      0       nan           nan         nan         nan       nan       nan
       18        169       0   0.000  0.000      0       nan           nan         nan         nan       nan       nan
       18        170       0   0.000  0.000      0       nan           nan         nan         nan       nan       nan
       18        171       0   0.000  0.000      0       nan           nan         nan         nan       nan       nan
       18        173       0   0.000  0.000      0       nan           nan         nan         nan       nan       nan
       18        174       0   0.000  0.000      0       nan           nan         nan         nan       nan       nan
       18        175       0   0.000  0.000      0       nan           nan         nan         nan       nan       nan
       18        176       0   0.000  0.000      0       nan           nan         nan         nan       nan       nan
       18        177       0   0.000  0.000      0       nan           nan         nan         nan       nan       nan
       18        178       0   0.000  0.000      0       nan           nan         nan         nan       nan       nan
       18        179       0   0.000  0.000      0       nan           nan         nan         nan       nan       nan
       18        180       0   0.000  0.000      0       nan           nan         nan         nan       nan       nan
       18        182       0   0.000  0.000      0       nan           nan         nan         nan       nan       nan
       18        183       0   0.000  0.000      0       nan           nan         nan         nan       nan       nan
       18        184       0   0.000  0.000      0       nan           nan         nan         nan       nan       nan
       18        186       0   0.000  0.000      0       nan           nan         nan         nan       nan       nan
       18        187       0   0.000  0.000      0       nan           nan         nan         nan       nan       nan
       18        189       0   0.000  0.000      0       nan           nan         nan         nan       nan       nan
       18        190       0   0.000  0.000      0       nan           nan         nan         nan       nan       nan
       18        191       0   0.000  0.000      0       nan           nan         nan         nan       nan       nan
       18        194       0   0.000  0.000      0       nan           nan         nan         nan       nan       nan
       18        195       0   0.000  0.000      0       nan           nan         nan         nan       nan       nan
       18        197       0   0.000  0.000      0       nan           nan         nan         nan       nan       nan
       18        198       0   0.000  0.000      0       nan           nan         nan         nan       nan       nan
       18        199       0   0.000  0.000      0       nan           nan         nan         nan       nan       nan
       18        200       0   0.000  0.000      0       nan           nan         nan         nan       nan       nan
       18        202       0   0.000  0.000      0       nan           nan         nan         nan       nan       nan
       18        203       0   0.000  0.000      0       nan           nan         nan         nan       nan       nan
       18        204       0   0.000  0.000      0       nan           nan         nan         nan       nan       nan
       18        206       0   0.000  0.000      0       nan           nan         nan         nan       nan       nan
       18        207       0   0.000  0.000      0       nan           nan         nan         nan       nan       nan
       19        156       0   0.028  0.466   1396     2.378           5.9       115.9       110.0      20.7      49.4
       19        171       1   0.021  0.311   1064     1.000          14.1       117.9       131.9      20.7      20.7
       19          4       0   0.018  0.269   1300     1.682           8.1       108.4       100.3      20.7      34.9
       19         12       0   0.013  0.175   1640     1.297           9.2       109.3       100.1      20.7      26.9
       19         91       0   0.010  0.197   1624     1.189          15.5       114.5       130.0      20.7      24.7
       19        157       0   0.009  0.224    652     1.189          20.1       106.7        86.6      22.6      19.0
       19          7       0   0.008  0.184   1764     1.091          19.9       109.5        89.6      20.7      22.6
       19         79       0   0.008  0.113    860     1.414           9.1       109.1       100.0      16.0      22.6
       19        198       0   0.006  0.007     28     1.091           0.0       120.0       120.0      26.9      29.3
       19         24       0   0.006  0.309   1916     2.378          21.1       113.0        91.8      20.7      49.4
       19         47       0   0.005  0.258    944     2.181          23.5       103.5        80.0      19.0      41.5
       19        113       0   0.004  0.077    552     1.091          18.0       128.0       110.0      20.7      22.6
       19        164       0   0.003  0.218    672     1.834          34.4       105.6       140.0      16.0      29.3
       19        199       0   0.003  0.197    748     2.378          25.1       105.1        80.0      16.0      38.1
       19         25       0   0.003  0.062   1660     3.364           4.9       115.9       111.0      19.0      64.0
       19         29       0   0.003  0.004     12     1.414           0.0       110.0       110.0      22.6      32.0
       19         86       0   0.003  0.056    284     1.297          15.1       104.9       120.0      20.7      26.9
       19         37       0   0.003  0.063    604     4.362           4.5       105.5       110.0      16.0      69.8
       19         88       0   0.002  0.119    796     2.000          22.9       102.9        80.0      16.0      32.0
       19         11       0   0.002  0.039   1556     1.091          16.2       117.0       133.2      20.7      22.6
       19         18       0   0.002  0.084   1904     2.828          14.0       114.0       100.0      20.7      58.7
       19          5       0   0.002  0.042   1880     1.542          15.9       110.4        94.4      20.7      32.0
       19         30       0   0.001  0.071   1176     1.542          29.8       110.2       140.0      17.4      26.9
       19        114       0   0.001  0.214   1276     2.828          50.5       110.5        60.0      19.0      53.8
       19         41       0   0.001  0.080   1080     2.181          26.6       106.1        79.5      20.7      45.3
       19         35       0   0.001  0.040    748     1.834          26.8       103.2       130.0      16.0      29.3
       19        132       0   0.001  0.185    788     3.084          86.4       113.6        20.0      19.0      58.7
       19        128       0   0.001  0.023    168     1.000          36.0       116.0        80.0      19.0      19.0
       19          1       0   0.001  0.043   2356     2.594          26.2       113.6        87.4      20.7      53.8
       19        163       0   0.001  0.022     92     1.091          33.9       113.9        80.0      19.0      17.4
       19          6       0   0.001  0.046   2356     4.757          17.4       113.6        96.2      20.7      98.7
       19          3       0   0.000  0.066   2356     4.000          33.2       113.6        80.4      20.7      83.0
       19         76       0   0.000  0.101    800     2.828          74.9       115.1        10.0      19.0      53.8
       19         10       0   0.000  0.042   1996     4.757          31.4       115.3        83.9      20.7      98.7
       19        126       0   0.000  0.010    112     1.542          29.3       109.3        80.0      19.0      29.3
       19         77       0   0.000  0.022    276     1.542          81.3       108.7        10.0      17.4      26.9
       19         14       0   0.000  0.013    572     4.757          19.6       109.6        90.0      17.4      83.0
       19         83       0   0.000  0.004     24     4.362          50.0       120.0        70.0      17.4      76.1
       19          0       0   0.000  0.000      0       nan           nan         nan         nan       nan       nan
       19          2       0   0.000  0.000      0       nan           nan         nan         nan       nan       nan
       19          8       0   0.000  0.000      0       nan           nan         nan         nan       nan       nan
       19          9       0   0.000  0.000      0       nan           nan         nan         nan       nan       nan
       19         13       0   0.000  0.000      0       nan           nan         nan         nan       nan       nan
       19         15       0   0.000  0.000      0       nan           nan         nan         nan       nan       nan
       19         16       0   0.000  0.000      0       nan           nan         nan         nan       nan       nan
       19         17       0   0.000  0.000      0       nan           nan         nan         nan       nan       nan
       19         19       0   0.000  0.000      0       nan           nan         nan         nan       nan       nan
       19         20       0   0.000  0.000      0       nan           nan         nan         nan       nan       nan
       19         21       0   0.000  0.000      0       nan           nan         nan         nan       nan       nan
       19         22       0   0.000  0.000      0       nan           nan         nan         nan       nan       nan
       19         23       0   0.000  0.000      0       nan           nan         nan         nan       nan       nan
       19         26       0   0.000  0.000      0       nan           nan         nan         nan       nan       nan
       19         27       0   0.000  0.000      0       nan           nan         nan         nan       nan       nan
       19         28       0   0.000  0.000      0       nan           nan         nan         nan       nan       nan
       19         31       0   0.000  0.000      0       nan           nan         nan         nan       nan       nan
       19         32       0   0.000  0.000      0       nan           nan         nan         nan       nan       nan
       19         33       0   0.000  0.000      0       nan           nan         nan         nan       nan       nan
       19         34       0   0.000  0.000      0       nan           nan         nan         nan       nan       nan
       19         36       0   0.000  0.000      0       nan           nan         nan         nan       nan       nan
       19         38       0   0.000  0.000      0       nan           nan         nan         nan       nan       nan
       19         39       0   0.000  0.000      0       nan           nan         nan         nan       nan       nan
       19         40       0   0.000  0.000      0       nan           nan         nan         nan       nan       nan
       19         42       0   0.000  0.000      0       nan           nan         nan         nan       nan       nan
       19         43       0   0.000  0.000      0       nan           nan         nan         nan       nan       nan
       19         44       0   0.000  0.000      0       nan           nan         nan         nan       nan       nan
       19         45       0   0.000  0.000      0       nan           nan         nan         nan       nan       nan
       19         46       0   0.000  0.000      0       nan           nan         nan         nan       nan       nan
       19         48       0   0.000  0.000      0       nan           nan         nan         nan       nan       nan
       19         49       0   0.000  0.000      0       nan           nan         nan         nan       nan       nan
       19         50       0   0.000  0.000      0       nan           nan         nan         nan       nan       nan
       19         51       0   0.000  0.000      0       nan           nan         nan         nan       nan       nan
       19         52       0   0.000  0.000      0       nan           nan         nan         nan       nan       nan
       19         53       0   0.000  0.000      0       nan           nan         nan         nan       nan       nan
       19         54       0   0.000  0.000      0       nan           nan         nan         nan       nan       nan
       19         55       0   0.000  0.000      0       nan           nan         nan         nan       nan       nan
       19         56       0   0.000  0.000      0       nan           nan         nan         nan       nan       nan
       19         57       0   0.000  0.000      0       nan           nan         nan         nan       nan       nan
       19         58       0   0.000  0.000      0       nan           nan         nan         nan       nan       nan
       19         59       0   0.000  0.000      0       nan           nan         nan         nan       nan       nan
       19         60       0   0.000  0.000      0       nan           nan         nan         nan       nan       nan
       19         61       0   0.000  0.000      0       nan           nan         nan         nan       nan       nan
       19         62       0   0.000  0.000      0       nan           nan         nan         nan       nan       nan
       19         63       0   0.000  0.000      0       nan           nan         nan         nan       nan       nan
       19         64       0   0.000  0.000      0       nan           nan         nan         nan       nan       nan
       19         65       0   0.000  0.000      0       nan           nan         nan         nan       nan       nan
       19         66       0   0.000  0.000      0       nan           nan         nan         nan       nan       nan
       19         67       0   0.000  0.000      0       nan           nan         nan         nan       nan       nan
       19         68       0   0.000  0.000      0       nan           nan         nan         nan       nan       nan
       19         69       0   0.000  0.000      0       nan           nan         nan         nan       nan       nan
       19         70       0   0.000  0.000      0       nan           nan         nan         nan       nan       nan
       19         71       0   0.000  0.000      0       nan           nan         nan         nan       nan       nan
       19         72       0   0.000  0.000      0       nan           nan         nan         nan       nan       nan
       19         73       0   0.000  0.000      0       nan           nan         nan         nan       nan       nan
       19         74       0   0.000  0.000      0       nan           nan         nan         nan       nan       nan
       19         75       0   0.000  0.000      0       nan           nan         nan         nan       nan       nan
       19         78       0   0.000  0.000      0       nan           nan         nan         nan       nan       nan
       19         80       0   0.000  0.000      0       nan           nan         nan         nan       nan       nan
       19         81       0   0.000  0.000      0       nan           nan         nan         nan       nan       nan
       19         82       0   0.000  0.000      0       nan           nan         nan         nan       nan       nan
       19         84       0   0.000  0.000      0       nan           nan         nan         nan       nan       nan
       19         85       0   0.000  0.000      0       nan           nan         nan         nan       nan       nan
       19         87       0   0.000  0.000      0       nan           nan         nan         nan       nan       nan
       19         89       0   0.000  0.000      0       nan           nan         nan         nan       nan       nan
       19         90       0   0.000  0.000      0       nan           nan         nan         nan       nan       nan
       19         92       0   0.000  0.000      0       nan           nan         nan         nan       nan       nan
       19         93       0   0.000  0.000      0       nan           nan         nan         nan       nan       nan
       19         94       0   0.000  0.000      0       nan           nan         nan         nan       nan       nan
       19         95       0   0.000  0.000      0       nan           nan         nan         nan       nan       nan
       19         96       0   0.000  0.000      0       nan           nan         nan         nan       nan       nan
       19         97       0   0.000  0.000      0       nan           nan         nan         nan       nan       nan
       19         98       0   0.000  0.000      0       nan           nan         nan         nan       nan       nan
       19         99       0   0.000  0.000      0       nan           nan         nan         nan       nan       nan
       19        100       0   0.000  0.000      0       nan           nan         nan         nan       nan       nan
       19        101       0   0.000  0.000      0       nan           nan         nan         nan       nan       nan
       19        102       0   0.000  0.000      0       nan           nan         nan         nan       nan       nan
       19        103       0   0.000  0.000      0       nan           nan         nan         nan       nan       nan
       19        104       0   0.000  0.000      0       nan           nan         nan         nan       nan       nan
       19        105       0   0.000  0.000      0       nan           nan         nan         nan       nan       nan
       19        106       0   0.000  0.000      0       nan           nan         nan         nan       nan       nan
       19        107       0   0.000  0.000      0       nan           nan         nan         nan       nan       nan
       19        108       0   0.000  0.000      0       nan           nan         nan         nan       nan       nan
       19        109       0   0.000  0.000      0       nan           nan         nan         nan       nan       nan
       19        110       0   0.000  0.000      0       nan           nan         nan         nan       nan       nan
       19        111       0   0.000  0.000      0       nan           nan         nan         nan       nan       nan
       19        112       0   0.000  0.000      0       nan           nan         nan         nan       nan       nan
       19        115       0   0.000  0.000      0       nan           nan         nan         nan       nan       nan
       19        116       0   0.000  0.000      0       nan           nan         nan         nan       nan       nan
       19        117       0   0.000  0.000      0       nan           nan         nan         nan       nan       nan
       19        118       0   0.000  0.000      0       nan           nan         nan         nan       nan       nan
       19        119       0   0.000  0.000      0       nan           nan         nan         nan       nan       nan
       19        120       0   0.000  0.000      0       nan           nan         nan         nan       nan       nan
       19        121       0   0.000  0.000      0       nan           nan         nan         nan       nan       nan
       19        122       0   0.000  0.000      0       nan           nan         nan         nan       nan       nan
       19        123       0   0.000  0.000      0       nan           nan         nan         nan       nan       nan
       19        124       0   0.000  0.000      0       nan           nan         nan         nan       nan       nan
       19        125       0   0.000  0.000      0       nan           nan         nan         nan       nan       nan
       19        127       0   0.000  0.000      0       nan           nan         nan         nan       nan       nan
       19        129       0   0.000  0.000      0       nan           nan         nan         nan       nan       nan
       19        130       0   0.000  0.000      0       nan           nan         nan         nan       nan       nan
       19        131       0   0.000  0.000      0       nan           nan         nan         nan       nan       nan
       19        133       0   0.000  0.000      0       nan           nan         nan         nan       nan       nan
       19        134       0   0.000  0.000      0       nan           nan         nan         nan       nan       nan
       19        135       0   0.000  0.000      0       nan           nan         nan         nan       nan       nan
       19        136       0   0.000  0.000      0       nan           nan         nan         nan       nan       nan
       19        137       0   0.000  0.000      0       nan           nan         nan         nan       nan       nan
       19        138       0   0.000  0.000      0       nan           nan         nan         nan       nan       nan
       19        139       0   0.000  0.000      0       nan           nan         nan         nan       nan       nan
       19        140       0   0.000  0.000      0       nan           nan         nan         nan       nan       nan
       19        141       0   0.000  0.000      0       nan           nan         nan         nan       nan       nan
       19        142       0   0.000  0.000      0       nan           nan         nan         nan       nan       nan
       19        143       0   0.000  0.000      0       nan           nan         nan         nan       nan       nan
       19        144       0   0.000  0.000      0       nan           nan         nan         nan       nan       nan
       19        145       0   0.000  0.000      0       nan           nan         nan         nan       nan       nan
       19        146       0   0.000  0.000      0       nan           nan         nan         nan       nan       nan
       19        147       0   0.000  0.000      0       nan           nan         nan         nan       nan       nan
       19        148       0   0.000  0.000      0       nan           nan         nan         nan       nan       nan
       19        149       0   0.000  0.000      0       nan           nan         nan         nan       nan       nan
       19        150       0   0.000  0.000      0       nan           nan         nan         nan       nan       nan
       19        151       0   0.000  0.000      0       nan           nan         nan         nan       nan       nan
       19        152       0   0.000  0.000      0       nan           nan         nan         nan       nan       nan
       19        153       0   0.000  0.000      0       nan           nan         nan         nan       nan       nan
       19        154       0   0.000  0.000      0       nan           nan         nan         nan       nan       nan
       19        155       0   0.000  0.000      0       nan           nan         nan         nan       nan       nan
       19        158       0   0.000  0.000      0       nan           nan         nan         nan       nan       nan
       19        159       0   0.000  0.000      0       nan           nan         nan         nan       nan       nan
       19        160       0   0.000  0.000      0       nan           nan         nan         nan       nan       nan
       19        161       0   0.000  0.000      0       nan           nan         nan         nan       nan       nan
       19        162       0   0.000  0.000      0       nan           nan         nan         nan       nan       nan
       19        165       0   0.000  0.000      0       nan           nan         nan         nan       nan       nan
       19        166       0   0.000  0.000      0       nan           nan         nan         nan       nan       nan
       19        167       0   0.000  0.000      0       nan           nan         nan         nan       nan       nan
       19        168       0   0.000  0.000      0       nan           nan         nan         nan       nan       nan
       19        169       0   0.000  0.000      0       nan           nan         nan         nan       nan       nan
       19        170       0   0.000  0.000      0       nan           nan         nan         nan       nan       nan
       19        172       0   0.000  0.000      0       nan           nan         nan         nan       nan       nan
       19        173       0   0.000  0.000      0       nan           nan         nan         nan       nan       nan
       19        174       0   0.000  0.000      0       nan           nan         nan         nan       nan       nan
       19        175       0   0.000  0.000      0       nan           nan         nan         nan       nan       nan
       19        176       0   0.000  0.000      0       nan           nan         nan         nan       nan       nan
       19        177       0   0.000  0.000      0       nan           nan         nan         nan       nan       nan
       19        178       0   0.000  0.000      0       nan           nan         nan         nan       nan       nan
       19        179       0   0.000  0.000      0       nan           nan         nan         nan       nan       nan
       19        180       0   0.000  0.000      0       nan           nan         nan         nan       nan       nan
       19        181       0   0.000  0.000      0       nan           nan         nan         nan       nan       nan
       19        182       0   0.000  0.000      0       nan           nan         nan         nan       nan       nan
       19        183       0   0.000  0.000      0       nan           nan         nan         nan       nan       nan
       19        184       0   0.000  0.000      0       nan           nan         nan         nan       nan       nan
       19        185       0   0.000  0.000      0       nan           nan         nan         nan       nan       nan
       19        186       0   0.000  0.000      0       nan           nan         nan         nan       nan       nan
       19        187       0   0.000  0.000      0       nan           nan         nan         nan       nan       nan
       19        188       0   0.000  0.000      0       nan           nan         nan         nan       nan       nan
       19        189       0   0.000  0.000      0       nan           nan         nan         nan       nan       nan
       19        190       0   0.000  0.000      0       nan           nan         nan         nan       nan       nan
       19        191       0   0.000  0.000      0       nan           nan         nan         nan       nan       nan
       19        192       0   0.000  0.000      0       nan           nan         nan         nan       nan       nan
       19        193       0   0.000  0.000      0       nan           nan         nan         nan       nan       nan
       19        194       0   0.000  0.000      0       nan           nan         nan         nan       nan       nan
       19        195       0   0.000  0.000      0       nan           nan         nan         nan       nan       nan
       19        196       0   0.000  0.000      0       nan           nan         nan         nan       nan       nan
       19        197       0   0.000  0.000      0       nan           nan         nan         nan       nan       nan
       19        200       0   0.000  0.000      0       nan           nan         nan         nan       nan       nan
       19        201       0   0.000  0.000      0       nan           nan         nan         nan       nan       nan
       19        202       0   0.000  0.000      0       nan           nan         nan         nan       nan       nan
       19        203       0   0.000  0.000      0       nan           nan         nan         nan       nan       nan
       19        204       0   0.000  0.000      0       nan           nan         nan         nan       nan       nan
       19        205       0   0.000  0.000      0       nan           nan         nan         nan       nan       nan
       19        206       0   0.000  0.000      0       nan           nan         nan         nan       nan       nan
       19        207       0   0.000  0.000      0       nan           nan         nan         nan       nan       nan
       19        208       0   0.000  0.000      0       nan           nan         nan         nan       nan       nan
