cluster_a  cluster_c  passes  score    iou    inter  lam_ratio  ang_diff_deg  thetaA_deg  thetaC_deg  lamA_med  lamC_med
        0          4       1   0.383  0.522  40228     1.091           0.2         0.2         0.4      69.8      76.1
        0          8       1   0.371  0.437  22876     1.000           0.2         0.2         0.0      64.0      64.0
        0         12       0   0.308  0.518  28108     1.682           0.0         0.0         0.0      69.8     117.4
        0          7       0   0.122  0.173   8444     1.414           0.0         0.0         0.0      90.5      64.0
        0         27       1   0.083  0.091   5900     1.091           0.0         0.0         0.0      90.5      98.7
        0          1       1   0.080  0.491  40400     1.091           4.6         0.2         4.8      64.0      58.7
        0         24       1   0.055  0.099   4976     1.091           0.7         0.7         0.0      53.8      58.7
        0          9       1   0.050  0.662  36288     1.189          10.0         0.0       170.0      69.8      83.0
        0          0       0   0.035  0.424  38564     2.000           5.0         0.2         5.2      64.0      32.0
        0          6       0   0.028  0.473  39232     1.297          12.2         0.2       168.0      64.0      49.4
        0          5       0   0.021  0.548  40420     1.682          14.3         0.2       165.9      69.8     117.4
        0         35       0   0.016  0.068   3064     4.362           0.0         0.0         0.0      69.8      16.0
        0         42       0   0.013  0.210   9436     1.414          10.0         0.0       170.0      69.8      98.7
        0         14       0   0.013  0.215  13184     1.297          11.4         0.0       168.6      76.1      58.7
        0         20       0   0.012  0.288  14128     1.000          22.8         0.0        22.8      90.5      90.5
        0         29       0   0.011  0.267  17772     1.189          20.0         0.3       160.4      69.8      58.7
        0          3       0   0.011  0.389  38948     2.000          17.2         0.2       163.0      64.0      32.0
        0          2       0   0.011  0.263  11776     4.000           5.2         0.1         5.2      64.0      16.0
        0         40       0   0.010  0.336  17512     1.297          25.1         0.4       155.4      53.8      69.8
        0         58       0   0.009  0.203   9424     1.091          20.0         0.8        20.7      49.4      53.8
        0         44       0   0.007  0.247  11536     1.091          30.3         0.0        30.3      90.5      83.0
        0         48       0   0.007  0.348  21068     1.297          37.0         0.1       143.1      69.8      53.8
        0        106       0   0.007  0.032   1412     4.757           0.0         0.0         0.0      76.1      16.0
        0         45       1   0.006  0.070   3352     1.000          10.0         0.0       170.0      53.8      53.8
        0         18       0   0.006  0.450  21208     1.682          44.5         0.3       135.8      64.0      38.1
        0         30       1   0.006  0.073   4244     1.189           9.5         0.5        10.0      53.8      64.0
        0         26       0   0.005  0.194   9072     1.834          20.0         0.0       160.0      90.5      49.4
        0         19       0   0.005  0.487  25372     2.594          37.8         0.2       142.4      64.0      24.7
        0         51       0   0.005  0.192   8932     1.091          35.7         0.0        35.7      90.5      98.7
        0         55       0   0.005  0.255  12468     1.414          38.2         0.3       142.1      53.8      38.1
        0         67       0   0.004  0.305  13784     1.542          45.5         0.1       134.6      64.0      41.5
        0         28       0   0.004  0.134  11400     1.542          20.3         0.3       160.0      76.1      49.4
        0         11       0   0.004  0.014    784     3.364           0.0         0.0         0.0      90.5      26.9
        0         15       0   0.004  0.134   7308     2.828          11.7         0.9        12.7      69.8      24.7
        0         10       0   0.004  0.224  10524     4.000          14.2         0.0       165.8      69.8      17.4
        0         86       0   0.004  0.044   1960     1.834           5.5         0.0         5.5      49.4      26.9
        0         33       0   0.003  0.230  10836     1.682          41.8         0.6       138.8      49.4      29.3
        0         95       0   0.003  0.055   2488     1.682          10.0         0.0       170.0      49.4      83.0
        0         17       0   0.003  0.165   8376     2.181          24.9         0.0        24.9      90.5      41.5
        0         47       0   0.003  0.053   2544     1.414          12.6         1.1        13.8      53.8      38.1
        0         13       0   0.003  0.154   7416     2.378          22.5         0.4        22.9      69.8      29.3
        0         69       0   0.003  0.228  10536     1.189          68.8         0.4       111.6      53.8      64.0
        0        137       0   0.003  0.121   5412     1.542          30.0         0.0        30.0      64.0      41.5
        0         99       0   0.002  0.014    644     5.657           0.0         0.0         0.0      90.5      16.0
        0         71       0   0.002  0.033   1492     1.297          10.0         0.0        10.0      49.4      38.1
        0        105       0   0.002  0.078   3484     1.189          27.7         0.0        27.7      49.4      41.5
        0        122       0   0.002  0.081   3728     1.297          26.9         0.7        27.7      53.8      41.5
        0         89       0   0.002  0.115   5148     1.414          40.0         0.0       140.0      64.0      90.5
        0        140       0   0.002  0.067   2996     1.091          30.0         0.0        30.0      49.4      45.3
        0         34       0   0.002  0.003    204     2.000           0.0         0.0         0.0      90.5      45.3
        0        135       0   0.002  0.049   2200     1.000          30.0         0.0        30.0      64.0      64.0
        0         92       0   0.001  0.060   2724     2.000          20.0         0.0       160.0      90.5      45.3
        0        134       0   0.001  0.052   2340     1.189          30.0         0.0       150.0      49.4      41.5
        0         66       0   0.001  0.085   3912     2.000          30.0         0.0       150.0      90.5      45.3
        0         56       0   0.001  0.041   1948     1.542          18.5         1.5        20.0      53.8      34.9
        0         50       0   0.001  0.080   3744     3.084          18.5         0.0        18.5      90.5      29.3
        0         39       0   0.001  0.059   2668     1.414          30.2         0.0       149.8      41.5      29.3
        0         53       0   0.001  0.028   1568     2.000           9.7         0.0         9.7      90.5      45.3
        0         90       0   0.001  0.141   6492     2.181          50.7         0.7       130.0      53.8      24.7
        0         46       0   0.001  0.170   8976     1.834          73.4         0.9       107.4      49.4      90.5
        0         59       0   0.001  0.043   1952     1.682          20.0         0.0       160.0      41.5      24.7
        0         22       0   0.001  0.025   1564     2.000          10.9         0.9       170.0      53.8     107.6
        0        103       0   0.001  0.074   3316     2.594          27.7         0.1       152.5      49.4      19.0
        0         21       0   0.001  0.037   1708     1.834          20.0         0.0        20.0      38.1      20.7
        0         68       0   0.001  0.026   1184     1.297          20.0         0.0        20.0      38.1      29.3
        0         98       0   0.001  0.069   3156     1.542          45.4         1.2       135.8      53.8      34.9
        0        100       0   0.001  0.024   1084     2.378          10.0         0.0        10.0      49.4     117.4
        0         57       0   0.001  0.054   2672     2.378          27.3         0.7       153.4      53.8      22.6
        0         62       0   0.001  0.045   2048     5.187          10.0         0.0       170.0      90.5      17.4
        0         77       0   0.001  0.068   3112     2.181          40.2         0.0       139.8      76.1      34.9
        0         36       0   0.001  0.058   2576     3.668          20.0         0.0        20.0      64.0      17.4
        0        116       0   0.001  0.033   1464     1.542          30.0         0.0        30.0      38.1      24.7
        0         91       0   0.001  0.018    908     1.414          18.9         1.1        20.0      53.8      76.1
        0         41       0   0.001  0.028   1364     4.000          10.0         0.0        10.0      90.5      22.6
        0         31       0   0.001  0.053   3128     2.828          29.3         0.0        29.3      90.5      32.0
        0        125       0   0.001  0.038   1720     1.542          40.0         0.0       140.0      49.4      76.1
        0         88       0   0.001  0.103   4708     4.362          39.1         0.0       140.9      90.5      20.7
        0         16       0   0.001  0.041   1984     5.187          14.1         0.0       165.9      90.5      17.4
        0         83       0   0.001  0.086   3880     1.834          89.3         0.7        90.0      53.8      98.7
        0         63       0   0.000  0.081   3644     4.000          41.1         0.0       138.9      64.0      16.0
        0        114       0   0.000  0.014    632     2.181          14.2         0.0        14.2      49.4     107.6
        0        111       0   0.000  0.011    512     2.594          10.0         0.0       170.0      49.4      19.0
        0         61       0   0.000  0.031   1380     3.668          20.0         0.0        20.0      76.1      20.7
        0         37       0   0.000  0.031   1388     3.084          25.3         0.0       154.7      58.7      19.0
        0         73       0   0.000  0.034   1532     3.668          28.0         0.6       152.6      69.8      19.0
        0        109       0   0.000  0.026   1172     4.000          20.0         0.0       160.0      90.5      22.6
        0        131       0   0.000  0.021    960     2.181          34.2         0.0       145.8      41.5      19.0
        0         93       0   0.000  0.035   1552     3.084          40.1         0.0       139.9      64.0      20.7
        0        133       0   0.000  0.017    744     2.828          21.2         0.0       158.8      49.4      17.4
        0        129       0   0.000  0.023   1040     2.181          40.0         0.0       140.0      49.4      22.6
        0        104       0   0.000  0.012    528     2.181          20.0         0.0       160.0      49.4      22.6
        0         78       0   0.000  0.016    720     4.757          12.8         0.0       167.2      76.1      16.0
        0        124       0   0.000  0.009    388     2.594          20.0         0.0        20.0      38.1      98.7
        0         82       0   0.000  0.029   1288     4.551          40.6         0.0       139.4      90.5      19.9
        0        138       0   0.000  0.007    332     1.000          50.0         0.0        50.0      90.5      90.5
        0         64       0   0.000  0.014    856     3.364          30.0         0.0       150.0      90.5      26.9
        0        142       0   0.000  0.018    824     4.757          30.0         0.0        30.0      90.5      19.0
        0        115       0   0.000  0.009    396     2.594          30.0         0.0        30.0      41.5     107.6
        0        130       0   0.000  0.008    376     4.000          20.0         0.0        20.0      90.5      22.6
        0        128       0   0.000  0.002     96     2.000          10.0         0.0        10.0      49.4      98.7
        0         25       0   0.000  0.007    364     4.000          20.0         0.0       160.0      90.5      22.6
        0        118       0   0.000  0.003    144     1.682          30.0         0.0        30.0      64.0     107.6
        0         97       0   0.000  0.002     80     1.091          30.0         0.0       150.0      53.8      58.7
        0        120       0   0.000  0.001     64     1.189          40.0         0.0       140.0      90.5     107.6
        0         32       0   0.000  0.000      8     4.362          10.0         0.0        10.0      90.5      20.7
        0        112       0   0.000  0.000     12     2.181          90.0         0.0        90.0      53.8     117.4
        0         23       0   0.000  0.000      0       nan           nan         nan         nan       nan       nan
        0         38       0   0.000  0.000      0       nan           nan         nan         nan       nan       nan
        0         43       0   0.000  0.000      0       nan           nan         nan         nan       nan       nan
        0         49       0   0.000  0.000      0       nan           nan         nan         nan       nan       nan
        0         52       0   0.000  0.000      0       nan           nan         nan         nan       nan       nan
        0         54       0   0.000  0.000      0       nan           nan         nan         nan       nan       nan
        0         60       0   0.000  0.000      0       nan           nan         nan         nan       nan       nan
        0         65       0   0.000  0.000      0       nan           nan         nan         nan       nan       nan
        0         70       0   0.000  0.000      0       nan           nan         nan         nan       nan       nan
        0         72       0   0.000  0.000      0       nan           nan         nan         nan       nan       nan
        0         74       0   0.000  0.000      0       nan           nan         nan         nan       nan       nan
        0         75       0   0.000  0.000      0       nan           nan         nan         nan       nan       nan
        0         76       0   0.000  0.000      0       nan           nan         nan         nan       nan       nan
        0         79       0   0.000  0.000      0       nan           nan         nan         nan       nan       nan
        0         80       0   0.000  0.000      0       nan           nan         nan         nan       nan       nan
        0         81       0   0.000  0.000      0       nan           nan         nan         nan       nan       nan
        0         84       0   0.000  0.000      0       nan           nan         nan         nan       nan       nan
        0         85       0   0.000  0.000      0       nan           nan         nan         nan       nan       nan
        0         87       0   0.000  0.000      0       nan           nan         nan         nan       nan       nan
        0         94       0   0.000  0.000      0       nan           nan         nan         nan       nan       nan
        0         96       0   0.000  0.000      0       nan           nan         nan         nan       nan       nan
        0        101       0   0.000  0.000      0       nan           nan         nan         nan       nan       nan
        0        102       0   0.000  0.000      0       nan           nan         nan         nan       nan       nan
        0        107       0   0.000  0.000      0       nan           nan         nan         nan       nan       nan
        0        108       0   0.000  0.000      0       nan           nan         nan         nan       nan       nan
        0        110       0   0.000  0.000      0       nan           nan         nan         nan       nan       nan
        0        113       0   0.000  0.000      0       nan           nan         nan         nan       nan       nan
        0        117       0   0.000  0.000      0       nan           nan         nan         nan       nan       nan
        0        119       0   0.000  0.000      0       nan           nan         nan         nan       nan       nan
        0        121       0   0.000  0.000      0       nan           nan         nan         nan       nan       nan
        0        123       0   0.000  0.000      0       nan           nan         nan         nan       nan       nan
        0        126       0   0.000  0.000      0       nan           nan         nan         nan       nan       nan
        0        127       0   0.000  0.000      0       nan           nan         nan         nan       nan       nan
        0        132       0   0.000  0.000      0       nan           nan         nan         nan       nan       nan
        0        136       0   0.000  0.000      0       nan           nan         nan         nan       nan       nan
        0        139       0   0.000  0.000      0       nan           nan         nan         nan       nan       nan
        0        141       0   0.000  0.000      0       nan           nan         nan         nan       nan       nan
        0        143       0   0.000  0.000      0       nan           nan         nan         nan       nan       nan
        0        144       0   0.000  0.000      0       nan           nan         nan         nan       nan       nan
        1          9       1   0.375  0.446  22436     1.189           0.0       170.0       170.0      64.0      76.1
        1         14       1   0.115  0.137   6784     1.189           0.0       170.0       170.0      69.8      58.7
        1         45       1   0.103  0.113   3316     1.091           0.0       170.0       170.0      49.4      53.8
        1          6       1   0.099  0.302  24064     1.189           1.6       170.0       168.4      64.0      53.8
        1         42       0   0.087  0.134   4260     1.542           0.0       170.0       170.0      64.0      98.7
        1         95       1   0.076  0.091   2440     1.189           0.0       170.0       170.0      69.8      83.0
        1          8       1   0.044  0.481  18496     1.000          10.0       170.0         0.0      64.0      64.0
        1          5       0   0.032  0.338  24220     1.834           4.8       170.0       165.2      64.0     117.4
        1          4       1   0.023  0.317  23796     1.189          10.4       170.0         0.4      64.0      76.1
        1         29       1   0.020  0.250  13212     1.189           9.3       170.0       160.7      69.8      58.7
        1         40       1   0.020  0.323  12520     1.091          13.6       170.0       156.4      64.0      69.8
        1         12       0   0.019  0.359  16920     1.682          10.0       170.0         0.0      69.8     117.4
        1          1       1   0.018  0.312  24780     1.091          14.9       170.0         4.9      64.0      58.7
        1         22       0   0.016  0.027   1236     1.682           0.0       170.0       170.0      64.0     107.6
        1          3       0   0.015  0.260  24916     2.181           7.1       170.0       162.9      64.0      29.3
        1         10       0   0.013  0.219   7008     4.000           3.2       170.0       166.8      69.8      17.4
        1         24       1   0.009  0.119   3932     1.189          10.0       170.0         0.0      49.4      58.7
        1          0       0   0.008  0.277  24096     2.000          15.3       170.0         5.3      64.0      32.0
        1         58       0   0.008  0.277   8148     1.091          30.8       170.0        20.8      49.4      53.8
        1        111       0   0.008  0.019    512     2.486           0.0       170.0       170.0      47.3      19.0
        1         28       0   0.008  0.120   8352     1.414          10.0       170.0       160.0      69.8      49.4
        1         48       0   0.007  0.254  12832     1.297          25.9       170.0       144.1      69.8      53.8
        1         18       0   0.007  0.451  15540     1.834          33.6       170.0       136.4      64.0      34.9
        1         27       0   0.007  0.110   5204     1.414          10.0       170.0         0.0      69.8      98.7
        1         55       0   0.006  0.295   9792     1.682          28.0       170.0       142.0      64.0      38.1
        1         19       0   0.005  0.415  17320     2.594          28.1       170.0       141.9      64.0      24.7
        1         67       0   0.005  0.281   8932     1.682          34.9       170.0       135.1      69.8      41.5
        1         44       0   0.005  0.225   7328     1.189          40.1       170.0        30.1      69.8      83.0
        1         33       0   0.005  0.245   7800     1.682          31.0       170.0       139.0      49.4      29.3
        1         92       0   0.004  0.074   2044     1.542          10.0       170.0       160.0      69.8      45.3
        1         26       0   0.004  0.059   2072     1.297          10.0       170.0       160.0      64.0      49.4
        1         69       0   0.004  0.252   7728     1.000          65.3       170.0       104.7      64.0      64.0
        1         62       0   0.003  0.015    428     4.362           0.0       170.0       170.0      69.8      16.0
        1          2       0   0.003  0.221   6924     4.000          15.5       170.0         5.5      64.0      16.0
        1         30       0   0.003  0.091   3688     1.297          20.0       170.0        10.0      49.4      64.0
        1         89       0   0.003  0.132   3684     1.414          30.0       170.0       140.0      64.0      90.5
        1        105       0   0.003  0.131   3472     1.189          37.7       170.0        27.7      49.4      41.5
        1         20       0   0.003  0.146   5720     1.297          40.1       170.0        30.1      69.8      90.5
        1         16       0   0.003  0.046   1432     4.000           3.4       170.0       166.6      69.8      17.4
        1        103       0   0.003  0.124   3280     2.594          17.5       170.0       152.5      49.4      19.0
        1        140       0   0.003  0.113   2996     1.091          40.0       170.0        30.0      49.4      45.3
        1         86       0   0.002  0.074   1960     1.834          15.5       170.0         5.5      49.4      26.9
        1        134       0   0.002  0.085   2268     1.682          20.0       170.0       150.0      69.8      41.5
        1        137       0   0.002  0.149   4132     1.542          40.0       170.0        30.0      64.0      41.5
        1         66       0   0.002  0.074   2168     1.542          20.0       170.0       150.0      69.8      45.3
        1         71       0   0.002  0.056   1492     1.297          20.0       170.0        10.0      49.4      38.1
        1        135       0   0.002  0.083   2200     1.000          40.0       170.0        30.0      64.0      64.0
        1         35       0   0.002  0.090   2432     4.362          10.0       170.0         0.0      69.8      16.0
        1        125       0   0.002  0.062   1672     1.091          30.0       170.0       140.0      69.8      76.1
        1         98       0   0.002  0.092   2548     1.414          34.3       170.0       135.7      49.4      34.9
        1          7       0   0.002  0.021    792     1.091          10.0       170.0         0.0      69.8      64.0
        1         78       0   0.002  0.027    720     4.362           2.8       170.0       167.2      69.8      16.0
        1        122       0   0.002  0.066   1952     1.189          33.8       170.0        23.8      49.4      41.5
        1         46       0   0.002  0.196   7092     1.834          65.6       170.0       104.4      49.4      90.5
        1         51       0   0.002  0.104   3512     1.542          41.3       170.0        31.3      64.0      98.7
        1         90       0   0.002  0.125   3796     2.000          40.0       170.0       130.0      49.4      24.7
        1         13       0   0.002  0.125   4132     2.378          34.0       170.0        24.0      69.8      29.3
        1         47       0   0.001  0.050   1524     1.682          20.4       170.0        10.4      64.0      38.1
        1         77       0   0.001  0.083   2324     2.000          30.3       170.0       139.7      69.8      34.9
        1        100       0   0.001  0.041   1084     1.682          20.0       170.0        10.0      69.8     117.4
        1         50       0   0.001  0.087   2556     2.378          32.8       170.0        22.8      69.8      29.3
        1         15       0   0.001  0.071   2872     2.828          22.7       170.0        12.7      69.8      24.7
        1         37       0   0.001  0.045   1208     2.594          16.1       170.0       153.9      49.4      19.0
        1         63       0   0.001  0.114   3084     4.000          31.0       170.0       139.0      64.0      16.0
        1         83       0   0.001  0.138   3720     2.000          80.0       170.0        90.0      49.4      98.7
        1         11       0   0.001  0.024    924     2.594          10.0       170.0         0.0      69.8      26.9
        1        104       0   0.001  0.020    528     2.181          10.0       170.0       160.0      49.4      22.6
        1        133       0   0.001  0.028    744     2.828          11.2       170.0       158.8      49.4      17.4
        1         57       0   0.001  0.043   1404     2.828          18.1       170.0       151.9      64.0      22.6
        1         17       0   0.001  0.076   2876     2.594          37.2       170.0        27.2      69.8      26.9
        1         53       0   0.001  0.024    932     1.542          20.0       170.0        10.0      69.8      45.3
        1        109       0   0.001  0.024    644     3.084          10.0       170.0       160.0      69.8      22.6
        1         36       0   0.001  0.075   2036     3.668          30.0       170.0        20.0      64.0      17.4
        1        114       0   0.001  0.024    632     1.542          24.2       170.0        14.2      69.8     107.6
        1         41       0   0.001  0.039   1208     3.084          20.0       170.0        10.0      69.8      22.6
        1         99       0   0.001  0.029    792     4.362          10.0       170.0         0.0      69.8      16.0
        1         31       0   0.001  0.052   2164     2.181          39.9       170.0        29.9      69.8      32.0
        1        129       0   0.001  0.038    996     2.181          30.0       170.0       140.0      49.4      22.6
        1         56       0   0.001  0.031    952     1.834          30.0       170.0        20.0      64.0      34.9
        1         93       0   0.001  0.056   1492     3.364          30.1       170.0       139.9      69.8      20.7
        1         91       0   0.001  0.020    608     1.189          30.0       170.0        20.0      64.0      76.1
        1         88       0   0.001  0.059   1808     3.668          30.0       170.0       140.0      69.8      19.0
        1         25       0   0.001  0.018    576     3.084          10.0       170.0       160.0      69.8      22.6
        1        106       0   0.000  0.023    624     4.362          10.0       170.0         0.0      69.8      16.0
        1         73       0   0.000  0.021    588     3.364          20.0       170.0       150.0      64.0      19.0
        1         64       0   0.000  0.014    620     2.594          20.0       170.0       150.0      69.8      26.9
        1         61       0   0.000  0.018    504     3.364          30.0       170.0        20.0      69.8      20.7
        1        128       0   0.000  0.004     96     1.414          20.0       170.0        10.0      69.8      98.7
        1        118       0   0.000  0.005    132     1.682          40.0       170.0        30.0      64.0     107.6
        1         34       0   0.000  0.001     36     1.542          10.0       170.0         0.0      69.8      45.3
        1         32       0   0.000  0.003     88     3.364          20.0       170.0        10.0      69.8      20.7
        1         97       0   0.000  0.001     24     1.091          20.0       170.0       150.0      64.0      58.7
        1        142       0   0.000  0.004    112     3.364          40.0       170.0        30.0      64.0      19.0
        1        120       0   0.000  0.000      8     1.834          30.0       170.0       140.0      58.7     107.6
        1        112       0   0.000  0.000     12     2.594          80.0       170.0        90.0      45.3     117.4
        1         21       0   0.000  0.000      0       nan           nan         nan         nan       nan       nan
        1         23       0   0.000  0.000      0       nan           nan         nan         nan       nan       nan
        1         38       0   0.000  0.000      0       nan           nan         nan         nan       nan       nan
        1         39       0   0.000  0.000      0       nan           nan         nan         nan       nan       nan
        1         43       0   0.000  0.000      0       nan           nan         nan         nan       nan       nan
        1         49       0   0.000  0.000      0       nan           nan         nan         nan       nan       nan
        1         52       0   0.000  0.000      0       nan           nan         nan         nan       nan       nan
        1         54       0   0.000  0.000      0       nan           nan         nan         nan       nan       nan
        1         59       0   0.000  0.000      0       nan           nan         nan         nan       nan       nan
        1         60       0   0.000  0.000      0       nan           nan         nan         nan       nan       nan
        1         65       0   0.000  0.000      0       nan           nan         nan         nan       nan       nan
        1         68       0   0.000  0.000      0       nan           nan         nan         nan       nan       nan
        1         70       0   0.000  0.000      0       nan           nan         nan         nan       nan       nan
        1         72       0   0.000  0.000      0       nan           nan         nan         nan       nan       nan
        1         74       0   0.000  0.000      0       nan           nan         nan         nan       nan       nan
        1         75       0   0.000  0.000      0       nan           nan         nan         nan       nan       nan
        1         76       0   0.000  0.000      0       nan           nan         nan         nan       nan       nan
        1         79       0   0.000  0.000      0       nan           nan         nan         nan       nan       nan
        1         80       0   0.000  0.000      0       nan           nan         nan         nan       nan       nan
        1         81       0   0.000  0.000      0       nan           nan         nan         nan       nan       nan
        1         82       0   0.000  0.000      0       nan           nan         nan         nan       nan       nan
        1         84       0   0.000  0.000      0       nan           nan         nan         nan       nan       nan
        1         85       0   0.000  0.000      0       nan           nan         nan         nan       nan       nan
        1         87       0   0.000  0.000      0       nan           nan         nan         nan       nan       nan
        1         94       0   0.000  0.000      0       nan           nan         nan         nan       nan       nan
        1         96       0   0.000  0.000      0       nan           nan         nan         nan       nan       nan
        1        101       0   0.000  0.000      0       nan           nan         nan         nan       nan       nan
        1        102       0   0.000  0.000      0       nan           nan         nan         nan       nan       nan
        1        107       0   0.000  0.000      0       nan           nan         nan         nan       nan       nan
        1        108       0   0.000  0.000      0       nan           nan         nan         nan       nan       nan
        1        110       0   0.000  0.000      0       nan           nan         nan         nan       nan       nan
        1        113       0   0.000  0.000      0       nan           nan         nan         nan       nan       nan
        1        115       0   0.000  0.000      0       nan           nan         nan         nan       nan       nan
        1        116       0   0.000  0.000      0       nan           nan         nan         nan       nan       nan
        1        117       0   0.000  0.000      0       nan           nan         nan         nan       nan       nan
        1        119       0   0.000  0.000      0       nan           nan         nan         nan       nan       nan
        1        121       0   0.000  0.000      0       nan           nan         nan         nan       nan       nan
        1        123       0   0.000  0.000      0       nan           nan         nan         nan       nan       nan
        1        124       0   0.000  0.000      0       nan           nan         nan         nan       nan       nan
        1        126       0   0.000  0.000      0       nan           nan         nan         nan       nan       nan
        1        127       0   0.000  0.000      0       nan           nan         nan         nan       nan       nan
        1        130       0   0.000  0.000      0       nan           nan         nan         nan       nan       nan
        1        131       0   0.000  0.000      0       nan           nan         nan         nan       nan       nan
        1        132       0   0.000  0.000      0       nan           nan         nan         nan       nan       nan
        1        136       0   0.000  0.000      0       nan           nan         nan         nan       nan       nan
        1        138       0   0.000  0.000      0       nan           nan         nan         nan       nan       nan
        1        139       0   0.000  0.000      0       nan           nan         nan         nan       nan       nan
        1        141       0   0.000  0.000      0       nan           nan         nan         nan       nan       nan
        1        143       0   0.000  0.000      0       nan           nan         nan         nan       nan       nan
        1        144       0   0.000  0.000      0       nan           nan         nan         nan       nan       nan
        2          2       1   0.061  0.070   1032     1.000           0.2         0.0         0.2      16.0      16.0
        2         86       1   0.061  0.452   1836     1.189           5.2         0.0         5.2      22.6      26.9
        2          8       0   0.031  0.104   3240     3.364           0.0         0.0         0.0      19.0      64.0
        2         71       0   0.017  0.317   1308     1.682          10.0         0.0        10.0      22.6      38.1
        2          4       0   0.014  0.051   3692     3.668           0.0         0.0         0.0      20.7      76.1
        2         12       0   0.012  0.070   2704     5.657           0.0         0.0         0.0      19.0     107.6
        2        111       1   0.012  0.129    508     1.000          10.0         0.0       170.0      19.0      19.0
        2          0       0   0.010  0.042   3592     1.682           1.6         0.0         1.6      20.7      34.9
        2        105       0   0.009  0.488   2436     2.000          27.5         0.0        27.6      20.7      41.5
        2         10       1   0.007  0.086   1320     1.000          10.8         0.0       169.2      16.0      16.0
        2        140       0   0.007  0.409   2012     2.000          30.0         0.0        30.0      22.6      45.3
        2        133       0   0.007  0.188    740     1.297          21.2         0.0       158.8      22.6      17.4
        2        103       0   0.006  0.158    992     1.189          20.0         0.0       160.0      22.6      19.0
        2          1       0   0.006  0.044   3464     2.378           2.1         0.0         2.1      20.7      49.4
        2         37       0   0.005  0.142    664     1.189          25.2         0.0       154.8      16.0      19.0
        2         58       0   0.003  0.142   1868     2.181          22.9         0.0        22.9      22.6      49.4
        2         33       0   0.002  0.147   2196     1.542          40.0         0.0       140.0      19.0      29.3
        2          3       0   0.002  0.040   3784     1.542          11.4         0.0       168.6      20.7      32.0
        2         95       0   0.002  0.077    488     3.668          10.0         0.0       170.0      22.6      83.0
        2          6       0   0.002  0.043   3348     2.181          10.0         0.0       170.0      19.0      41.5
        2         19       0   0.002  0.076   2576     1.189          39.1         0.0       140.9      19.0      22.6
        2          9       0   0.001  0.061   2892     4.000          10.0         0.0       170.0      19.0      76.1
        2        104       0   0.001  0.039    168     1.414          20.2         0.2       160.0      16.0      22.6
        2        134       0   0.001  0.070    416     1.834          30.0         0.0       150.0      22.6      41.5
        2         42       0   0.001  0.083   1040     6.169          10.0         0.0       170.0      16.0      98.7
        2         90       0   0.001  0.069    756     1.297          50.1         0.1       130.0      19.0      24.7
        2          5       0   0.001  0.044   3088     3.668          11.2         0.0       168.8      19.0      69.8
        2         55       0   0.001  0.078   1488     2.000          40.0         0.0       140.0      19.0      38.1
        2         18       0   0.001  0.089   2260     2.181          43.8         0.0       136.2      16.0      34.9
        2         67       0   0.001  0.083   1400     2.378          47.5         0.0       132.6      19.0      45.3
        2         36       0   0.000  0.009     60     1.091          20.0         0.0        20.0      16.0      17.4
        2         40       0   0.000  0.044   1224     4.362          24.2         0.0       155.8      16.0      69.8
        2        100       0   0.000  0.023    112     5.187          10.0         0.0        10.0      22.6     117.4
        2        114       0   0.000  0.020     88     4.757          10.0         0.0        10.0      22.6     107.6
        2         69       0   0.000  0.052    784     2.828          82.0         0.0        98.0      22.6      64.0
        2         46       0   0.000  0.043    868     3.364          80.0         0.0       100.0      22.6      76.1
        2         48       0   0.000  0.015    616     3.364          35.5         0.0       144.5      16.0      53.8
        2         29       0   0.000  0.005    232     2.594          20.0         0.0       160.0      22.6      58.7
        2        137       0   0.000  0.004     36     2.594          30.0         0.0        30.0      16.0      41.5
        2        128       0   0.000  0.002      8     4.362          10.0         0.0        10.0      22.6      98.7
        2          7       0   0.000  0.000      0       nan           nan         nan         nan       nan       nan
        2         11       0   0.000  0.000      0       nan           nan         nan         nan       nan       nan
        2         13       0   0.000  0.000      0       nan           nan         nan         nan       nan       nan
        2         14       0   0.000  0.000      0       nan           nan         nan         nan       nan       nan
        2         15       0   0.000  0.000      0       nan           nan         nan         nan       nan       nan
        2         16       0   0.000  0.000      0       nan           nan         nan         nan       nan       nan
        2         17       0   0.000  0.000      0       nan           nan         nan         nan       nan       nan
        2         20       0   0.000  0.000      0       nan           nan         nan         nan       nan       nan
        2         21       0   0.000  0.000      0       nan           nan         nan         nan       nan       nan
        2         22       0   0.000  0.000      0       nan           nan         nan         nan       nan       nan
        2         23       0   0.000  0.000      0       nan           nan         nan         nan       nan       nan
        2         24       0   0.000  0.000      0       nan           nan         nan         nan       nan       nan
        2         25       0   0.000  0.000      0       nan           nan         nan         nan       nan       nan
        2         26       0   0.000  0.000      0       nan           nan         nan         nan       nan       nan
        2         27       0   0.000  0.000      0       nan           nan         nan         nan       nan       nan
        2         28       0   0.000  0.000      0       nan           nan         nan         nan       nan       nan
        2         30       0   0.000  0.000      0       nan           nan         nan         nan       nan       nan
        2         31       0   0.000  0.000      0       nan           nan         nan         nan       nan       nan
        2         32       0   0.000  0.000      0       nan           nan         nan         nan       nan       nan
        2         34       0   0.000  0.000      0       nan           nan         nan         nan       nan       nan
        2         35       0   0.000  0.000      0       nan           nan         nan         nan       nan       nan
        2         38       0   0.000  0.000      0       nan           nan         nan         nan       nan       nan
        2         39       0   0.000  0.000      0       nan           nan         nan         nan       nan       nan
        2         41       0   0.000  0.000      0       nan           nan         nan         nan       nan       nan
        2         43       0   0.000  0.000      0       nan           nan         nan         nan       nan       nan
        2         44       0   0.000  0.000      0       nan           nan         nan         nan       nan       nan
        2         45       0   0.000  0.000      0       nan           nan         nan         nan       nan       nan
        2         47       0   0.000  0.000      0       nan           nan         nan         nan       nan       nan
        2         49       0   0.000  0.000      0       nan           nan         nan         nan       nan       nan
        2         50       0   0.000  0.000      0       nan           nan         nan         nan       nan       nan
        2         51       0   0.000  0.000      0       nan           nan         nan         nan       nan       nan
        2         52       0   0.000  0.000      0       nan           nan         nan         nan       nan       nan
        2         53       0   0.000  0.000      0       nan           nan         nan         nan       nan       nan
        2         54       0   0.000  0.000      0       nan           nan         nan         nan       nan       nan
        2         56       0   0.000  0.000      0       nan           nan         nan         nan       nan       nan
        2         57       0   0.000  0.000      0       nan           nan         nan         nan       nan       nan
        2         59       0   0.000  0.000      0       nan           nan         nan         nan       nan       nan
        2         60       0   0.000  0.000      0       nan           nan         nan         nan       nan       nan
        2         61       0   0.000  0.000      0       nan           nan         nan         nan       nan       nan
        2         62       0   0.000  0.000      0       nan           nan         nan         nan       nan       nan
        2         63       0   0.000  0.000      0       nan           nan         nan         nan       nan       nan
        2         64       0   0.000  0.000      0       nan           nan         nan         nan       nan       nan
        2         65       0   0.000  0.000      0       nan           nan         nan         nan       nan       nan
        2         66       0   0.000  0.000      0       nan           nan         nan         nan       nan       nan
        2         68       0   0.000  0.000      0       nan           nan         nan         nan       nan       nan
        2         70       0   0.000  0.000      0       nan           nan         nan         nan       nan       nan
        2         72       0   0.000  0.000      0       nan           nan         nan         nan       nan       nan
        2         73       0   0.000  0.000      0       nan           nan         nan         nan       nan       nan
        2         74       0   0.000  0.000      0       nan           nan         nan         nan       nan       nan
        2         75       0   0.000  0.000      0       nan           nan         nan         nan       nan       nan
        2         76       0   0.000  0.000      0       nan           nan         nan         nan       nan       nan
        2         77       0   0.000  0.000      0       nan           nan         nan         nan       nan       nan
        2         78       0   0.000  0.000      0       nan           nan         nan         nan       nan       nan
        2         79       0   0.000  0.000      0       nan           nan         nan         nan       nan       nan
        2         80       0   0.000  0.000      0       nan           nan         nan         nan       nan       nan
        2         81       0   0.000  0.000      0       nan           nan         nan         nan       nan       nan
        2         82       0   0.000  0.000      0       nan           nan         nan         nan       nan       nan
        2         83       0   0.000  0.000      0       nan           nan         nan         nan       nan       nan
        2         84       0   0.000  0.000      0       nan           nan         nan         nan       nan       nan
        2         85       0   0.000  0.000      0       nan           nan         nan         nan       nan       nan
        2         87       0   0.000  0.000      0       nan           nan         nan         nan       nan       nan
        2         88       0   0.000  0.000      0       nan           nan         nan         nan       nan       nan
        2         89       0   0.000  0.000      0       nan           nan         nan         nan       nan       nan
        2         91       0   0.000  0.000      0       nan           nan         nan         nan       nan       nan
        2         92       0   0.000  0.000      0       nan           nan         nan         nan       nan       nan
        2         93       0   0.000  0.000      0       nan           nan         nan         nan       nan       nan
        2         94       0   0.000  0.000      0       nan           nan         nan         nan       nan       nan
        2         96       0   0.000  0.000      0       nan           nan         nan         nan       nan       nan
        2         97       0   0.000  0.000      0       nan           nan         nan         nan       nan       nan
        2         98       0   0.000  0.000      0       nan           nan         nan         nan       nan       nan
        2         99       0   0.000  0.000      0       nan           nan         nan         nan       nan       nan
        2        101       0   0.000  0.000      0       nan           nan         nan         nan       nan       nan
        2        102       0   0.000  0.000      0       nan           nan         nan         nan       nan       nan
        2        106       0   0.000  0.000      0       nan           nan         nan         nan       nan       nan
        2        107       0   0.000  0.000      0       nan           nan         nan         nan       nan       nan
        2        108       0   0.000  0.000      0       nan           nan         nan         nan       nan       nan
        2        109       0   0.000  0.000      0       nan           nan         nan         nan       nan       nan
        2        110       0   0.000  0.000      0       nan           nan         nan         nan       nan       nan
        2        112       0   0.000  0.000      0       nan           nan         nan         nan       nan       nan
        2        113       0   0.000  0.000      0       nan           nan         nan         nan       nan       nan
        2        115       0   0.000  0.000      0       nan           nan         nan         nan       nan       nan
        2        116       0   0.000  0.000      0       nan           nan         nan         nan       nan       nan
        2        117       0   0.000  0.000      0       nan           nan         nan         nan       nan       nan
        2        118       0   0.000  0.000      0       nan           nan         nan         nan       nan       nan
        2        119       0   0.000  0.000      0       nan           nan         nan         nan       nan       nan
        2        120       0   0.000  0.000      0       nan           nan         nan         nan       nan       nan
        2        121       0   0.000  0.000      0       nan           nan         nan         nan       nan       nan
        2        122       0   0.000  0.000      0       nan           nan         nan         nan       nan       nan
        2        123       0   0.000  0.000      0       nan           nan         nan         nan       nan       nan
        2        124       0   0.000  0.000      0       nan           nan         nan         nan       nan       nan
        2        125       0   0.000  0.000      0       nan           nan         nan         nan       nan       nan
        2        126       0   0.000  0.000      0       nan           nan         nan         nan       nan       nan
        2        127       0   0.000  0.000      0       nan           nan         nan         nan       nan       nan
        2        129       0   0.000  0.000      0       nan           nan         nan         nan       nan       nan
        2        130       0   0.000  0.000      0       nan           nan         nan         nan       nan       nan
        2        131       0   0.000  0.000      0       nan           nan         nan         nan       nan       nan
        2        132       0   0.000  0.000      0       nan           nan         nan         nan       nan       nan
        2        135       0   0.000  0.000      0       nan           nan         nan         nan       nan       nan
        2        136       0   0.000  0.000      0       nan           nan         nan         nan       nan       nan
        2        138       0   0.000  0.000      0       nan           nan         nan         nan       nan       nan
        2        139       0   0.000  0.000      0       nan           nan         nan         nan       nan       nan
        2        141       0   0.000  0.000      0       nan           nan         nan         nan       nan       nan
        2        142       0   0.000  0.000      0       nan           nan         nan         nan       nan       nan
        2        143       0   0.000  0.000      0       nan           nan         nan         nan       nan       nan
        2        144       0   0.000  0.000      0       nan           nan         nan         nan       nan       nan
        3         11       1   0.226  0.226   2992     1.000           0.0         0.0         0.0      26.9      26.9
        3         32       0   0.042  0.330   1956     1.414           4.6         0.0         4.6      26.9      19.0
        3          0       0   0.028  0.036   3036     1.091           0.2         0.0         0.2      26.9      29.3
        3         25       1   0.024  0.316   2364     1.189          10.3         0.0       169.7      26.9      22.6
        3         41       1   0.023  0.302   1952     1.189          10.0         0.0        10.0      26.9      22.6
        3         27       0   0.019  0.070   1900     3.668           0.0         0.0         0.0      26.9      98.7
        3         34       0   0.019  0.027    512     1.414           0.0         0.0         0.0      32.0      45.3
        3         54       0   0.018  0.283   1016     1.414          10.0         0.0       170.0      24.7      17.4
        3         99       0   0.015  0.033    156     2.181           0.0         0.0         0.0      34.9      16.0
        3        136       0   0.015  0.231    852     1.414          10.0         0.0       170.0      29.3      41.5
        3         15       1   0.014  0.169   2908     1.091          10.0         0.0        10.0      26.9      24.7
        3         31       1   0.012  0.173   2980     1.091          11.9         0.0        11.9      26.9      29.3
        3          4       0   0.006  0.021   1520     3.364           0.0         0.0         0.0      26.9      90.5
        3         12       0   0.006  0.026   1036     4.362           0.0         0.0         0.0      24.7     107.6
        3        126       0   0.006  0.490   1956     2.000          40.0         0.0       140.0      26.9      53.8
        3         53       0   0.005  0.085   1240     1.682          10.0         0.0        10.0      26.9      45.3
        3          1       0   0.003  0.029   2288     1.542           4.6         0.0         4.6      26.9      41.5
        3          8       0   0.003  0.008    280     2.706           0.0         0.0         0.0      23.7      64.0
        3         16       0   0.003  0.055    460     1.834          10.5         0.0       169.5      32.0      17.4
        3          3       0   0.002  0.032   3036     1.000          15.3         0.0       164.7      26.9      26.9
        3         64       0   0.002  0.066   1248     1.091          30.0         0.0       150.0      29.3      26.9
        3         10       0   0.002  0.050    740     1.414          20.0         0.0       160.0      24.7      17.4
        3         14       0   0.001  0.032   1024     2.000          10.0         0.0       170.0      29.3      58.7
        3         87       0   0.001  0.041    388     1.542          20.0         0.0        20.0      34.9      22.6
        3          9       0   0.001  0.046   2160     3.364          10.0         0.0       170.0      26.9      90.5
        3         48       0   0.001  0.075   2768     2.000          30.0         0.0       150.0      26.9      53.8
        3         28       0   0.001  0.045   2368     1.682          25.3         0.0       154.7      26.9      45.3
        3         29       0   0.001  0.042   1720     2.181          19.6         0.0       160.4      26.9      58.7
        3         17       0   0.001  0.033    564     1.834          20.0         0.0        20.0      22.6      41.5
        3         85       0   0.001  0.033    352     1.297          30.0         0.0       150.0      29.3      22.6
        3         38       0   0.001  0.008     92     1.189          10.0         0.0       170.0      29.3      34.9
        3          6       0   0.001  0.026   2044     2.000          20.0         0.0       160.0      26.9      53.8
        3          5       0   0.001  0.043   2960     3.668          18.4         0.0       161.6      26.9      98.7
        3         19       0   0.000  0.008    284     1.414          40.0         0.0       140.0      34.9      24.7
        3          2       0   0.000  0.000      0       nan           nan         nan         nan       nan       nan
        3          7       0   0.000  0.000      0       nan           nan         nan         nan       nan       nan
        3         13       0   0.000  0.000      0       nan           nan         nan         nan       nan       nan
        3         18       0   0.000  0.000      0       nan           nan         nan         nan       nan       nan
        3         20       0   0.000  0.000      0       nan           nan         nan         nan       nan       nan
        3         21       0   0.000  0.000      0       nan           nan         nan         nan       nan       nan
        3         22       0   0.000  0.000      0       nan           nan         nan         nan       nan       nan
        3         23       0   0.000  0.000      0       nan           nan         nan         nan       nan       nan
        3         24       0   0.000  0.000      0       nan           nan         nan         nan       nan       nan
        3         26       0   0.000  0.000      0       nan           nan         nan         nan       nan       nan
        3         30       0   0.000  0.000      0       nan           nan         nan         nan       nan       nan
        3         33       0   0.000  0.000      0       nan           nan         nan         nan       nan       nan
        3         35       0   0.000  0.000      0       nan           nan         nan         nan       nan       nan
        3         36       0   0.000  0.000      0       nan           nan         nan         nan       nan       nan
        3         37       0   0.000  0.000      0       nan           nan         nan         nan       nan       nan
        3         39       0   0.000  0.000      0       nan           nan         nan         nan       nan       nan
        3         40       0   0.000  0.000      0       nan           nan         nan         nan       nan       nan
        3         42       0   0.000  0.000      0       nan           nan         nan         nan       nan       nan
        3         43       0   0.000  0.000      0       nan           nan         nan         nan       nan       nan
        3         44       0   0.000  0.000      0       nan           nan         nan         nan       nan       nan
        3         45       0   0.000  0.000      0       nan           nan         nan         nan       nan       nan
        3         46       0   0.000  0.000      0       nan           nan         nan         nan       nan       nan
        3         47       0   0.000  0.000      0       nan           nan         nan         nan       nan       nan
        3         49       0   0.000  0.000      0       nan           nan         nan         nan       nan       nan
        3         50       0   0.000  0.000      0       nan           nan         nan         nan       nan       nan
        3         51       0   0.000  0.000      0       nan           nan         nan         nan       nan       nan
        3         52       0   0.000  0.000      0       nan           nan         nan         nan       nan       nan
        3         55       0   0.000  0.000      0       nan           nan         nan         nan       nan       nan
        3         56       0   0.000  0.000      0       nan           nan         nan         nan       nan       nan
        3         57       0   0.000  0.000      0       nan           nan         nan         nan       nan       nan
        3         58       0   0.000  0.000      0       nan           nan         nan         nan       nan       nan
        3         59       0   0.000  0.000      0       nan           nan         nan         nan       nan       nan
        3         60       0   0.000  0.000      0       nan           nan         nan         nan       nan       nan
        3         61       0   0.000  0.000      0       nan           nan         nan         nan       nan       nan
        3         62       0   0.000  0.000      0       nan           nan         nan         nan       nan       nan
        3         63       0   0.000  0.000      0       nan           nan         nan         nan       nan       nan
        3         65       0   0.000  0.000      0       nan           nan         nan         nan       nan       nan
        3         66       0   0.000  0.000      0       nan           nan         nan         nan       nan       nan
        3         67       0   0.000  0.000      0       nan           nan         nan         nan       nan       nan
        3         68       0   0.000  0.000      0       nan           nan         nan         nan       nan       nan
        3         69       0   0.000  0.000      0       nan           nan         nan         nan       nan       nan
        3         70       0   0.000  0.000      0       nan           nan         nan         nan       nan       nan
        3         71       0   0.000  0.000      0       nan           nan         nan         nan       nan       nan
        3         72       0   0.000  0.000      0       nan           nan         nan         nan       nan       nan
        3         73       0   0.000  0.000      0       nan           nan         nan         nan       nan       nan
        3         74       0   0.000  0.000      0       nan           nan         nan         nan       nan       nan
        3         75       0   0.000  0.000      0       nan           nan         nan         nan       nan       nan
        3         76       0   0.000  0.000      0       nan           nan         nan         nan       nan       nan
        3         77       0   0.000  0.000      0       nan           nan         nan         nan       nan       nan
        3         78       0   0.000  0.000      0       nan           nan         nan         nan       nan       nan
        3         79       0   0.000  0.000      0       nan           nan         nan         nan       nan       nan
        3         80       0   0.000  0.000      0       nan           nan         nan         nan       nan       nan
        3         81       0   0.000  0.000      0       nan           nan         nan         nan       nan       nan
        3         82       0   0.000  0.000      0       nan           nan         nan         nan       nan       nan
        3         83       0   0.000  0.000      0       nan           nan         nan         nan       nan       nan
        3         84       0   0.000  0.000      0       nan           nan         nan         nan       nan       nan
        3         86       0   0.000  0.000      0       nan           nan         nan         nan       nan       nan
        3         88       0   0.000  0.000      0       nan           nan         nan         nan       nan       nan
        3         89       0   0.000  0.000      0       nan           nan         nan         nan       nan       nan
        3         90       0   0.000  0.000      0       nan           nan         nan         nan       nan       nan
        3         91       0   0.000  0.000      0       nan           nan         nan         nan       nan       nan
        3         92       0   0.000  0.000      0       nan           nan         nan         nan       nan       nan
        3         93       0   0.000  0.000      0       nan           nan         nan         nan       nan       nan
        3         94       0   0.000  0.000      0       nan           nan         nan         nan       nan       nan
        3         95       0   0.000  0.000      0       nan           nan         nan         nan       nan       nan
        3         96       0   0.000  0.000      0       nan           nan         nan         nan       nan       nan
        3         97       0   0.000  0.000      0       nan           nan         nan         nan       nan       nan
        3         98       0   0.000  0.000      0       nan           nan         nan         nan       nan       nan
        3        100       0   0.000  0.000      0       nan           nan         nan         nan       nan       nan
        3        101       0   0.000  0.000      0       nan           nan         nan         nan       nan       nan
        3        102       0   0.000  0.000      0       nan           nan         nan         nan       nan       nan
        3        103       0   0.000  0.000      0       nan           nan         nan         nan       nan       nan
        3        104       0   0.000  0.000      0       nan           nan         nan         nan       nan       nan
        3        105       0   0.000  0.000      0       nan           nan         nan         nan       nan       nan
        3        106       0   0.000  0.000      0       nan           nan         nan         nan       nan       nan
        3        107       0   0.000  0.000      0       nan           nan         nan         nan       nan       nan
        3        108       0   0.000  0.000      0       nan           nan         nan         nan       nan       nan
        3        109       0   0.000  0.000      0       nan           nan         nan         nan       nan       nan
        3        110       0   0.000  0.000      0       nan           nan         nan         nan       nan       nan
        3        111       0   0.000  0.000      0       nan           nan         nan         nan       nan       nan
        3        112       0   0.000  0.000      0       nan           nan         nan         nan       nan       nan
        3        113       0   0.000  0.000      0       nan           nan         nan         nan       nan       nan
        3        114       0   0.000  0.000      0       nan           nan         nan         nan       nan       nan
        3        115       0   0.000  0.000      0       nan           nan         nan         nan       nan       nan
        3        116       0   0.000  0.000      0       nan           nan         nan         nan       nan       nan
        3        117       0   0.000  0.000      0       nan           nan         nan         nan       nan       nan
        3        118       0   0.000  0.000      0       nan           nan         nan         nan       nan       nan
        3        119       0   0.000  0.000      0       nan           nan         nan         nan       nan       nan
        3        120       0   0.000  0.000      0       nan           nan         nan         nan       nan       nan
        3        121       0   0.000  0.000      0       nan           nan         nan         nan       nan       nan
        3        122       0   0.000  0.000      0       nan           nan         nan         nan       nan       nan
        3        123       0   0.000  0.000      0       nan           nan         nan         nan       nan       nan
        3        124       0   0.000  0.000      0       nan           nan         nan         nan       nan       nan
        3        125       0   0.000  0.000      0       nan           nan         nan         nan       nan       nan
        3        127       0   0.000  0.000      0       nan           nan         nan         nan       nan       nan
        3        128       0   0.000  0.000      0       nan           nan         nan         nan       nan       nan
        3        129       0   0.000  0.000      0       nan           nan         nan         nan       nan       nan
        3        130       0   0.000  0.000      0       nan           nan         nan         nan       nan       nan
        3        131       0   0.000  0.000      0       nan           nan         nan         nan       nan       nan
        3        132       0   0.000  0.000      0       nan           nan         nan         nan       nan       nan
        3        133       0   0.000  0.000      0       nan           nan         nan         nan       nan       nan
        3        134       0   0.000  0.000      0       nan           nan         nan         nan       nan       nan
        3        135       0   0.000  0.000      0       nan           nan         nan         nan       nan       nan
        3        137       0   0.000  0.000      0       nan           nan         nan         nan       nan       nan
        3        138       0   0.000  0.000      0       nan           nan         nan         nan       nan       nan
        3        139       0   0.000  0.000      0       nan           nan         nan         nan       nan       nan
        3        140       0   0.000  0.000      0       nan           nan         nan         nan       nan       nan
        3        141       0   0.000  0.000      0       nan           nan         nan         nan       nan       nan
        3        142       0   0.000  0.000      0       nan           nan         nan         nan       nan       nan
        3        143       0   0.000  0.000      0       nan           nan         nan         nan       nan       nan
        3        144       0   0.000  0.000      0       nan           nan         nan         nan       nan       nan
        4          1       0   0.028  0.209  16324     1.297           4.8        10.0         5.2      76.1      58.7
        4         12       0   0.021  0.356  14244     1.542          10.0        10.0         0.0      76.1     117.4
        4          4       1   0.020  0.229  16588     1.091           9.7        10.0         0.3      76.1      83.0
        4         20       1   0.018  0.240   6780     1.091          11.1        10.0        21.1      83.0      90.5
        4         42       0   0.017  0.458   8248     1.297          20.0        10.0       170.0      76.1      98.7
        4          7       0   0.016  0.229   5424     1.297          10.0        10.0         0.0      83.0      64.0
        4          8       1   0.016  0.209   8132     1.189          10.0        10.0         0.0      76.1      64.0
        4          9       0   0.015  0.344  16116     1.091          20.0        10.0       170.0      76.1      83.0
        4          2       0   0.015  0.463   8972     4.757           5.6        10.0         4.4      76.1      16.0
        4          0       0   0.015  0.185  15848     2.378           4.4        10.0         5.6      76.1      32.0
        4         15       0   0.013  0.134   3984     3.084           2.2        10.0        12.2      76.1      24.7
        4         44       0   0.009  0.203   5064     1.091          20.0        10.0        30.0      76.1      83.0
        4        137       0   0.007  0.283   4856     2.000          20.0        10.0        30.0      76.1      38.1
        4          5       0   0.007  0.239  16588     1.542          22.3        10.0       167.7      76.1     117.4
        4         51       0   0.007  0.205   4648     1.189          25.3        10.0        35.3      83.0      98.7
        4          6       0   0.006  0.210  16288     1.542          21.3        10.0       168.7      76.1      49.4
        4         40       0   0.005  0.217   7376     1.091          35.5        10.0       154.5      76.1      69.8
        4         14       0   0.005  0.158   6312     1.297          22.6        10.0       167.4      76.1      58.7
        4        135       0   0.005  0.124   2072     1.189          20.0        10.0        30.0      76.1      64.0
        4         26       0   0.005  0.246   5432     1.682          30.0        10.0       160.0      83.0      49.4
        4         13       0   0.004  0.137   3300     2.594          12.0        10.0        22.0      76.1      29.3
        4         48       0   0.004  0.273  11464     1.414          47.1        10.0       142.9      76.1      53.8
        4         53       0   0.004  0.006    176     1.682           0.0        10.0        10.0      76.1      45.3
        4         36       0   0.003  0.155   2576     4.362          10.0        10.0        20.0      76.1      17.4
        4         18       0   0.003  0.312   9548     1.834          54.2        10.0       135.8      76.1      41.5
        4         89       0   0.003  0.185   3392     1.189          50.0        10.0       140.0      76.1      90.5
        4          3       0   0.003  0.161  15360     2.378          25.9        10.0       164.1      76.1      32.0
        4         29       0   0.002  0.099   5060     1.297          30.0        10.0       160.0      76.1      58.7
        4         17       0   0.002  0.124   3428     3.084          17.2        10.0        27.2      90.5      29.3
        4         10       0   0.002  0.236   5588     4.362          23.7        10.0       166.3      76.1      17.4
        4         35       0   0.002  0.111   1960     4.757          10.0        10.0         0.0      76.1      16.0
        4         30       0   0.002  0.002     80     1.189           0.0        10.0        10.0      76.1      64.0
        4         67       0   0.002  0.174   4576     1.682          55.5        10.0       134.5      76.1      45.3
        4         61       0   0.002  0.073   1228     3.668          10.0        10.0        20.0      76.1      20.7
        4         19       0   0.001  0.268  10424     4.362          45.1        10.0       144.9      76.1      17.4
        4         50       0   0.001  0.041    876     3.084           9.9        10.0        19.9      90.5      29.3
        4         28       0   0.001  0.053   3456     1.542          30.0        10.0       160.0      76.1      49.4
        4         69       0   0.001  0.086   2272     1.297          60.0        10.0       130.0      76.1      58.7
        4        106       0   0.001  0.056    952     4.757          10.0        10.0         0.0      76.1      16.0
        4         55       0   0.001  0.088   2676     2.000          50.0        10.0       140.0      76.1      38.1
        4         27       0   0.001  0.012    496     1.297          10.0        10.0         0.0      76.1      98.7
        4         24       0   0.001  0.011    284     1.297          10.0        10.0         0.0      76.1      58.7
        4        105       0   0.001  0.028    552     2.828          13.1        10.0        23.1      76.1      26.9
        4        122       0   0.001  0.039    816     2.181          25.2        10.0        35.2      76.1      34.9
        4         63       0   0.001  0.157   2748     4.362          51.5        10.0       138.5      76.1      17.4
        4         66       0   0.001  0.053   1096     2.000          40.0        10.0       150.0      90.5      45.3
        4         37       0   0.001  0.080   1328     4.000          35.5        10.0       154.5      76.1      19.0
        4        142       0   0.001  0.050    824     4.362          20.0        10.0        30.0      83.0      19.0
        4        130       0   0.001  0.023    376     4.000          10.0        10.0        20.0      90.5      22.6
        4         56       0   0.000  0.011    228     2.181          10.0        10.0        20.0      76.1      34.9
        4         31       0   0.000  0.024    792     2.594          20.0        10.0        30.0      83.0      32.0
        4         47       0   0.000  0.009    208     2.000          10.0        10.0        20.0      76.1      38.1
        4         77       0   0.000  0.047    924     2.181          50.1        10.0       139.9      76.1      34.9
        4         59       0   0.000  0.048    904     3.668          30.0        10.0       160.0      90.5      24.7
        4        116       0   0.000  0.032    556     3.668          20.0        10.0        30.0      90.5      24.7
        4         33       0   0.000  0.046   1320     2.594          50.2        10.0       139.8      76.1      29.3
        4         39       0   0.000  0.041    792     3.084          40.6        10.0       149.4      90.5      29.3
        4        118       0   0.000  0.009    144     1.297          20.0        10.0        30.0      83.0     107.6
        4         90       0   0.000  0.054   1252     3.084          60.0        10.0       130.0      76.1      24.7
        4         73       0   0.000  0.043    792     4.362          34.5        10.0       155.5      76.1      17.4
        4         88       0   0.000  0.056   1184     4.000          50.0        10.0       140.0      90.5      22.6
        4         21       0   0.000  0.012    236     4.362          10.0        10.0        20.0      90.5      20.7
        4         82       0   0.000  0.053    896     4.362          53.0        10.0       137.0      90.5      20.7
        4         57       0   0.000  0.025    604     3.668          30.8        10.0       159.2      76.1      20.7
        4        131       0   0.000  0.033    568     4.757          47.1        10.0       142.9      90.5      19.0
        4         62       0   0.000  0.013    248     5.187          20.0        10.0       170.0      90.5      17.4
        4        115       0   0.000  0.002     36     1.189          20.0        10.0        30.0      90.5     107.6
        4         58       0   0.000  0.001     36     1.542          10.0        10.0        20.0      76.1      49.4
        4         78       0   0.000  0.010    168     4.757          26.2        10.0       163.8      76.1      16.0
        4         93       0   0.000  0.016    292     4.362          50.0        10.0       140.0      90.5      20.7
        4        120       0   0.000  0.004     64     1.189          50.0        10.0       140.0      90.5     107.6
        4         16       0   0.000  0.001     24     4.362          20.0        10.0       170.0      76.1      17.4
        4         11       0   0.000  0.000      0       nan           nan         nan         nan       nan       nan
        4         22       0   0.000  0.000      0       nan           nan         nan         nan       nan       nan
        4         23       0   0.000  0.000      0       nan           nan         nan         nan       nan       nan
        4         25       0   0.000  0.000      0       nan           nan         nan         nan       nan       nan
        4         32       0   0.000  0.000      0       nan           nan         nan         nan       nan       nan
        4         34       0   0.000  0.000      0       nan           nan         nan         nan       nan       nan
        4         38       0   0.000  0.000      0       nan           nan         nan         nan       nan       nan
        4         41       0   0.000  0.000      0       nan           nan         nan         nan       nan       nan
        4         43       0   0.000  0.000      0       nan           nan         nan         nan       nan       nan
        4         45       0   0.000  0.000      0       nan           nan         nan         nan       nan       nan
        4         46       0   0.000  0.000      0       nan           nan         nan         nan       nan       nan
        4         49       0   0.000  0.000      0       nan           nan         nan         nan       nan       nan
        4         52       0   0.000  0.000      0       nan           nan         nan         nan       nan       nan
        4         54       0   0.000  0.000      0       nan           nan         nan         nan       nan       nan
        4         60       0   0.000  0.000      0       nan           nan         nan         nan       nan       nan
        4         64       0   0.000  0.000      0       nan           nan         nan         nan       nan       nan
        4         65       0   0.000  0.000      0       nan           nan         nan         nan       nan       nan
        4         68       0   0.000  0.000      0       nan           nan         nan         nan       nan       nan
        4         70       0   0.000  0.000      0       nan           nan         nan         nan       nan       nan
        4         71       0   0.000  0.000      0       nan           nan         nan         nan       nan       nan
        4         72       0   0.000  0.000      0       nan           nan         nan         nan       nan       nan
        4         74       0   0.000  0.000      0       nan           nan         nan         nan       nan       nan
        4         75       0   0.000  0.000      0       nan           nan         nan         nan       nan       nan
        4         76       0   0.000  0.000      0       nan           nan         nan         nan       nan       nan
        4         79       0   0.000  0.000      0       nan           nan         nan         nan       nan       nan
        4         80       0   0.000  0.000      0       nan           nan         nan         nan       nan       nan
        4         81       0   0.000  0.000      0       nan           nan         nan         nan       nan       nan
        4         83       0   0.000  0.000      0       nan           nan         nan         nan       nan       nan
        4         84       0   0.000  0.000      0       nan           nan         nan         nan       nan       nan
        4         85       0   0.000  0.000      0       nan           nan         nan         nan       nan       nan
        4         86       0   0.000  0.000      0       nan           nan         nan         nan       nan       nan
        4         87       0   0.000  0.000      0       nan           nan         nan         nan       nan       nan
        4         91       0   0.000  0.000      0       nan           nan         nan         nan       nan       nan
        4         92       0   0.000  0.000      0       nan           nan         nan         nan       nan       nan
        4         94       0   0.000  0.000      0       nan           nan         nan         nan       nan       nan
        4         95       0   0.000  0.000      0       nan           nan         nan         nan       nan       nan
        4         96       0   0.000  0.000      0       nan           nan         nan         nan       nan       nan
        4         97       0   0.000  0.000      0       nan           nan         nan         nan       nan       nan
        4         98       0   0.000  0.000      0       nan           nan         nan         nan       nan       nan
        4         99       0   0.000  0.000      0       nan           nan         nan         nan       nan       nan
        4        100       0   0.000  0.000      0       nan           nan         nan         nan       nan       nan
        4        101       0   0.000  0.000      0       nan           nan         nan         nan       nan       nan
        4        102       0   0.000  0.000      0       nan           nan         nan         nan       nan       nan
        4        103       0   0.000  0.000      0       nan           nan         nan         nan       nan       nan
        4        104       0   0.000  0.000      0       nan           nan         nan         nan       nan       nan
        4        107       0   0.000  0.000      0       nan           nan         nan         nan       nan       nan
        4        108       0   0.000  0.000      0       nan           nan         nan         nan       nan       nan
        4        109       0   0.000  0.000      0       nan           nan         nan         nan       nan       nan
        4        110       0   0.000  0.000      0       nan           nan         nan         nan       nan       nan
        4        111       0   0.000  0.000      0       nan           nan         nan         nan       nan       nan
        4        112       0   0.000  0.000      0       nan           nan         nan         nan       nan       nan
        4        113       0   0.000  0.000      0       nan           nan         nan         nan       nan       nan
        4        114       0   0.000  0.000      0       nan           nan         nan         nan       nan       nan
        4        117       0   0.000  0.000      0       nan           nan         nan         nan       nan       nan
        4        119       0   0.000  0.000      0       nan           nan         nan         nan       nan       nan
        4        121       0   0.000  0.000      0       nan           nan         nan         nan       nan       nan
        4        123       0   0.000  0.000      0       nan           nan         nan         nan       nan       nan
        4        124       0   0.000  0.000      0       nan           nan         nan         nan       nan       nan
        4        125       0   0.000  0.000      0       nan           nan         nan         nan       nan       nan
        4        126       0   0.000  0.000      0       nan           nan         nan         nan       nan       nan
        4        127       0   0.000  0.000      0       nan           nan         nan         nan       nan       nan
        4        128       0   0.000  0.000      0       nan           nan         nan         nan       nan       nan
        4        129       0   0.000  0.000      0       nan           nan         nan         nan       nan       nan
        4        132       0   0.000  0.000      0       nan           nan         nan         nan       nan       nan
        4        133       0   0.000  0.000      0       nan           nan         nan         nan       nan       nan
        4        134       0   0.000  0.000      0       nan           nan         nan         nan       nan       nan
        4        136       0   0.000  0.000      0       nan           nan         nan         nan       nan       nan
        4        138       0   0.000  0.000      0       nan           nan         nan         nan       nan       nan
        4        139       0   0.000  0.000      0       nan           nan         nan         nan       nan       nan
        4        140       0   0.000  0.000      0       nan           nan         nan         nan       nan       nan
        4        141       0   0.000  0.000      0       nan           nan         nan         nan       nan       nan
        4        143       0   0.000  0.000      0       nan           nan         nan         nan       nan       nan
        4        144       0   0.000  0.000      0       nan           nan         nan         nan       nan       nan
        5          3       1   0.062  0.114  10780     1.000           0.8       162.6       163.4      34.9      34.9
        5         28       0   0.038  0.143   7848     1.414           1.7       163.6       161.9      34.9      49.4
        5         57       0   0.035  0.406   5348     1.414           7.1       162.3       155.2      32.0      22.6
        5         45       0   0.032  0.383   4724     1.682           6.1       163.9       170.0      32.0      53.8
        5         29       0   0.029  0.212   8808     1.682           3.4       163.5       160.2      34.9      58.7
        5         40       0   0.018  0.364   9504     1.834          10.1       163.4       153.2      34.9      64.0
        5         55       1   0.017  0.288   6116     1.091          14.4       162.0       147.6      34.9      38.1
        5         24       0   0.016  0.520   7280     1.682          18.0       162.0         0.0      34.9      58.7
        5          6       0   0.016  0.135  10456     1.297           5.5       162.8       168.3      34.9      45.3
        5          5       0   0.014  0.155  10788     3.364           2.3       162.6       160.3      34.9     117.4
        5         98       0   0.013  0.318   3552     1.000          23.9       159.8       135.9      34.9      34.9
        5         13       0   0.011  0.543   7576     1.189          39.9       162.8        22.6      34.9      29.3
        5         33       0   0.009  0.284   5312     1.189          24.2       159.9       135.7      34.9      29.3
        5         73       0   0.009  0.210   2300     1.834          11.3       163.6       152.3      34.9      19.0
        5          8       0   0.009  0.294   9392     1.834          17.6       162.4         0.0      34.9      64.0
        5         47       0   0.009  0.320   3968     1.091          33.4       160.7        14.1      34.9      38.1
        5         10       0   0.008  0.104   2216     2.181           4.8       164.2       169.0      38.1      17.4
        5         56       0   0.007  0.330   3884     1.091          39.6       160.4        20.0      32.0      34.9
        5         90       0   0.006  0.289   4164     1.414          30.9       160.9       130.0      34.9      24.7
        5        122       0   0.006  0.339   3988     1.189          45.1       161.5        26.7      34.9      41.5
        5         15       0   0.006  0.264   5816     1.414          31.0       161.3        12.2      34.9      24.7
        5         58       0   0.006  0.342   5588     1.542          37.8       162.2        20.0      34.9      53.8
        5         30       0   0.006  0.303   6648     1.834          27.9       162.1        10.0      34.9      64.0
        5         18       0   0.005  0.212   6008     1.297          28.8       161.6       132.8      34.9      26.9
        5         14       0   0.005  0.067   2564     1.542           7.1       162.9       170.0      38.1      58.7
        5         75       0   0.005  0.054   1112     1.542           5.9       165.9       160.0      29.3      45.3
        5         22       0   0.005  0.150   4068     3.364           8.0       162.0       170.0      32.0     107.6
        5          9       0   0.005  0.084   4412     2.000           7.9       162.1       170.0      38.1      76.1
        5          0       0   0.005  0.127  10764     1.091          24.5       162.6         7.1      34.9      32.0
        5         19       0   0.004  0.146   5544     1.542          20.7       160.2       139.6      34.9      22.6
        5         97       0   0.004  0.113   1628     2.000          12.9       162.9       150.0      29.3      58.7
        5         69       0   0.004  0.377   6248     1.834          52.8       164.2       111.4      34.9      64.0
        5         53       0   0.004  0.126   2648     1.542          21.8       160.1         1.9      29.3      45.3
        5          1       0   0.004  0.139  10788     1.682          22.0       162.6         4.6      34.9      58.7
        5         67       0   0.004  0.162   3500     1.414          31.4       164.5       133.1      34.9      49.4
        5         46       0   0.003  0.396   7852     2.828          45.5       162.1       116.6      34.9      98.7
        5        106       0   0.003  0.072    816     2.000          11.2       168.8         0.0      32.0      16.0
        5         48       0   0.003  0.105   4528     1.682          22.2       162.2       140.0      34.9      58.7
        5          4       0   0.002  0.125   9264     2.181          22.2       162.2         4.4      34.9      76.1
        5        103       0   0.002  0.099   1276     2.378          17.0       160.4       143.4      49.4      20.7
        5         91       0   0.002  0.226   2976     2.594          38.4       161.7        20.1      29.3      76.1
        5         83       0   0.002  0.334   3780     2.828          73.0       163.0        90.0      34.9      98.7
        5         35       0   0.001  0.068    876     2.378          20.0       160.0         0.0      38.1      16.0
        5        134       0   0.001  0.017    220     1.189          10.0       160.0       150.0      49.4      41.5
        5         61       0   0.001  0.099   1100     2.000          38.4       161.6        20.0      41.5      20.7
        5         77       0   0.001  0.033    468     1.091          23.8       163.6       139.8      38.1      34.9
        5         92       0   0.001  0.002     24     1.414           0.0       160.0       160.0      32.0      45.3
        5        129       0   0.001  0.053    592     2.181          20.0       160.0       140.0      49.4      22.6
        5         81       0   0.001  0.078   1080     2.828          23.1       166.9        10.0      29.3      83.0
        5         65       0   0.001  0.063   1148     3.668          15.5       164.5         0.0      29.3     107.6
        5          2       0   0.001  0.068   1440     2.378          27.2       162.8        10.0      38.1      16.0
        5        137       0   0.001  0.051    784     1.000          50.0       160.0        30.0      38.1      38.1
        5         23       0   0.001  0.034    900     2.828          12.5       167.5         0.0      29.3      83.0
        5         27       0   0.001  0.031   1124     3.364          14.6       165.4         0.0      29.3      98.7
        5         95       0   0.001  0.011    148     1.682          10.0       160.0       170.0      49.4      83.0
        5        125       0   0.000  0.014    184     1.542          20.0       160.0       140.0      49.4      76.1
        5         16       0   0.000  0.001     12     1.682           0.0       170.0       170.0      29.3      17.4
        5         12       0   0.000  0.013    632     3.084          20.0       160.0         0.0      38.1     117.4
        5         44       0   0.000  0.020    468     2.181          50.0       160.0        30.0      38.1      83.0
        5        135       0   0.000  0.015    188     1.682          50.0       160.0        30.0      38.1      64.0
        5         89       0   0.000  0.007    108     2.181          20.0       160.0       140.0      38.1      83.0
        5        107       0   0.000  0.024    264     4.000          60.0       170.0       110.0      29.3     117.4
        5         20       0   0.000  0.007    192     2.378          50.0       160.0        30.0      38.1      90.5
        5         63       0   0.000  0.001     12     2.378          20.0       160.0       140.0      38.1      16.0
        5        143       0   0.000  0.001      8     3.084          20.0       170.0        10.0      29.3      90.5
        5        112       0   0.000  0.001     12     3.364          80.0       170.0        90.0      34.9     117.4
        5          7       0   0.000  0.000      0       nan           nan         nan         nan       nan       nan
        5         11       0   0.000  0.000      0       nan           nan         nan         nan       nan       nan
        5         17       0   0.000  0.000      0       nan           nan         nan         nan       nan       nan
        5         21       0   0.000  0.000      0       nan           nan         nan         nan       nan       nan
        5         25       0   0.000  0.000      0       nan           nan         nan         nan       nan       nan
        5         26       0   0.000  0.000      0       nan           nan         nan         nan       nan       nan
        5         31       0   0.000  0.000      0       nan           nan         nan         nan       nan       nan
        5         32       0   0.000  0.000      0       nan           nan         nan         nan       nan       nan
        5         34       0   0.000  0.000      0       nan           nan         nan         nan       nan       nan
        5         36       0   0.000  0.000      0       nan           nan         nan         nan       nan       nan
        5         37       0   0.000  0.000      0       nan           nan         nan         nan       nan       nan
        5         38       0   0.000  0.000      0       nan           nan         nan         nan       nan       nan
        5         39       0   0.000  0.000      0       nan           nan         nan         nan       nan       nan
        5         41       0   0.000  0.000      0       nan           nan         nan         nan       nan       nan
        5         42       0   0.000  0.000      0       nan           nan         nan         nan       nan       nan
        5         43       0   0.000  0.000      0       nan           nan         nan         nan       nan       nan
        5         49       0   0.000  0.000      0       nan           nan         nan         nan       nan       nan
        5         50       0   0.000  0.000      0       nan           nan         nan         nan       nan       nan
        5         51       0   0.000  0.000      0       nan           nan         nan         nan       nan       nan
        5         52       0   0.000  0.000      0       nan           nan         nan         nan       nan       nan
        5         54       0   0.000  0.000      0       nan           nan         nan         nan       nan       nan
        5         59       0   0.000  0.000      0       nan           nan         nan         nan       nan       nan
        5         60       0   0.000  0.000      0       nan           nan         nan         nan       nan       nan
        5         62       0   0.000  0.000      0       nan           nan         nan         nan       nan       nan
        5         64       0   0.000  0.000      0       nan           nan         nan         nan       nan       nan
        5         66       0   0.000  0.000      0       nan           nan         nan         nan       nan       nan
        5         68       0   0.000  0.000      0       nan           nan         nan         nan       nan       nan
        5         70       0   0.000  0.000      0       nan           nan         nan         nan       nan       nan
        5         71       0   0.000  0.000      0       nan           nan         nan         nan       nan       nan
        5         72       0   0.000  0.000      0       nan           nan         nan         nan       nan       nan
        5         74       0   0.000  0.000      0       nan           nan         nan         nan       nan       nan
        5         76       0   0.000  0.000      0       nan           nan         nan         nan       nan       nan
        5         78       0   0.000  0.000      0       nan           nan         nan         nan       nan       nan
        5         79       0   0.000  0.000      0       nan           nan         nan         nan       nan       nan
        5         80       0   0.000  0.000      0       nan           nan         nan         nan       nan       nan
        5         82       0   0.000  0.000      0       nan           nan         nan         nan       nan       nan
        5         84       0   0.000  0.000      0       nan           nan         nan         nan       nan       nan
        5         85       0   0.000  0.000      0       nan           nan         nan         nan       nan       nan
        5         86       0   0.000  0.000      0       nan           nan         nan         nan       nan       nan
        5         87       0   0.000  0.000      0       nan           nan         nan         nan       nan       nan
        5         88       0   0.000  0.000      0       nan           nan         nan         nan       nan       nan
        5         93       0   0.000  0.000      0       nan           nan         nan         nan       nan       nan
        5         94       0   0.000  0.000      0       nan           nan         nan         nan       nan       nan
        5         96       0   0.000  0.000      0       nan           nan         nan         nan       nan       nan
        5         99       0   0.000  0.000      0       nan           nan         nan         nan       nan       nan
        5        100       0   0.000  0.000      0       nan           nan         nan         nan       nan       nan
        5        101       0   0.000  0.000      0       nan           nan         nan         nan       nan       nan
        5        102       0   0.000  0.000      0       nan           nan         nan         nan       nan       nan
        5        104       0   0.000  0.000      0       nan           nan         nan         nan       nan       nan
        5        105       0   0.000  0.000      0       nan           nan         nan         nan       nan       nan
        5        108       0   0.000  0.000      0       nan           nan         nan         nan       nan       nan
        5        109       0   0.000  0.000      0       nan           nan         nan         nan       nan       nan
        5        110       0   0.000  0.000      0       nan           nan         nan         nan       nan       nan
        5        111       0   0.000  0.000      0       nan           nan         nan         nan       nan       nan
        5        113       0   0.000  0.000      0       nan           nan         nan         nan       nan       nan
        5        114       0   0.000  0.000      0       nan           nan         nan         nan       nan       nan
        5        115       0   0.000  0.000      0       nan           nan         nan         nan       nan       nan
        5        116       0   0.000  0.000      0       nan           nan         nan         nan       nan       nan
        5        117       0   0.000  0.000      0       nan           nan         nan         nan       nan       nan
        5        118       0   0.000  0.000      0       nan           nan         nan         nan       nan       nan
        5        119       0   0.000  0.000      0       nan           nan         nan         nan       nan       nan
        5        120       0   0.000  0.000      0       nan           nan         nan         nan       nan       nan
        5        121       0   0.000  0.000      0       nan           nan         nan         nan       nan       nan
        5        123       0   0.000  0.000      0       nan           nan         nan         nan       nan       nan
        5        124       0   0.000  0.000      0       nan           nan         nan         nan       nan       nan
        5        126       0   0.000  0.000      0       nan           nan         nan         nan       nan       nan
        5        127       0   0.000  0.000      0       nan           nan         nan         nan       nan       nan
        5        128       0   0.000  0.000      0       nan           nan         nan         nan       nan       nan
        5        130       0   0.000  0.000      0       nan           nan         nan         nan       nan       nan
        5        131       0   0.000  0.000      0       nan           nan         nan         nan       nan       nan
        5        132       0   0.000  0.000      0       nan           nan         nan         nan       nan       nan
        5        133       0   0.000  0.000      0       nan           nan         nan         nan       nan       nan
        5        136       0   0.000  0.000      0       nan           nan         nan         nan       nan       nan
        5        138       0   0.000  0.000      0       nan           nan         nan         nan       nan       nan
        5        139       0   0.000  0.000      0       nan           nan         nan         nan       nan       nan
        5        140       0   0.000  0.000      0       nan           nan         nan         nan       nan       nan
        5        141       0   0.000  0.000      0       nan           nan         nan         nan       nan       nan
        5        142       0   0.000  0.000      0       nan           nan         nan         nan       nan       nan
        5        144       0   0.000  0.000      0       nan           nan         nan         nan       nan       nan
        6         46       1   0.040  0.398  13112     1.189           7.3       127.4       120.1     117.4      98.7
        6          5       0   0.012  0.414  28856     1.000          32.5       127.6       160.1     117.4     117.4
        6         48       0   0.010  0.337  16612     2.181          14.7       127.8       142.6     117.4      53.8
        6         69       0   0.009  0.252   8268     2.000          12.9       124.9       112.0     117.4      58.7
        6         22       0   0.008  0.335  12408     1.000          40.8       129.2       170.0     107.6     107.6
        6         40       0   0.008  0.455  16880     2.181          25.9       126.4       152.3     117.4      53.8
        6         27       0   0.007  0.413  16124     1.091          50.4       129.6         0.0     107.6      98.7
        6         29       0   0.007  0.457  21524     2.000          33.4       127.2       160.6     117.4      58.7
        6         18       0   0.006  0.245  10360     4.000           8.8       125.2       134.0     117.4      29.3
        6         67       0   0.006  0.189   6908     2.594          10.7       124.3       135.0     117.4      45.3
        6         55       0   0.005  0.324  11168     3.084          19.3       126.6       145.9     117.4      38.1
        6         90       0   0.005  0.181   5648     4.757           7.1       122.9       130.0     117.4      24.7
        6         97       0   0.005  0.174   5080     1.834          20.0       130.0       150.0     107.6      58.7
        6         65       0   0.004  0.227   6976     1.000          50.0       130.0         0.0     107.6     107.6
        6         28       0   0.004  0.367  21716     2.378          33.9       128.3       162.2     117.4      49.4
        6         33       0   0.004  0.219   7616     4.000          11.5       124.5       136.0     117.4      29.3
        6          4       0   0.004  0.352  26476     1.542          54.4       127.5         1.9     117.4      76.1
        6          6       0   0.004  0.352  27712     2.181          39.4       127.6       167.1     117.4      53.8
        6         77       0   0.003  0.130   3784     3.364          10.1       129.7       139.8     117.4      34.9
        6         24       0   0.003  0.328   9784     1.834          52.0       128.0         0.0     107.6      58.7
        6          8       0   0.003  0.333  14876     1.834          53.2       126.8         0.0     117.4      64.0
        6         23       0   0.003  0.224   8420     1.297          50.8       129.2         0.0     107.6      83.0
        6          1       0   0.003  0.368  28800     2.000          55.5       127.6         3.2     117.4      58.7
        6         30       0   0.003  0.322  11440     1.682          59.4       128.6         8.0     107.6      64.0
        6         98       0   0.003  0.128   3756     3.364          11.3       124.9       136.2     117.4      34.9
        6         83       0   0.003  0.133   3928     1.189          35.4       125.4        90.0     117.4      98.7
        6         14       0   0.003  0.247  11676     2.000          41.0       129.0       170.0     117.4      58.7
        6         19       0   0.003  0.211  10752     4.757          14.8       125.2       140.0     117.4      24.7
        6          9       0   0.003  0.160  10412     1.297          44.2       125.8       170.0     117.4      90.5
        6         53       0   0.002  0.318  10120     2.378          56.0       130.0         6.0     107.6      45.3
        6          3       0   0.002  0.296  28172     3.364          36.5       127.6       164.2     117.4      34.9
        6         45       0   0.002  0.196   5792     2.181          41.8       128.2       170.0     117.4      53.8
        6         75       0   0.002  0.150   5232     2.378          30.5       129.5       160.0     107.6      45.3
        6         57       0   0.002  0.266   7736     4.757          27.2       128.3       155.5     107.6      22.6
        6         91       0   0.002  0.183   5336     1.414          70.4       129.9        20.3     107.6      76.1
        6         81       0   0.002  0.144   4200     1.297          60.7       129.3        10.0     107.6      83.0
        6        139       0   0.002  0.040   1220     2.378           8.5       130.3       138.9     107.6      45.3
        6          0       0   0.001  0.313  27100     3.668          56.8       127.6         4.4     117.4      32.0
        6         13       0   0.001  0.357  10488     4.000          75.9       127.0        22.8     117.4      29.3
        6         12       0   0.001  0.060   3780     1.000          51.9       128.1         0.0     117.4     117.4
        6         15       0   0.001  0.350  11964     4.757          64.5       127.0        11.5     117.4      24.7
        6         58       0   0.001  0.184   6264     2.181          74.7       125.3        20.0     117.4      53.8
        6         64       0   0.001  0.088   3740     4.362          18.0       130.1       148.1     117.4      26.9
        6         47       0   0.001  0.191   5564     2.828          65.5       127.6        13.1     107.6      38.1
        6         92       0   0.001  0.079   2360     2.594          29.7       130.0       159.7     117.4      45.3
        6         34       0   0.001  0.118   4832     2.378          50.1       130.1         0.2     107.6      45.3
        6         56       0   0.001  0.168   4880     3.084          72.2       127.8        20.0     107.6      34.9
        6        119       0   0.001  0.026    848     3.668           9.5       130.5       140.0     117.4      32.0
        6        122       0   0.001  0.158   4660     2.828          82.5       126.6        29.1     107.6      38.1
        6        107       0   0.001  0.015    424     1.091          20.0       130.0       110.0     107.6     117.4
        6         16       0   0.001  0.134   4144     6.727          31.5       130.0       161.5     117.4      17.4
        6         73       0   0.001  0.085   2460     5.657          23.9       128.3       152.3     107.6      19.0
        6         87       0   0.001  0.127   4048     3.364          62.9       130.1        13.0     107.6      32.0
        6         89       0   0.001  0.009    296     1.414          10.0       130.0       140.0     117.4      83.0
        6         85       0   0.000  0.041   1476     5.187          15.4       130.3       145.6     117.4      22.6
        6         10       0   0.000  0.111   4188     6.727          41.6       125.8       167.4     117.4      17.4
        6         44       0   0.000  0.041   1688     1.414          80.7       129.5        30.2     117.4      83.0
        6         25       0   0.000  0.058   1956     5.187          32.1       130.0       162.1     117.4      22.6
        6        103       0   0.000  0.035   1084     5.657          20.0       122.3       142.3     117.4      20.7
        6        108       0   0.000  0.020    628     1.297          60.0       130.0        10.0     107.6      83.0
        6         60       0   0.000  0.045   1408     2.828          63.8       130.0        13.8     107.6      38.1
        6         11       0   0.000  0.044   1784     4.362          49.8       130.2         0.0     117.4      26.9
        6         31       0   0.000  0.061   2648     4.362          72.1       130.0        22.1     117.4      26.9
        6        129       0   0.000  0.013    388     5.187          13.9       126.1       140.0     117.4      22.6
        6         32       0   0.000  0.054   1740     5.657          60.0       130.0        10.0     117.4      20.7
        6         20       0   0.000  0.016    760     1.297          80.0       130.0        30.0     117.4      90.5
        6        136       0   0.000  0.018    532     2.828          40.0       130.0       170.0     117.4      41.5
        6         35       0   0.000  0.056   1712     7.336          55.6       124.4         0.0     117.4      16.0
        6         76       0   0.000  0.021    652     3.668          44.4       125.6       170.0     107.6      29.3
        6        137       0   0.000  0.033   1100     3.084          85.1       124.9        30.0     117.4      38.1
        6          2       0   0.000  0.061   2336     7.336          65.7       124.3        10.0     117.4      16.0
        6        106       0   0.000  0.049   1412     7.336          53.0       127.0         0.0     117.4      16.0
        6         41       0   0.000  0.038   1268     5.187          60.0       130.0        10.0     117.4      22.6
        6        125       0   0.000  0.003    108     1.542          19.6       120.4       140.0     117.4      76.1
        6         61       0   0.000  0.047   1380     5.657          78.1       121.9        20.0     117.4      20.7
        6         99       0   0.000  0.033    996     7.336          50.0       130.0         0.0     117.4      16.0
        6         78       0   0.000  0.025    720     7.336          37.2       130.0       167.2     117.4      16.0
        6         84       0   0.000  0.007    268     3.364          22.2       127.8       150.0     107.6      32.0
        6        143       0   0.000  0.007    192     1.297          60.0       130.0        10.0     117.4      90.5
        6        134       0   0.000  0.006    192     2.828          30.0       120.0       150.0     117.4      41.5
        6         79       0   0.000  0.006    204     2.000          48.3       121.7       170.0      90.5      45.3
        6        135       0   0.000  0.005    164     1.834          80.7       129.3        30.0     117.4      64.0
        6         95       0   0.000  0.002     68     1.414          49.4       120.6       170.0     117.4      83.0
        6         66       0   0.000  0.001     40     2.594          20.0       130.0       150.0     117.4      45.3
        6        100       0   0.000  0.001     44     1.000          70.0       120.0        10.0     117.4     117.4
        6        112       0   0.000  0.000     12     1.000          30.0       120.0        90.0     117.4     117.4
        6         88       0   0.000  0.001     24     6.169          10.0       130.0       140.0     117.4      19.0
        6         93       0   0.000  0.001     16     5.657          10.0       130.0       140.0     117.4      20.7
        6          7       0   0.000  0.000      0       nan           nan         nan         nan       nan       nan
        6         17       0   0.000  0.000      0       nan           nan         nan         nan       nan       nan
        6         21       0   0.000  0.000      0       nan           nan         nan         nan       nan       nan
        6         26       0   0.000  0.000      0       nan           nan         nan         nan       nan       nan
        6         36       0   0.000  0.000      0       nan           nan         nan         nan       nan       nan
        6         37       0   0.000  0.000      0       nan           nan         nan         nan       nan       nan
        6         38       0   0.000  0.000      0       nan           nan         nan         nan       nan       nan
        6         39       0   0.000  0.000      0       nan           nan         nan         nan       nan       nan
        6         42       0   0.000  0.000      0       nan           nan         nan         nan       nan       nan
        6         43       0   0.000  0.000      0       nan           nan         nan         nan       nan       nan
        6         49       0   0.000  0.000      0       nan           nan         nan         nan       nan       nan
        6         50       0   0.000  0.000      0       nan           nan         nan         nan       nan       nan
        6         51       0   0.000  0.000      0       nan           nan         nan         nan       nan       nan
        6         52       0   0.000  0.000      0       nan           nan         nan         nan       nan       nan
        6         54       0   0.000  0.000      0       nan           nan         nan         nan       nan       nan
        6         59       0   0.000  0.000      0       nan           nan         nan         nan       nan       nan
        6         62       0   0.000  0.000      0       nan           nan         nan         nan       nan       nan
        6         63       0   0.000  0.000      0       nan           nan         nan         nan       nan       nan
        6         68       0   0.000  0.000      0       nan           nan         nan         nan       nan       nan
        6         70       0   0.000  0.000      0       nan           nan         nan         nan       nan       nan
        6         71       0   0.000  0.000      0       nan           nan         nan         nan       nan       nan
        6         72       0   0.000  0.000      0       nan           nan         nan         nan       nan       nan
        6         74       0   0.000  0.000      0       nan           nan         nan         nan       nan       nan
        6         80       0   0.000  0.000      0       nan           nan         nan         nan       nan       nan
        6         82       0   0.000  0.000      0       nan           nan         nan         nan       nan       nan
        6         86       0   0.000  0.000      0       nan           nan         nan         nan       nan       nan
        6         94       0   0.000  0.000      0       nan           nan         nan         nan       nan       nan
        6         96       0   0.000  0.000      0       nan           nan         nan         nan       nan       nan
        6        101       0   0.000  0.000      0       nan           nan         nan         nan       nan       nan
        6        102       0   0.000  0.000      0       nan           nan         nan         nan       nan       nan
        6        104       0   0.000  0.000      0       nan           nan         nan         nan       nan       nan
        6        105       0   0.000  0.000      0       nan           nan         nan         nan       nan       nan
        6        109       0   0.000  0.000      0       nan           nan         nan         nan       nan       nan
        6        110       0   0.000  0.000      0       nan           nan         nan         nan       nan       nan
        6        111       0   0.000  0.000      0       nan           nan         nan         nan       nan       nan
        6        113       0   0.000  0.000      0       nan           nan         nan         nan       nan       nan
        6        114       0   0.000  0.000      0       nan           nan         nan         nan       nan       nan
        6        115       0   0.000  0.000      0       nan           nan         nan         nan       nan       nan
        6        116       0   0.000  0.000      0       nan           nan         nan         nan       nan       nan
        6        117       0   0.000  0.000      0       nan           nan         nan         nan       nan       nan
        6        118       0   0.000  0.000      0       nan           nan         nan         nan       nan       nan
        6        120       0   0.000  0.000      0       nan           nan         nan         nan       nan       nan
        6        121       0   0.000  0.000      0       nan           nan         nan         nan       nan       nan
        6        123       0   0.000  0.000      0       nan           nan         nan         nan       nan       nan
        6        124       0   0.000  0.000      0       nan           nan         nan         nan       nan       nan
        6        126       0   0.000  0.000      0       nan           nan         nan         nan       nan       nan
        6        127       0   0.000  0.000      0       nan           nan         nan         nan       nan       nan
        6        128       0   0.000  0.000      0       nan           nan         nan         nan       nan       nan
        6        130       0   0.000  0.000      0       nan           nan         nan         nan       nan       nan
        6        131       0   0.000  0.000      0       nan           nan         nan         nan       nan       nan
        6        132       0   0.000  0.000      0       nan           nan         nan         nan       nan       nan
        6        133       0   0.000  0.000      0       nan           nan         nan         nan       nan       nan
        6        138       0   0.000  0.000      0       nan           nan         nan         nan       nan       nan
        6        140       0   0.000  0.000      0       nan           nan         nan         nan       nan       nan
        6        141       0   0.000  0.000      0       nan           nan         nan         nan       nan       nan
        6        142       0   0.000  0.000      0       nan           nan         nan         nan       nan       nan
        6        144       0   0.000  0.000      0       nan           nan         nan         nan       nan       nan
        7         26       0   0.024  0.140   1644     2.378           1.4       161.4       160.0      20.7      49.4
        7         63       0   0.016  0.401   1732     1.297          18.4       156.0       137.6      22.6      17.4
        7          3       0   0.008  0.026   2404     1.297           1.4       158.6       157.2      22.6      29.3
        7         36       0   0.006  0.356   1308     1.297          45.5       154.6        20.1      22.6      17.4
        7          2       0   0.005  0.178   2144     1.414          24.3       159.7         4.0      22.6      16.0
        7         19       0   0.004  0.068   2232     1.297          11.9       157.7       145.9      22.6      17.4
        7         42       0   0.004  0.131   1396     4.757           5.8       164.2       170.0      20.7      98.7
        7         18       0   0.003  0.093   2216     1.542          20.0       158.2       138.2      22.6      34.9
        7         89       0   0.002  0.141    932     4.000          13.8       153.8       140.0      22.6      90.5
        7         48       0   0.002  0.063   2332     2.378          11.5       158.2       146.7      22.6      53.8
        7          7       0   0.002  0.060    840     3.084          11.7       168.3         0.0      20.7      64.0
        7        137       0   0.001  0.135    928     1.682          57.6       152.4        30.0      24.7      41.5
        7        135       0   0.001  0.212    804     2.594          60.0       150.0        30.0      24.7      64.0
        7         29       0   0.001  0.023    940     2.594           5.7       154.3       160.0      22.6      58.7
        7          6       0   0.001  0.031   2404     2.181          11.4       158.6       170.0      22.6      49.4
        7          9       0   0.001  0.052   2404     3.668          11.4       158.6       170.0      22.6      83.0
        7         40       0   0.001  0.029    780     2.594           9.8       150.2       160.0      26.9      69.8
        7         35       0   0.001  0.043    224     1.682          30.0       150.0         0.0      26.9      16.0
        7          0       0   0.001  0.028   2404     1.297          29.5       158.6         8.1      22.6      29.3
        7        142       0   0.001  0.037    116     1.091          50.4       159.6        30.0      20.7      19.0
        7         12       0   0.001  0.064   2404     5.187          21.4       158.6         0.0      22.6     117.4
        7          5       0   0.001  0.035   2404     5.187          11.4       158.6       170.0      22.6     117.4
        7          1       0   0.000  0.031   2404     2.181          28.9       158.6         7.5      22.6      49.4
        7          4       0   0.000  0.033   2404     3.668          21.4       158.6         0.0      22.6      83.0
        7         17       0   0.000  0.024    400     1.414          44.1       165.9        30.0      19.0      26.9
        7         10       0   0.000  0.012    184     1.682          18.9       150.0       168.9      26.9      16.0
        7          8       0   0.000  0.026    840     2.594          30.0       150.0         0.0      24.7      64.0
        7         51       0   0.000  0.076    932     4.362          56.4       155.2        31.7      22.6      98.7
        7         44       0   0.000  0.061    912     3.668          57.5       152.5        30.0      22.6      83.0
        7         20       0   0.000  0.057   1116     4.000          51.3       156.1        27.4      22.6      90.5
        7         14       0   0.000  0.007    216     2.181          20.0       150.0       170.0      26.9      58.7
        7         15       0   0.000  0.006    112     1.091          40.0       150.0        10.0      26.9      24.7
        7         50       0   0.000  0.004     32     1.297          60.0       150.0        30.0      22.6      29.3
        7         31       0   0.000  0.003     64     1.414          60.0       150.0        30.0      22.6      32.0
        7         28       0   0.000  0.000     24     1.834          10.0       150.0       160.0      26.9      49.4
        7         11       0   0.000  0.000      0       nan           nan         nan         nan       nan       nan
        7         13       0   0.000  0.000      0       nan           nan         nan         nan       nan       nan
        7         16       0   0.000  0.000      0       nan           nan         nan         nan       nan       nan
        7         21       0   0.000  0.000      0       nan           nan         nan         nan       nan       nan
        7         22       0   0.000  0.000      0       nan           nan         nan         nan       nan       nan
        7         23       0   0.000  0.000      0       nan           nan         nan         nan       nan       nan
        7         24       0   0.000  0.000      0       nan           nan         nan         nan       nan       nan
        7         25       0   0.000  0.000      0       nan           nan         nan         nan       nan       nan
        7         27       0   0.000  0.000      0       nan           nan         nan         nan       nan       nan
        7         30       0   0.000  0.000      0       nan           nan         nan         nan       nan       nan
        7         32       0   0.000  0.000      0       nan           nan         nan         nan       nan       nan
        7         33       0   0.000  0.000      0       nan           nan         nan         nan       nan       nan
        7         34       0   0.000  0.000      0       nan           nan         nan         nan       nan       nan
        7         37       0   0.000  0.000      0       nan           nan         nan         nan       nan       nan
        7         38       0   0.000  0.000      0       nan           nan         nan         nan       nan       nan
        7         39       0   0.000  0.000      0       nan           nan         nan         nan       nan       nan
        7         41       0   0.000  0.000      0       nan           nan         nan         nan       nan       nan
        7         43       0   0.000  0.000      0       nan           nan         nan         nan       nan       nan
        7         45       0   0.000  0.000      0       nan           nan         nan         nan       nan       nan
        7         46       0   0.000  0.000      0       nan           nan         nan         nan       nan       nan
        7         47       0   0.000  0.000      0       nan           nan         nan         nan       nan       nan
        7         49       0   0.000  0.000      0       nan           nan         nan         nan       nan       nan
        7         52       0   0.000  0.000      0       nan           nan         nan         nan       nan       nan
        7         53       0   0.000  0.000      0       nan           nan         nan         nan       nan       nan
        7         54       0   0.000  0.000      0       nan           nan         nan         nan       nan       nan
        7         55       0   0.000  0.000      0       nan           nan         nan         nan       nan       nan
        7         56       0   0.000  0.000      0       nan           nan         nan         nan       nan       nan
        7         57       0   0.000  0.000      0       nan           nan         nan         nan       nan       nan
        7         58       0   0.000  0.000      0       nan           nan         nan         nan       nan       nan
        7         59       0   0.000  0.000      0       nan           nan         nan         nan       nan       nan
        7         60       0   0.000  0.000      0       nan           nan         nan         nan       nan       nan
        7         61       0   0.000  0.000      0       nan           nan         nan         nan       nan       nan
        7         62       0   0.000  0.000      0       nan           nan         nan         nan       nan       nan
        7         64       0   0.000  0.000      0       nan           nan         nan         nan       nan       nan
        7         65       0   0.000  0.000      0       nan           nan         nan         nan       nan       nan
        7         66       0   0.000  0.000      0       nan           nan         nan         nan       nan       nan
        7         67       0   0.000  0.000      0       nan           nan         nan         nan       nan       nan
        7         68       0   0.000  0.000      0       nan           nan         nan         nan       nan       nan
        7         69       0   0.000  0.000      0       nan           nan         nan         nan       nan       nan
        7         70       0   0.000  0.000      0       nan           nan         nan         nan       nan       nan
        7         71       0   0.000  0.000      0       nan           nan         nan         nan       nan       nan
        7         72       0   0.000  0.000      0       nan           nan         nan         nan       nan       nan
        7         73       0   0.000  0.000      0       nan           nan         nan         nan       nan       nan
        7         74       0   0.000  0.000      0       nan           nan         nan         nan       nan       nan
        7         75       0   0.000  0.000      0       nan           nan         nan         nan       nan       nan
        7         76       0   0.000  0.000      0       nan           nan         nan         nan       nan       nan
        7         77       0   0.000  0.000      0       nan           nan         nan         nan       nan       nan
        7         78       0   0.000  0.000      0       nan           nan         nan         nan       nan       nan
        7         79       0   0.000  0.000      0       nan           nan         nan         nan       nan       nan
        7         80       0   0.000  0.000      0       nan           nan         nan         nan       nan       nan
        7         81       0   0.000  0.000      0       nan           nan         nan         nan       nan       nan
        7         82       0   0.000  0.000      0       nan           nan         nan         nan       nan       nan
        7         83       0   0.000  0.000      0       nan           nan         nan         nan       nan       nan
        7         84       0   0.000  0.000      0       nan           nan         nan         nan       nan       nan
        7         85       0   0.000  0.000      0       nan           nan         nan         nan       nan       nan
        7         86       0   0.000  0.000      0       nan           nan         nan         nan       nan       nan
        7         87       0   0.000  0.000      0       nan           nan         nan         nan       nan       nan
        7         88       0   0.000  0.000      0       nan           nan         nan         nan       nan       nan
        7         90       0   0.000  0.000      0       nan           nan         nan         nan       nan       nan
        7         91       0   0.000  0.000      0       nan           nan         nan         nan       nan       nan
        7         92       0   0.000  0.000      0       nan           nan         nan         nan       nan       nan
        7         93       0   0.000  0.000      0       nan           nan         nan         nan       nan       nan
        7         94       0   0.000  0.000      0       nan           nan         nan         nan       nan       nan
        7         95       0   0.000  0.000      0       nan           nan         nan         nan       nan       nan
        7         96       0   0.000  0.000      0       nan           nan         nan         nan       nan       nan
        7         97       0   0.000  0.000      0       nan           nan         nan         nan       nan       nan
        7         98       0   0.000  0.000      0       nan           nan         nan         nan       nan       nan
        7         99       0   0.000  0.000      0       nan           nan         nan         nan       nan       nan
        7        100       0   0.000  0.000      0       nan           nan         nan         nan       nan       nan
        7        101       0   0.000  0.000      0       nan           nan         nan         nan       nan       nan
        7        102       0   0.000  0.000      0       nan           nan         nan         nan       nan       nan
        7        103       0   0.000  0.000      0       nan           nan         nan         nan       nan       nan
        7        104       0   0.000  0.000      0       nan           nan         nan         nan       nan       nan
        7        105       0   0.000  0.000      0       nan           nan         nan         nan       nan       nan
        7        106       0   0.000  0.000      0       nan           nan         nan         nan       nan       nan
        7        107       0   0.000  0.000      0       nan           nan         nan         nan       nan       nan
        7        108       0   0.000  0.000      0       nan           nan         nan         nan       nan       nan
        7        109       0   0.000  0.000      0       nan           nan         nan         nan       nan       nan
        7        110       0   0.000  0.000      0       nan           nan         nan         nan       nan       nan
        7        111       0   0.000  0.000      0       nan           nan         nan         nan       nan       nan
        7        112       0   0.000  0.000      0       nan           nan         nan         nan       nan       nan
        7        113       0   0.000  0.000      0       nan           nan         nan         nan       nan       nan
        7        114       0   0.000  0.000      0       nan           nan         nan         nan       nan       nan
        7        115       0   0.000  0.000      0       nan           nan         nan         nan       nan       nan
        7        116       0   0.000  0.000      0       nan           nan         nan         nan       nan       nan
        7        117       0   0.000  0.000      0       nan           nan         nan         nan       nan       nan
        7        118       0   0.000  0.000      0       nan           nan         nan         nan       nan       nan
        7        119       0   0.000  0.000      0       nan           nan         nan         nan       nan       nan
        7        120       0   0.000  0.000      0       nan           nan         nan         nan       nan       nan
        7        121       0   0.000  0.000      0       nan           nan         nan         nan       nan       nan
        7        122       0   0.000  0.000      0       nan           nan         nan         nan       nan       nan
        7        123       0   0.000  0.000      0       nan           nan         nan         nan       nan       nan
        7        124       0   0.000  0.000      0       nan           nan         nan         nan       nan       nan
        7        125       0   0.000  0.000      0       nan           nan         nan         nan       nan       nan
        7        126       0   0.000  0.000      0       nan           nan         nan         nan       nan       nan
        7        127       0   0.000  0.000      0       nan           nan         nan         nan       nan       nan
        7        128       0   0.000  0.000      0       nan           nan         nan         nan       nan       nan
        7        129       0   0.000  0.000      0       nan           nan         nan         nan       nan       nan
        7        130       0   0.000  0.000      0       nan           nan         nan         nan       nan       nan
        7        131       0   0.000  0.000      0       nan           nan         nan         nan       nan       nan
        7        132       0   0.000  0.000      0       nan           nan         nan         nan       nan       nan
        7        133       0   0.000  0.000      0       nan           nan         nan         nan       nan       nan
        7        134       0   0.000  0.000      0       nan           nan         nan         nan       nan       nan
        7        136       0   0.000  0.000      0       nan           nan         nan         nan       nan       nan
        7        138       0   0.000  0.000      0       nan           nan         nan         nan       nan       nan
        7        139       0   0.000  0.000      0       nan           nan         nan         nan       nan       nan
        7        140       0   0.000  0.000      0       nan           nan         nan         nan       nan       nan
        7        141       0   0.000  0.000      0       nan           nan         nan         nan       nan       nan
        7        143       0   0.000  0.000      0       nan           nan         nan         nan       nan       nan
        7        144       0   0.000  0.000      0       nan           nan         nan         nan       nan       nan
        8          2       0   0.149  0.271   3276     1.297           0.4         2.0         1.6      20.7      16.0
        8         36       0   0.011  0.246   1216     1.189          17.8         2.3        20.1      20.7      17.4
        8          8       0   0.010  0.028    940     2.828           0.0         0.0         0.0      22.6      64.0
        8          7       0   0.009  0.125   1788     3.084           3.3         3.3         0.0      20.7      64.0
        8          0       0   0.008  0.042   3584     1.414           2.6         1.9         4.5      20.7      29.3
        8         12       0   0.006  0.095   3584     5.657           1.9         1.9         0.0      20.7     117.4
        8         42       0   0.005  0.277   2876     4.757          10.9         0.9       170.0      20.7      98.7
        8        142       0   0.005  0.115    456     1.000          23.1         6.9        30.0      19.0      19.0
        8          4       0   0.004  0.049   3584     4.000           1.9         1.9         0.0      20.7      83.0
        8         37       0   0.004  0.123    544     1.189          28.2         0.0       151.8      22.6      19.0
        8         26       0   0.004  0.200   2424     2.378          22.8         2.8       160.0      20.7      49.4
        8         63       0   0.003  0.169   1044     1.189          43.8         0.2       136.4      20.7      17.4
        8          1       0   0.003  0.046   3584     2.378           5.1         1.9         7.0      20.7      49.4
        8        137       0   0.002  0.099    808     1.834          23.5         6.5        30.0      20.7      38.1
        8         19       0   0.002  0.083   2772     1.189          35.6         2.4       146.8      20.7      17.4
        8         17       0   0.002  0.066   1120     1.414          24.5         5.5        30.0      19.0      26.9
        8          3       0   0.002  0.038   3584     1.297          16.6         1.9       165.2      20.7      26.9
        8          6       0   0.002  0.046   3584     2.378          11.9         1.9       170.0      20.7      49.4
        8          9       0   0.002  0.077   3584     4.000          11.9         1.9       170.0      20.7      83.0
        8         18       0   0.001  0.090   2240     1.682          42.6         0.0       137.4      20.7      34.9
        8         10       0   0.001  0.023    364     1.414          13.5         0.0       166.5      22.6      16.0
        8         59       0   0.001  0.034    216     1.189          28.0         8.0       160.0      20.7      24.7
        8         20       0   0.001  0.080   1628     4.757          17.2         4.1        21.3      19.0      90.5
        8         48       0   0.001  0.075   2820     2.594          37.7         2.3       144.6      20.7      53.8
        8          5       0   0.001  0.052   3584     5.657          11.9         1.9       170.0      20.7     117.4
        8         51       0   0.001  0.107   1388     5.187          31.2         4.8        36.1      19.0      98.7
        8         89       0   0.001  0.132   1020     4.757          45.1         5.1       140.0      20.7      98.7
        8         44       0   0.001  0.056    908     4.362          23.8         6.2        30.0      19.0      83.0
        8        131       0   0.001  0.023    104     1.000          44.2         4.2       140.0      19.0      19.0
        8        105       0   0.000  0.013     92     1.189          22.6         0.0        22.6      22.6      26.9
        8         40       0   0.000  0.027    748     3.084          20.0         0.0       160.0      22.6      69.8
        8         33       0   0.000  0.021    344     1.297          40.0         0.0       140.0      22.6      29.3
        8        130       0   0.000  0.008     32     1.189          20.0         0.0        20.0      19.0      22.6
        8        116       0   0.000  0.008     40     1.297          30.0         0.0        30.0      19.0      24.7
        8         29       0   0.000  0.011    460     2.828          20.0         0.0       160.0      20.7      58.7
        8         67       0   0.000  0.016    288     2.000          50.0         0.0       130.0      22.6      45.3
        8         82       0   0.000  0.007     32     1.091          50.0         0.0       130.0      19.0      20.7
        8        135       0   0.000  0.008     48     3.084          30.0         0.0        30.0      20.7      64.0
        8         31       0   0.000  0.003     60     1.834          27.4         2.6        30.0      17.4      32.0
        8         14       0   0.000  0.005    180     2.594          36.7         6.7       150.0      19.0      49.4
        8         55       0   0.000  0.004     76     1.682          40.0         0.0       140.0      22.6      38.1
        8         11       0   0.000  0.000      0       nan           nan         nan         nan       nan       nan
        8         13       0   0.000  0.000      0       nan           nan         nan         nan       nan       nan
        8         15       0   0.000  0.000      0       nan           nan         nan         nan       nan       nan
        8         16       0   0.000  0.000      0       nan           nan         nan         nan       nan       nan
        8         21       0   0.000  0.000      0       nan           nan         nan         nan       nan       nan
        8         22       0   0.000  0.000      0       nan           nan         nan         nan       nan       nan
        8         23       0   0.000  0.000      0       nan           nan         nan         nan       nan       nan
        8         24       0   0.000  0.000      0       nan           nan         nan         nan       nan       nan
        8         25       0   0.000  0.000      0       nan           nan         nan         nan       nan       nan
        8         27       0   0.000  0.000      0       nan           nan         nan         nan       nan       nan
        8         28       0   0.000  0.000      0       nan           nan         nan         nan       nan       nan
        8         30       0   0.000  0.000      0       nan           nan         nan         nan       nan       nan
        8         32       0   0.000  0.000      0       nan           nan         nan         nan       nan       nan
        8         34       0   0.000  0.000      0       nan           nan         nan         nan       nan       nan
        8         35       0   0.000  0.000      0       nan           nan         nan         nan       nan       nan
        8         38       0   0.000  0.000      0       nan           nan         nan         nan       nan       nan
        8         39       0   0.000  0.000      0       nan           nan         nan         nan       nan       nan
        8         41       0   0.000  0.000      0       nan           nan         nan         nan       nan       nan
        8         43       0   0.000  0.000      0       nan           nan         nan         nan       nan       nan
        8         45       0   0.000  0.000      0       nan           nan         nan         nan       nan       nan
        8         46       0   0.000  0.000      0       nan           nan         nan         nan       nan       nan
        8         47       0   0.000  0.000      0       nan           nan         nan         nan       nan       nan
        8         49       0   0.000  0.000      0       nan           nan         nan         nan       nan       nan
        8         50       0   0.000  0.000      0       nan           nan         nan         nan       nan       nan
        8         52       0   0.000  0.000      0       nan           nan         nan         nan       nan       nan
        8         53       0   0.000  0.000      0       nan           nan         nan         nan       nan       nan
        8         54       0   0.000  0.000      0       nan           nan         nan         nan       nan       nan
        8         56       0   0.000  0.000      0       nan           nan         nan         nan       nan       nan
        8         57       0   0.000  0.000      0       nan           nan         nan         nan       nan       nan
        8         58       0   0.000  0.000      0       nan           nan         nan         nan       nan       nan
        8         60       0   0.000  0.000      0       nan           nan         nan         nan       nan       nan
        8         61       0   0.000  0.000      0       nan           nan         nan         nan       nan       nan
        8         62       0   0.000  0.000      0       nan           nan         nan         nan       nan       nan
        8         64       0   0.000  0.000      0       nan           nan         nan         nan       nan       nan
        8         65       0   0.000  0.000      0       nan           nan         nan         nan       nan       nan
        8         66       0   0.000  0.000      0       nan           nan         nan         nan       nan       nan
        8         68       0   0.000  0.000      0       nan           nan         nan         nan       nan       nan
        8         69       0   0.000  0.000      0       nan           nan         nan         nan       nan       nan
        8         70       0   0.000  0.000      0       nan           nan         nan         nan       nan       nan
        8         71       0   0.000  0.000      0       nan           nan         nan         nan       nan       nan
        8         72       0   0.000  0.000      0       nan           nan         nan         nan       nan       nan
        8         73       0   0.000  0.000      0       nan           nan         nan         nan       nan       nan
        8         74       0   0.000  0.000      0       nan           nan         nan         nan       nan       nan
        8         75       0   0.000  0.000      0       nan           nan         nan         nan       nan       nan
        8         76       0   0.000  0.000      0       nan           nan         nan         nan       nan       nan
        8         77       0   0.000  0.000      0       nan           nan         nan         nan       nan       nan
        8         78       0   0.000  0.000      0       nan           nan         nan         nan       nan       nan
        8         79       0   0.000  0.000      0       nan           nan         nan         nan       nan       nan
        8         80       0   0.000  0.000      0       nan           nan         nan         nan       nan       nan
        8         81       0   0.000  0.000      0       nan           nan         nan         nan       nan       nan
        8         83       0   0.000  0.000      0       nan           nan         nan         nan       nan       nan
        8         84       0   0.000  0.000      0       nan           nan         nan         nan       nan       nan
        8         85       0   0.000  0.000      0       nan           nan         nan         nan       nan       nan
        8         86       0   0.000  0.000      0       nan           nan         nan         nan       nan       nan
        8         87       0   0.000  0.000      0       nan           nan         nan         nan       nan       nan
        8         88       0   0.000  0.000      0       nan           nan         nan         nan       nan       nan
        8         90       0   0.000  0.000      0       nan           nan         nan         nan       nan       nan
        8         91       0   0.000  0.000      0       nan           nan         nan         nan       nan       nan
        8         92       0   0.000  0.000      0       nan           nan         nan         nan       nan       nan
        8         93       0   0.000  0.000      0       nan           nan         nan         nan       nan       nan
        8         94       0   0.000  0.000      0       nan           nan         nan         nan       nan       nan
        8         95       0   0.000  0.000      0       nan           nan         nan         nan       nan       nan
        8         96       0   0.000  0.000      0       nan           nan         nan         nan       nan       nan
        8         97       0   0.000  0.000      0       nan           nan         nan         nan       nan       nan
        8         98       0   0.000  0.000      0       nan           nan         nan         nan       nan       nan
        8         99       0   0.000  0.000      0       nan           nan         nan         nan       nan       nan
        8        100       0   0.000  0.000      0       nan           nan         nan         nan       nan       nan
        8        101       0   0.000  0.000      0       nan           nan         nan         nan       nan       nan
        8        102       0   0.000  0.000      0       nan           nan         nan         nan       nan       nan
        8        103       0   0.000  0.000      0       nan           nan         nan         nan       nan       nan
        8        104       0   0.000  0.000      0       nan           nan         nan         nan       nan       nan
        8        106       0   0.000  0.000      0       nan           nan         nan         nan       nan       nan
        8        107       0   0.000  0.000      0       nan           nan         nan         nan       nan       nan
        8        108       0   0.000  0.000      0       nan           nan         nan         nan       nan       nan
        8        109       0   0.000  0.000      0       nan           nan         nan         nan       nan       nan
        8        110       0   0.000  0.000      0       nan           nan         nan         nan       nan       nan
        8        111       0   0.000  0.000      0       nan           nan         nan         nan       nan       nan
        8        112       0   0.000  0.000      0       nan           nan         nan         nan       nan       nan
        8        113       0   0.000  0.000      0       nan           nan         nan         nan       nan       nan
        8        114       0   0.000  0.000      0       nan           nan         nan         nan       nan       nan
        8        115       0   0.000  0.000      0       nan           nan         nan         nan       nan       nan
        8        117       0   0.000  0.000      0       nan           nan         nan         nan       nan       nan
        8        118       0   0.000  0.000      0       nan           nan         nan         nan       nan       nan
        8        119       0   0.000  0.000      0       nan           nan         nan         nan       nan       nan
        8        120       0   0.000  0.000      0       nan           nan         nan         nan       nan       nan
        8        121       0   0.000  0.000      0       nan           nan         nan         nan       nan       nan
        8        122       0   0.000  0.000      0       nan           nan         nan         nan       nan       nan
        8        123       0   0.000  0.000      0       nan           nan         nan         nan       nan       nan
        8        124       0   0.000  0.000      0       nan           nan         nan         nan       nan       nan
        8        125       0   0.000  0.000      0       nan           nan         nan         nan       nan       nan
        8        126       0   0.000  0.000      0       nan           nan         nan         nan       nan       nan
        8        127       0   0.000  0.000      0       nan           nan         nan         nan       nan       nan
        8        128       0   0.000  0.000      0       nan           nan         nan         nan       nan       nan
        8        129       0   0.000  0.000      0       nan           nan         nan         nan       nan       nan
        8        132       0   0.000  0.000      0       nan           nan         nan         nan       nan       nan
        8        133       0   0.000  0.000      0       nan           nan         nan         nan       nan       nan
        8        134       0   0.000  0.000      0       nan           nan         nan         nan       nan       nan
        8        136       0   0.000  0.000      0       nan           nan         nan         nan       nan       nan
        8        138       0   0.000  0.000      0       nan           nan         nan         nan       nan       nan
        8        139       0   0.000  0.000      0       nan           nan         nan         nan       nan       nan
        8        140       0   0.000  0.000      0       nan           nan         nan         nan       nan       nan
        8        141       0   0.000  0.000      0       nan           nan         nan         nan       nan       nan
        8        143       0   0.000  0.000      0       nan           nan         nan         nan       nan       nan
        8        144       0   0.000  0.000      0       nan           nan         nan         nan       nan       nan
        9        110       1   0.278  0.331    328     1.189           0.0       170.0       170.0      26.9      32.0
        9        132       1   0.018  0.231    332     1.189          10.0       170.0         0.0      26.9      32.0
        9         96       0   0.018  0.077    504     2.828           0.5       169.5       170.0      24.7      69.8
        9         49       0   0.015  0.179    496     1.297           8.1       169.4       161.3      24.7      32.0
        9        127       0   0.006  0.139    272     2.000          10.0       170.0         0.0      29.3      58.7
        9         80       1   0.005  0.063    500     1.091          10.6       169.4         0.0      24.7      26.9
        9          3       0   0.003  0.004    356     1.091           0.0       170.0       170.0      26.9      29.3
        9         52       0   0.002  0.073    504     3.084          10.5       169.5         0.0      24.7      76.1
        9        102       0   0.001  0.064    272     1.542          30.1       169.9        20.0      24.7      38.1
        9         34       0   0.001  0.012    200     1.542          10.8       169.2         0.0      29.3      45.3
        9          0       0   0.000  0.005    460     1.091          10.5       169.5         0.0      26.9      29.3
        9          6       0   0.000  0.000     16     1.834           0.0       170.0       170.0      29.3      53.8
        9         74       0   0.000  0.008     88     1.682          40.0       170.0       130.0      29.3      49.4
        9        121       0   0.000  0.008     64     1.834          40.0       170.0       130.0      29.3      53.8
        9          1       0   0.000  0.000      0       nan           nan         nan         nan       nan       nan
        9          2       0   0.000  0.000      0       nan           nan         nan         nan       nan       nan
        9          4       0   0.000  0.000      0       nan           nan         nan         nan       nan       nan
        9          5       0   0.000  0.000      0       nan           nan         nan         nan       nan       nan
        9          7       0   0.000  0.000      0       nan           nan         nan         nan       nan       nan
        9          8       0   0.000  0.000      0       nan           nan         nan         nan       nan       nan
        9          9       0   0.000  0.000      0       nan           nan         nan         nan       nan       nan
        9         10       0   0.000  0.000      0       nan           nan         nan         nan       nan       nan
        9         11       0   0.000  0.000      0       nan           nan         nan         nan       nan       nan
        9         12       0   0.000  0.000      0       nan           nan         nan         nan       nan       nan
        9         13       0   0.000  0.000      0       nan           nan         nan         nan       nan       nan
        9         14       0   0.000  0.000      0       nan           nan         nan         nan       nan       nan
        9         15       0   0.000  0.000      0       nan           nan         nan         nan       nan       nan
        9         16       0   0.000  0.000      0       nan           nan         nan         nan       nan       nan
        9         17       0   0.000  0.000      0       nan           nan         nan         nan       nan       nan
        9         18       0   0.000  0.000      0       nan           nan         nan         nan       nan       nan
        9         19       0   0.000  0.000      0       nan           nan         nan         nan       nan       nan
        9         20       0   0.000  0.000      0       nan           nan         nan         nan       nan       nan
        9         21       0   0.000  0.000      0       nan           nan         nan         nan       nan       nan
        9         22       0   0.000  0.000      0       nan           nan         nan         nan       nan       nan
        9         23       0   0.000  0.000      0       nan           nan         nan         nan       nan       nan
        9         24       0   0.000  0.000      0       nan           nan         nan         nan       nan       nan
        9         25       0   0.000  0.000      0       nan           nan         nan         nan       nan       nan
        9         26       0   0.000  0.000      0       nan           nan         nan         nan       nan       nan
        9         27       0   0.000  0.000      0       nan           nan         nan         nan       nan       nan
        9         28       0   0.000  0.000      0       nan           nan         nan         nan       nan       nan
        9         29       0   0.000  0.000      0       nan           nan         nan         nan       nan       nan
        9         30       0   0.000  0.000      0       nan           nan         nan         nan       nan       nan
        9         31       0   0.000  0.000      0       nan           nan         nan         nan       nan       nan
        9         32       0   0.000  0.000      0       nan           nan         nan         nan       nan       nan
        9         33       0   0.000  0.000      0       nan           nan         nan         nan       nan       nan
        9         35       0   0.000  0.000      0       nan           nan         nan         nan       nan       nan
        9         36       0   0.000  0.000      0       nan           nan         nan         nan       nan       nan
        9         37       0   0.000  0.000      0       nan           nan         nan         nan       nan       nan
        9         38       0   0.000  0.000      0       nan           nan         nan         nan       nan       nan
        9         39       0   0.000  0.000      0       nan           nan         nan         nan       nan       nan
        9         40       0   0.000  0.000      0       nan           nan         nan         nan       nan       nan
        9         41       0   0.000  0.000      0       nan           nan         nan         nan       nan       nan
        9         42       0   0.000  0.000      0       nan           nan         nan         nan       nan       nan
        9         43       0   0.000  0.000      0       nan           nan         nan         nan       nan       nan
        9         44       0   0.000  0.000      0       nan           nan         nan         nan       nan       nan
        9         45       0   0.000  0.000      0       nan           nan         nan         nan       nan       nan
        9         46       0   0.000  0.000      0       nan           nan         nan         nan       nan       nan
        9         47       0   0.000  0.000      0       nan           nan         nan         nan       nan       nan
        9         48       0   0.000  0.000      0       nan           nan         nan         nan       nan       nan
        9         50       0   0.000  0.000      0       nan           nan         nan         nan       nan       nan
        9         51       0   0.000  0.000      0       nan           nan         nan         nan       nan       nan
        9         53       0   0.000  0.000      0       nan           nan         nan         nan       nan       nan
        9         54       0   0.000  0.000      0       nan           nan         nan         nan       nan       nan
        9         55       0   0.000  0.000      0       nan           nan         nan         nan       nan       nan
        9         56       0   0.000  0.000      0       nan           nan         nan         nan       nan       nan
        9         57       0   0.000  0.000      0       nan           nan         nan         nan       nan       nan
        9         58       0   0.000  0.000      0       nan           nan         nan         nan       nan       nan
        9         59       0   0.000  0.000      0       nan           nan         nan         nan       nan       nan
        9         60       0   0.000  0.000      0       nan           nan         nan         nan       nan       nan
        9         61       0   0.000  0.000      0       nan           nan         nan         nan       nan       nan
        9         62       0   0.000  0.000      0       nan           nan         nan         nan       nan       nan
        9         63       0   0.000  0.000      0       nan           nan         nan         nan       nan       nan
        9         64       0   0.000  0.000      0       nan           nan         nan         nan       nan       nan
        9         65       0   0.000  0.000      0       nan           nan         nan         nan       nan       nan
        9         66       0   0.000  0.000      0       nan           nan         nan         nan       nan       nan
        9         67       0   0.000  0.000      0       nan           nan         nan         nan       nan       nan
        9         68       0   0.000  0.000      0       nan           nan         nan         nan       nan       nan
        9         69       0   0.000  0.000      0       nan           nan         nan         nan       nan       nan
        9         70       0   0.000  0.000      0       nan           nan         nan         nan       nan       nan
        9         71       0   0.000  0.000      0       nan           nan         nan         nan       nan       nan
        9         72       0   0.000  0.000      0       nan           nan         nan         nan       nan       nan
        9         73       0   0.000  0.000      0       nan           nan         nan         nan       nan       nan
        9         75       0   0.000  0.000      0       nan           nan         nan         nan       nan       nan
        9         76       0   0.000  0.000      0       nan           nan         nan         nan       nan       nan
        9         77       0   0.000  0.000      0       nan           nan         nan         nan       nan       nan
        9         78       0   0.000  0.000      0       nan           nan         nan         nan       nan       nan
        9         79       0   0.000  0.000      0       nan           nan         nan         nan       nan       nan
        9         81       0   0.000  0.000      0       nan           nan         nan         nan       nan       nan
        9         82       0   0.000  0.000      0       nan           nan         nan         nan       nan       nan
        9         83       0   0.000  0.000      0       nan           nan         nan         nan       nan       nan
        9         84       0   0.000  0.000      0       nan           nan         nan         nan       nan       nan
        9         85       0   0.000  0.000      0       nan           nan         nan         nan       nan       nan
        9         86       0   0.000  0.000      0       nan           nan         nan         nan       nan       nan
        9         87       0   0.000  0.000      0       nan           nan         nan         nan       nan       nan
        9         88       0   0.000  0.000      0       nan           nan         nan         nan       nan       nan
        9         89       0   0.000  0.000      0       nan           nan         nan         nan       nan       nan
        9         90       0   0.000  0.000      0       nan           nan         nan         nan       nan       nan
        9         91       0   0.000  0.000      0       nan           nan         nan         nan       nan       nan
        9         92       0   0.000  0.000      0       nan           nan         nan         nan       nan       nan
        9         93       0   0.000  0.000      0       nan           nan         nan         nan       nan       nan
        9         94       0   0.000  0.000      0       nan           nan         nan         nan       nan       nan
        9         95       0   0.000  0.000      0       nan           nan         nan         nan       nan       nan
        9         97       0   0.000  0.000      0       nan           nan         nan         nan       nan       nan
        9         98       0   0.000  0.000      0       nan           nan         nan         nan       nan       nan
        9         99       0   0.000  0.000      0       nan           nan         nan         nan       nan       nan
        9        100       0   0.000  0.000      0       nan           nan         nan         nan       nan       nan
        9        101       0   0.000  0.000      0       nan           nan         nan         nan       nan       nan
        9        103       0   0.000  0.000      0       nan           nan         nan         nan       nan       nan
        9        104       0   0.000  0.000      0       nan           nan         nan         nan       nan       nan
        9        105       0   0.000  0.000      0       nan           nan         nan         nan       nan       nan
        9        106       0   0.000  0.000      0       nan           nan         nan         nan       nan       nan
        9        107       0   0.000  0.000      0       nan           nan         nan         nan       nan       nan
        9        108       0   0.000  0.000      0       nan           nan         nan         nan       nan       nan
        9        109       0   0.000  0.000      0       nan           nan         nan         nan       nan       nan
        9        111       0   0.000  0.000      0       nan           nan         nan         nan       nan       nan
        9        112       0   0.000  0.000      0       nan           nan         nan         nan       nan       nan
        9        113       0   0.000  0.000      0       nan           nan         nan         nan       nan       nan
        9        114       0   0.000  0.000      0       nan           nan         nan         nan       nan       nan
        9        115       0   0.000  0.000      0       nan           nan         nan         nan       nan       nan
        9        116       0   0.000  0.000      0       nan           nan         nan         nan       nan       nan
        9        117       0   0.000  0.000      0       nan           nan         nan         nan       nan       nan
        9        118       0   0.000  0.000      0       nan           nan         nan         nan       nan       nan
        9        119       0   0.000  0.000      0       nan           nan         nan         nan       nan       nan
        9        120       0   0.000  0.000      0       nan           nan         nan         nan       nan       nan
        9        122       0   0.000  0.000      0       nan           nan         nan         nan       nan       nan
        9        123       0   0.000  0.000      0       nan           nan         nan         nan       nan       nan
        9        124       0   0.000  0.000      0       nan           nan         nan         nan       nan       nan
        9        125       0   0.000  0.000      0       nan           nan         nan         nan       nan       nan
        9        126       0   0.000  0.000      0       nan           nan         nan         nan       nan       nan
        9        128       0   0.000  0.000      0       nan           nan         nan         nan       nan       nan
        9        129       0   0.000  0.000      0       nan           nan         nan         nan       nan       nan
        9        130       0   0.000  0.000      0       nan           nan         nan         nan       nan       nan
        9        131       0   0.000  0.000      0       nan           nan         nan         nan       nan       nan
        9        133       0   0.000  0.000      0       nan           nan         nan         nan       nan       nan
        9        134       0   0.000  0.000      0       nan           nan         nan         nan       nan       nan
        9        135       0   0.000  0.000      0       nan           nan         nan         nan       nan       nan
        9        136       0   0.000  0.000      0       nan           nan         nan         nan       nan       nan
        9        137       0   0.000  0.000      0       nan           nan         nan         nan       nan       nan
        9        138       0   0.000  0.000      0       nan           nan         nan         nan       nan       nan
        9        139       0   0.000  0.000      0       nan           nan         nan         nan       nan       nan
        9        140       0   0.000  0.000      0       nan           nan         nan         nan       nan       nan
        9        141       0   0.000  0.000      0       nan           nan         nan         nan       nan       nan
        9        142       0   0.000  0.000      0       nan           nan         nan         nan       nan       nan
        9        143       0   0.000  0.000      0       nan           nan         nan         nan       nan       nan
        9        144       0   0.000  0.000      0       nan           nan         nan         nan       nan       nan
