cluster_a  cluster_c  passes  score    iou    inter  lam_ratio  ang_diff_deg  thetaA_deg  thetaC_deg  lamA_med  lamC_med
      145        581       1   0.244  0.290   4320     1.189           0.0         0.0         0.0      24.7      20.7
      145        609       1   0.121  0.161   2724     1.091           0.2         0.0         0.2      24.7      26.9
      145        569       1   0.092  0.122   5160     1.189           0.1         0.1         0.0      24.7      29.3
      145        580       0   0.084  0.184   5764     2.181           0.0         0.0         0.0      24.7      53.8
      145        705       1   0.068  0.288   3280     1.189           2.5         0.2         2.7      24.7      20.7
      145        558       0   0.067  0.095   6912     1.297           0.1         0.1         0.0      24.7      32.0
      145        643       0   0.034  0.139   1760     3.084           0.3         0.3         0.0      24.7      76.1
      145        620       0   0.034  0.134   1940     4.000           0.0         0.0         0.0      24.7      98.7
      145        641       0   0.032  0.102   1820     2.378           0.3         0.3         0.0      24.7      58.7
      145        592       0   0.029  0.104   2148     2.828           0.3         0.3         0.0      24.7      69.8
      145        563       0   0.028  0.083   5164     2.594           0.1         0.1         0.3      24.7      64.0
      145        608       1   0.017  0.212   3480     1.091          10.2         0.0       169.8      24.7      26.9
      145        623       0   0.016  0.264   3064     1.542          10.0         0.0       170.0      24.7      38.1
      145        658       1   0.010  0.128   1464     1.189          10.0         0.0       170.0      24.7      20.7
      145        622       0   0.010  0.166   1964     1.542          10.1         0.0        10.1      24.7      38.1
      145        672       0   0.009  0.138   2656     1.297          11.3         0.2       168.9      24.7      32.0
      145        585       0   0.008  0.213   3200     2.378          10.0         0.0       170.0      24.7      58.7
      145        711       0   0.007  0.181   2472     1.414          17.6         0.2        17.8      24.7      34.9
      145        648       0   0.007  0.093   1464     1.297           9.6         0.4        10.0      24.7      32.0
      145        646       0   0.007  0.204   2304     2.828          10.0         0.0       170.0      24.7      69.8
      145        577       0   0.005  0.178   3100     2.828          10.6         0.2       169.6      24.7      69.8
      145        568       0   0.004  0.091   4452     2.000          10.0         0.0       170.0      24.7      49.4
      145        571       0   0.004  0.110   2928     2.594          10.0         0.0       170.0      24.7      64.0
      145        570       0   0.003  0.095   3792     1.834          15.1         0.0       164.9      24.7      45.3
      145        698       0   0.002  0.071    972     1.189          27.9         0.0       152.1      24.7      29.3
      145        695       0   0.001  0.041    636     1.414          28.1         0.9       152.8      24.7      34.9
      145        617       0   0.001  0.067   1216     1.682          40.0         0.0       140.0      24.7      41.5
      145        607       0   0.001  0.041    676     4.362          10.0         0.0       170.0      24.7     107.6
      145        657       0   0.001  0.032    416     2.378          20.0         0.0       160.0      24.7      58.7
      145        661       0   0.001  0.075    920     2.000          60.0         0.0       120.0      24.7      49.4
      145        670       0   0.000  0.050    840     1.834          70.0         0.0       110.0      24.7      45.3
      145        712       0   0.000  0.018    256     1.542          30.0         0.0        30.0      24.7      38.1
      145        696       0   0.000  0.037    452     2.181          50.0         0.0       130.0      24.7      53.8
      145        604       0   0.000  0.026    508     1.834          61.4         1.2        62.5      24.7      45.3
      145        597       0   0.000  0.019    424     4.000          20.0         0.0       160.0      24.7      98.7
      145        602       0   0.000  0.045    804     3.364          60.2         0.7       120.5      24.7      83.0
      145        710       0   0.000  0.015    208     2.594          30.0         0.0       150.0      24.7      64.0
      145        560       0   0.000  0.014   1016     2.000          40.9         0.0       139.1      24.7      49.4
      145        582       0   0.000  0.016    460     3.084          64.3         1.3       117.0      24.7      76.1
      145        559       0   0.000  0.028    868     4.757          80.0         0.0       100.0      24.7     117.4
      145        631       0   0.000  0.006     80     2.000          40.0         0.0       140.0      24.7      49.4
      145        575       0   0.000  0.009    228     1.682          85.4         1.2        86.6      24.7      41.5
      145        708       0   0.000  0.002     20     3.364          10.0         0.0       170.0      24.7      83.0
      145        633       0   0.000  0.002     24     4.757          10.0         0.0        10.0      24.7     117.4
      145        588       0   0.000  0.000      4     2.181          40.0         0.0       140.0      24.7      53.8
      145        556       0   0.000  0.000      0       nan           nan         nan         nan       nan       nan
      145        557       0   0.000  0.000      0       nan           nan         nan         nan       nan       nan
      145        561       0   0.000  0.000      0       nan           nan         nan         nan       nan       nan
      145        562       0   0.000  0.000      0       nan           nan         nan         nan       nan       nan
      145        564       0   0.000  0.000      0       nan           nan         nan         nan       nan       nan
      145        565       0   0.000  0.000      0       nan           nan         nan         nan       nan       nan
      145        566       0   0.000  0.000      0       nan           nan         nan         nan       nan       nan
      145        567       0   0.000  0.000      0       nan           nan         nan         nan       nan       nan
      145        572       0   0.000  0.000      0       nan           nan         nan         nan       nan       nan
      145        573       0   0.000  0.000      0       nan           nan         nan         nan       nan       nan
      145        574       0   0.000  0.000      0       nan           nan         nan         nan       nan       nan
      145        576       0   0.000  0.000      0       nan           nan         nan         nan       nan       nan
      145        578       0   0.000  0.000      0       nan           nan         nan         nan       nan       nan
      145        579       0   0.000  0.000      0       nan           nan         nan         nan       nan       nan
      145        583       0   0.000  0.000      0       nan           nan         nan         nan       nan       nan
      145        584       0   0.000  0.000      0       nan           nan         nan         nan       nan       nan
      145        586       0   0.000  0.000      0       nan           nan         nan         nan       nan       nan
      145        587       0   0.000  0.000      0       nan           nan         nan         nan       nan       nan
      145        589       0   0.000  0.000      0       nan           nan         nan         nan       nan       nan
      145        590       0   0.000  0.000      0       nan           nan         nan         nan       nan       nan
      145        591       0   0.000  0.000      0       nan           nan         nan         nan       nan       nan
      145        593       0   0.000  0.000      0       nan           nan         nan         nan       nan       nan
      145        594       0   0.000  0.000      0       nan           nan         nan         nan       nan       nan
      145        595       0   0.000  0.000      0       nan           nan         nan         nan       nan       nan
      145        596       0   0.000  0.000      0       nan           nan         nan         nan       nan       nan
      145        598       0   0.000  0.000      0       nan           nan         nan         nan       nan       nan
      145        599       0   0.000  0.000      0       nan           nan         nan         nan       nan       nan
      145        600       0   0.000  0.000      0       nan           nan         nan         nan       nan       nan
      145        601       0   0.000  0.000      0       nan           nan         nan         nan       nan       nan
      145        603       0   0.000  0.000      0       nan           nan         nan         nan       nan       nan
      145        605       0   0.000  0.000      0       nan           nan         nan         nan       nan       nan
      145        606       0   0.000  0.000      0       nan           nan         nan         nan       nan       nan
      145        610       0   0.000  0.000      0       nan           nan         nan         nan       nan       nan
      145        611       0   0.000  0.000      0       nan           nan         nan         nan       nan       nan
      145        612       0   0.000  0.000      0       nan           nan         nan         nan       nan       nan
      145        613       0   0.000  0.000      0       nan           nan         nan         nan       nan       nan
      145        614       0   0.000  0.000      0       nan           nan         nan         nan       nan       nan
      145        615       0   0.000  0.000      0       nan           nan         nan         nan       nan       nan
      145        616       0   0.000  0.000      0       nan           nan         nan         nan       nan       nan
      145        618       0   0.000  0.000      0       nan           nan         nan         nan       nan       nan
      145        619       0   0.000  0.000      0       nan           nan         nan         nan       nan       nan
      145        621       0   0.000  0.000      0       nan           nan         nan         nan       nan       nan
      145        624       0   0.000  0.000      0       nan           nan         nan         nan       nan       nan
      145        625       0   0.000  0.000      0       nan           nan         nan         nan       nan       nan
      145        626       0   0.000  0.000      0       nan           nan         nan         nan       nan       nan
      145        627       0   0.000  0.000      0       nan           nan         nan         nan       nan       nan
      145        628       0   0.000  0.000      0       nan           nan         nan         nan       nan       nan
      145        629       0   0.000  0.000      0       nan           nan         nan         nan       nan       nan
      145        630       0   0.000  0.000      0       nan           nan         nan         nan       nan       nan
      145        632       0   0.000  0.000      0       nan           nan         nan         nan       nan       nan
      145        634       0   0.000  0.000      0       nan           nan         nan         nan       nan       nan
      145        635       0   0.000  0.000      0       nan           nan         nan         nan       nan       nan
      145        636       0   0.000  0.000      0       nan           nan         nan         nan       nan       nan
      145        637       0   0.000  0.000      0       nan           nan         nan         nan       nan       nan
      145        638       0   0.000  0.000      0       nan           nan         nan         nan       nan       nan
      145        639       0   0.000  0.000      0       nan           nan         nan         nan       nan       nan
      145        640       0   0.000  0.000      0       nan           nan         nan         nan       nan       nan
      145        642       0   0.000  0.000      0       nan           nan         nan         nan       nan       nan
      145        644       0   0.000  0.000      0       nan           nan         nan         nan       nan       nan
      145        645       0   0.000  0.000      0       nan           nan         nan         nan       nan       nan
      145        647       0   0.000  0.000      0       nan           nan         nan         nan       nan       nan
      145        649       0   0.000  0.000      0       nan           nan         nan         nan       nan       nan
      145        650       0   0.000  0.000      0       nan           nan         nan         nan       nan       nan
      145        651       0   0.000  0.000      0       nan           nan         nan         nan       nan       nan
      145        652       0   0.000  0.000      0       nan           nan         nan         nan       nan       nan
      145        653       0   0.000  0.000      0       nan           nan         nan         nan       nan       nan
      145        654       0   0.000  0.000      0       nan           nan         nan         nan       nan       nan
      145        655       0   0.000  0.000      0       nan           nan         nan         nan       nan       nan
      145        656       0   0.000  0.000      0       nan           nan         nan         nan       nan       nan
      145        659       0   0.000  0.000      0       nan           nan         nan         nan       nan       nan
      145        660       0   0.000  0.000      0       nan           nan         nan         nan       nan       nan
      145        662       0   0.000  0.000      0       nan           nan         nan         nan       nan       nan
      145        663       0   0.000  0.000      0       nan           nan         nan         nan       nan       nan
      145        664       0   0.000  0.000      0       nan           nan         nan         nan       nan       nan
      145        665       0   0.000  0.000      0       nan           nan         nan         nan       nan       nan
      145        666       0   0.000  0.000      0       nan           nan         nan         nan       nan       nan
      145        667       0   0.000  0.000      0       nan           nan         nan         nan       nan       nan
      145        668       0   0.000  0.000      0       nan           nan         nan         nan       nan       nan
      145        669       0   0.000  0.000      0       nan           nan         nan         nan       nan       nan
      145        671       0   0.000  0.000      0       nan           nan         nan         nan       nan       nan
      145        673       0   0.000  0.000      0       nan           nan         nan         nan       nan       nan
      145        674       0   0.000  0.000      0       nan           nan         nan         nan       nan       nan
      145        675       0   0.000  0.000      0       nan           nan         nan         nan       nan       nan
      145        676       0   0.000  0.000      0       nan           nan         nan         nan       nan       nan
      145        677       0   0.000  0.000      0       nan           nan         nan         nan       nan       nan
      145        678       0   0.000  0.000      0       nan           nan         nan         nan       nan       nan
      145        679       0   0.000  0.000      0       nan           nan         nan         nan       nan       nan
      145        680       0   0.000  0.000      0       nan           nan         nan         nan       nan       nan
      145        681       0   0.000  0.000      0       nan           nan         nan         nan       nan       nan
      145        682       0   0.000  0.000      0       nan           nan         nan         nan       nan       nan
      145        683       0   0.000  0.000      0       nan           nan         nan         nan       nan       nan
      145        684       0   0.000  0.000      0       nan           nan         nan         nan       nan       nan
      145        685       0   0.000  0.000      0       nan           nan         nan         nan       nan       nan
      145        686       0   0.000  0.000      0       nan           nan         nan         nan       nan       nan
      145        687       0   0.000  0.000      0       nan           nan         nan         nan       nan       nan
      145        688       0   0.000  0.000      0       nan           nan         nan         nan       nan       nan
      145        689       0   0.000  0.000      0       nan           nan         nan         nan       nan       nan
      145        690       0   0.000  0.000      0       nan           nan         nan         nan       nan       nan
      145        691       0   0.000  0.000      0       nan           nan         nan         nan       nan       nan
      145        692       0   0.000  0.000      0       nan           nan         nan         nan       nan       nan
      145        693       0   0.000  0.000      0       nan           nan         nan         nan       nan       nan
      145        694       0   0.000  0.000      0       nan           nan         nan         nan       nan       nan
      145        697       0   0.000  0.000      0       nan           nan         nan         nan       nan       nan
      145        699       0   0.000  0.000      0       nan           nan         nan         nan       nan       nan
      145        700       0   0.000  0.000      0       nan           nan         nan         nan       nan       nan
      145        701       0   0.000  0.000      0       nan           nan         nan         nan       nan       nan
      145        702       0   0.000  0.000      0       nan           nan         nan         nan       nan       nan
      145        703       0   0.000  0.000      0       nan           nan         nan         nan       nan       nan
      145        704       0   0.000  0.000      0       nan           nan         nan         nan       nan       nan
      145        706       0   0.000  0.000      0       nan           nan         nan         nan       nan       nan
      145        707       0   0.000  0.000      0       nan           nan         nan         nan       nan       nan
      145        709       0   0.000  0.000      0       nan           nan         nan         nan       nan       nan
      145        713       0   0.000  0.000      0       nan           nan         nan         nan       nan       nan
      145        714       0   0.000  0.000      0       nan           nan         nan         nan       nan       nan
      145        715       0   0.000  0.000      0       nan           nan         nan         nan       nan       nan
      145        716       0   0.000  0.000      0       nan           nan         nan         nan       nan       nan
      145        717       0   0.000  0.000      0       nan           nan         nan         nan       nan       nan
      145        718       0   0.000  0.000      0       nan           nan         nan         nan       nan       nan
      145        719       0   0.000  0.000      0       nan           nan         nan         nan       nan       nan
      145        720       0   0.000  0.000      0       nan           nan         nan         nan       nan       nan
      145        721       0   0.000  0.000      0       nan           nan         nan         nan       nan       nan
      146        641       0   0.117  0.180   8224     1.542           0.0         0.0         0.0      90.5      58.7
      146        592       0   0.099  0.129   6500     1.297           0.0         0.0         0.0      90.5      69.8
      146        580       0   0.089  0.226  13164     1.682           0.5         0.0         0.5      90.5      53.8
      146        643       1   0.067  0.080   3600     1.189           0.0         0.0         0.0      90.5      76.1
      146        563       1   0.065  0.270  21588     1.000           3.2         0.0         3.2      64.0      64.0
      146        581       0   0.051  0.112   5392     2.181           0.0         0.0         0.0      45.3      20.7
      146        609       0   0.048  0.195   8780     3.364           0.2         0.0         0.2      90.5      26.9
      146        620       0   0.034  0.074   3472     2.181           0.0         0.0         0.0      45.3      98.7
      146        569       0   0.029  0.185  12720     3.084           1.1         0.0         1.1      90.5      29.3
      146        574       0   0.028  0.061   3956     2.181           0.0         0.0         0.0      64.0      29.3
      146        558       0   0.026  0.198  18888     2.378           2.2         0.0         2.2      76.1      32.0
      146        629       0   0.022  0.028   1420     1.297           0.0         0.0         0.0      64.0      49.4
      146        600       0   0.018  0.023   1080     1.297           0.0         0.0         0.0      64.0      49.4
      146        721       0   0.012  0.034   1612     2.378           0.2         0.0         0.2      90.5      38.1
      146        577       0   0.010  0.214   9640     1.297          15.4         0.0       164.6      90.5      69.8
      146        568       0   0.009  0.160  12072     1.297          12.4         0.0       167.6      64.0      49.4
      146        585       0   0.009  0.124   5792     1.297          10.0         0.0       170.0      45.3      58.7
      146        571       0   0.009  0.122   6972     1.297          10.0         0.0       170.0      49.4      64.0
      146        705       0   0.008  0.084   3812     2.828           2.5         0.0         2.5      64.0      22.6
      146        586       1   0.006  0.069   4216     1.000          10.0         0.0       170.0      64.0      64.0
      146        622       1   0.006  0.065   2940     1.000          10.0         0.0        10.0      38.1      38.1
      146        648       0   0.005  0.142   6396     2.828           8.3         0.0         8.3      90.5      32.0
      146        672       0   0.005  0.217  10036     2.828          13.8         0.0       166.2      90.5      32.0
      146        621       1   0.004  0.063   2904     1.091          12.5         0.0        12.5      64.0      58.7
      146        608       0   0.004  0.155   7280     3.364          11.0         0.0       169.0      90.5      26.9
      146        625       0   0.003  0.074   3464     1.091          20.0         0.0        20.0      64.0      69.8
      146        623       0   0.003  0.084   3808     2.378          10.0         0.0       170.0      90.5      38.1
      146        602       0   0.003  0.151   6988     1.000          56.9         0.0       123.1      90.5      90.5
      146        658       0   0.003  0.039   1792     1.414          10.0         0.0       170.0      29.3      20.7
      146        646       0   0.003  0.061   2736     2.181          10.0         0.0       170.0      32.0      69.8
      146        562       0   0.002  0.066   3452     2.594           9.6         0.0         9.6      64.0      24.7
      146        560       0   0.002  0.086   8608     1.189          29.7         0.0       150.3      64.0      53.8
      146        582       0   0.002  0.175   9604     1.189          62.9         0.0       117.1      90.5      76.1
      146        711       0   0.002  0.116   5256     2.594          19.7         0.0        19.7      90.5      34.9
      146        561       0   0.002  0.072   4768     2.378          14.6         0.0        14.6      64.0      26.9
      146        710       0   0.002  0.081   3668     1.414          30.0         0.0       150.0      90.5      64.0
      146        570       0   0.002  0.171  11412     2.181          41.6         0.0       138.4      90.5      41.5
      146        597       0   0.002  0.042   2292     1.091          20.0         0.0       160.0      90.5      98.7
      146        607       0   0.002  0.042   2084     2.181          10.0         0.0       170.0      49.4     107.6
      146        606       0   0.002  0.025   1216     1.297          10.0         0.0       170.0      64.0      49.4
      146        573       0   0.002  0.035   1860     1.834          10.0         0.0        10.0      64.0      34.9
      146        567       0   0.002  0.024   1592     1.189          12.2         0.0       167.8      64.0      76.1
      146        695       0   0.001  0.112   5084     2.594          30.8         0.0       149.2      90.5      34.9
      146        603       0   0.001  0.018   1052     1.189          10.0         0.0        10.0      64.0      53.8
      146        712       0   0.001  0.079   3576     2.378          25.3         0.0        25.3      90.5      38.1
      146        657       0   0.001  0.030   1400     1.189          20.0         0.0       160.0      49.4      58.7
      146        698       0   0.001  0.053   2472     1.682          27.0         0.0       153.0      49.4      29.3
      146        619       0   0.001  0.052   2448     1.091          50.0         0.0       130.0      90.5      98.7
      146        617       0   0.001  0.077   3816     2.181          40.0         0.0       140.0      90.5      41.5
      146        604       0   0.001  0.124   6016     2.000          81.0         0.0        81.0      90.5      45.3
      146        589       0   0.001  0.038   2296     2.378          20.0         0.0       160.0      64.0      26.9
      146        670       0   0.001  0.064   3112     1.189          71.3         0.0       108.7      49.4      41.5
      146        661       0   0.001  0.049   2200     1.091          60.0         0.0       120.0      45.3      49.4
      146        664       0   0.001  0.012    548     1.542          10.0         0.0       170.0      64.0      98.7
      146        575       0   0.001  0.103   5652     2.181          81.9         0.0        81.9      90.5      41.5
      146        696       0   0.001  0.031   1432     1.091          50.0         0.0       130.0      49.4      53.8
      146        654       0   0.000  0.017    892     2.594          12.7         0.0       167.3      64.0      24.7
      146        631       0   0.000  0.018    852     1.000          40.0         0.0       140.0      49.4      49.4
      146        588       0   0.000  0.017   1020     1.091          34.8         0.0       145.2      49.4      53.8
      146        714       0   0.000  0.028   1248     4.362          13.7         0.0       166.3      90.5      20.7
      146        626       0   0.000  0.033   1772     2.378          34.5         0.0       145.5      64.0      26.9
      146        687       0   0.000  0.060   2840     2.828          54.3         0.0       125.7      98.7      34.9
      146        633       0   0.000  0.004    200     1.189          10.0         0.0        10.0      98.7     117.4
      146        618       0   0.000  0.026   1188     1.297          60.0         0.0       120.0      90.5     117.4
      146        605       0   0.000  0.044   2836     2.181          62.3         0.0       117.7      64.0      29.3
      146        611       0   0.000  0.037   2032     2.000          60.0         0.0       120.0      98.7      49.4
      146        671       0   0.000  0.014    676     1.189          40.0         0.0       140.0      49.4      58.7
      146        579       0   0.000  0.019   1144     2.594          24.2         0.0       155.8      64.0      24.7
      146        559       0   0.000  0.053   3296     2.378          80.0         0.0       100.0      49.4     117.4
      146        632       0   0.000  0.037   2168     2.828          52.7         0.0       127.3      64.0      22.6
      146        583       0   0.000  0.017    976     2.000          42.7         0.0        42.7      98.7      49.4
      146        662       0   0.000  0.016    772     1.682          49.9         0.0        49.9      64.0      38.1
      146        593       0   0.000  0.006    288     2.828          10.0         0.0       170.0      64.0      22.6
      146        693       0   0.000  0.010    468     3.364          15.5         0.0        15.5      64.0      19.0
      146        720       0   0.000  0.016    760     2.828          30.0         0.0        30.0      64.0      22.6
      146        692       0   0.000  0.029   1348     3.668          50.0         0.0       130.0      98.7      26.9
      146        684       0   0.000  0.015    708     2.378          50.0         0.0       130.0      64.0      26.9
      146        673       0   0.000  0.012    600     1.542          70.0         0.0       110.0      98.7      64.0
      146        587       0   0.000  0.002    100     1.000          20.0         0.0       160.0      64.0      64.0
      146        674       0   0.000  0.014    692     2.828          60.0         0.0       120.0      64.0      22.6
      146        594       0   0.000  0.006    304     3.084          24.3         0.0        24.3      64.0      20.7
      146        599       0   0.000  0.001     44     1.000          10.0         0.0        10.0      49.4      49.4
      146        666       0   0.000  0.006    268     3.084          33.3         0.0        33.3      64.0      20.7
      146        665       0   0.000  0.010    524     3.084          60.0         0.0       120.0      64.0      20.7
      146        677       0   0.000  0.010    504     3.364          70.0         0.0       110.0      98.7      29.3
      146        630       0   0.000  0.003    140     1.091          70.0         0.0        70.0      90.5      98.7
      146        647       0   0.000  0.003    148     1.091          80.0         0.0        80.0      90.5      83.0
      146        708       0   0.000  0.000     20     2.594          10.0         0.0       170.0      32.0      83.0
      146        564       0   0.000  0.003    172     2.181          90.0         0.0        90.0      98.7      45.3
      146        688       0   0.000  0.001     28     1.542          30.0         0.0       150.0      64.0      41.5
      146        691       0   0.000  0.002     84     2.181          80.0         0.0       100.0      98.7      45.3
      146        556       0   0.000  0.000      0       nan           nan         nan         nan       nan       nan
      146        557       0   0.000  0.000      0       nan           nan         nan         nan       nan       nan
      146        565       0   0.000  0.000      0       nan           nan         nan         nan       nan       nan
      146        566       0   0.000  0.000      0       nan           nan         nan         nan       nan       nan
      146        572       0   0.000  0.000      0       nan           nan         nan         nan       nan       nan
      146        576       0   0.000  0.000      0       nan           nan         nan         nan       nan       nan
      146        578       0   0.000  0.000      0       nan           nan         nan         nan       nan       nan
      146        584       0   0.000  0.000      0       nan           nan         nan         nan       nan       nan
      146        590       0   0.000  0.000      0       nan           nan         nan         nan       nan       nan
      146        591       0   0.000  0.000      0       nan           nan         nan         nan       nan       nan
      146        595       0   0.000  0.000      0       nan           nan         nan         nan       nan       nan
      146        596       0   0.000  0.000      0       nan           nan         nan         nan       nan       nan
      146        598       0   0.000  0.000      0       nan           nan         nan         nan       nan       nan
      146        601       0   0.000  0.000      0       nan           nan         nan         nan       nan       nan
      146        610       0   0.000  0.000      0       nan           nan         nan         nan       nan       nan
      146        612       0   0.000  0.000      0       nan           nan         nan         nan       nan       nan
      146        613       0   0.000  0.000      0       nan           nan         nan         nan       nan       nan
      146        614       0   0.000  0.000      0       nan           nan         nan         nan       nan       nan
      146        615       0   0.000  0.000      0       nan           nan         nan         nan       nan       nan
      146        616       0   0.000  0.000      0       nan           nan         nan         nan       nan       nan
      146        624       0   0.000  0.000      0       nan           nan         nan         nan       nan       nan
      146        627       0   0.000  0.000      0       nan           nan         nan         nan       nan       nan
      146        628       0   0.000  0.000      0       nan           nan         nan         nan       nan       nan
      146        634       0   0.000  0.000      0       nan           nan         nan         nan       nan       nan
      146        635       0   0.000  0.000      0       nan           nan         nan         nan       nan       nan
      146        636       0   0.000  0.000      0       nan           nan         nan         nan       nan       nan
      146        637       0   0.000  0.000      0       nan           nan         nan         nan       nan       nan
      146        638       0   0.000  0.000      0       nan           nan         nan         nan       nan       nan
      146        639       0   0.000  0.000      0       nan           nan         nan         nan       nan       nan
      146        640       0   0.000  0.000      0       nan           nan         nan         nan       nan       nan
      146        642       0   0.000  0.000      0       nan           nan         nan         nan       nan       nan
      146        644       0   0.000  0.000      0       nan           nan         nan         nan       nan       nan
      146        645       0   0.000  0.000      0       nan           nan         nan         nan       nan       nan
      146        649       0   0.000  0.000      0       nan           nan         nan         nan       nan       nan
      146        650       0   0.000  0.000      0       nan           nan         nan         nan       nan       nan
      146        651       0   0.000  0.000      0       nan           nan         nan         nan       nan       nan
      146        652       0   0.000  0.000      0       nan           nan         nan         nan       nan       nan
      146        653       0   0.000  0.000      0       nan           nan         nan         nan       nan       nan
      146        655       0   0.000  0.000      0       nan           nan         nan         nan       nan       nan
      146        656       0   0.000  0.000      0       nan           nan         nan         nan       nan       nan
      146        659       0   0.000  0.000      0       nan           nan         nan         nan       nan       nan
      146        660       0   0.000  0.000      0       nan           nan         nan         nan       nan       nan
      146        663       0   0.000  0.000      0       nan           nan         nan         nan       nan       nan
      146        667       0   0.000  0.000      0       nan           nan         nan         nan       nan       nan
      146        668       0   0.000  0.000      0       nan           nan         nan         nan       nan       nan
      146        669       0   0.000  0.000      0       nan           nan         nan         nan       nan       nan
      146        675       0   0.000  0.000      0       nan           nan         nan         nan       nan       nan
      146        676       0   0.000  0.000      0       nan           nan         nan         nan       nan       nan
      146        678       0   0.000  0.000      0       nan           nan         nan         nan       nan       nan
      146        679       0   0.000  0.000      0       nan           nan         nan         nan       nan       nan
      146        680       0   0.000  0.000      0       nan           nan         nan         nan       nan       nan
      146        681       0   0.000  0.000      0       nan           nan         nan         nan       nan       nan
      146        682       0   0.000  0.000      0       nan           nan         nan         nan       nan       nan
      146        683       0   0.000  0.000      0       nan           nan         nan         nan       nan       nan
      146        685       0   0.000  0.000      0       nan           nan         nan         nan       nan       nan
      146        686       0   0.000  0.000      0       nan           nan         nan         nan       nan       nan
      146        689       0   0.000  0.000      0       nan           nan         nan         nan       nan       nan
      146        690       0   0.000  0.000      0       nan           nan         nan         nan       nan       nan
      146        694       0   0.000  0.000      0       nan           nan         nan         nan       nan       nan
      146        697       0   0.000  0.000      0       nan           nan         nan         nan       nan       nan
      146        699       0   0.000  0.000      0       nan           nan         nan         nan       nan       nan
      146        700       0   0.000  0.000      0       nan           nan         nan         nan       nan       nan
      146        701       0   0.000  0.000      0       nan           nan         nan         nan       nan       nan
      146        702       0   0.000  0.000      0       nan           nan         nan         nan       nan       nan
      146        703       0   0.000  0.000      0       nan           nan         nan         nan       nan       nan
      146        704       0   0.000  0.000      0       nan           nan         nan         nan       nan       nan
      146        706       0   0.000  0.000      0       nan           nan         nan         nan       nan       nan
      146        707       0   0.000  0.000      0       nan           nan         nan         nan       nan       nan
      146        709       0   0.000  0.000      0       nan           nan         nan         nan       nan       nan
      146        713       0   0.000  0.000      0       nan           nan         nan         nan       nan       nan
      146        715       0   0.000  0.000      0       nan           nan         nan         nan       nan       nan
      146        716       0   0.000  0.000      0       nan           nan         nan         nan       nan       nan
      146        717       0   0.000  0.000      0       nan           nan         nan         nan       nan       nan
      146        718       0   0.000  0.000      0       nan           nan         nan         nan       nan       nan
      146        719       0   0.000  0.000      0       nan           nan         nan         nan       nan       nan
      147        672       0   0.097  0.143   2184     1.297           0.1       170.0       169.9      24.7      32.0
      147        623       0   0.095  0.160   1404     1.682           0.0       170.0       170.0      20.7      34.9
      147        608       0   0.065  0.122   1680     1.297           0.4       170.0       169.6      20.7      26.9
      147        577       0   0.056  0.192   2576     2.828           0.2       170.0       169.8      24.7      69.8
      147        658       1   0.052  0.052    420     1.000           0.0       170.0       170.0      20.7      20.7
      147        705       1   0.026  0.415   2988     1.189          12.6       170.0         2.6      24.7      20.7
      147        568       0   0.023  0.035   1648     1.542           0.0       170.0       170.0      20.7      32.0
      147        585       0   0.022  0.062    804     2.828           0.0       170.0       170.0      20.7      58.7
      147        570       0   0.018  0.036   1352     2.000           0.0       170.0       170.0      20.7      41.5
      147        581       1   0.013  0.158   2008     1.091          10.0       170.0         0.0      20.7      19.0
      147        646       0   0.012  0.041    360     3.364           0.0       170.0       170.0      20.7      69.8
      147        609       1   0.012  0.144   1912     1.091          10.3       170.0         0.3      24.7      26.9
      147        571       0   0.008  0.024    600     3.084           0.0       170.0       170.0      20.7      64.0
      147        569       1   0.008  0.103   3996     1.189          10.0       170.0         0.0      24.7      29.3
      147        711       0   0.005  0.207   2000     1.414          27.2       170.0        17.2      24.7      34.9
      147        643       0   0.005  0.160   1376     3.084          10.0       170.0         0.0      24.7      76.1
      147        558       0   0.004  0.060   4296     1.297          10.0       170.0         0.0      24.7      32.0
      147        648       0   0.004  0.111   1280     1.297          20.0       170.0        10.0      24.7      32.0
      147        641       0   0.003  0.091   1264     2.378          10.0       170.0         0.0      24.7      58.7
      147        580       0   0.003  0.082   2472     2.181          10.0       170.0         0.0      20.7      45.3
      147        592       0   0.003  0.100   1668     2.828          10.0       170.0         0.0      24.7      69.8
      147        695       0   0.001  0.030    340     1.414          17.3       170.0       152.7      24.7      34.9
      147        563       0   0.001  0.038   2280     3.084          10.1       170.0         0.1      20.7      64.0
      147        622       0   0.001  0.033    300     1.834          20.4       170.0        10.4      20.7      38.1
      147        620       0   0.001  0.030    348     4.757          10.0       170.0         0.0      20.7      98.7
      147        602       0   0.000  0.029    408     3.364          49.8       170.0       120.2      24.7      83.0
      147        712       0   0.000  0.009     92     1.542          40.0       170.0        30.0      24.7      38.1
      147        604       0   0.000  0.014    224     2.000          57.2       170.0        47.2      20.7      41.5
      147        617       0   0.000  0.008    112     2.000          30.0       170.0       140.0      20.7      41.5
      147        710       0   0.000  0.006     64     2.594          20.0       170.0       150.0      24.7      64.0
      147        582       0   0.000  0.004     96     3.084          50.0       170.0       120.0      24.7      76.1
      147        575       0   0.000  0.002     40     1.913          80.0       170.0        90.0      21.7      41.5
      147        556       0   0.000  0.000      0       nan           nan         nan         nan       nan       nan
      147        557       0   0.000  0.000      0       nan           nan         nan         nan       nan       nan
      147        559       0   0.000  0.000      0       nan           nan         nan         nan       nan       nan
      147        560       0   0.000  0.000      0       nan           nan         nan         nan       nan       nan
      147        561       0   0.000  0.000      0       nan           nan         nan         nan       nan       nan
      147        562       0   0.000  0.000      0       nan           nan         nan         nan       nan       nan
      147        564       0   0.000  0.000      0       nan           nan         nan         nan       nan       nan
      147        565       0   0.000  0.000      0       nan           nan         nan         nan       nan       nan
      147        566       0   0.000  0.000      0       nan           nan         nan         nan       nan       nan
      147        567       0   0.000  0.000      0       nan           nan         nan         nan       nan       nan
      147        572       0   0.000  0.000      0       nan           nan         nan         nan       nan       nan
      147        573       0   0.000  0.000      0       nan           nan         nan         nan       nan       nan
      147        574       0   0.000  0.000      0       nan           nan         nan         nan       nan       nan
      147        576       0   0.000  0.000      0       nan           nan         nan         nan       nan       nan
      147        578       0   0.000  0.000      0       nan           nan         nan         nan       nan       nan
      147        579       0   0.000  0.000      0       nan           nan         nan         nan       nan       nan
      147        583       0   0.000  0.000      0       nan           nan         nan         nan       nan       nan
      147        584       0   0.000  0.000      0       nan           nan         nan         nan       nan       nan
      147        586       0   0.000  0.000      0       nan           nan         nan         nan       nan       nan
      147        587       0   0.000  0.000      0       nan           nan         nan         nan       nan       nan
      147        588       0   0.000  0.000      0       nan           nan         nan         nan       nan       nan
      147        589       0   0.000  0.000      0       nan           nan         nan         nan       nan       nan
      147        590       0   0.000  0.000      0       nan           nan         nan         nan       nan       nan
      147        591       0   0.000  0.000      0       nan           nan         nan         nan       nan       nan
      147        593       0   0.000  0.000      0       nan           nan         nan         nan       nan       nan
      147        594       0   0.000  0.000      0       nan           nan         nan         nan       nan       nan
      147        595       0   0.000  0.000      0       nan           nan         nan         nan       nan       nan
      147        596       0   0.000  0.000      0       nan           nan         nan         nan       nan       nan
      147        597       0   0.000  0.000      0       nan           nan         nan         nan       nan       nan
      147        598       0   0.000  0.000      0       nan           nan         nan         nan       nan       nan
      147        599       0   0.000  0.000      0       nan           nan         nan         nan       nan       nan
      147        600       0   0.000  0.000      0       nan           nan         nan         nan       nan       nan
      147        601       0   0.000  0.000      0       nan           nan         nan         nan       nan       nan
      147        603       0   0.000  0.000      0       nan           nan         nan         nan       nan       nan
      147        605       0   0.000  0.000      0       nan           nan         nan         nan       nan       nan
      147        606       0   0.000  0.000      0       nan           nan         nan         nan       nan       nan
      147        607       0   0.000  0.000      0       nan           nan         nan         nan       nan       nan
      147        610       0   0.000  0.000      0       nan           nan         nan         nan       nan       nan
      147        611       0   0.000  0.000      0       nan           nan         nan         nan       nan       nan
      147        612       0   0.000  0.000      0       nan           nan         nan         nan       nan       nan
      147        613       0   0.000  0.000      0       nan           nan         nan         nan       nan       nan
      147        614       0   0.000  0.000      0       nan           nan         nan         nan       nan       nan
      147        615       0   0.000  0.000      0       nan           nan         nan         nan       nan       nan
      147        616       0   0.000  0.000      0       nan           nan         nan         nan       nan       nan
      147        618       0   0.000  0.000      0       nan           nan         nan         nan       nan       nan
      147        619       0   0.000  0.000      0       nan           nan         nan         nan       nan       nan
      147        621       0   0.000  0.000      0       nan           nan         nan         nan       nan       nan
      147        624       0   0.000  0.000      0       nan           nan         nan         nan       nan       nan
      147        625       0   0.000  0.000      0       nan           nan         nan         nan       nan       nan
      147        626       0   0.000  0.000      0       nan           nan         nan         nan       nan       nan
      147        627       0   0.000  0.000      0       nan           nan         nan         nan       nan       nan
      147        628       0   0.000  0.000      0       nan           nan         nan         nan       nan       nan
      147        629       0   0.000  0.000      0       nan           nan         nan         nan       nan       nan
      147        630       0   0.000  0.000      0       nan           nan         nan         nan       nan       nan
      147        631       0   0.000  0.000      0       nan           nan         nan         nan       nan       nan
      147        632       0   0.000  0.000      0       nan           nan         nan         nan       nan       nan
      147        633       0   0.000  0.000      0       nan           nan         nan         nan       nan       nan
      147        634       0   0.000  0.000      0       nan           nan         nan         nan       nan       nan
      147        635       0   0.000  0.000      0       nan           nan         nan         nan       nan       nan
      147        636       0   0.000  0.000      0       nan           nan         nan         nan       nan       nan
      147        637       0   0.000  0.000      0       nan           nan         nan         nan       nan       nan
      147        638       0   0.000  0.000      0       nan           nan         nan         nan       nan       nan
      147        639       0   0.000  0.000      0       nan           nan         nan         nan       nan       nan
      147        640       0   0.000  0.000      0       nan           nan         nan         nan       nan       nan
      147        642       0   0.000  0.000      0       nan           nan         nan         nan       nan       nan
      147        644       0   0.000  0.000      0       nan           nan         nan         nan       nan       nan
      147        645       0   0.000  0.000      0       nan           nan         nan         nan       nan       nan
      147        647       0   0.000  0.000      0       nan           nan         nan         nan       nan       nan
      147        649       0   0.000  0.000      0       nan           nan         nan         nan       nan       nan
      147        650       0   0.000  0.000      0       nan           nan         nan         nan       nan       nan
      147        651       0   0.000  0.000      0       nan           nan         nan         nan       nan       nan
      147        652       0   0.000  0.000      0       nan           nan         nan         nan       nan       nan
      147        653       0   0.000  0.000      0       nan           nan         nan         nan       nan       nan
      147        654       0   0.000  0.000      0       nan           nan         nan         nan       nan       nan
      147        655       0   0.000  0.000      0       nan           nan         nan         nan       nan       nan
      147        656       0   0.000  0.000      0       nan           nan         nan         nan       nan       nan
      147        657       0   0.000  0.000      0       nan           nan         nan         nan       nan       nan
      147        659       0   0.000  0.000      0       nan           nan         nan         nan       nan       nan
      147        660       0   0.000  0.000      0       nan           nan         nan         nan       nan       nan
      147        661       0   0.000  0.000      0       nan           nan         nan         nan       nan       nan
      147        662       0   0.000  0.000      0       nan           nan         nan         nan       nan       nan
      147        663       0   0.000  0.000      0       nan           nan         nan         nan       nan       nan
      147        664       0   0.000  0.000      0       nan           nan         nan         nan       nan       nan
      147        665       0   0.000  0.000      0       nan           nan         nan         nan       nan       nan
      147        666       0   0.000  0.000      0       nan           nan         nan         nan       nan       nan
      147        667       0   0.000  0.000      0       nan           nan         nan         nan       nan       nan
      147        668       0   0.000  0.000      0       nan           nan         nan         nan       nan       nan
      147        669       0   0.000  0.000      0       nan           nan         nan         nan       nan       nan
      147        670       0   0.000  0.000      0       nan           nan         nan         nan       nan       nan
      147        671       0   0.000  0.000      0       nan           nan         nan         nan       nan       nan
      147        673       0   0.000  0.000      0       nan           nan         nan         nan       nan       nan
      147        674       0   0.000  0.000      0       nan           nan         nan         nan       nan       nan
      147        675       0   0.000  0.000      0       nan           nan         nan         nan       nan       nan
      147        676       0   0.000  0.000      0       nan           nan         nan         nan       nan       nan
      147        677       0   0.000  0.000      0       nan           nan         nan         nan       nan       nan
      147        678       0   0.000  0.000      0       nan           nan         nan         nan       nan       nan
      147        679       0   0.000  0.000      0       nan           nan         nan         nan       nan       nan
      147        680       0   0.000  0.000      0       nan           nan         nan         nan       nan       nan
      147        681       0   0.000  0.000      0       nan           nan         nan         nan       nan       nan
      147        682       0   0.000  0.000      0       nan           nan         nan         nan       nan       nan
      147        683       0   0.000  0.000      0       nan           nan         nan         nan       nan       nan
      147        684       0   0.000  0.000      0       nan           nan         nan         nan       nan       nan
      147        685       0   0.000  0.000      0       nan           nan         nan         nan       nan       nan
      147        686       0   0.000  0.000      0       nan           nan         nan         nan       nan       nan
      147        687       0   0.000  0.000      0       nan           nan         nan         nan       nan       nan
      147        688       0   0.000  0.000      0       nan           nan         nan         nan       nan       nan
      147        689       0   0.000  0.000      0       nan           nan         nan         nan       nan       nan
      147        690       0   0.000  0.000      0       nan           nan         nan         nan       nan       nan
      147        691       0   0.000  0.000      0       nan           nan         nan         nan       nan       nan
      147        692       0   0.000  0.000      0       nan           nan         nan         nan       nan       nan
      147        693       0   0.000  0.000      0       nan           nan         nan         nan       nan       nan
      147        694       0   0.000  0.000      0       nan           nan         nan         nan       nan       nan
      147        696       0   0.000  0.000      0       nan           nan         nan         nan       nan       nan
      147        697       0   0.000  0.000      0       nan           nan         nan         nan       nan       nan
      147        698       0   0.000  0.000      0       nan           nan         nan         nan       nan       nan
      147        699       0   0.000  0.000      0       nan           nan         nan         nan       nan       nan
      147        700       0   0.000  0.000      0       nan           nan         nan         nan       nan       nan
      147        701       0   0.000  0.000      0       nan           nan         nan         nan       nan       nan
      147        702       0   0.000  0.000      0       nan           nan         nan         nan       nan       nan
      147        703       0   0.000  0.000      0       nan           nan         nan         nan       nan       nan
      147        704       0   0.000  0.000      0       nan           nan         nan         nan       nan       nan
      147        706       0   0.000  0.000      0       nan           nan         nan         nan       nan       nan
      147        707       0   0.000  0.000      0       nan           nan         nan         nan       nan       nan
      147        708       0   0.000  0.000      0       nan           nan         nan         nan       nan       nan
      147        709       0   0.000  0.000      0       nan           nan         nan         nan       nan       nan
      147        713       0   0.000  0.000      0       nan           nan         nan         nan       nan       nan
      147        714       0   0.000  0.000      0       nan           nan         nan         nan       nan       nan
      147        715       0   0.000  0.000      0       nan           nan         nan         nan       nan       nan
      147        716       0   0.000  0.000      0       nan           nan         nan         nan       nan       nan
      147        717       0   0.000  0.000      0       nan           nan         nan         nan       nan       nan
      147        718       0   0.000  0.000      0       nan           nan         nan         nan       nan       nan
      147        719       0   0.000  0.000      0       nan           nan         nan         nan       nan       nan
      147        720       0   0.000  0.000      0       nan           nan         nan         nan       nan       nan
      147        721       0   0.000  0.000      0       nan           nan         nan         nan       nan       nan
      148        577       0   0.092  0.253   3736     1.834           0.5       170.0       169.5      38.1      69.8
      148        608       0   0.059  0.076   1268     1.297           0.0       170.0       170.0      34.9      26.9
      148        672       1   0.058  0.200   3328     1.091           2.2       170.0       167.8      34.9      32.0
      148        623       1   0.046  0.055    660     1.189           0.0       170.0       170.0      41.5      34.9
      148        705       0   0.019  0.393   3584     1.542          12.7       170.0         2.7      34.9      22.6
      148        568       0   0.014  0.020   1008     1.414           0.0       170.0       170.0      41.5      29.3
      148        609       0   0.012  0.182   2724     1.414          10.0       170.0         0.0      38.1      26.9
      148        643       0   0.010  0.228   2320     2.181          10.0       170.0         0.0      34.9      76.1
      148        641       0   0.009  0.174   2612     1.682          10.0       170.0         0.0      34.9      58.7
      148        711       0   0.009  0.276   3056     1.000          28.7       170.0        18.7      34.9      34.9
      148        569       1   0.009  0.115   4680     1.189          10.0       170.0         0.0      34.9      29.3
      148        570       0   0.009  0.009    364     1.000           0.0       170.0       170.0      41.5      41.5
      148        592       0   0.007  0.155   2788     2.000          10.0       170.0         0.0      34.9      69.8
      148        648       0   0.006  0.130   1760     1.091          20.0       170.0        10.0      34.9      32.0
      148        580       0   0.005  0.074   2432     1.297          10.0       170.0         0.0      38.1      49.4
      148        558       1   0.005  0.060   4416     1.091          10.0       170.0         0.0      34.9      32.0
      148        695       0   0.004  0.082   1080     1.000          17.2       170.0       152.8      34.9      34.9
      148        581       0   0.004  0.075   1196     1.834          10.0       170.0         0.0      34.9      19.0
      148        563       0   0.002  0.045   2808     1.834          10.0       170.0         0.0      34.9      64.0
      148        710       0   0.001  0.033    396     1.542          20.0       170.0       150.0      41.5      64.0
      148        712       0   0.001  0.038    464     1.091          40.0       170.0        30.0      41.5      38.1
      148        602       0   0.001  0.092   1424     2.594          49.4       170.0       120.6      34.9      90.5
      148        604       0   0.000  0.053    916     1.297          81.7       170.0        71.7      34.9      45.3
      148        582       0   0.000  0.034    924     2.181          50.0       170.0       120.0      34.9      76.1
      148        575       0   0.000  0.024    564     1.189          87.3       170.0        82.7      34.9      41.5
      148        556       0   0.000  0.000      0       nan           nan         nan         nan       nan       nan
      148        557       0   0.000  0.000      0       nan           nan         nan         nan       nan       nan
      148        559       0   0.000  0.000      0       nan           nan         nan         nan       nan       nan
      148        560       0   0.000  0.000      0       nan           nan         nan         nan       nan       nan
      148        561       0   0.000  0.000      0       nan           nan         nan         nan       nan       nan
      148        562       0   0.000  0.000      0       nan           nan         nan         nan       nan       nan
      148        564       0   0.000  0.000      0       nan           nan         nan         nan       nan       nan
      148        565       0   0.000  0.000      0       nan           nan         nan         nan       nan       nan
      148        566       0   0.000  0.000      0       nan           nan         nan         nan       nan       nan
      148        567       0   0.000  0.000      0       nan           nan         nan         nan       nan       nan
      148        571       0   0.000  0.000      0       nan           nan         nan         nan       nan       nan
      148        572       0   0.000  0.000      0       nan           nan         nan         nan       nan       nan
      148        573       0   0.000  0.000      0       nan           nan         nan         nan       nan       nan
      148        574       0   0.000  0.000      0       nan           nan         nan         nan       nan       nan
      148        576       0   0.000  0.000      0       nan           nan         nan         nan       nan       nan
      148        578       0   0.000  0.000      0       nan           nan         nan         nan       nan       nan
      148        579       0   0.000  0.000      0       nan           nan         nan         nan       nan       nan
      148        583       0   0.000  0.000      0       nan           nan         nan         nan       nan       nan
      148        584       0   0.000  0.000      0       nan           nan         nan         nan       nan       nan
      148        585       0   0.000  0.000      0       nan           nan         nan         nan       nan       nan
      148        586       0   0.000  0.000      0       nan           nan         nan         nan       nan       nan
      148        587       0   0.000  0.000      0       nan           nan         nan         nan       nan       nan
      148        588       0   0.000  0.000      0       nan           nan         nan         nan       nan       nan
      148        589       0   0.000  0.000      0       nan           nan         nan         nan       nan       nan
      148        590       0   0.000  0.000      0       nan           nan         nan         nan       nan       nan
      148        591       0   0.000  0.000      0       nan           nan         nan         nan       nan       nan
      148        593       0   0.000  0.000      0       nan           nan         nan         nan       nan       nan
      148        594       0   0.000  0.000      0       nan           nan         nan         nan       nan       nan
      148        595       0   0.000  0.000      0       nan           nan         nan         nan       nan       nan
      148        596       0   0.000  0.000      0       nan           nan         nan         nan       nan       nan
      148        597       0   0.000  0.000      0       nan           nan         nan         nan       nan       nan
      148        598       0   0.000  0.000      0       nan           nan         nan         nan       nan       nan
      148        599       0   0.000  0.000      0       nan           nan         nan         nan       nan       nan
      148        600       0   0.000  0.000      0       nan           nan         nan         nan       nan       nan
      148        601       0   0.000  0.000      0       nan           nan         nan         nan       nan       nan
      148        603       0   0.000  0.000      0       nan           nan         nan         nan       nan       nan
      148        605       0   0.000  0.000      0       nan           nan         nan         nan       nan       nan
      148        606       0   0.000  0.000      0       nan           nan         nan         nan       nan       nan
      148        607       0   0.000  0.000      0       nan           nan         nan         nan       nan       nan
      148        610       0   0.000  0.000      0       nan           nan         nan         nan       nan       nan
      148        611       0   0.000  0.000      0       nan           nan         nan         nan       nan       nan
      148        612       0   0.000  0.000      0       nan           nan         nan         nan       nan       nan
      148        613       0   0.000  0.000      0       nan           nan         nan         nan       nan       nan
      148        614       0   0.000  0.000      0       nan           nan         nan         nan       nan       nan
      148        615       0   0.000  0.000      0       nan           nan         nan         nan       nan       nan
      148        616       0   0.000  0.000      0       nan           nan         nan         nan       nan       nan
      148        617       0   0.000  0.000      0       nan           nan         nan         nan       nan       nan
      148        618       0   0.000  0.000      0       nan           nan         nan         nan       nan       nan
      148        619       0   0.000  0.000      0       nan           nan         nan         nan       nan       nan
      148        620       0   0.000  0.000      0       nan           nan         nan         nan       nan       nan
      148        621       0   0.000  0.000      0       nan           nan         nan         nan       nan       nan
      148        622       0   0.000  0.000      0       nan           nan         nan         nan       nan       nan
      148        624       0   0.000  0.000      0       nan           nan         nan         nan       nan       nan
      148        625       0   0.000  0.000      0       nan           nan         nan         nan       nan       nan
      148        626       0   0.000  0.000      0       nan           nan         nan         nan       nan       nan
      148        627       0   0.000  0.000      0       nan           nan         nan         nan       nan       nan
      148        628       0   0.000  0.000      0       nan           nan         nan         nan       nan       nan
      148        629       0   0.000  0.000      0       nan           nan         nan         nan       nan       nan
      148        630       0   0.000  0.000      0       nan           nan         nan         nan       nan       nan
      148        631       0   0.000  0.000      0       nan           nan         nan         nan       nan       nan
      148        632       0   0.000  0.000      0       nan           nan         nan         nan       nan       nan
      148        633       0   0.000  0.000      0       nan           nan         nan         nan       nan       nan
      148        634       0   0.000  0.000      0       nan           nan         nan         nan       nan       nan
      148        635       0   0.000  0.000      0       nan           nan         nan         nan       nan       nan
      148        636       0   0.000  0.000      0       nan           nan         nan         nan       nan       nan
      148        637       0   0.000  0.000      0       nan           nan         nan         nan       nan       nan
      148        638       0   0.000  0.000      0       nan           nan         nan         nan       nan       nan
      148        639       0   0.000  0.000      0       nan           nan         nan         nan       nan       nan
      148        640       0   0.000  0.000      0       nan           nan         nan         nan       nan       nan
      148        642       0   0.000  0.000      0       nan           nan         nan         nan       nan       nan
      148        644       0   0.000  0.000      0       nan           nan         nan         nan       nan       nan
      148        645       0   0.000  0.000      0       nan           nan         nan         nan       nan       nan
      148        646       0   0.000  0.000      0       nan           nan         nan         nan       nan       nan
      148        647       0   0.000  0.000      0       nan           nan         nan         nan       nan       nan
      148        649       0   0.000  0.000      0       nan           nan         nan         nan       nan       nan
      148        650       0   0.000  0.000      0       nan           nan         nan         nan       nan       nan
      148        651       0   0.000  0.000      0       nan           nan         nan         nan       nan       nan
      148        652       0   0.000  0.000      0       nan           nan         nan         nan       nan       nan
      148        653       0   0.000  0.000      0       nan           nan         nan         nan       nan       nan
      148        654       0   0.000  0.000      0       nan           nan         nan         nan       nan       nan
      148        655       0   0.000  0.000      0       nan           nan         nan         nan       nan       nan
      148        656       0   0.000  0.000      0       nan           nan         nan         nan       nan       nan
      148        657       0   0.000  0.000      0       nan           nan         nan         nan       nan       nan
      148        658       0   0.000  0.000      0       nan           nan         nan         nan       nan       nan
      148        659       0   0.000  0.000      0       nan           nan         nan         nan       nan       nan
      148        660       0   0.000  0.000      0       nan           nan         nan         nan       nan       nan
      148        661       0   0.000  0.000      0       nan           nan         nan         nan       nan       nan
      148        662       0   0.000  0.000      0       nan           nan         nan         nan       nan       nan
      148        663       0   0.000  0.000      0       nan           nan         nan         nan       nan       nan
      148        664       0   0.000  0.000      0       nan           nan         nan         nan       nan       nan
      148        665       0   0.000  0.000      0       nan           nan         nan         nan       nan       nan
      148        666       0   0.000  0.000      0       nan           nan         nan         nan       nan       nan
      148        667       0   0.000  0.000      0       nan           nan         nan         nan       nan       nan
      148        668       0   0.000  0.000      0       nan           nan         nan         nan       nan       nan
      148        669       0   0.000  0.000      0       nan           nan         nan         nan       nan       nan
      148        670       0   0.000  0.000      0       nan           nan         nan         nan       nan       nan
      148        671       0   0.000  0.000      0       nan           nan         nan         nan       nan       nan
      148        673       0   0.000  0.000      0       nan           nan         nan         nan       nan       nan
      148        674       0   0.000  0.000      0       nan           nan         nan         nan       nan       nan
      148        675       0   0.000  0.000      0       nan           nan         nan         nan       nan       nan
      148        676       0   0.000  0.000      0       nan           nan         nan         nan       nan       nan
      148        677       0   0.000  0.000      0       nan           nan         nan         nan       nan       nan
      148        678       0   0.000  0.000      0       nan           nan         nan         nan       nan       nan
      148        679       0   0.000  0.000      0       nan           nan         nan         nan       nan       nan
      148        680       0   0.000  0.000      0       nan           nan         nan         nan       nan       nan
      148        681       0   0.000  0.000      0       nan           nan         nan         nan       nan       nan
      148        682       0   0.000  0.000      0       nan           nan         nan         nan       nan       nan
      148        683       0   0.000  0.000      0       nan           nan         nan         nan       nan       nan
      148        684       0   0.000  0.000      0       nan           nan         nan         nan       nan       nan
      148        685       0   0.000  0.000      0       nan           nan         nan         nan       nan       nan
      148        686       0   0.000  0.000      0       nan           nan         nan         nan       nan       nan
      148        687       0   0.000  0.000      0       nan           nan         nan         nan       nan       nan
      148        688       0   0.000  0.000      0       nan           nan         nan         nan       nan       nan
      148        689       0   0.000  0.000      0       nan           nan         nan         nan       nan       nan
      148        690       0   0.000  0.000      0       nan           nan         nan         nan       nan       nan
      148        691       0   0.000  0.000      0       nan           nan         nan         nan       nan       nan
      148        692       0   0.000  0.000      0       nan           nan         nan         nan       nan       nan
      148        693       0   0.000  0.000      0       nan           nan         nan         nan       nan       nan
      148        694       0   0.000  0.000      0       nan           nan         nan         nan       nan       nan
      148        696       0   0.000  0.000      0       nan           nan         nan         nan       nan       nan
      148        697       0   0.000  0.000      0       nan           nan         nan         nan       nan       nan
      148        698       0   0.000  0.000      0       nan           nan         nan         nan       nan       nan
      148        699       0   0.000  0.000      0       nan           nan         nan         nan       nan       nan
      148        700       0   0.000  0.000      0       nan           nan         nan         nan       nan       nan
      148        701       0   0.000  0.000      0       nan           nan         nan         nan       nan       nan
      148        702       0   0.000  0.000      0       nan           nan         nan         nan       nan       nan
      148        703       0   0.000  0.000      0       nan           nan         nan         nan       nan       nan
      148        704       0   0.000  0.000      0       nan           nan         nan         nan       nan       nan
      148        706       0   0.000  0.000      0       nan           nan         nan         nan       nan       nan
      148        707       0   0.000  0.000      0       nan           nan         nan         nan       nan       nan
      148        708       0   0.000  0.000      0       nan           nan         nan         nan       nan       nan
      148        709       0   0.000  0.000      0       nan           nan         nan         nan       nan       nan
      148        713       0   0.000  0.000      0       nan           nan         nan         nan       nan       nan
      148        714       0   0.000  0.000      0       nan           nan         nan         nan       nan       nan
      148        715       0   0.000  0.000      0       nan           nan         nan         nan       nan       nan
      148        716       0   0.000  0.000      0       nan           nan         nan         nan       nan       nan
      148        717       0   0.000  0.000      0       nan           nan         nan         nan       nan       nan
      148        718       0   0.000  0.000      0       nan           nan         nan         nan       nan       nan
      148        719       0   0.000  0.000      0       nan           nan         nan         nan       nan       nan
      148        720       0   0.000  0.000      0       nan           nan         nan         nan       nan       nan
      148        721       0   0.000  0.000      0       nan           nan         nan         nan       nan       nan
      149        577       0   0.045  0.315   7800     1.297           4.4       170.0       165.6      90.5      69.8
      149        623       0   0.030  0.084   2064     2.828           0.0       170.0       170.0      98.7      34.9
      149        672       0   0.021  0.283   7504     2.828           3.8       170.0       166.2      90.5      32.0
      149        608       0   0.017  0.125   3556     3.364           1.2       170.0       168.8      90.5      26.9
      149        641       0   0.015  0.257   6468     1.542          10.0       170.0         0.0      90.5      58.7
      149        592       0   0.014  0.206   5932     1.297          10.0       170.0         0.0      90.5      69.8
      149        568       0   0.013  0.044   2740     3.084           0.1       170.0       169.9      98.7      32.0
      149        643       1   0.013  0.157   3600     1.091          10.0       170.0         0.0      69.8      76.1
      149        585       0   0.009  0.017    520     2.000           0.0       170.0       170.0     117.4      58.7
      149        609       0   0.008  0.306   7416     3.364          10.1       170.0         0.1      90.5      26.9
      149        580       0   0.008  0.147   6292     1.682          10.0       170.0         0.0      90.5      53.8
      149        563       0   0.007  0.102   7360     1.414          10.1       170.0         0.1      90.5      64.0
      149        569       0   0.005  0.179   8988     3.084          10.2       170.0         0.2      90.5      29.3
      149        571       0   0.005  0.008    312     1.542           0.0       170.0       170.0      98.7      64.0
      149        602       0   0.004  0.202   5200     1.000          47.6       170.0       122.4      90.5      90.5
      149        648       0   0.004  0.229   5452     2.828          18.7       170.0         8.7      90.5      32.0
      149        705       0   0.004  0.166   3812     3.084          12.5       170.0         2.5      69.8      22.6
      149        710       0   0.004  0.106   2540     1.414          20.0       170.0       150.0      90.5      64.0
      149        558       0   0.003  0.104   8652     2.828          10.0       170.0         0.0      90.5      32.0
      149        695       0   0.003  0.148   3656     2.594          19.0       170.0       151.0      90.5      34.9
      149        714       0   0.003  0.048   1104     4.362           2.9       170.0       167.1      90.5      20.7
      149        711       0   0.003  0.213   4948     2.594          30.4       170.0        20.4      90.5      34.9
      149        582       0   0.002  0.145   5348     1.189          51.0       170.0       119.0      90.5      76.1
      149        712       0   0.002  0.134   3136     2.378          36.0       170.0        26.0      90.5      38.1
      149        581       0   0.001  0.063   1844     4.757          10.0       170.0         0.0      90.5      19.0
      149        570       0   0.001  0.066   3468     2.378          25.5       170.0       144.5      98.7      41.5
      149        619       0   0.001  0.032    860     1.000          40.0       170.0       130.0      98.7      98.7
      149        604       0   0.001  0.138   3916     2.000          89.7       170.0        79.7      90.5      45.3
      149        658       0   0.001  0.003     72     4.757           0.0       170.0       170.0      98.7      20.7
      149        575       0   0.001  0.097   3372     2.181          87.7       170.0        82.3      90.5      41.5
      149        687       0   0.000  0.044   1192     2.828          40.9       170.0       129.1      98.7      34.9
      149        611       0   0.000  0.024    808     2.000          50.0       170.0       120.0      98.7      49.4
      149        721       0   0.000  0.004    100     2.378          10.0       170.0         0.0      90.5      38.1
      149        692       0   0.000  0.019    480     4.000          40.0       170.0       130.0      98.7      24.7
      149        560       0   0.000  0.008    660     2.000          40.0       170.0       130.0      98.7      49.4
      149        618       0   0.000  0.003     84     1.297          50.0       170.0       120.0      90.5     117.4
      149        673       0   0.000  0.003     84     1.414          60.0       170.0       110.0      90.5      64.0
      149        617       0   0.000  0.002     48     2.181          30.0       170.0       140.0      90.5      41.5
      149        583       0   0.000  0.001     28     1.834          50.0       170.0        40.0      90.5      49.4
      149        633       0   0.000  0.000      4     1.297          20.0       170.0        10.0      90.5     117.4
      149        556       0   0.000  0.000      0       nan           nan         nan         nan       nan       nan
      149        557       0   0.000  0.000      0       nan           nan         nan         nan       nan       nan
      149        559       0   0.000  0.000      0       nan           nan         nan         nan       nan       nan
      149        561       0   0.000  0.000      0       nan           nan         nan         nan       nan       nan
      149        562       0   0.000  0.000      0       nan           nan         nan         nan       nan       nan
      149        564       0   0.000  0.000      0       nan           nan         nan         nan       nan       nan
      149        565       0   0.000  0.000      0       nan           nan         nan         nan       nan       nan
      149        566       0   0.000  0.000      0       nan           nan         nan         nan       nan       nan
      149        567       0   0.000  0.000      0       nan           nan         nan         nan       nan       nan
      149        572       0   0.000  0.000      0       nan           nan         nan         nan       nan       nan
      149        573       0   0.000  0.000      0       nan           nan         nan         nan       nan       nan
      149        574       0   0.000  0.000      0       nan           nan         nan         nan       nan       nan
      149        576       0   0.000  0.000      0       nan           nan         nan         nan       nan       nan
      149        578       0   0.000  0.000      0       nan           nan         nan         nan       nan       nan
      149        579       0   0.000  0.000      0       nan           nan         nan         nan       nan       nan
      149        584       0   0.000  0.000      0       nan           nan         nan         nan       nan       nan
      149        586       0   0.000  0.000      0       nan           nan         nan         nan       nan       nan
      149        587       0   0.000  0.000      0       nan           nan         nan         nan       nan       nan
      149        588       0   0.000  0.000      0       nan           nan         nan         nan       nan       nan
      149        589       0   0.000  0.000      0       nan           nan         nan         nan       nan       nan
      149        590       0   0.000  0.000      0       nan           nan         nan         nan       nan       nan
      149        591       0   0.000  0.000      0       nan           nan         nan         nan       nan       nan
      149        593       0   0.000  0.000      0       nan           nan         nan         nan       nan       nan
      149        594       0   0.000  0.000      0       nan           nan         nan         nan       nan       nan
      149        595       0   0.000  0.000      0       nan           nan         nan         nan       nan       nan
      149        596       0   0.000  0.000      0       nan           nan         nan         nan       nan       nan
      149        597       0   0.000  0.000      0       nan           nan         nan         nan       nan       nan
      149        598       0   0.000  0.000      0       nan           nan         nan         nan       nan       nan
      149        599       0   0.000  0.000      0       nan           nan         nan         nan       nan       nan
      149        600       0   0.000  0.000      0       nan           nan         nan         nan       nan       nan
      149        601       0   0.000  0.000      0       nan           nan         nan         nan       nan       nan
      149        603       0   0.000  0.000      0       nan           nan         nan         nan       nan       nan
      149        605       0   0.000  0.000      0       nan           nan         nan         nan       nan       nan
      149        606       0   0.000  0.000      0       nan           nan         nan         nan       nan       nan
      149        607       0   0.000  0.000      0       nan           nan         nan         nan       nan       nan
      149        610       0   0.000  0.000      0       nan           nan         nan         nan       nan       nan
      149        612       0   0.000  0.000      0       nan           nan         nan         nan       nan       nan
      149        613       0   0.000  0.000      0       nan           nan         nan         nan       nan       nan
      149        614       0   0.000  0.000      0       nan           nan         nan         nan       nan       nan
      149        615       0   0.000  0.000      0       nan           nan         nan         nan       nan       nan
      149        616       0   0.000  0.000      0       nan           nan         nan         nan       nan       nan
      149        620       0   0.000  0.000      0       nan           nan         nan         nan       nan       nan
      149        621       0   0.000  0.000      0       nan           nan         nan         nan       nan       nan
      149        622       0   0.000  0.000      0       nan           nan         nan         nan       nan       nan
      149        624       0   0.000  0.000      0       nan           nan         nan         nan       nan       nan
      149        625       0   0.000  0.000      0       nan           nan         nan         nan       nan       nan
      149        626       0   0.000  0.000      0       nan           nan         nan         nan       nan       nan
      149        627       0   0.000  0.000      0       nan           nan         nan         nan       nan       nan
      149        628       0   0.000  0.000      0       nan           nan         nan         nan       nan       nan
      149        629       0   0.000  0.000      0       nan           nan         nan         nan       nan       nan
      149        630       0   0.000  0.000      0       nan           nan         nan         nan       nan       nan
      149        631       0   0.000  0.000      0       nan           nan         nan         nan       nan       nan
      149        632       0   0.000  0.000      0       nan           nan         nan         nan       nan       nan
      149        634       0   0.000  0.000      0       nan           nan         nan         nan       nan       nan
      149        635       0   0.000  0.000      0       nan           nan         nan         nan       nan       nan
      149        636       0   0.000  0.000      0       nan           nan         nan         nan       nan       nan
      149        637       0   0.000  0.000      0       nan           nan         nan         nan       nan       nan
      149        638       0   0.000  0.000      0       nan           nan         nan         nan       nan       nan
      149        639       0   0.000  0.000      0       nan           nan         nan         nan       nan       nan
      149        640       0   0.000  0.000      0       nan           nan         nan         nan       nan       nan
      149        642       0   0.000  0.000      0       nan           nan         nan         nan       nan       nan
      149        644       0   0.000  0.000      0       nan           nan         nan         nan       nan       nan
      149        645       0   0.000  0.000      0       nan           nan         nan         nan       nan       nan
      149        646       0   0.000  0.000      0       nan           nan         nan         nan       nan       nan
      149        647       0   0.000  0.000      0       nan           nan         nan         nan       nan       nan
      149        649       0   0.000  0.000      0       nan           nan         nan         nan       nan       nan
      149        650       0   0.000  0.000      0       nan           nan         nan         nan       nan       nan
      149        651       0   0.000  0.000      0       nan           nan         nan         nan       nan       nan
      149        652       0   0.000  0.000      0       nan           nan         nan         nan       nan       nan
      149        653       0   0.000  0.000      0       nan           nan         nan         nan       nan       nan
      149        654       0   0.000  0.000      0       nan           nan         nan         nan       nan       nan
      149        655       0   0.000  0.000      0       nan           nan         nan         nan       nan       nan
      149        656       0   0.000  0.000      0       nan           nan         nan         nan       nan       nan
      149        657       0   0.000  0.000      0       nan           nan         nan         nan       nan       nan
      149        659       0   0.000  0.000      0       nan           nan         nan         nan       nan       nan
      149        660       0   0.000  0.000      0       nan           nan         nan         nan       nan       nan
      149        661       0   0.000  0.000      0       nan           nan         nan         nan       nan       nan
      149        662       0   0.000  0.000      0       nan           nan         nan         nan       nan       nan
      149        663       0   0.000  0.000      0       nan           nan         nan         nan       nan       nan
      149        664       0   0.000  0.000      0       nan           nan         nan         nan       nan       nan
      149        665       0   0.000  0.000      0       nan           nan         nan         nan       nan       nan
      149        666       0   0.000  0.000      0       nan           nan         nan         nan       nan       nan
      149        667       0   0.000  0.000      0       nan           nan         nan         nan       nan       nan
      149        668       0   0.000  0.000      0       nan           nan         nan         nan       nan       nan
      149        669       0   0.000  0.000      0       nan           nan         nan         nan       nan       nan
      149        670       0   0.000  0.000      0       nan           nan         nan         nan       nan       nan
      149        671       0   0.000  0.000      0       nan           nan         nan         nan       nan       nan
      149        674       0   0.000  0.000      0       nan           nan         nan         nan       nan       nan
      149        675       0   0.000  0.000      0       nan           nan         nan         nan       nan       nan
      149        676       0   0.000  0.000      0       nan           nan         nan         nan       nan       nan
      149        677       0   0.000  0.000      0       nan           nan         nan         nan       nan       nan
      149        678       0   0.000  0.000      0       nan           nan         nan         nan       nan       nan
      149        679       0   0.000  0.000      0       nan           nan         nan         nan       nan       nan
      149        680       0   0.000  0.000      0       nan           nan         nan         nan       nan       nan
      149        681       0   0.000  0.000      0       nan           nan         nan         nan       nan       nan
      149        682       0   0.000  0.000      0       nan           nan         nan         nan       nan       nan
      149        683       0   0.000  0.000      0       nan           nan         nan         nan       nan       nan
      149        684       0   0.000  0.000      0       nan           nan         nan         nan       nan       nan
      149        685       0   0.000  0.000      0       nan           nan         nan         nan       nan       nan
      149        686       0   0.000  0.000      0       nan           nan         nan         nan       nan       nan
      149        688       0   0.000  0.000      0       nan           nan         nan         nan       nan       nan
      149        689       0   0.000  0.000      0       nan           nan         nan         nan       nan       nan
      149        690       0   0.000  0.000      0       nan           nan         nan         nan       nan       nan
      149        691       0   0.000  0.000      0       nan           nan         nan         nan       nan       nan
      149        693       0   0.000  0.000      0       nan           nan         nan         nan       nan       nan
      149        694       0   0.000  0.000      0       nan           nan         nan         nan       nan       nan
      149        696       0   0.000  0.000      0       nan           nan         nan         nan       nan       nan
      149        697       0   0.000  0.000      0       nan           nan         nan         nan       nan       nan
      149        698       0   0.000  0.000      0       nan           nan         nan         nan       nan       nan
      149        699       0   0.000  0.000      0       nan           nan         nan         nan       nan       nan
      149        700       0   0.000  0.000      0       nan           nan         nan         nan       nan       nan
      149        701       0   0.000  0.000      0       nan           nan         nan         nan       nan       nan
      149        702       0   0.000  0.000      0       nan           nan         nan         nan       nan       nan
      149        703       0   0.000  0.000      0       nan           nan         nan         nan       nan       nan
      149        704       0   0.000  0.000      0       nan           nan         nan         nan       nan       nan
      149        706       0   0.000  0.000      0       nan           nan         nan         nan       nan       nan
      149        707       0   0.000  0.000      0       nan           nan         nan         nan       nan       nan
      149        708       0   0.000  0.000      0       nan           nan         nan         nan       nan       nan
      149        709       0   0.000  0.000      0       nan           nan         nan         nan       nan       nan
      149        713       0   0.000  0.000      0       nan           nan         nan         nan       nan       nan
      149        715       0   0.000  0.000      0       nan           nan         nan         nan       nan       nan
      149        716       0   0.000  0.000      0       nan           nan         nan         nan       nan       nan
      149        717       0   0.000  0.000      0       nan           nan         nan         nan       nan       nan
      149        718       0   0.000  0.000      0       nan           nan         nan         nan       nan       nan
      149        719       0   0.000  0.000      0       nan           nan         nan         nan       nan       nan
      149        720       0   0.000  0.000      0       nan           nan         nan         nan       nan       nan
      150        563       1   0.055  0.449  26180     1.189           5.9         3.4         9.3     117.4      98.7
      150        629       0   0.055  0.188   5444     2.378           0.4         0.4         0.0     117.4      49.4
      150        573       0   0.030  0.269   8160     2.378           2.7         7.3        10.0      83.0      34.9
      150        621       0   0.023  0.146   4092     1.297           3.8         8.9        12.7      76.1      58.7
      150        558       0   0.021  0.367  26080     3.364           4.1         3.2         7.4     117.4      34.9
      150        574       0   0.020  0.371  13928     4.000           3.5         3.5         0.0     117.4      29.3
      150        638       0   0.019  0.098   2820     4.000           0.3         7.2         7.5      90.5      22.6
      150        586       0   0.019  0.521  16416     1.834          14.1         4.1       170.0     117.4      64.0
      150        562       0   0.018  0.310   9096     3.668           3.8         5.3         9.1      90.5      24.7
      150        625       1   0.014  0.182   5112     1.091          11.3         8.7        20.0      76.1      69.8
      150        561       0   0.011  0.520  18420     3.364          12.4         3.9        16.3     117.4      34.9
      150        603       0   0.011  0.262   9032     2.181           9.7         0.3        10.0     117.4      53.8
      150        599       0   0.008  0.211   7320     2.378           9.5         0.2         9.7     117.4      49.4
      150        567       0   0.008  0.214   8748     1.542          15.7         0.5       164.7     117.4      76.1
      150        568       0   0.008  0.355  18472     2.378          17.0         3.1       166.1     117.4      49.4
      150        600       0   0.007  0.123   3452     1.682          10.0        10.0         0.0      83.0      49.4
      150        560       0   0.007  0.361  24308     2.000          26.2         2.9       156.7     117.4      58.7
      150        580       0   0.006  0.128   6172     2.000           9.3         0.0         9.3     117.4      58.7
      150        721       0   0.006  0.070   2112     2.000           4.7         4.7         0.0      76.1      38.1
      150        639       0   0.005  0.206   5824     2.000          20.0         0.0        20.0     117.4      58.7
      150        595       0   0.005  0.074   2236     2.594           5.0         0.0         5.0     117.4      45.3
      150        606       0   0.005  0.173   4936     1.682          20.7         8.9       168.3      83.0      49.4
      150        589       0   0.005  0.475  14856     4.362          22.9         2.9       160.0     117.4      26.9
      150        609       0   0.004  0.011    416     2.594           0.0         0.0         0.0      69.8      26.9
      150        615       0   0.004  0.239   7728     2.378          22.0         0.0        22.0     117.4      49.4
      150        565       0   0.004  0.197   7336     2.181          20.0         0.0        20.0     117.4      53.8
      150        566       0   0.004  0.157   4464     3.668          10.0         0.0       170.0     117.4      32.0
      150        587       0   0.004  0.141   4360     1.297          29.3         9.3       160.0      83.0      64.0
      150        651       0   0.003  0.040   1144     4.362           1.7        10.0        11.7      90.5      20.7
      150        569       0   0.003  0.163   9052     3.668          12.7         0.6        13.3     117.4      32.0
      150        656       0   0.003  0.040   1140     1.189          10.0        10.0         0.0      83.0      98.7
      150        593       0   0.003  0.175   4964     4.757          11.3         0.0       168.7     117.4      24.7
      150        579       0   0.003  0.274   9472     4.757          21.8         0.7       158.9     117.4      24.7
      150        588       0   0.002  0.185   6908     2.181          34.7         0.0       145.3     117.4      53.8
      150        664       0   0.002  0.028    788     1.189          10.0         0.0       170.0     117.4      98.7
      150        654       0   0.002  0.212   6264     3.668          26.0         6.4       160.4      90.5      24.7
      150        591       0   0.002  0.155   4352     2.378          30.0         0.0       150.0     117.4      49.4
      150        626       0   0.002  0.281   8396     4.000          32.7         0.3       147.6     117.4      29.3
      150        592       0   0.002  0.003    132     1.682           0.0         0.0         0.0     117.4      69.8
      150        605       0   0.002  0.405  14420     4.000          59.1         0.7       121.6     117.4      29.3
      150        601       0   0.002  0.048   1392     2.594          10.0        10.0        20.0      83.0      32.0
      150        584       0   0.001  0.084   2396     2.828          20.0         0.0       160.0     117.4      41.5
      150        632       0   0.001  0.371  12028     4.757          55.2         0.6       125.4     117.4      24.7
      150        583       0   0.001  0.084   3192     2.000          30.0         0.0        30.0     117.4      58.7
      150        688       0   0.001  0.110   3256     2.000          42.1         9.7       147.6      83.0      41.5
      150        666       0   0.001  0.105   2952     3.668          21.9        10.0        31.9      83.0      22.6
      150        662       0   0.001  0.119   3332     2.594          37.1         6.1        43.2      90.5      34.9
      150        642       0   0.001  0.096   2936     2.000          40.1         0.0       139.9     117.4      58.7
      150        693       0   0.001  0.037   1044     4.000           8.0        10.0        18.0      76.1      19.0
      150        613       0   0.001  0.121   3924     4.000          28.8         0.0        28.8     117.4      29.3
      150        594       0   0.001  0.117   3372     5.657          20.0         0.0        20.0     117.4      20.7
      150        571       0   0.001  0.036   1620     1.834          19.3         0.0       160.7     117.4      64.0
      150        559       0   0.001  0.078   3524     1.091          80.0         0.0       100.0     117.4     107.6
      150        669       0   0.001  0.148   4228     3.668          45.2         0.0        45.2     117.4      32.0
      150        672       0   0.001  0.026   1004     2.181          12.8         2.8       170.0      69.8      32.0
      150        611       0   0.001  0.118   4252     2.378          60.0         0.0       120.0     117.4      49.4
      150        719       0   0.001  0.078   2240     3.084          30.2         0.0       149.8     117.4      38.1
      150        570       0   0.001  0.183   9444     3.668          65.7         0.0       114.3     117.4      32.0
      150        701       0   0.001  0.036   1040     2.378          20.0        10.0        30.0      83.0      34.9
      150        630       0   0.001  0.049   1496     1.189          60.0        10.0        70.0      83.0      98.7
      150        610       0   0.001  0.016    544     1.189          20.0         0.0        20.0     117.4      98.7
      150        713       0   0.001  0.059   1680     3.668          25.5         0.0       154.5     117.4      32.0
      150        686       0   0.001  0.062   1744     2.000          50.0         0.0       130.0     117.4      58.7
      150        720       0   0.001  0.104   2908     5.187          32.7         0.0        32.7     117.4      22.6
      150        577       0   0.001  0.015    544     1.189          20.0         0.0       160.0      69.8      58.7
      150        645       0   0.001  0.099   2792     2.828          60.0         0.0       120.0     117.4      41.5
      150        564       0   0.001  0.105   4320     2.181          85.2         0.0        85.2     117.4      53.8
      150        674       0   0.000  0.157   4484     5.187          60.0         0.0       120.0     117.4      22.6
      150        665       0   0.000  0.172   5384     5.657          63.6         0.0       116.4     117.4      20.7
      150        640       0   0.000  0.011    352     3.084           7.3         7.3         0.0      76.1      24.7
      150        684       0   0.000  0.092   2584     4.362          50.0         0.0       130.0     117.4      26.9
      150        647       0   0.000  0.027    828     1.000          70.0        10.0        80.0      83.0      83.0
      150        648       0   0.000  0.004    124     2.828           2.6         0.0         2.6      69.8      24.7
      150        660       0   0.000  0.010    296     1.414          20.0         0.0        20.0     117.4      83.0
      150        682       0   0.000  0.018    536     2.594          20.0        10.0       170.0      90.5      34.9
      150        597       0   0.000  0.008    300     1.091          20.0         0.0       160.0     117.4     107.6
      150        634       0   0.000  0.024    720     5.657          12.5         2.5        15.0     117.4      20.7
      150        683       0   0.000  0.000     12     1.414           0.0         0.0         0.0     117.4      83.0
      150        659       0   0.000  0.027    812     1.542          60.0         0.0       120.0     117.4      76.1
      150        717       0   0.000  0.018    520     2.378          30.0         0.0        30.0     117.4      49.4
      150        644       0   0.000  0.008    236     1.542          20.0         0.0        20.0     117.4      76.1
      150        604       0   0.000  0.048   1728     2.378          86.0         6.0       100.0      76.1      32.0
      150        677       0   0.000  0.065   2024     4.000          70.8         0.0       109.2     117.4      29.3
      150        614       0   0.000  0.012    384     1.091          50.0         0.0        50.0     117.4     107.6
      150        700       0   0.000  0.056   1672     5.187          52.9         0.1       127.2     117.4      22.6
      150        710       0   0.000  0.008    244     1.297          30.2         0.2       150.0      69.8      53.8
      150        695       0   0.000  0.012    384     1.682          40.0         0.0       140.0      69.8      41.5
      150        680       0   0.000  0.028    860     4.000          40.7         0.0       139.3     117.4      29.3
      150        685       0   0.000  0.007    200     1.682          30.0         0.0       150.0     117.4      69.8
      150        703       0   0.000  0.023    696     3.084          60.0         0.0       120.0     117.4      38.1
      150        706       0   0.000  0.003     72     1.091          20.0        10.0       170.0      90.5      83.0
      150        697       0   0.000  0.026    788     6.169          48.1         0.0       131.9     117.4      19.0
      150        655       0   0.000  0.002     52     1.834          10.0         0.0        10.0     117.4      64.0
      150        576       0   0.000  0.011    380     2.378          68.8         1.2        70.0     117.4      49.4
      150        575       0   0.000  0.011    484     2.594          73.2         0.0        73.2     117.4      45.3
      150        581       0   0.000  0.000      8     5.187           0.0         0.0         0.0     117.4      22.6
      150        702       0   0.000  0.007    216     2.828          70.0         0.0       110.0     117.4      41.5
      150        618       0   0.000  0.002     52     1.542          60.0        10.0       130.0      76.1     117.4
      150        691       0   0.000  0.002     64     2.181          80.0         0.0       100.0     117.4      53.8
      150        602       0   0.000  0.001     24     1.414          66.7         6.7       120.0      76.1     107.6
      150        649       0   0.000  0.000     12     1.414          50.0         0.0       130.0     117.4      83.0
      150        556       0   0.000  0.000      0       nan           nan         nan         nan       nan       nan
      150        557       0   0.000  0.000      0       nan           nan         nan         nan       nan       nan
      150        572       0   0.000  0.000      0       nan           nan         nan         nan       nan       nan
      150        578       0   0.000  0.000      0       nan           nan         nan         nan       nan       nan
      150        582       0   0.000  0.000      0       nan           nan         nan         nan       nan       nan
      150        585       0   0.000  0.000      0       nan           nan         nan         nan       nan       nan
      150        590       0   0.000  0.000      0       nan           nan         nan         nan       nan       nan
      150        596       0   0.000  0.000      0       nan           nan         nan         nan       nan       nan
      150        598       0   0.000  0.000      0       nan           nan         nan         nan       nan       nan
      150        607       0   0.000  0.000      0       nan           nan         nan         nan       nan       nan
      150        608       0   0.000  0.000      0       nan           nan         nan         nan       nan       nan
      150        612       0   0.000  0.000      0       nan           nan         nan         nan       nan       nan
      150        616       0   0.000  0.000      0       nan           nan         nan         nan       nan       nan
      150        617       0   0.000  0.000      0       nan           nan         nan         nan       nan       nan
      150        619       0   0.000  0.000      0       nan           nan         nan         nan       nan       nan
      150        620       0   0.000  0.000      0       nan           nan         nan         nan       nan       nan
      150        622       0   0.000  0.000      0       nan           nan         nan         nan       nan       nan
      150        623       0   0.000  0.000      0       nan           nan         nan         nan       nan       nan
      150        624       0   0.000  0.000      0       nan           nan         nan         nan       nan       nan
      150        627       0   0.000  0.000      0       nan           nan         nan         nan       nan       nan
      150        628       0   0.000  0.000      0       nan           nan         nan         nan       nan       nan
      150        631       0   0.000  0.000      0       nan           nan         nan         nan       nan       nan
      150        633       0   0.000  0.000      0       nan           nan         nan         nan       nan       nan
      150        635       0   0.000  0.000      0       nan           nan         nan         nan       nan       nan
      150        636       0   0.000  0.000      0       nan           nan         nan         nan       nan       nan
      150        637       0   0.000  0.000      0       nan           nan         nan         nan       nan       nan
      150        641       0   0.000  0.000      0       nan           nan         nan         nan       nan       nan
      150        643       0   0.000  0.000      0       nan           nan         nan         nan       nan       nan
      150        646       0   0.000  0.000      0       nan           nan         nan         nan       nan       nan
      150        650       0   0.000  0.000      0       nan           nan         nan         nan       nan       nan
      150        652       0   0.000  0.000      0       nan           nan         nan         nan       nan       nan
      150        653       0   0.000  0.000      0       nan           nan         nan         nan       nan       nan
      150        657       0   0.000  0.000      0       nan           nan         nan         nan       nan       nan
      150        658       0   0.000  0.000      0       nan           nan         nan         nan       nan       nan
      150        661       0   0.000  0.000      0       nan           nan         nan         nan       nan       nan
      150        663       0   0.000  0.000      0       nan           nan         nan         nan       nan       nan
      150        667       0   0.000  0.000      0       nan           nan         nan         nan       nan       nan
      150        668       0   0.000  0.000      0       nan           nan         nan         nan       nan       nan
      150        670       0   0.000  0.000      0       nan           nan         nan         nan       nan       nan
      150        671       0   0.000  0.000      0       nan           nan         nan         nan       nan       nan
      150        673       0   0.000  0.000      0       nan           nan         nan         nan       nan       nan
      150        675       0   0.000  0.000      0       nan           nan         nan         nan       nan       nan
      150        676       0   0.000  0.000      0       nan           nan         nan         nan       nan       nan
      150        678       0   0.000  0.000      0       nan           nan         nan         nan       nan       nan
      150        679       0   0.000  0.000      0       nan           nan         nan         nan       nan       nan
      150        681       0   0.000  0.000      0       nan           nan         nan         nan       nan       nan
      150        687       0   0.000  0.000      0       nan           nan         nan         nan       nan       nan
      150        689       0   0.000  0.000      0       nan           nan         nan         nan       nan       nan
      150        690       0   0.000  0.000      0       nan           nan         nan         nan       nan       nan
      150        692       0   0.000  0.000      0       nan           nan         nan         nan       nan       nan
      150        694       0   0.000  0.000      0       nan           nan         nan         nan       nan       nan
      150        696       0   0.000  0.000      0       nan           nan         nan         nan       nan       nan
      150        698       0   0.000  0.000      0       nan           nan         nan         nan       nan       nan
      150        699       0   0.000  0.000      0       nan           nan         nan         nan       nan       nan
      150        704       0   0.000  0.000      0       nan           nan         nan         nan       nan       nan
      150        705       0   0.000  0.000      0       nan           nan         nan         nan       nan       nan
      150        707       0   0.000  0.000      0       nan           nan         nan         nan       nan       nan
      150        708       0   0.000  0.000      0       nan           nan         nan         nan       nan       nan
      150        709       0   0.000  0.000      0       nan           nan         nan         nan       nan       nan
      150        711       0   0.000  0.000      0       nan           nan         nan         nan       nan       nan
      150        712       0   0.000  0.000      0       nan           nan         nan         nan       nan       nan
      150        714       0   0.000  0.000      0       nan           nan         nan         nan       nan       nan
      150        715       0   0.000  0.000      0       nan           nan         nan         nan       nan       nan
      150        716       0   0.000  0.000      0       nan           nan         nan         nan       nan       nan
      150        718       0   0.000  0.000      0       nan           nan         nan         nan       nan       nan
      151        623       0   0.307  0.434   2076     1.414           0.0       170.0       170.0      26.9      38.1
      151        658       0   0.247  0.349   1328     1.414           0.0       170.0       170.0      29.3      20.7
      151        646       0   0.190  0.492   1908     2.594           0.0       170.0       170.0      26.9      69.8
      151        585       0   0.170  0.371   2816     2.181           0.0       170.0       170.0      26.9      58.7
      151        608       1   0.139  0.207   2072     1.091           0.4       170.0       169.6      26.9      24.7
      151        571       0   0.056  0.133   2568     2.378           0.0       170.0       170.0      26.9      64.0
      151        568       0   0.037  0.068   2908     1.834           0.0       170.0       170.0      26.9      49.4
      151        581       0   0.022  0.315   2728     1.297          10.0       170.0         0.0      26.9      20.7
      151        607       0   0.017  0.061    544     3.668           0.0       170.0       170.0      29.3     107.6
      151        622       0   0.014  0.381   1652     1.297          20.1       170.0        10.1      29.3      38.1
      151        570       0   0.008  0.086   2852     1.682           5.3       170.0       164.7      26.9      45.3
      151        620       0   0.007  0.241   1672     3.364          10.0       170.0         0.0      29.3      98.7
      151        698       0   0.006  0.135    820     1.189          17.4       170.0       152.6      24.7      29.3
      151        580       0   0.005  0.116   3044     2.181          10.0       170.0         0.0      26.9      58.7
      151        558       0   0.003  0.036   2504     1.297          10.0       170.0         0.0      24.7      32.0
      151        617       0   0.002  0.107   1116     1.414          30.0       170.0       140.0      29.3      41.5
      151        708       0   0.002  0.007     20     2.828           0.0       170.0       170.0      29.3      83.0
      151        657       0   0.002  0.060    320     2.378          10.0       170.0       160.0      24.7      58.7
      151        609       0   0.002  0.028    320     1.091          12.0       170.0         2.0      24.7      26.9
      151        563       0   0.002  0.047   2676     2.378          10.6       170.0         0.6      26.9      64.0
      151        661       0   0.002  0.165    752     2.000          50.0       170.0       120.0      24.7      49.4
      151        569       0   0.001  0.020    756     1.189          10.0       170.0         0.0      24.7      29.3
      151        696       0   0.001  0.069    316     2.181          40.0       170.0       130.0      24.7      53.8
      151        670       0   0.001  0.075    676     1.834          60.0       170.0       110.0      24.7      45.3
      151        597       0   0.001  0.022    320     3.364          10.0       170.0       160.0      29.3      98.7
      151        560       0   0.000  0.013    844     2.000          28.8       170.0       141.2      24.7      49.4
      151        633       0   0.000  0.016     52     4.362          20.0       170.0        10.0      26.9     117.4
      151        631       0   0.000  0.007     44     1.834          30.0       170.0       140.0      26.9      49.4
      151        559       0   0.000  0.033    760     4.000          69.9       170.0       100.1      29.3     117.4
      151        582       0   0.000  0.010    216     3.084          60.0       170.0       110.0      29.3      90.5
      151        556       0   0.000  0.000      0       nan           nan         nan         nan       nan       nan
      151        557       0   0.000  0.000      0       nan           nan         nan         nan       nan       nan
      151        561       0   0.000  0.000      0       nan           nan         nan         nan       nan       nan
      151        562       0   0.000  0.000      0       nan           nan         nan         nan       nan       nan
      151        564       0   0.000  0.000      0       nan           nan         nan         nan       nan       nan
      151        565       0   0.000  0.000      0       nan           nan         nan         nan       nan       nan
      151        566       0   0.000  0.000      0       nan           nan         nan         nan       nan       nan
      151        567       0   0.000  0.000      0       nan           nan         nan         nan       nan       nan
      151        572       0   0.000  0.000      0       nan           nan         nan         nan       nan       nan
      151        573       0   0.000  0.000      0       nan           nan         nan         nan       nan       nan
      151        574       0   0.000  0.000      0       nan           nan         nan         nan       nan       nan
      151        575       0   0.000  0.000      0       nan           nan         nan         nan       nan       nan
      151        576       0   0.000  0.000      0       nan           nan         nan         nan       nan       nan
      151        577       0   0.000  0.000      0       nan           nan         nan         nan       nan       nan
      151        578       0   0.000  0.000      0       nan           nan         nan         nan       nan       nan
      151        579       0   0.000  0.000      0       nan           nan         nan         nan       nan       nan
      151        583       0   0.000  0.000      0       nan           nan         nan         nan       nan       nan
      151        584       0   0.000  0.000      0       nan           nan         nan         nan       nan       nan
      151        586       0   0.000  0.000      0       nan           nan         nan         nan       nan       nan
      151        587       0   0.000  0.000      0       nan           nan         nan         nan       nan       nan
      151        588       0   0.000  0.000      0       nan           nan         nan         nan       nan       nan
      151        589       0   0.000  0.000      0       nan           nan         nan         nan       nan       nan
      151        590       0   0.000  0.000      0       nan           nan         nan         nan       nan       nan
      151        591       0   0.000  0.000      0       nan           nan         nan         nan       nan       nan
      151        592       0   0.000  0.000      0       nan           nan         nan         nan       nan       nan
      151        593       0   0.000  0.000      0       nan           nan         nan         nan       nan       nan
      151        594       0   0.000  0.000      0       nan           nan         nan         nan       nan       nan
      151        595       0   0.000  0.000      0       nan           nan         nan         nan       nan       nan
      151        596       0   0.000  0.000      0       nan           nan         nan         nan       nan       nan
      151        598       0   0.000  0.000      0       nan           nan         nan         nan       nan       nan
      151        599       0   0.000  0.000      0       nan           nan         nan         nan       nan       nan
      151        600       0   0.000  0.000      0       nan           nan         nan         nan       nan       nan
      151        601       0   0.000  0.000      0       nan           nan         nan         nan       nan       nan
      151        602       0   0.000  0.000      0       nan           nan         nan         nan       nan       nan
      151        603       0   0.000  0.000      0       nan           nan         nan         nan       nan       nan
      151        604       0   0.000  0.000      0       nan           nan         nan         nan       nan       nan
      151        605       0   0.000  0.000      0       nan           nan         nan         nan       nan       nan
      151        606       0   0.000  0.000      0       nan           nan         nan         nan       nan       nan
      151        610       0   0.000  0.000      0       nan           nan         nan         nan       nan       nan
      151        611       0   0.000  0.000      0       nan           nan         nan         nan       nan       nan
      151        612       0   0.000  0.000      0       nan           nan         nan         nan       nan       nan
      151        613       0   0.000  0.000      0       nan           nan         nan         nan       nan       nan
      151        614       0   0.000  0.000      0       nan           nan         nan         nan       nan       nan
      151        615       0   0.000  0.000      0       nan           nan         nan         nan       nan       nan
      151        616       0   0.000  0.000      0       nan           nan         nan         nan       nan       nan
      151        618       0   0.000  0.000      0       nan           nan         nan         nan       nan       nan
      151        619       0   0.000  0.000      0       nan           nan         nan         nan       nan       nan
      151        621       0   0.000  0.000      0       nan           nan         nan         nan       nan       nan
      151        624       0   0.000  0.000      0       nan           nan         nan         nan       nan       nan
      151        625       0   0.000  0.000      0       nan           nan         nan         nan       nan       nan
      151        626       0   0.000  0.000      0       nan           nan         nan         nan       nan       nan
      151        627       0   0.000  0.000      0       nan           nan         nan         nan       nan       nan
      151        628       0   0.000  0.000      0       nan           nan         nan         nan       nan       nan
      151        629       0   0.000  0.000      0       nan           nan         nan         nan       nan       nan
      151        630       0   0.000  0.000      0       nan           nan         nan         nan       nan       nan
      151        632       0   0.000  0.000      0       nan           nan         nan         nan       nan       nan
      151        634       0   0.000  0.000      0       nan           nan         nan         nan       nan       nan
      151        635       0   0.000  0.000      0       nan           nan         nan         nan       nan       nan
      151        636       0   0.000  0.000      0       nan           nan         nan         nan       nan       nan
      151        637       0   0.000  0.000      0       nan           nan         nan         nan       nan       nan
      151        638       0   0.000  0.000      0       nan           nan         nan         nan       nan       nan
      151        639       0   0.000  0.000      0       nan           nan         nan         nan       nan       nan
      151        640       0   0.000  0.000      0       nan           nan         nan         nan       nan       nan
      151        641       0   0.000  0.000      0       nan           nan         nan         nan       nan       nan
      151        642       0   0.000  0.000      0       nan           nan         nan         nan       nan       nan
      151        643       0   0.000  0.000      0       nan           nan         nan         nan       nan       nan
      151        644       0   0.000  0.000      0       nan           nan         nan         nan       nan       nan
      151        645       0   0.000  0.000      0       nan           nan         nan         nan       nan       nan
      151        647       0   0.000  0.000      0       nan           nan         nan         nan       nan       nan
      151        648       0   0.000  0.000      0       nan           nan         nan         nan       nan       nan
      151        649       0   0.000  0.000      0       nan           nan         nan         nan       nan       nan
      151        650       0   0.000  0.000      0       nan           nan         nan         nan       nan       nan
      151        651       0   0.000  0.000      0       nan           nan         nan         nan       nan       nan
      151        652       0   0.000  0.000      0       nan           nan         nan         nan       nan       nan
      151        653       0   0.000  0.000      0       nan           nan         nan         nan       nan       nan
      151        654       0   0.000  0.000      0       nan           nan         nan         nan       nan       nan
      151        655       0   0.000  0.000      0       nan           nan         nan         nan       nan       nan
      151        656       0   0.000  0.000      0       nan           nan         nan         nan       nan       nan
      151        659       0   0.000  0.000      0       nan           nan         nan         nan       nan       nan
      151        660       0   0.000  0.000      0       nan           nan         nan         nan       nan       nan
      151        662       0   0.000  0.000      0       nan           nan         nan         nan       nan       nan
      151        663       0   0.000  0.000      0       nan           nan         nan         nan       nan       nan
      151        664       0   0.000  0.000      0       nan           nan         nan         nan       nan       nan
      151        665       0   0.000  0.000      0       nan           nan         nan         nan       nan       nan
      151        666       0   0.000  0.000      0       nan           nan         nan         nan       nan       nan
      151        667       0   0.000  0.000      0       nan           nan         nan         nan       nan       nan
      151        668       0   0.000  0.000      0       nan           nan         nan         nan       nan       nan
      151        669       0   0.000  0.000      0       nan           nan         nan         nan       nan       nan
      151        671       0   0.000  0.000      0       nan           nan         nan         nan       nan       nan
      151        672       0   0.000  0.000      0       nan           nan         nan         nan       nan       nan
      151        673       0   0.000  0.000      0       nan           nan         nan         nan       nan       nan
      151        674       0   0.000  0.000      0       nan           nan         nan         nan       nan       nan
      151        675       0   0.000  0.000      0       nan           nan         nan         nan       nan       nan
      151        676       0   0.000  0.000      0       nan           nan         nan         nan       nan       nan
      151        677       0   0.000  0.000      0       nan           nan         nan         nan       nan       nan
      151        678       0   0.000  0.000      0       nan           nan         nan         nan       nan       nan
      151        679       0   0.000  0.000      0       nan           nan         nan         nan       nan       nan
      151        680       0   0.000  0.000      0       nan           nan         nan         nan       nan       nan
      151        681       0   0.000  0.000      0       nan           nan         nan         nan       nan       nan
      151        682       0   0.000  0.000      0       nan           nan         nan         nan       nan       nan
      151        683       0   0.000  0.000      0       nan           nan         nan         nan       nan       nan
      151        684       0   0.000  0.000      0       nan           nan         nan         nan       nan       nan
      151        685       0   0.000  0.000      0       nan           nan         nan         nan       nan       nan
      151        686       0   0.000  0.000      0       nan           nan         nan         nan       nan       nan
      151        687       0   0.000  0.000      0       nan           nan         nan         nan       nan       nan
      151        688       0   0.000  0.000      0       nan           nan         nan         nan       nan       nan
      151        689       0   0.000  0.000      0       nan           nan         nan         nan       nan       nan
      151        690       0   0.000  0.000      0       nan           nan         nan         nan       nan       nan
      151        691       0   0.000  0.000      0       nan           nan         nan         nan       nan       nan
      151        692       0   0.000  0.000      0       nan           nan         nan         nan       nan       nan
      151        693       0   0.000  0.000      0       nan           nan         nan         nan       nan       nan
      151        694       0   0.000  0.000      0       nan           nan         nan         nan       nan       nan
      151        695       0   0.000  0.000      0       nan           nan         nan         nan       nan       nan
      151        697       0   0.000  0.000      0       nan           nan         nan         nan       nan       nan
      151        699       0   0.000  0.000      0       nan           nan         nan         nan       nan       nan
      151        700       0   0.000  0.000      0       nan           nan         nan         nan       nan       nan
      151        701       0   0.000  0.000      0       nan           nan         nan         nan       nan       nan
      151        702       0   0.000  0.000      0       nan           nan         nan         nan       nan       nan
      151        703       0   0.000  0.000      0       nan           nan         nan         nan       nan       nan
      151        704       0   0.000  0.000      0       nan           nan         nan         nan       nan       nan
      151        705       0   0.000  0.000      0       nan           nan         nan         nan       nan       nan
      151        706       0   0.000  0.000      0       nan           nan         nan         nan       nan       nan
      151        707       0   0.000  0.000      0       nan           nan         nan         nan       nan       nan
      151        709       0   0.000  0.000      0       nan           nan         nan         nan       nan       nan
      151        710       0   0.000  0.000      0       nan           nan         nan         nan       nan       nan
      151        711       0   0.000  0.000      0       nan           nan         nan         nan       nan       nan
      151        712       0   0.000  0.000      0       nan           nan         nan         nan       nan       nan
      151        713       0   0.000  0.000      0       nan           nan         nan         nan       nan       nan
      151        714       0   0.000  0.000      0       nan           nan         nan         nan       nan       nan
      151        715       0   0.000  0.000      0       nan           nan         nan         nan       nan       nan
      151        716       0   0.000  0.000      0       nan           nan         nan         nan       nan       nan
      151        717       0   0.000  0.000      0       nan           nan         nan         nan       nan       nan
      151        718       0   0.000  0.000      0       nan           nan         nan         nan       nan       nan
      151        719       0   0.000  0.000      0       nan           nan         nan         nan       nan       nan
      151        720       0   0.000  0.000      0       nan           nan         nan         nan       nan       nan
      151        721       0   0.000  0.000      0       nan           nan         nan         nan       nan       nan
